iteracion,tiempo_us,coste,operador,instancia,ruta_actual,conSplit
0,0,6381,OR-opt,CMT5.vrp,"[[21, 84, 107, 93, 8, 189, 166, 104, 59, 42, 167], [73, 144, 51, 123, 146, 5, 108, 130, 97, 50, 182], [30, 106, 185, 113, 11, 156, 23, 191, 89, 174, 183, 195, 159, 103], [54, 179, 157, 140, 148, 85, 92, 91, 33, 163, 165, 115, 53], [186, 139, 81, 56, 164, 20, 109, 39, 151, 17, 137, 173, 105], [141, 197, 122, 28, 116, 76, 64, 154, 58, 7, 188, 150, 101, 77, 128, 172], [37, 29, 184, 196, 136, 143, 170, 142, 127, 149, 98, 99], [10, 112, 90, 95, 102, 110, 57, 135, 66, 41, 45, 46], [74, 31, 52, 120, 168, 131, 190, 68, 61, 161, 49, 26, 134], [55, 35, 70, 12, 44, 160, 43, 83, 94, 198, 132, 88, 19], [2, 78, 9, 22, 126, 69, 169, 147, 124, 176], [138, 155, 193, 153, 13, 199, 16, 133, 38, 1], [180, 118, 111, 72, 75, 145, 86, 117, 114, 129, 34, 60], [40, 158, 152, 125, 119, 100, 32, 63, 15, 82], [162, 177, 36, 4, 62, 18, 65, 87, 47, 121, 71], [67, 25, 181, 194, 3, 80, 27, 171, 79, 192], [6, 178, 14, 187, 24, 96, 175, 48]]",false
1,112,6322,OR-opt,CMT5.vrp,"[[107, 93, 21, 84, 8, 189, 166, 104, 59, 42, 167], [73, 144, 51, 123, 146, 5, 108, 130, 97, 50, 182], [30, 106, 185, 113, 11, 156, 23, 191, 89, 174, 183, 195, 159, 103], [54, 179, 157, 140, 148, 85, 92, 91, 33, 163, 165, 115, 53], [186, 139, 81, 56, 164, 20, 109, 39, 151, 17, 137, 173, 105], [141, 197, 122, 28, 116, 76, 64, 154, 58, 7, 188, 150, 101, 77, 128, 172], [37, 29, 184, 196, 136, 143, 170, 142, 127, 149, 98, 99], [10, 112, 90, 95, 102, 110, 57, 135, 66, 41, 45, 46], [74, 31, 52, 120, 168, 131, 190, 68, 61, 161, 49, 26, 134], [55, 35, 70, 12, 44, 160, 43, 83, 94, 198, 132, 88, 19], [2, 78, 9, 22, 126, 69, 169, 147, 124, 176], [138, 155, 193, 153, 13, 199, 16, 133, 38, 1], [180, 118, 111, 72, 75, 145, 86, 117, 114, 129, 34, 60], [40, 158, 152, 125, 119, 100, 32, 63, 15, 82], [162, 177, 36, 4, 62, 18, 65, 87, 47, 121, 71], [67, 25, 181, 194, 3, 80, 27, 171, 79, 192], [6, 178, 14, 187, 24, 96, 175, 48]]",false
2,233,6322,OR-opt,CMT5.vrp,"[[21, 93, 8, 189, 166, 84, 107, 104, 59, 42, 167], [73, 144, 51, 123, 146, 5, 108, 130, 97, 50, 182], [30, 106, 185, 113, 11, 156, 23, 191, 89, 174, 183, 195, 159, 103], [54, 179, 157, 140, 148, 85, 92, 91, 33, 163, 165, 115, 53], [186, 139, 81, 56, 164, 20, 109, 39, 151, 17, 137, 173, 105], [141, 197, 122, 28, 116, 76, 64, 154, 58, 7, 188, 150, 101, 77, 128, 172], [37, 29, 184, 196, 136, 143, 170, 142, 127, 149, 98, 99], [10, 112, 90, 95, 102, 110, 57, 135, 66, 41, 45, 46], [74, 31, 52, 120, 168, 131, 190, 68, 61, 161, 49, 26, 134], [55, 35, 70, 12, 44, 160, 43, 83, 94, 198, 132, 88, 19], [2, 78, 9, 22, 126, 69, 169, 147, 124, 176], [138, 155, 193, 153, 13, 199, 16, 133, 38, 1], [180, 118, 111, 72, 75, 145, 86, 117, 114, 129, 34, 60], [40, 158, 152, 125, 119, 100, 32, 63, 15, 82], [162, 177, 36, 4, 62, 18, 65, 87, 47, 121, 71], [67, 25, 181, 194, 3, 80, 27, 171, 79, 192], [6, 178, 14, 187, 24, 96, 175, 48]]",false
3,318,6304,OR-opt,CMT5.vrp,"[[21, 84, 8, 189, 107, 93, 166, 104, 59, 42, 167], [73, 144, 51, 123, 146, 5, 108, 130, 97, 50, 182], [30, 106, 185, 113, 11, 156, 23, 191, 89, 174, 183, 195, 159, 103], [54, 179, 157, 140, 148, 85, 92, 91, 33, 163, 165, 115, 53], [186, 139, 81, 56, 164, 20, 109, 39, 151, 17, 137, 173, 105], [141, 197, 122, 28, 116, 76, 64, 154, 58, 7, 188, 150, 101, 77, 128, 172], [37, 29, 184, 196, 136, 143, 170, 142, 127, 149, 98, 99], [10, 112, 90, 95, 102, 110, 57, 135, 66, 41, 45, 46], [74, 31, 52, 120, 168, 131, 190, 68, 61, 161, 49, 26, 134], [55, 35, 70, 12, 44, 160, 43, 83, 94, 198, 132, 88, 19], [2, 78, 9, 22, 126, 69, 169, 147, 124, 176], [138, 155, 193, 153, 13, 199, 16, 133, 38, 1], [180, 118, 111, 72, 75, 145, 86, 117, 114, 129, 34, 60], [40, 158, 152, 125, 119, 100, 32, 63, 15, 82], [162, 177, 36, 4, 62, 18, 65, 87, 47, 121, 71], [67, 25, 181, 194, 3, 80, 27, 171, 79, 192], [6, 178, 14, 187, 24, 96, 175, 48]]",false
4,762,6289,OR-opt,CMT5.vrp,"[[8, 189, 107, 93, 166, 104, 59, 42, 21, 84, 167], [73, 144, 51, 123, 146, 5, 108, 130, 97, 50, 182], [30, 106, 185, 113, 11, 156, 23, 191, 89, 174, 183, 195, 159, 103], [54, 179, 157, 140, 148, 85, 92, 91, 33, 163, 165, 115, 53], [186, 139, 81, 56, 164, 20, 109, 39, 151, 17, 137, 173, 105], [141, 197, 122, 28, 116, 76, 64, 154, 58, 7, 188, 150, 101, 77, 128, 172], [37, 29, 184, 196, 136, 143, 170, 142, 127, 149, 98, 99], [10, 112, 90, 95, 102, 110, 57, 135, 66, 41, 45, 46], [74, 31, 52, 120, 168, 131, 190, 68, 61, 161, 49, 26, 134], [55, 35, 70, 12, 44, 160, 43, 83, 94, 198, 132, 88, 19], [2, 78, 9, 22, 126, 69, 169, 147, 124, 176], [138, 155, 193, 153, 13, 199, 16, 133, 38, 1], [180, 118, 111, 72, 75, 145, 86, 117, 114, 129, 34, 60], [40, 158, 152, 125, 119, 100, 32, 63, 15, 82], [162, 177, 36, 4, 62, 18, 65, 87, 47, 121, 71], [67, 25, 181, 194, 3, 80, 27, 171, 79, 192], [6, 178, 14, 187, 24, 96, 175, 48]]",false
5,987,6247,OR-opt,CMT5.vrp,"[[93, 166, 21, 84, 8, 189, 107, 104, 59, 42, 167], [73, 144, 51, 123, 146, 5, 108, 130, 97, 50, 182], [30, 106, 185, 113, 11, 156, 23, 191, 89, 174, 183, 195, 159, 103], [54, 179, 157, 140, 148, 85, 92, 91, 33, 163, 165, 115, 53], [186, 139, 81, 56, 164, 20, 109, 39, 151, 17, 137, 173, 105], [141, 197, 122, 28, 116, 76, 64, 154, 58, 7, 188, 150, 101, 77, 128, 172], [37, 29, 184, 196, 136, 143, 170, 142, 127, 149, 98, 99], [10, 112, 90, 95, 102, 110, 57, 135, 66, 41, 45, 46], [74, 31, 52, 120, 168, 131, 190, 68, 61, 161, 49, 26, 134], [55, 35, 70, 12, 44, 160, 43, 83, 94, 198, 132, 88, 19], [2, 78, 9, 22, 126, 69, 169, 147, 124, 176], [138, 155, 193, 153, 13, 199, 16, 133, 38, 1], [180, 118, 111, 72, 75, 145, 86, 117, 114, 129, 34, 60], [40, 158, 152, 125, 119, 100, 32, 63, 15, 82], [162, 177, 36, 4, 62, 18, 65, 87, 47, 121, 71], [67, 25, 181, 194, 3, 80, 27, 171, 79, 192], [6, 178, 14, 187, 24, 96, 175, 48]]",false
6,1039,6245,OR-opt,CMT5.vrp,"[[21, 93, 166, 84, 8, 189, 107, 104, 59, 42, 167], [73, 144, 51, 123, 146, 5, 108, 130, 97, 50, 182], [30, 106, 185, 113, 11, 156, 23, 191, 89, 174, 183, 195, 159, 103], [54, 179, 157, 140, 148, 85, 92, 91, 33, 163, 165, 115, 53], [186, 139, 81, 56, 164, 20, 109, 39, 151, 17, 137, 173, 105], [141, 197, 122, 28, 116, 76, 64, 154, 58, 7, 188, 150, 101, 77, 128, 172], [37, 29, 184, 196, 136, 143, 170, 142, 127, 149, 98, 99], [10, 112, 90, 95, 102, 110, 57, 135, 66, 41, 45, 46], [74, 31, 52, 120, 168, 131, 190, 68, 61, 161, 49, 26, 134], [55, 35, 70, 12, 44, 160, 43, 83, 94, 198, 132, 88, 19], [2, 78, 9, 22, 126, 69, 169, 147, 124, 176], [138, 155, 193, 153, 13, 199, 16, 133, 38, 1], [180, 118, 111, 72, 75, 145, 86, 117, 114, 129, 34, 60], [40, 158, 152, 125, 119, 100, 32, 63, 15, 82], [162, 177, 36, 4, 62, 18, 65, 87, 47, 121, 71], [67, 25, 181, 194, 3, 80, 27, 171, 79, 192], [6, 178, 14, 187, 24, 96, 175, 48]]",false
7,1106,6233,OR-opt,CMT5.vrp,"[[21, 84, 8, 189, 107, 104, 93, 166, 59, 42, 167], [73, 144, 51, 123, 146, 5, 108, 130, 97, 50, 182], [30, 106, 185, 113, 11, 156, 23, 191, 89, 174, 183, 195, 159, 103], [54, 179, 157, 140, 148, 85, 92, 91, 33, 163, 165, 115, 53], [186, 139, 81, 56, 164, 20, 109, 39, 151, 17, 137, 173, 105], [141, 197, 122, 28, 116, 76, 64, 154, 58, 7, 188, 150, 101, 77, 128, 172], [37, 29, 184, 196, 136, 143, 170, 142, 127, 149, 98, 99], [10, 112, 90, 95, 102, 110, 57, 135, 66, 41, 45, 46], [74, 31, 52, 120, 168, 131, 190, 68, 61, 161, 49, 26, 134], [55, 35, 70, 12, 44, 160, 43, 83, 94, 198, 132, 88, 19], [2, 78, 9, 22, 126, 69, 169, 147, 124, 176], [138, 155, 193, 153, 13, 199, 16, 133, 38, 1], [180, 118, 111, 72, 75, 145, 86, 117, 114, 129, 34, 60], [40, 158, 152, 125, 119, 100, 32, 63, 15, 82], [162, 177, 36, 4, 62, 18, 65, 87, 47, 121, 71], [67, 25, 181, 194, 3, 80, 27, 171, 79, 192], [6, 178, 14, 187, 24, 96, 175, 48]]",false
8,1163,6229,OR-opt,CMT5.vrp,"[[21, 84, 8, 189, 107, 104, 59, 42, 93, 166, 167], [73, 144, 51, 123, 146, 5, 108, 130, 97, 50, 182], [30, 106, 185, 113, 11, 156, 23, 191, 89, 174, 183, 195, 159, 103], [54, 179, 157, 140, 148, 85, 92, 91, 33, 163, 165, 115, 53], [186, 139, 81, 56, 164, 20, 109, 39, 151, 17, 137, 173, 105], [141, 197, 122, 28, 116, 76, 64, 154, 58, 7, 188, 150, 101, 77, 128, 172], [37, 29, 184, 196, 136, 143, 170, 142, 127, 149, 98, 99], [10, 112, 90, 95, 102, 110, 57, 135, 66, 41, 45, 46], [74, 31, 52, 120, 168, 131, 190, 68, 61, 161, 49, 26, 134], [55, 35, 70, 12, 44, 160, 43, 83, 94, 198, 132, 88, 19], [2, 78, 9, 22, 126, 69, 169, 147, 124, 176], [138, 155, 193, 153, 13, 199, 16, 133, 38, 1], [180, 118, 111, 72, 75, 145, 86, 117, 114, 129, 34, 60], [40, 158, 152, 125, 119, 100, 32, 63, 15, 82], [162, 177, 36, 4, 62, 18, 65, 87, 47, 121, 71], [67, 25, 181, 194, 3, 80, 27, 171, 79, 192], [6, 178, 14, 187, 24, 96, 175, 48]]",false
9,1407,6221,OR-opt,CMT5.vrp,"[[8, 189, 107, 104, 59, 42, 93, 166, 21, 84, 167], [73, 144, 51, 123, 146, 5, 108, 130, 97, 50, 182], [30, 106, 185, 113, 11, 156, 23, 191, 89, 174, 183, 195, 159, 103], [54, 179, 157, 140, 148, 85, 92, 91, 33, 163, 165, 115, 53], [186, 139, 81, 56, 164, 20, 109, 39, 151, 17, 137, 173, 105], [141, 197, 122, 28, 116, 76, 64, 154, 58, 7, 188, 150, 101, 77, 128, 172], [37, 29, 184, 196, 136, 143, 170, 142, 127, 149, 98, 99], [10, 112, 90, 95, 102, 110, 57, 135, 66, 41, 45, 46], [74, 31, 52, 120, 168, 131, 190, 68, 61, 161, 49, 26, 134], [55, 35, 70, 12, 44, 160, 43, 83, 94, 198, 132, 88, 19], [2, 78, 9, 22, 126, 69, 169, 147, 124, 176], [138, 155, 193, 153, 13, 199, 16, 133, 38, 1], [180, 118, 111, 72, 75, 145, 86, 117, 114, 129, 34, 60], [40, 158, 152, 125, 119, 100, 32, 63, 15, 82], [162, 177, 36, 4, 62, 18, 65, 87, 47, 121, 71], [67, 25, 181, 194, 3, 80, 27, 171, 79, 192], [6, 178, 14, 187, 24, 96, 175, 48]]",false
10,1620,6215,OR-opt,CMT5.vrp,"[[104, 59, 21, 84, 8, 189, 107, 42, 93, 166, 167], [73, 144, 51, 123, 146, 5, 108, 130, 97, 50, 182], [30, 106, 185, 113, 11, 156, 23, 191, 89, 174, 183, 195, 159, 103], [54, 179, 157, 140, 148, 85, 92, 91, 33, 163, 165, 115, 53], [186, 139, 81, 56, 164, 20, 109, 39, 151, 17, 137, 173, 105], [141, 197, 122, 28, 116, 76, 64, 154, 58, 7, 188, 150, 101, 77, 128, 172], [37, 29, 184, 196, 136, 143, 170, 142, 127, 149, 98, 99], [10, 112, 90, 95, 102, 110, 57, 135, 66, 41, 45, 46], [74, 31, 52, 120, 168, 131, 190, 68, 61, 161, 49, 26, 134], [55, 35, 70, 12, 44, 160, 43, 83, 94, 198, 132, 88, 19], [2, 78, 9, 22, 126, 69, 169, 147, 124, 176], [138, 155, 193, 153, 13, 199, 16, 133, 38, 1], [180, 118, 111, 72, 75, 145, 86, 117, 114, 129, 34, 60], [40, 158, 152, 125, 119, 100, 32, 63, 15, 82], [162, 177, 36, 4, 62, 18, 65, 87, 47, 121, 71], [67, 25, 181, 194, 3, 80, 27, 171, 79, 192], [6, 178, 14, 187, 24, 96, 175, 48]]",false
11,1693,6213,OR-opt,CMT5.vrp,"[[21, 84, 8, 189, 107, 42, 93, 104, 59, 166, 167], [73, 144, 51, 123, 146, 5, 108, 130, 97, 50, 182], [30, 106, 185, 113, 11, 156, 23, 191, 89, 174, 183, 195, 159, 103], [54, 179, 157, 140, 148, 85, 92, 91, 33, 163, 165, 115, 53], [186, 139, 81, 56, 164, 20, 109, 39, 151, 17, 137, 173, 105], [141, 197, 122, 28, 116, 76, 64, 154, 58, 7, 188, 150, 101, 77, 128, 172], [37, 29, 184, 196, 136, 143, 170, 142, 127, 149, 98, 99], [10, 112, 90, 95, 102, 110, 57, 135, 66, 41, 45, 46], [74, 31, 52, 120, 168, 131, 190, 68, 61, 161, 49, 26, 134], [55, 35, 70, 12, 44, 160, 43, 83, 94, 198, 132, 88, 19], [2, 78, 9, 22, 126, 69, 169, 147, 124, 176], [138, 155, 193, 153, 13, 199, 16, 133, 38, 1], [180, 118, 111, 72, 75, 145, 86, 117, 114, 129, 34, 60], [40, 158, 152, 125, 119, 100, 32, 63, 15, 82], [162, 177, 36, 4, 62, 18, 65, 87, 47, 121, 71], [67, 25, 181, 194, 3, 80, 27, 171, 79, 192], [6, 178, 14, 187, 24, 96, 175, 48]]",false
12,1781,6196,OR-opt,CMT5.vrp,"[[42, 93, 21, 84, 8, 189, 107, 104, 59, 166, 167], [73, 144, 51, 123, 146, 5, 108, 130, 97, 50, 182], [30, 106, 185, 113, 11, 156, 23, 191, 89, 174, 183, 195, 159, 103], [54, 179, 157, 140, 148, 85, 92, 91, 33, 163, 165, 115, 53], [186, 139, 81, 56, 164, 20, 109, 39, 151, 17, 137, 173, 105], [141, 197, 122, 28, 116, 76, 64, 154, 58, 7, 188, 150, 101, 77, 128, 172], [37, 29, 184, 196, 136, 143, 170, 142, 127, 149, 98, 99], [10, 112, 90, 95, 102, 110, 57, 135, 66, 41, 45, 46], [74, 31, 52, 120, 168, 131, 190, 68, 61, 161, 49, 26, 134], [55, 35, 70, 12, 44, 160, 43, 83, 94, 198, 132, 88, 19], [2, 78, 9, 22, 126, 69, 169, 147, 124, 176], [138, 155, 193, 153, 13, 199, 16, 133, 38, 1], [180, 118, 111, 72, 75, 145, 86, 117, 114, 129, 34, 60], [40, 158, 152, 125, 119, 100, 32, 63, 15, 82], [162, 177, 36, 4, 62, 18, 65, 87, 47, 121, 71], [67, 25, 181, 194, 3, 80, 27, 171, 79, 192], [6, 178, 14, 187, 24, 96, 175, 48]]",false
13,1848,6177,OR-opt,CMT5.vrp,"[[21, 84, 8, 189, 107, 104, 42, 93, 59, 166, 167], [73, 144, 51, 123, 146, 5, 108, 130, 97, 50, 182], [30, 106, 185, 113, 11, 156, 23, 191, 89, 174, 183, 195, 159, 103], [54, 179, 157, 140, 148, 85, 92, 91, 33, 163, 165, 115, 53], [186, 139, 81, 56, 164, 20, 109, 39, 151, 17, 137, 173, 105], [141, 197, 122, 28, 116, 76, 64, 154, 58, 7, 188, 150, 101, 77, 128, 172], [37, 29, 184, 196, 136, 143, 170, 142, 127, 149, 98, 99], [10, 112, 90, 95, 102, 110, 57, 135, 66, 41, 45, 46], [74, 31, 52, 120, 168, 131, 190, 68, 61, 161, 49, 26, 134], [55, 35, 70, 12, 44, 160, 43, 83, 94, 198, 132, 88, 19], [2, 78, 9, 22, 126, 69, 169, 147, 124, 176], [138, 155, 193, 153, 13, 199, 16, 133, 38, 1], [180, 118, 111, 72, 75, 145, 86, 117, 114, 129, 34, 60], [40, 158, 152, 125, 119, 100, 32, 63, 15, 82], [162, 177, 36, 4, 62, 18, 65, 87, 47, 121, 71], [67, 25, 181, 194, 3, 80, 27, 171, 79, 192], [6, 178, 14, 187, 24, 96, 175, 48]]",false
14,1983,6170,OR-opt,CMT5.vrp,"[[8, 189, 107, 104, 42, 93, 59, 166, 21, 84, 167], [73, 144, 51, 123, 146, 5, 108, 130, 97, 50, 182], [30, 106, 185, 113, 11, 156, 23, 191, 89, 174, 183, 195, 159, 103], [54, 179, 157, 140, 148, 85, 92, 91, 33, 163, 165, 115, 53], [186, 139, 81, 56, 164, 20, 109, 39, 151, 17, 137, 173, 105], [141, 197, 122, 28, 116, 76, 64, 154, 58, 7, 188, 150, 101, 77, 128, 172], [37, 29, 184, 196, 136, 143, 170, 142, 127, 149, 98, 99], [10, 112, 90, 95, 102, 110, 57, 135, 66, 41, 45, 46], [74, 31, 52, 120, 168, 131, 190, 68, 61, 161, 49, 26, 134], [55, 35, 70, 12, 44, 160, 43, 83, 94, 198, 132, 88, 19], [2, 78, 9, 22, 126, 69, 169, 147, 124, 176], [138, 155, 193, 153, 13, 199, 16, 133, 38, 1], [180, 118, 111, 72, 75, 145, 86, 117, 114, 129, 34, 60], [40, 158, 152, 125, 119, 100, 32, 63, 15, 82], [162, 177, 36, 4, 62, 18, 65, 87, 47, 121, 71], [67, 25, 181, 194, 3, 80, 27, 171, 79, 192], [6, 178, 14, 187, 24, 96, 175, 48]]",false
15,2233,6150,OR-opt,CMT5.vrp,"[[21, 166, 167, 84, 8, 189, 107, 104, 42, 93, 59], [73, 144, 51, 123, 146, 5, 108, 130, 97, 50, 182], [30, 106, 185, 113, 11, 156, 23, 191, 89, 174, 183, 195, 159, 103], [54, 179, 157, 140, 148, 85, 92, 91, 33, 163, 165, 115, 53], [186, 139, 81, 56, 164, 20, 109, 39, 151, 17, 137, 173, 105], [141, 197, 122, 28, 116, 76, 64, 154, 58, 7, 188, 150, 101, 77, 128, 172], [37, 29, 184, 196, 136, 143, 170, 142, 127, 149, 98, 99], [10, 112, 90, 95, 102, 110, 57, 135, 66, 41, 45, 46], [74, 31, 52, 120, 168, 131, 190, 68, 61, 161, 49, 26, 134], [55, 35, 70, 12, 44, 160, 43, 83, 94, 198, 132, 88, 19], [2, 78, 9, 22, 126, 69, 169, 147, 124, 176], [138, 155, 193, 153, 13, 199, 16, 133, 38, 1], [180, 118, 111, 72, 75, 145, 86, 117, 114, 129, 34, 60], [40, 158, 152, 125, 119, 100, 32, 63, 15, 82], [162, 177, 36, 4, 62, 18, 65, 87, 47, 121, 71], [67, 25, 181, 194, 3, 80, 27, 171, 79, 192], [6, 178, 14, 187, 24, 96, 175, 48]]",false
16,2312,6127,OR-opt,CMT5.vrp,"[[167, 84, 8, 189, 107, 104, 42, 93, 21, 166, 59], [73, 144, 51, 123, 146, 5, 108, 130, 97, 50, 182], [30, 106, 185, 113, 11, 156, 23, 191, 89, 174, 183, 195, 159, 103], [54, 179, 157, 140, 148, 85, 92, 91, 33, 163, 165, 115, 53], [186, 139, 81, 56, 164, 20, 109, 39, 151, 17, 137, 173, 105], [141, 197, 122, 28, 116, 76, 64, 154, 58, 7, 188, 150, 101, 77, 128, 172], [37, 29, 184, 196, 136, 143, 170, 142, 127, 149, 98, 99], [10, 112, 90, 95, 102, 110, 57, 135, 66, 41, 45, 46], [74, 31, 52, 120, 168, 131, 190, 68, 61, 161, 49, 26, 134], [55, 35, 70, 12, 44, 160, 43, 83, 94, 198, 132, 88, 19], [2, 78, 9, 22, 126, 69, 169, 147, 124, 176], [138, 155, 193, 153, 13, 199, 16, 133, 38, 1], [180, 118, 111, 72, 75, 145, 86, 117, 114, 129, 34, 60], [40, 158, 152, 125, 119, 100, 32, 63, 15, 82], [162, 177, 36, 4, 62, 18, 65, 87, 47, 121, 71], [67, 25, 181, 194, 3, 80, 27, 171, 79, 192], [6, 178, 14, 187, 24, 96, 175, 48]]",false
17,2557,6114,OR-opt,CMT5.vrp,"[[8, 167, 84, 189, 107, 104, 42, 93, 21, 166, 59], [73, 144, 51, 123, 146, 5, 108, 130, 97, 50, 182], [30, 106, 185, 113, 11, 156, 23, 191, 89, 174, 183, 195, 159, 103], [54, 179, 157, 140, 148, 85, 92, 91, 33, 163, 165, 115, 53], [186, 139, 81, 56, 164, 20, 109, 39, 151, 17, 137, 173, 105], [141, 197, 122, 28, 116, 76, 64, 154, 58, 7, 188, 150, 101, 77, 128, 172], [37, 29, 184, 196, 136, 143, 170, 142, 127, 149, 98, 99], [10, 112, 90, 95, 102, 110, 57, 135, 66, 41, 45, 46], [74, 31, 52, 120, 168, 131, 190, 68, 61, 161, 49, 26, 134], [55, 35, 70, 12, 44, 160, 43, 83, 94, 198, 132, 88, 19], [2, 78, 9, 22, 126, 69, 169, 147, 124, 176], [138, 155, 193, 153, 13, 199, 16, 133, 38, 1], [180, 118, 111, 72, 75, 145, 86, 117, 114, 129, 34, 60], [40, 158, 152, 125, 119, 100, 32, 63, 15, 82], [162, 177, 36, 4, 62, 18, 65, 87, 47, 121, 71], [67, 25, 181, 194, 3, 80, 27, 171, 79, 192], [6, 178, 14, 187, 24, 96, 175, 48]]",false
18,3019,6074,OR-opt,CMT5.vrp,"[[8, 167, 84, 189, 107, 104, 42, 93, 21, 166, 59], [51, 123, 73, 144, 146, 5, 108, 130, 97, 50, 182], [30, 106, 185, 113, 11, 156, 23, 191, 89, 174, 183, 195, 159, 103], [54, 179, 157, 140, 148, 85, 92, 91, 33, 163, 165, 115, 53], [186, 139, 81, 56, 164, 20, 109, 39, 151, 17, 137, 173, 105], [141, 197, 122, 28, 116, 76, 64, 154, 58, 7, 188, 150, 101, 77, 128, 172], [37, 29, 184, 196, 136, 143, 170, 142, 127, 149, 98, 99], [10, 112, 90, 95, 102, 110, 57, 135, 66, 41, 45, 46], [74, 31, 52, 120, 168, 131, 190, 68, 61, 161, 49, 26, 134], [55, 35, 70, 12, 44, 160, 43, 83, 94, 198, 132, 88, 19], [2, 78, 9, 22, 126, 69, 169, 147, 124, 176], [138, 155, 193, 153, 13, 199, 16, 133, 38, 1], [180, 118, 111, 72, 75, 145, 86, 117, 114, 129, 34, 60], [40, 158, 152, 125, 119, 100, 32, 63, 15, 82], [162, 177, 36, 4, 62, 18, 65, 87, 47, 121, 71], [67, 25, 181, 194, 3, 80, 27, 171, 79, 192], [6, 178, 14, 187, 24, 96, 175, 48]]",false
19,3087,6054,OR-opt,CMT5.vrp,"[[8, 167, 84, 189, 107, 104, 42, 93, 21, 166, 59], [51, 123, 146, 73, 144, 5, 108, 130, 97, 50, 182], [30, 106, 185, 113, 11, 156, 23, 191, 89, 174, 183, 195, 159, 103], [54, 179, 157, 140, 148, 85, 92, 91, 33, 163, 165, 115, 53], [186, 139, 81, 56, 164, 20, 109, 39, 151, 17, 137, 173, 105], [141, 197, 122, 28, 116, 76, 64, 154, 58, 7, 188, 150, 101, 77, 128, 172], [37, 29, 184, 196, 136, 143, 170, 142, 127, 149, 98, 99], [10, 112, 90, 95, 102, 110, 57, 135, 66, 41, 45, 46], [74, 31, 52, 120, 168, 131, 190, 68, 61, 161, 49, 26, 134], [55, 35, 70, 12, 44, 160, 43, 83, 94, 198, 132, 88, 19], [2, 78, 9, 22, 126, 69, 169, 147, 124, 176], [138, 155, 193, 153, 13, 199, 16, 133, 38, 1], [180, 118, 111, 72, 75, 145, 86, 117, 114, 129, 34, 60], [40, 158, 152, 125, 119, 100, 32, 63, 15, 82], [162, 177, 36, 4, 62, 18, 65, 87, 47, 121, 71], [67, 25, 181, 194, 3, 80, 27, 171, 79, 192], [6, 178, 14, 187, 24, 96, 175, 48]]",false
20,3158,6027,OR-opt,CMT5.vrp,"[[8, 167, 84, 189, 107, 104, 42, 93, 21, 166, 59], [73, 144, 146, 51, 123, 5, 108, 130, 97, 50, 182], [30, 106, 185, 113, 11, 156, 23, 191, 89, 174, 183, 195, 159, 103], [54, 179, 157, 140, 148, 85, 92, 91, 33, 163, 165, 115, 53], [186, 139, 81, 56, 164, 20, 109, 39, 151, 17, 137, 173, 105], [141, 197, 122, 28, 116, 76, 64, 154, 58, 7, 188, 150, 101, 77, 128, 172], [37, 29, 184, 196, 136, 143, 170, 142, 127, 149, 98, 99], [10, 112, 90, 95, 102, 110, 57, 135, 66, 41, 45, 46], [74, 31, 52, 120, 168, 131, 190, 68, 61, 161, 49, 26, 134], [55, 35, 70, 12, 44, 160, 43, 83, 94, 198, 132, 88, 19], [2, 78, 9, 22, 126, 69, 169, 147, 124, 176], [138, 155, 193, 153, 13, 199, 16, 133, 38, 1], [180, 118, 111, 72, 75, 145, 86, 117, 114, 129, 34, 60], [40, 158, 152, 125, 119, 100, 32, 63, 15, 82], [162, 177, 36, 4, 62, 18, 65, 87, 47, 121, 71], [67, 25, 181, 194, 3, 80, 27, 171, 79, 192], [6, 178, 14, 187, 24, 96, 175, 48]]",false
21,3297,6018,OR-opt,CMT5.vrp,"[[8, 167, 84, 189, 107, 104, 42, 93, 21, 166, 59], [146, 73, 144, 51, 123, 5, 108, 130, 97, 50, 182], [30, 106, 185, 113, 11, 156, 23, 191, 89, 174, 183, 195, 159, 103], [54, 179, 157, 140, 148, 85, 92, 91, 33, 163, 165, 115, 53], [186, 139, 81, 56, 164, 20, 109, 39, 151, 17, 137, 173, 105], [141, 197, 122, 28, 116, 76, 64, 154, 58, 7, 188, 150, 101, 77, 128, 172], [37, 29, 184, 196, 136, 143, 170, 142, 127, 149, 98, 99], [10, 112, 90, 95, 102, 110, 57, 135, 66, 41, 45, 46], [74, 31, 52, 120, 168, 131, 190, 68, 61, 161, 49, 26, 134], [55, 35, 70, 12, 44, 160, 43, 83, 94, 198, 132, 88, 19], [2, 78, 9, 22, 126, 69, 169, 147, 124, 176], [138, 155, 193, 153, 13, 199, 16, 133, 38, 1], [180, 118, 111, 72, 75, 145, 86, 117, 114, 129, 34, 60], [40, 158, 152, 125, 119, 100, 32, 63, 15, 82], [162, 177, 36, 4, 62, 18, 65, 87, 47, 121, 71], [67, 25, 181, 194, 3, 80, 27, 171, 79, 192], [6, 178, 14, 187, 24, 96, 175, 48]]",false
22,3349,6014,OR-opt,CMT5.vrp,"[[8, 167, 84, 189, 107, 104, 42, 93, 21, 166, 59], [144, 146, 73, 51, 123, 5, 108, 130, 97, 50, 182], [30, 106, 185, 113, 11, 156, 23, 191, 89, 174, 183, 195, 159, 103], [54, 179, 157, 140, 148, 85, 92, 91, 33, 163, 165, 115, 53], [186, 139, 81, 56, 164, 20, 109, 39, 151, 17, 137, 173, 105], [141, 197, 122, 28, 116, 76, 64, 154, 58, 7, 188, 150, 101, 77, 128, 172], [37, 29, 184, 196, 136, 143, 170, 142, 127, 149, 98, 99], [10, 112, 90, 95, 102, 110, 57, 135, 66, 41, 45, 46], [74, 31, 52, 120, 168, 131, 190, 68, 61, 161, 49, 26, 134], [55, 35, 70, 12, 44, 160, 43, 83, 94, 198, 132, 88, 19], [2, 78, 9, 22, 126, 69, 169, 147, 124, 176], [138, 155, 193, 153, 13, 199, 16, 133, 38, 1], [180, 118, 111, 72, 75, 145, 86, 117, 114, 129, 34, 60], [40, 158, 152, 125, 119, 100, 32, 63, 15, 82], [162, 177, 36, 4, 62, 18, 65, 87, 47, 121, 71], [67, 25, 181, 194, 3, 80, 27, 171, 79, 192], [6, 178, 14, 187, 24, 96, 175, 48]]",false
23,3446,6012,OR-opt,CMT5.vrp,"[[8, 167, 84, 189, 107, 104, 42, 93, 21, 166, 59], [130, 97, 73, 144, 146, 51, 123, 5, 108, 50, 182], [30, 106, 185, 113, 11, 156, 23, 191, 89, 174, 183, 195, 159, 103], [54, 179, 157, 140, 148, 85, 92, 91, 33, 163, 165, 115, 53], [186, 139, 81, 56, 164, 20, 109, 39, 151, 17, 137, 173, 105], [141, 197, 122, 28, 116, 76, 64, 154, 58, 7, 188, 150, 101, 77, 128, 172], [37, 29, 184, 196, 136, 143, 170, 142, 127, 149, 98, 99], [10, 112, 90, 95, 102, 110, 57, 135, 66, 41, 45, 46], [74, 31, 52, 120, 168, 131, 190, 68, 61, 161, 49, 26, 134], [55, 35, 70, 12, 44, 160, 43, 83, 94, 198, 132, 88, 19], [2, 78, 9, 22, 126, 69, 169, 147, 124, 176], [138, 155, 193, 153, 13, 199, 16, 133, 38, 1], [180, 118, 111, 72, 75, 145, 86, 117, 114, 129, 34, 60], [40, 158, 152, 125, 119, 100, 32, 63, 15, 82], [162, 177, 36, 4, 62, 18, 65, 87, 47, 121, 71], [67, 25, 181, 194, 3, 80, 27, 171, 79, 192], [6, 178, 14, 187, 24, 96, 175, 48]]",false
24,3484,6009,OR-opt,CMT5.vrp,"[[8, 167, 84, 189, 107, 104, 42, 93, 21, 166, 59], [73, 144, 146, 51, 123, 5, 108, 50, 130, 97, 182], [30, 106, 185, 113, 11, 156, 23, 191, 89, 174, 183, 195, 159, 103], [54, 179, 157, 140, 148, 85, 92, 91, 33, 163, 165, 115, 53], [186, 139, 81, 56, 164, 20, 109, 39, 151, 17, 137, 173, 105], [141, 197, 122, 28, 116, 76, 64, 154, 58, 7, 188, 150, 101, 77, 128, 172], [37, 29, 184, 196, 136, 143, 170, 142, 127, 149, 98, 99], [10, 112, 90, 95, 102, 110, 57, 135, 66, 41, 45, 46], [74, 31, 52, 120, 168, 131, 190, 68, 61, 161, 49, 26, 134], [55, 35, 70, 12, 44, 160, 43, 83, 94, 198, 132, 88, 19], [2, 78, 9, 22, 126, 69, 169, 147, 124, 176], [138, 155, 193, 153, 13, 199, 16, 133, 38, 1], [180, 118, 111, 72, 75, 145, 86, 117, 114, 129, 34, 60], [40, 158, 152, 125, 119, 100, 32, 63, 15, 82], [162, 177, 36, 4, 62, 18, 65, 87, 47, 121, 71], [67, 25, 181, 194, 3, 80, 27, 171, 79, 192], [6, 178, 14, 187, 24, 96, 175, 48]]",false
25,3519,6003,OR-opt,CMT5.vrp,"[[8, 167, 84, 189, 107, 104, 42, 93, 21, 166, 59], [73, 144, 146, 97, 50, 51, 123, 5, 108, 130, 182], [30, 106, 185, 113, 11, 156, 23, 191, 89, 174, 183, 195, 159, 103], [54, 179, 157, 140, 148, 85, 92, 91, 33, 163, 165, 115, 53], [186, 139, 81, 56, 164, 20, 109, 39, 151, 17, 137, 173, 105], [141, 197, 122, 28, 116, 76, 64, 154, 58, 7, 188, 150, 101, 77, 128, 172], [37, 29, 184, 196, 136, 143, 170, 142, 127, 149, 98, 99], [10, 112, 90, 95, 102, 110, 57, 135, 66, 41, 45, 46], [74, 31, 52, 120, 168, 131, 190, 68, 61, 161, 49, 26, 134], [55, 35, 70, 12, 44, 160, 43, 83, 94, 198, 132, 88, 19], [2, 78, 9, 22, 126, 69, 169, 147, 124, 176], [138, 155, 193, 153, 13, 199, 16, 133, 38, 1], [180, 118, 111, 72, 75, 145, 86, 117, 114, 129, 34, 60], [40, 158, 152, 125, 119, 100, 32, 63, 15, 82], [162, 177, 36, 4, 62, 18, 65, 87, 47, 121, 71], [67, 25, 181, 194, 3, 80, 27, 171, 79, 192], [6, 178, 14, 187, 24, 96, 175, 48]]",false
26,3581,6000,OR-opt,CMT5.vrp,"[[8, 167, 84, 189, 107, 104, 42, 93, 21, 166, 59], [146, 73, 144, 97, 50, 51, 123, 5, 108, 130, 182], [30, 106, 185, 113, 11, 156, 23, 191, 89, 174, 183, 195, 159, 103], [54, 179, 157, 140, 148, 85, 92, 91, 33, 163, 165, 115, 53], [186, 139, 81, 56, 164, 20, 109, 39, 151, 17, 137, 173, 105], [141, 197, 122, 28, 116, 76, 64, 154, 58, 7, 188, 150, 101, 77, 128, 172], [37, 29, 184, 196, 136, 143, 170, 142, 127, 149, 98, 99], [10, 112, 90, 95, 102, 110, 57, 135, 66, 41, 45, 46], [74, 31, 52, 120, 168, 131, 190, 68, 61, 161, 49, 26, 134], [55, 35, 70, 12, 44, 160, 43, 83, 94, 198, 132, 88, 19], [2, 78, 9, 22, 126, 69, 169, 147, 124, 176], [138, 155, 193, 153, 13, 199, 16, 133, 38, 1], [180, 118, 111, 72, 75, 145, 86, 117, 114, 129, 34, 60], [40, 158, 152, 125, 119, 100, 32, 63, 15, 82], [162, 177, 36, 4, 62, 18, 65, 87, 47, 121, 71], [67, 25, 181, 194, 3, 80, 27, 171, 79, 192], [6, 178, 14, 187, 24, 96, 175, 48]]",false
27,3617,5996,OR-opt,CMT5.vrp,"[[8, 167, 84, 189, 107, 104, 42, 93, 21, 166, 59], [146, 97, 50, 51, 123, 5, 108, 130, 73, 144, 182], [30, 106, 185, 113, 11, 156, 23, 191, 89, 174, 183, 195, 159, 103], [54, 179, 157, 140, 148, 85, 92, 91, 33, 163, 165, 115, 53], [186, 139, 81, 56, 164, 20, 109, 39, 151, 17, 137, 173, 105], [141, 197, 122, 28, 116, 76, 64, 154, 58, 7, 188, 150, 101, 77, 128, 172], [37, 29, 184, 196, 136, 143, 170, 142, 127, 149, 98, 99], [10, 112, 90, 95, 102, 110, 57, 135, 66, 41, 45, 46], [74, 31, 52, 120, 168, 131, 190, 68, 61, 161, 49, 26, 134], [55, 35, 70, 12, 44, 160, 43, 83, 94, 198, 132, 88, 19], [2, 78, 9, 22, 126, 69, 169, 147, 124, 176], [138, 155, 193, 153, 13, 199, 16, 133, 38, 1], [180, 118, 111, 72, 75, 145, 86, 117, 114, 129, 34, 60], [40, 158, 152, 125, 119, 100, 32, 63, 15, 82], [162, 177, 36, 4, 62, 18, 65, 87, 47, 121, 71], [67, 25, 181, 194, 3, 80, 27, 171, 79, 192], [6, 178, 14, 187, 24, 96, 175, 48]]",false
28,3648,5991,OR-opt,CMT5.vrp,"[[8, 167, 84, 189, 107, 104, 42, 93, 21, 166, 59], [144, 146, 73, 97, 50, 51, 123, 5, 108, 130, 182], [30, 106, 185, 113, 11, 156, 23, 191, 89, 174, 183, 195, 159, 103], [54, 179, 157, 140, 148, 85, 92, 91, 33, 163, 165, 115, 53], [186, 139, 81, 56, 164, 20, 109, 39, 151, 17, 137, 173, 105], [141, 197, 122, 28, 116, 76, 64, 154, 58, 7, 188, 150, 101, 77, 128, 172], [37, 29, 184, 196, 136, 143, 170, 142, 127, 149, 98, 99], [10, 112, 90, 95, 102, 110, 57, 135, 66, 41, 45, 46], [74, 31, 52, 120, 168, 131, 190, 68, 61, 161, 49, 26, 134], [55, 35, 70, 12, 44, 160, 43, 83, 94, 198, 132, 88, 19], [2, 78, 9, 22, 126, 69, 169, 147, 124, 176], [138, 155, 193, 153, 13, 199, 16, 133, 38, 1], [180, 118, 111, 72, 75, 145, 86, 117, 114, 129, 34, 60], [40, 158, 152, 125, 119, 100, 32, 63, 15, 82], [162, 177, 36, 4, 62, 18, 65, 87, 47, 121, 71], [67, 25, 181, 194, 3, 80, 27, 171, 79, 192], [6, 178, 14, 187, 24, 96, 175, 48]]",false
29,3763,5991,OR-opt,CMT5.vrp,"[[8, 167, 84, 189, 107, 104, 42, 93, 21, 166, 59], [130, 182, 73, 144, 146, 97, 50, 51, 123, 5, 108], [30, 106, 185, 113, 11, 156, 23, 191, 89, 174, 183, 195, 159, 103], [54, 179, 157, 140, 148, 85, 92, 91, 33, 163, 165, 115, 53], [186, 139, 81, 56, 164, 20, 109, 39, 151, 17, 137, 173, 105], [141, 197, 122, 28, 116, 76, 64, 154, 58, 7, 188, 150, 101, 77, 128, 172], [37, 29, 184, 196, 136, 143, 170, 142, 127, 149, 98, 99], [10, 112, 90, 95, 102, 110, 57, 135, 66, 41, 45, 46], [74, 31, 52, 120, 168, 131, 190, 68, 61, 161, 49, 26, 134], [55, 35, 70, 12, 44, 160, 43, 83, 94, 198, 132, 88, 19], [2, 78, 9, 22, 126, 69, 169, 147, 124, 176], [138, 155, 193, 153, 13, 199, 16, 133, 38, 1], [180, 118, 111, 72, 75, 145, 86, 117, 114, 129, 34, 60], [40, 158, 152, 125, 119, 100, 32, 63, 15, 82], [162, 177, 36, 4, 62, 18, 65, 87, 47, 121, 71], [67, 25, 181, 194, 3, 80, 27, 171, 79, 192], [6, 178, 14, 187, 24, 96, 175, 48]]",false
30,3813,5976,OR-opt,CMT5.vrp,"[[8, 167, 84, 189, 107, 104, 42, 93, 21, 166, 59], [130, 144, 182, 73, 146, 97, 50, 51, 123, 5, 108], [30, 106, 185, 113, 11, 156, 23, 191, 89, 174, 183, 195, 159, 103], [54, 179, 157, 140, 148, 85, 92, 91, 33, 163, 165, 115, 53], [186, 139, 81, 56, 164, 20, 109, 39, 151, 17, 137, 173, 105], [141, 197, 122, 28, 116, 76, 64, 154, 58, 7, 188, 150, 101, 77, 128, 172], [37, 29, 184, 196, 136, 143, 170, 142, 127, 149, 98, 99], [10, 112, 90, 95, 102, 110, 57, 135, 66, 41, 45, 46], [74, 31, 52, 120, 168, 131, 190, 68, 61, 161, 49, 26, 134], [55, 35, 70, 12, 44, 160, 43, 83, 94, 198, 132, 88, 19], [2, 78, 9, 22, 126, 69, 169, 147, 124, 176], [138, 155, 193, 153, 13, 199, 16, 133, 38, 1], [180, 118, 111, 72, 75, 145, 86, 117, 114, 129, 34, 60], [40, 158, 152, 125, 119, 100, 32, 63, 15, 82], [162, 177, 36, 4, 62, 18, 65, 87, 47, 121, 71], [67, 25, 181, 194, 3, 80, 27, 171, 79, 192], [6, 178, 14, 187, 24, 96, 175, 48]]",false
31,3863,5973,OR-opt,CMT5.vrp,"[[8, 167, 84, 189, 107, 104, 42, 93, 21, 166, 59], [130, 182, 144, 146, 73, 97, 50, 51, 123, 5, 108], [30, 106, 185, 113, 11, 156, 23, 191, 89, 174, 183, 195, 159, 103], [54, 179, 157, 140, 148, 85, 92, 91, 33, 163, 165, 115, 53], [186, 139, 81, 56, 164, 20, 109, 39, 151, 17, 137, 173, 105], [141, 197, 122, 28, 116, 76, 64, 154, 58, 7, 188, 150, 101, 77, 128, 172], [37, 29, 184, 196, 136, 143, 170, 142, 127, 149, 98, 99], [10, 112, 90, 95, 102, 110, 57, 135, 66, 41, 45, 46], [74, 31, 52, 120, 168, 131, 190, 68, 61, 161, 49, 26, 134], [55, 35, 70, 12, 44, 160, 43, 83, 94, 198, 132, 88, 19], [2, 78, 9, 22, 126, 69, 169, 147, 124, 176], [138, 155, 193, 153, 13, 199, 16, 133, 38, 1], [180, 118, 111, 72, 75, 145, 86, 117, 114, 129, 34, 60], [40, 158, 152, 125, 119, 100, 32, 63, 15, 82], [162, 177, 36, 4, 62, 18, 65, 87, 47, 121, 71], [67, 25, 181, 194, 3, 80, 27, 171, 79, 192], [6, 178, 14, 187, 24, 96, 175, 48]]",false
32,3943,5962,OR-opt,CMT5.vrp,"[[8, 167, 84, 189, 107, 104, 42, 93, 21, 166, 59], [130, 182, 73, 144, 146, 97, 50, 51, 108, 123, 5], [30, 106, 185, 113, 11, 156, 23, 191, 89, 174, 183, 195, 159, 103], [54, 179, 157, 140, 148, 85, 92, 91, 33, 163, 165, 115, 53], [186, 139, 81, 56, 164, 20, 109, 39, 151, 17, 137, 173, 105], [141, 197, 122, 28, 116, 76, 64, 154, 58, 7, 188, 150, 101, 77, 128, 172], [37, 29, 184, 196, 136, 143, 170, 142, 127, 149, 98, 99], [10, 112, 90, 95, 102, 110, 57, 135, 66, 41, 45, 46], [74, 31, 52, 120, 168, 131, 190, 68, 61, 161, 49, 26, 134], [55, 35, 70, 12, 44, 160, 43, 83, 94, 198, 132, 88, 19], [2, 78, 9, 22, 126, 69, 169, 147, 124, 176], [138, 155, 193, 153, 13, 199, 16, 133, 38, 1], [180, 118, 111, 72, 75, 145, 86, 117, 114, 129, 34, 60], [40, 158, 152, 125, 119, 100, 32, 63, 15, 82], [162, 177, 36, 4, 62, 18, 65, 87, 47, 121, 71], [67, 25, 181, 194, 3, 80, 27, 171, 79, 192], [6, 178, 14, 187, 24, 96, 175, 48]]",false
33,3995,5948,OR-opt,CMT5.vrp,"[[8, 167, 84, 189, 107, 104, 42, 93, 21, 166, 59], [130, 144, 182, 73, 146, 97, 50, 51, 108, 123, 5], [30, 106, 185, 113, 11, 156, 23, 191, 89, 174, 183, 195, 159, 103], [54, 179, 157, 140, 148, 85, 92, 91, 33, 163, 165, 115, 53], [186, 139, 81, 56, 164, 20, 109, 39, 151, 17, 137, 173, 105], [141, 197, 122, 28, 116, 76, 64, 154, 58, 7, 188, 150, 101, 77, 128, 172], [37, 29, 184, 196, 136, 143, 170, 142, 127, 149, 98, 99], [10, 112, 90, 95, 102, 110, 57, 135, 66, 41, 45, 46], [74, 31, 52, 120, 168, 131, 190, 68, 61, 161, 49, 26, 134], [55, 35, 70, 12, 44, 160, 43, 83, 94, 198, 132, 88, 19], [2, 78, 9, 22, 126, 69, 169, 147, 124, 176], [138, 155, 193, 153, 13, 199, 16, 133, 38, 1], [180, 118, 111, 72, 75, 145, 86, 117, 114, 129, 34, 60], [40, 158, 152, 125, 119, 100, 32, 63, 15, 82], [162, 177, 36, 4, 62, 18, 65, 87, 47, 121, 71], [67, 25, 181, 194, 3, 80, 27, 171, 79, 192], [6, 178, 14, 187, 24, 96, 175, 48]]",false
34,4045,5944,OR-opt,CMT5.vrp,"[[8, 167, 84, 189, 107, 104, 42, 93, 21, 166, 59], [130, 182, 144, 146, 73, 97, 50, 51, 108, 123, 5], [30, 106, 185, 113, 11, 156, 23, 191, 89, 174, 183, 195, 159, 103], [54, 179, 157, 140, 148, 85, 92, 91, 33, 163, 165, 115, 53], [186, 139, 81, 56, 164, 20, 109, 39, 151, 17, 137, 173, 105], [141, 197, 122, 28, 116, 76, 64, 154, 58, 7, 188, 150, 101, 77, 128, 172], [37, 29, 184, 196, 136, 143, 170, 142, 127, 149, 98, 99], [10, 112, 90, 95, 102, 110, 57, 135, 66, 41, 45, 46], [74, 31, 52, 120, 168, 131, 190, 68, 61, 161, 49, 26, 134], [55, 35, 70, 12, 44, 160, 43, 83, 94, 198, 132, 88, 19], [2, 78, 9, 22, 126, 69, 169, 147, 124, 176], [138, 155, 193, 153, 13, 199, 16, 133, 38, 1], [180, 118, 111, 72, 75, 145, 86, 117, 114, 129, 34, 60], [40, 158, 152, 125, 119, 100, 32, 63, 15, 82], [162, 177, 36, 4, 62, 18, 65, 87, 47, 121, 71], [67, 25, 181, 194, 3, 80, 27, 171, 79, 192], [6, 178, 14, 187, 24, 96, 175, 48]]",false
35,11658,5934,OR-opt,CMT5.vrp,"[[8, 167, 84, 189, 107, 104, 42, 93, 21, 166, 59], [130, 182, 144, 146, 73, 97, 50, 51, 108, 123, 5], [185, 113, 30, 106, 11, 156, 23, 191, 89, 174, 183, 195, 159, 103], [54, 179, 157, 140, 148, 85, 92, 91, 33, 163, 165, 115, 53], [186, 139, 81, 56, 164, 20, 109, 39, 151, 17, 137, 173, 105], [141, 197, 122, 28, 116, 76, 64, 154, 58, 7, 188, 150, 101, 77, 128, 172], [37, 29, 184, 196, 136, 143, 170, 142, 127, 149, 98, 99], [10, 112, 90, 95, 102, 110, 57, 135, 66, 41, 45, 46], [74, 31, 52, 120, 168, 131, 190, 68, 61, 161, 49, 26, 134], [55, 35, 70, 12, 44, 160, 43, 83, 94, 198, 132, 88, 19], [2, 78, 9, 22, 126, 69, 169, 147, 124, 176], [138, 155, 193, 153, 13, 199, 16, 133, 38, 1], [180, 118, 111, 72, 75, 145, 86, 117, 114, 129, 34, 60], [40, 158, 152, 125, 119, 100, 32, 63, 15, 82], [162, 177, 36, 4, 62, 18, 65, 87, 47, 121, 71], [67, 25, 181, 194, 3, 80, 27, 171, 79, 192], [6, 178, 14, 187, 24, 96, 175, 48]]",false
36,11707,5926,OR-opt,CMT5.vrp,"[[8, 167, 84, 189, 107, 104, 42, 93, 21, 166, 59], [130, 182, 144, 146, 73, 97, 50, 51, 108, 123, 5], [185, 113, 11, 156, 23, 191, 89, 174, 30, 106, 183, 195, 159, 103], [54, 179, 157, 140, 148, 85, 92, 91, 33, 163, 165, 115, 53], [186, 139, 81, 56, 164, 20, 109, 39, 151, 17, 137, 173, 105], [141, 197, 122, 28, 116, 76, 64, 154, 58, 7, 188, 150, 101, 77, 128, 172], [37, 29, 184, 196, 136, 143, 170, 142, 127, 149, 98, 99], [10, 112, 90, 95, 102, 110, 57, 135, 66, 41, 45, 46], [74, 31, 52, 120, 168, 131, 190, 68, 61, 161, 49, 26, 134], [55, 35, 70, 12, 44, 160, 43, 83, 94, 198, 132, 88, 19], [2, 78, 9, 22, 126, 69, 169, 147, 124, 176], [138, 155, 193, 153, 13, 199, 16, 133, 38, 1], [180, 118, 111, 72, 75, 145, 86, 117, 114, 129, 34, 60], [40, 158, 152, 125, 119, 100, 32, 63, 15, 82], [162, 177, 36, 4, 62, 18, 65, 87, 47, 121, 71], [67, 25, 181, 194, 3, 80, 27, 171, 79, 192], [6, 178, 14, 187, 24, 96, 175, 48]]",false
37,11765,5925,OR-opt,CMT5.vrp,"[[8, 167, 84, 189, 107, 104, 42, 93, 21, 166, 59], [130, 182, 144, 146, 73, 97, 50, 51, 108, 123, 5], [30, 185, 113, 106, 11, 156, 23, 191, 89, 174, 183, 195, 159, 103], [54, 179, 157, 140, 148, 85, 92, 91, 33, 163, 165, 115, 53], [186, 139, 81, 56, 164, 20, 109, 39, 151, 17, 137, 173, 105], [141, 197, 122, 28, 116, 76, 64, 154, 58, 7, 188, 150, 101, 77, 128, 172], [37, 29, 184, 196, 136, 143, 170, 142, 127, 149, 98, 99], [10, 112, 90, 95, 102, 110, 57, 135, 66, 41, 45, 46], [74, 31, 52, 120, 168, 131, 190, 68, 61, 161, 49, 26, 134], [55, 35, 70, 12, 44, 160, 43, 83, 94, 198, 132, 88, 19], [2, 78, 9, 22, 126, 69, 169, 147, 124, 176], [138, 155, 193, 153, 13, 199, 16, 133, 38, 1], [180, 118, 111, 72, 75, 145, 86, 117, 114, 129, 34, 60], [40, 158, 152, 125, 119, 100, 32, 63, 15, 82], [162, 177, 36, 4, 62, 18, 65, 87, 47, 121, 71], [67, 25, 181, 194, 3, 80, 27, 171, 79, 192], [6, 178, 14, 187, 24, 96, 175, 48]]",false
38,11796,5907,OR-opt,CMT5.vrp,"[[8, 167, 84, 189, 107, 104, 42, 93, 21, 166, 59], [130, 182, 144, 146, 73, 97, 50, 51, 108, 123, 5], [30, 106, 11, 185, 113, 156, 23, 191, 89, 174, 183, 195, 159, 103], [54, 179, 157, 140, 148, 85, 92, 91, 33, 163, 165, 115, 53], [186, 139, 81, 56, 164, 20, 109, 39, 151, 17, 137, 173, 105], [141, 197, 122, 28, 116, 76, 64, 154, 58, 7, 188, 150, 101, 77, 128, 172], [37, 29, 184, 196, 136, 143, 170, 142, 127, 149, 98, 99], [10, 112, 90, 95, 102, 110, 57, 135, 66, 41, 45, 46], [74, 31, 52, 120, 168, 131, 190, 68, 61, 161, 49, 26, 134], [55, 35, 70, 12, 44, 160, 43, 83, 94, 198, 132, 88, 19], [2, 78, 9, 22, 126, 69, 169, 147, 124, 176], [138, 155, 193, 153, 13, 199, 16, 133, 38, 1], [180, 118, 111, 72, 75, 145, 86, 117, 114, 129, 34, 60], [40, 158, 152, 125, 119, 100, 32, 63, 15, 82], [162, 177, 36, 4, 62, 18, 65, 87, 47, 121, 71], [67, 25, 181, 194, 3, 80, 27, 171, 79, 192], [6, 178, 14, 187, 24, 96, 175, 48]]",false
39,11826,5899,OR-opt,CMT5.vrp,"[[8, 167, 84, 189, 107, 104, 42, 93, 21, 166, 59], [130, 182, 144, 146, 73, 97, 50, 51, 108, 123, 5], [30, 106, 11, 156, 185, 113, 23, 191, 89, 174, 183, 195, 159, 103], [54, 179, 157, 140, 148, 85, 92, 91, 33, 163, 165, 115, 53], [186, 139, 81, 56, 164, 20, 109, 39, 151, 17, 137, 173, 105], [141, 197, 122, 28, 116, 76, 64, 154, 58, 7, 188, 150, 101, 77, 128, 172], [37, 29, 184, 196, 136, 143, 170, 142, 127, 149, 98, 99], [10, 112, 90, 95, 102, 110, 57, 135, 66, 41, 45, 46], [74, 31, 52, 120, 168, 131, 190, 68, 61, 161, 49, 26, 134], [55, 35, 70, 12, 44, 160, 43, 83, 94, 198, 132, 88, 19], [2, 78, 9, 22, 126, 69, 169, 147, 124, 176], [138, 155, 193, 153, 13, 199, 16, 133, 38, 1], [180, 118, 111, 72, 75, 145, 86, 117, 114, 129, 34, 60], [40, 158, 152, 125, 119, 100, 32, 63, 15, 82], [162, 177, 36, 4, 62, 18, 65, 87, 47, 121, 71], [67, 25, 181, 194, 3, 80, 27, 171, 79, 192], [6, 178, 14, 187, 24, 96, 175, 48]]",false
40,11872,5892,OR-opt,CMT5.vrp,"[[8, 167, 84, 189, 107, 104, 42, 93, 21, 166, 59], [130, 182, 144, 146, 73, 97, 50, 51, 108, 123, 5], [30, 106, 11, 156, 23, 185, 113, 191, 89, 174, 183, 195, 159, 103], [54, 179, 157, 140, 148, 85, 92, 91, 33, 163, 165, 115, 53], [186, 139, 81, 56, 164, 20, 109, 39, 151, 17, 137, 173, 105], [141, 197, 122, 28, 116, 76, 64, 154, 58, 7, 188, 150, 101, 77, 128, 172], [37, 29, 184, 196, 136, 143, 170, 142, 127, 149, 98, 99], [10, 112, 90, 95, 102, 110, 57, 135, 66, 41, 45, 46], [74, 31, 52, 120, 168, 131, 190, 68, 61, 161, 49, 26, 134], [55, 35, 70, 12, 44, 160, 43, 83, 94, 198, 132, 88, 19], [2, 78, 9, 22, 126, 69, 169, 147, 124, 176], [138, 155, 193, 153, 13, 199, 16, 133, 38, 1], [180, 118, 111, 72, 75, 145, 86, 117, 114, 129, 34, 60], [40, 158, 152, 125, 119, 100, 32, 63, 15, 82], [162, 177, 36, 4, 62, 18, 65, 87, 47, 121, 71], [67, 25, 181, 194, 3, 80, 27, 171, 79, 192], [6, 178, 14, 187, 24, 96, 175, 48]]",false
41,11919,5884,OR-opt,CMT5.vrp,"[[8, 167, 84, 189, 107, 104, 42, 93, 21, 166, 59], [130, 182, 144, 146, 73, 97, 50, 51, 108, 123, 5], [30, 106, 11, 156, 23, 191, 185, 113, 89, 174, 183, 195, 159, 103], [54, 179, 157, 140, 148, 85, 92, 91, 33, 163, 165, 115, 53], [186, 139, 81, 56, 164, 20, 109, 39, 151, 17, 137, 173, 105], [141, 197, 122, 28, 116, 76, 64, 154, 58, 7, 188, 150, 101, 77, 128, 172], [37, 29, 184, 196, 136, 143, 170, 142, 127, 149, 98, 99], [10, 112, 90, 95, 102, 110, 57, 135, 66, 41, 45, 46], [74, 31, 52, 120, 168, 131, 190, 68, 61, 161, 49, 26, 134], [55, 35, 70, 12, 44, 160, 43, 83, 94, 198, 132, 88, 19], [2, 78, 9, 22, 126, 69, 169, 147, 124, 176], [138, 155, 193, 153, 13, 199, 16, 133, 38, 1], [180, 118, 111, 72, 75, 145, 86, 117, 114, 129, 34, 60], [40, 158, 152, 125, 119, 100, 32, 63, 15, 82], [162, 177, 36, 4, 62, 18, 65, 87, 47, 121, 71], [67, 25, 181, 194, 3, 80, 27, 171, 79, 192], [6, 178, 14, 187, 24, 96, 175, 48]]",false
42,11971,5880,OR-opt,CMT5.vrp,"[[8, 167, 84, 189, 107, 104, 42, 93, 21, 166, 59], [130, 182, 144, 146, 73, 97, 50, 51, 108, 123, 5], [30, 106, 11, 156, 23, 191, 89, 185, 113, 174, 183, 195, 159, 103], [54, 179, 157, 140, 148, 85, 92, 91, 33, 163, 165, 115, 53], [186, 139, 81, 56, 164, 20, 109, 39, 151, 17, 137, 173, 105], [141, 197, 122, 28, 116, 76, 64, 154, 58, 7, 188, 150, 101, 77, 128, 172], [37, 29, 184, 196, 136, 143, 170, 142, 127, 149, 98, 99], [10, 112, 90, 95, 102, 110, 57, 135, 66, 41, 45, 46], [74, 31, 52, 120, 168, 131, 190, 68, 61, 161, 49, 26, 134], [55, 35, 70, 12, 44, 160, 43, 83, 94, 198, 132, 88, 19], [2, 78, 9, 22, 126, 69, 169, 147, 124, 176], [138, 155, 193, 153, 13, 199, 16, 133, 38, 1], [180, 118, 111, 72, 75, 145, 86, 117, 114, 129, 34, 60], [40, 158, 152, 125, 119, 100, 32, 63, 15, 82], [162, 177, 36, 4, 62, 18, 65, 87, 47, 121, 71], [67, 25, 181, 194, 3, 80, 27, 171, 79, 192], [6, 178, 14, 187, 24, 96, 175, 48]]",false
43,12263,5860,OR-opt,CMT5.vrp,"[[8, 167, 84, 189, 107, 104, 42, 93, 21, 166, 59], [130, 182, 144, 146, 73, 97, 50, 51, 108, 123, 5], [11, 156, 23, 191, 89, 185, 113, 174, 30, 106, 183, 195, 159, 103], [54, 179, 157, 140, 148, 85, 92, 91, 33, 163, 165, 115, 53], [186, 139, 81, 56, 164, 20, 109, 39, 151, 17, 137, 173, 105], [141, 197, 122, 28, 116, 76, 64, 154, 58, 7, 188, 150, 101, 77, 128, 172], [37, 29, 184, 196, 136, 143, 170, 142, 127, 149, 98, 99], [10, 112, 90, 95, 102, 110, 57, 135, 66, 41, 45, 46], [74, 31, 52, 120, 168, 131, 190, 68, 61, 161, 49, 26, 134], [55, 35, 70, 12, 44, 160, 43, 83, 94, 198, 132, 88, 19], [2, 78, 9, 22, 126, 69, 169, 147, 124, 176], [138, 155, 193, 153, 13, 199, 16, 133, 38, 1], [180, 118, 111, 72, 75, 145, 86, 117, 114, 129, 34, 60], [40, 158, 152, 125, 119, 100, 32, 63, 15, 82], [162, 177, 36, 4, 62, 18, 65, 87, 47, 121, 71], [67, 25, 181, 194, 3, 80, 27, 171, 79, 192], [6, 178, 14, 187, 24, 96, 175, 48]]",false
44,12453,5857,OR-opt,CMT5.vrp,"[[8, 167, 84, 189, 107, 104, 42, 93, 21, 166, 59], [130, 182, 144, 146, 73, 97, 50, 51, 108, 123, 5], [106, 11, 30, 156, 23, 191, 89, 185, 113, 174, 183, 195, 159, 103], [54, 179, 157, 140, 148, 85, 92, 91, 33, 163, 165, 115, 53], [186, 139, 81, 56, 164, 20, 109, 39, 151, 17, 137, 173, 105], [141, 197, 122, 28, 116, 76, 64, 154, 58, 7, 188, 150, 101, 77, 128, 172], [37, 29, 184, 196, 136, 143, 170, 142, 127, 149, 98, 99], [10, 112, 90, 95, 102, 110, 57, 135, 66, 41, 45, 46], [74, 31, 52, 120, 168, 131, 190, 68, 61, 161, 49, 26, 134], [55, 35, 70, 12, 44, 160, 43, 83, 94, 198, 132, 88, 19], [2, 78, 9, 22, 126, 69, 169, 147, 124, 176], [138, 155, 193, 153, 13, 199, 16, 133, 38, 1], [180, 118, 111, 72, 75, 145, 86, 117, 114, 129, 34, 60], [40, 158, 152, 125, 119, 100, 32, 63, 15, 82], [162, 177, 36, 4, 62, 18, 65, 87, 47, 121, 71], [67, 25, 181, 194, 3, 80, 27, 171, 79, 192], [6, 178, 14, 187, 24, 96, 175, 48]]",false
45,12515,5827,OR-opt,CMT5.vrp,"[[8, 167, 84, 189, 107, 104, 42, 93, 21, 166, 59], [130, 182, 144, 146, 73, 97, 50, 51, 108, 123, 5], [30, 156, 23, 191, 89, 185, 113, 174, 183, 195, 159, 106, 11, 103], [54, 179, 157, 140, 148, 85, 92, 91, 33, 163, 165, 115, 53], [186, 139, 81, 56, 164, 20, 109, 39, 151, 17, 137, 173, 105], [141, 197, 122, 28, 116, 76, 64, 154, 58, 7, 188, 150, 101, 77, 128, 172], [37, 29, 184, 196, 136, 143, 170, 142, 127, 149, 98, 99], [10, 112, 90, 95, 102, 110, 57, 135, 66, 41, 45, 46], [74, 31, 52, 120, 168, 131, 190, 68, 61, 161, 49, 26, 134], [55, 35, 70, 12, 44, 160, 43, 83, 94, 198, 132, 88, 19], [2, 78, 9, 22, 126, 69, 169, 147, 124, 176], [138, 155, 193, 153, 13, 199, 16, 133, 38, 1], [180, 118, 111, 72, 75, 145, 86, 117, 114, 129, 34, 60], [40, 158, 152, 125, 119, 100, 32, 63, 15, 82], [162, 177, 36, 4, 62, 18, 65, 87, 47, 121, 71], [67, 25, 181, 194, 3, 80, 27, 171, 79, 192], [6, 178, 14, 187, 24, 96, 175, 48]]",false
46,12721,5816,OR-opt,CMT5.vrp,"[[8, 167, 84, 189, 107, 104, 42, 93, 21, 166, 59], [130, 182, 144, 146, 73, 97, 50, 51, 108, 123, 5], [23, 191, 89, 185, 113, 174, 30, 156, 183, 195, 159, 106, 11, 103], [54, 179, 157, 140, 148, 85, 92, 91, 33, 163, 165, 115, 53], [186, 139, 81, 56, 164, 20, 109, 39, 151, 17, 137, 173, 105], [141, 197, 122, 28, 116, 76, 64, 154, 58, 7, 188, 150, 101, 77, 128, 172], [37, 29, 184, 196, 136, 143, 170, 142, 127, 149, 98, 99], [10, 112, 90, 95, 102, 110, 57, 135, 66, 41, 45, 46], [74, 31, 52, 120, 168, 131, 190, 68, 61, 161, 49, 26, 134], [55, 35, 70, 12, 44, 160, 43, 83, 94, 198, 132, 88, 19], [2, 78, 9, 22, 126, 69, 169, 147, 124, 176], [138, 155, 193, 153, 13, 199, 16, 133, 38, 1], [180, 118, 111, 72, 75, 145, 86, 117, 114, 129, 34, 60], [40, 158, 152, 125, 119, 100, 32, 63, 15, 82], [162, 177, 36, 4, 62, 18, 65, 87, 47, 121, 71], [67, 25, 181, 194, 3, 80, 27, 171, 79, 192], [6, 178, 14, 187, 24, 96, 175, 48]]",false
47,12763,5796,OR-opt,CMT5.vrp,"[[8, 167, 84, 189, 107, 104, 42, 93, 21, 166, 59], [130, 182, 144, 146, 73, 97, 50, 51, 108, 123, 5], [30, 191, 89, 185, 113, 174, 156, 23, 183, 195, 159, 106, 11, 103], [54, 179, 157, 140, 148, 85, 92, 91, 33, 163, 165, 115, 53], [186, 139, 81, 56, 164, 20, 109, 39, 151, 17, 137, 173, 105], [141, 197, 122, 28, 116, 76, 64, 154, 58, 7, 188, 150, 101, 77, 128, 172], [37, 29, 184, 196, 136, 143, 170, 142, 127, 149, 98, 99], [10, 112, 90, 95, 102, 110, 57, 135, 66, 41, 45, 46], [74, 31, 52, 120, 168, 131, 190, 68, 61, 161, 49, 26, 134], [55, 35, 70, 12, 44, 160, 43, 83, 94, 198, 132, 88, 19], [2, 78, 9, 22, 126, 69, 169, 147, 124, 176], [138, 155, 193, 153, 13, 199, 16, 133, 38, 1], [180, 118, 111, 72, 75, 145, 86, 117, 114, 129, 34, 60], [40, 158, 152, 125, 119, 100, 32, 63, 15, 82], [162, 177, 36, 4, 62, 18, 65, 87, 47, 121, 71], [67, 25, 181, 194, 3, 80, 27, 171, 79, 192], [6, 178, 14, 187, 24, 96, 175, 48]]",false
48,12900,5794,OR-opt,CMT5.vrp,"[[8, 167, 84, 189, 107, 104, 42, 93, 21, 166, 59], [130, 182, 144, 146, 73, 97, 50, 51, 108, 123, 5], [30, 156, 174, 183, 23, 191, 89, 185, 113, 195, 159, 106, 11, 103], [54, 179, 157, 140, 148, 85, 92, 91, 33, 163, 165, 115, 53], [186, 139, 81, 56, 164, 20, 109, 39, 151, 17, 137, 173, 105], [141, 197, 122, 28, 116, 76, 64, 154, 58, 7, 188, 150, 101, 77, 128, 172], [37, 29, 184, 196, 136, 143, 170, 142, 127, 149, 98, 99], [10, 112, 90, 95, 102, 110, 57, 135, 66, 41, 45, 46], [74, 31, 52, 120, 168, 131, 190, 68, 61, 161, 49, 26, 134], [55, 35, 70, 12, 44, 160, 43, 83, 94, 198, 132, 88, 19], [2, 78, 9, 22, 126, 69, 169, 147, 124, 176], [138, 155, 193, 153, 13, 199, 16, 133, 38, 1], [180, 118, 111, 72, 75, 145, 86, 117, 114, 129, 34, 60], [40, 158, 152, 125, 119, 100, 32, 63, 15, 82], [162, 177, 36, 4, 62, 18, 65, 87, 47, 121, 71], [67, 25, 181, 194, 3, 80, 27, 171, 79, 192], [6, 178, 14, 187, 24, 96, 175, 48]]",false
49,13012,5793,OR-opt,CMT5.vrp,"[[8, 167, 84, 189, 107, 104, 42, 93, 21, 166, 59], [130, 182, 144, 146, 73, 97, 50, 51, 108, 123, 5], [156, 174, 30, 183, 23, 191, 89, 185, 113, 195, 159, 106, 11, 103], [54, 179, 157, 140, 148, 85, 92, 91, 33, 163, 165, 115, 53], [186, 139, 81, 56, 164, 20, 109, 39, 151, 17, 137, 173, 105], [141, 197, 122, 28, 116, 76, 64, 154, 58, 7, 188, 150, 101, 77, 128, 172], [37, 29, 184, 196, 136, 143, 170, 142, 127, 149, 98, 99], [10, 112, 90, 95, 102, 110, 57, 135, 66, 41, 45, 46], [74, 31, 52, 120, 168, 131, 190, 68, 61, 161, 49, 26, 134], [55, 35, 70, 12, 44, 160, 43, 83, 94, 198, 132, 88, 19], [2, 78, 9, 22, 126, 69, 169, 147, 124, 176], [138, 155, 193, 153, 13, 199, 16, 133, 38, 1], [180, 118, 111, 72, 75, 145, 86, 117, 114, 129, 34, 60], [40, 158, 152, 125, 119, 100, 32, 63, 15, 82], [162, 177, 36, 4, 62, 18, 65, 87, 47, 121, 71], [67, 25, 181, 194, 3, 80, 27, 171, 79, 192], [6, 178, 14, 187, 24, 96, 175, 48]]",false
50,13051,5789,OR-opt,CMT5.vrp,"[[8, 167, 84, 189, 107, 104, 42, 93, 21, 166, 59], [130, 182, 144, 146, 73, 97, 50, 51, 108, 123, 5], [30, 183, 23, 191, 89, 185, 113, 195, 159, 106, 11, 156, 174, 103], [54, 179, 157, 140, 148, 85, 92, 91, 33, 163, 165, 115, 53], [186, 139, 81, 56, 164, 20, 109, 39, 151, 17, 137, 173, 105], [141, 197, 122, 28, 116, 76, 64, 154, 58, 7, 188, 150, 101, 77, 128, 172], [37, 29, 184, 196, 136, 143, 170, 142, 127, 149, 98, 99], [10, 112, 90, 95, 102, 110, 57, 135, 66, 41, 45, 46], [74, 31, 52, 120, 168, 131, 190, 68, 61, 161, 49, 26, 134], [55, 35, 70, 12, 44, 160, 43, 83, 94, 198, 132, 88, 19], [2, 78, 9, 22, 126, 69, 169, 147, 124, 176], [138, 155, 193, 153, 13, 199, 16, 133, 38, 1], [180, 118, 111, 72, 75, 145, 86, 117, 114, 129, 34, 60], [40, 158, 152, 125, 119, 100, 32, 63, 15, 82], [162, 177, 36, 4, 62, 18, 65, 87, 47, 121, 71], [67, 25, 181, 194, 3, 80, 27, 171, 79, 192], [6, 178, 14, 187, 24, 96, 175, 48]]",false
51,15388,5781,OR-opt,CMT5.vrp,"[[8, 167, 84, 189, 107, 104, 42, 93, 21, 166, 59], [130, 182, 144, 146, 73, 97, 50, 51, 108, 123, 5], [30, 156, 174, 191, 183, 23, 89, 185, 113, 195, 159, 106, 11, 103], [54, 179, 157, 140, 148, 85, 92, 91, 33, 163, 165, 115, 53], [186, 139, 81, 56, 164, 20, 109, 39, 151, 17, 137, 173, 105], [141, 197, 122, 28, 116, 76, 64, 154, 58, 7, 188, 150, 101, 77, 128, 172], [37, 29, 184, 196, 136, 143, 170, 142, 127, 149, 98, 99], [10, 112, 90, 95, 102, 110, 57, 135, 66, 41, 45, 46], [74, 31, 52, 120, 168, 131, 190, 68, 61, 161, 49, 26, 134], [55, 35, 70, 12, 44, 160, 43, 83, 94, 198, 132, 88, 19], [2, 78, 9, 22, 126, 69, 169, 147, 124, 176], [138, 155, 193, 153, 13, 199, 16, 133, 38, 1], [180, 118, 111, 72, 75, 145, 86, 117, 114, 129, 34, 60], [40, 158, 152, 125, 119, 100, 32, 63, 15, 82], [162, 177, 36, 4, 62, 18, 65, 87, 47, 121, 71], [67, 25, 181, 194, 3, 80, 27, 171, 79, 192], [6, 178, 14, 187, 24, 96, 175, 48]]",false
52,15432,5779,OR-opt,CMT5.vrp,"[[8, 167, 84, 189, 107, 104, 42, 93, 21, 166, 59], [130, 182, 144, 146, 73, 97, 50, 51, 108, 123, 5], [30, 156, 174, 191, 89, 185, 113, 195, 183, 23, 159, 106, 11, 103], [54, 179, 157, 140, 148, 85, 92, 91, 33, 163, 165, 115, 53], [186, 139, 81, 56, 164, 20, 109, 39, 151, 17, 137, 173, 105], [141, 197, 122, 28, 116, 76, 64, 154, 58, 7, 188, 150, 101, 77, 128, 172], [37, 29, 184, 196, 136, 143, 170, 142, 127, 149, 98, 99], [10, 112, 90, 95, 102, 110, 57, 135, 66, 41, 45, 46], [74, 31, 52, 120, 168, 131, 190, 68, 61, 161, 49, 26, 134], [55, 35, 70, 12, 44, 160, 43, 83, 94, 198, 132, 88, 19], [2, 78, 9, 22, 126, 69, 169, 147, 124, 176], [138, 155, 193, 153, 13, 199, 16, 133, 38, 1], [180, 118, 111, 72, 75, 145, 86, 117, 114, 129, 34, 60], [40, 158, 152, 125, 119, 100, 32, 63, 15, 82], [162, 177, 36, 4, 62, 18, 65, 87, 47, 121, 71], [67, 25, 181, 194, 3, 80, 27, 171, 79, 192], [6, 178, 14, 187, 24, 96, 175, 48]]",false
53,15599,5779,OR-opt,CMT5.vrp,"[[8, 167, 84, 189, 107, 104, 42, 93, 21, 166, 59], [130, 182, 144, 146, 73, 97, 50, 51, 108, 123, 5], [174, 30, 156, 191, 89, 185, 113, 195, 183, 23, 159, 106, 11, 103], [54, 179, 157, 140, 148, 85, 92, 91, 33, 163, 165, 115, 53], [186, 139, 81, 56, 164, 20, 109, 39, 151, 17, 137, 173, 105], [141, 197, 122, 28, 116, 76, 64, 154, 58, 7, 188, 150, 101, 77, 128, 172], [37, 29, 184, 196, 136, 143, 170, 142, 127, 149, 98, 99], [10, 112, 90, 95, 102, 110, 57, 135, 66, 41, 45, 46], [74, 31, 52, 120, 168, 131, 190, 68, 61, 161, 49, 26, 134], [55, 35, 70, 12, 44, 160, 43, 83, 94, 198, 132, 88, 19], [2, 78, 9, 22, 126, 69, 169, 147, 124, 176], [138, 155, 193, 153, 13, 199, 16, 133, 38, 1], [180, 118, 111, 72, 75, 145, 86, 117, 114, 129, 34, 60], [40, 158, 152, 125, 119, 100, 32, 63, 15, 82], [162, 177, 36, 4, 62, 18, 65, 87, 47, 121, 71], [67, 25, 181, 194, 3, 80, 27, 171, 79, 192], [6, 178, 14, 187, 24, 96, 175, 48]]",false
54,15656,5777,OR-opt,CMT5.vrp,"[[8, 167, 84, 189, 107, 104, 42, 93, 21, 166, 59], [130, 182, 144, 146, 73, 97, 50, 51, 108, 123, 5], [30, 191, 89, 185, 113, 195, 183, 23, 159, 106, 11, 156, 174, 103], [54, 179, 157, 140, 148, 85, 92, 91, 33, 163, 165, 115, 53], [186, 139, 81, 56, 164, 20, 109, 39, 151, 17, 137, 173, 105], [141, 197, 122, 28, 116, 76, 64, 154, 58, 7, 188, 150, 101, 77, 128, 172], [37, 29, 184, 196, 136, 143, 170, 142, 127, 149, 98, 99], [10, 112, 90, 95, 102, 110, 57, 135, 66, 41, 45, 46], [74, 31, 52, 120, 168, 131, 190, 68, 61, 161, 49, 26, 134], [55, 35, 70, 12, 44, 160, 43, 83, 94, 198, 132, 88, 19], [2, 78, 9, 22, 126, 69, 169, 147, 124, 176], [138, 155, 193, 153, 13, 199, 16, 133, 38, 1], [180, 118, 111, 72, 75, 145, 86, 117, 114, 129, 34, 60], [40, 158, 152, 125, 119, 100, 32, 63, 15, 82], [162, 177, 36, 4, 62, 18, 65, 87, 47, 121, 71], [67, 25, 181, 194, 3, 80, 27, 171, 79, 192], [6, 178, 14, 187, 24, 96, 175, 48]]",false
55,15700,5770,OR-opt,CMT5.vrp,"[[8, 167, 84, 189, 107, 104, 42, 93, 21, 166, 59], [130, 182, 144, 146, 73, 97, 50, 51, 108, 123, 5], [30, 156, 89, 185, 113, 195, 183, 23, 159, 106, 11, 103, 174, 191], [54, 179, 157, 140, 148, 85, 92, 91, 33, 163, 165, 115, 53], [186, 139, 81, 56, 164, 20, 109, 39, 151, 17, 137, 173, 105], [141, 197, 122, 28, 116, 76, 64, 154, 58, 7, 188, 150, 101, 77, 128, 172], [37, 29, 184, 196, 136, 143, 170, 142, 127, 149, 98, 99], [10, 112, 90, 95, 102, 110, 57, 135, 66, 41, 45, 46], [74, 31, 52, 120, 168, 131, 190, 68, 61, 161, 49, 26, 134], [55, 35, 70, 12, 44, 160, 43, 83, 94, 198, 132, 88, 19], [2, 78, 9, 22, 126, 69, 169, 147, 124, 176], [138, 155, 193, 153, 13, 199, 16, 133, 38, 1], [180, 118, 111, 72, 75, 145, 86, 117, 114, 129, 34, 60], [40, 158, 152, 125, 119, 100, 32, 63, 15, 82], [162, 177, 36, 4, 62, 18, 65, 87, 47, 121, 71], [67, 25, 181, 194, 3, 80, 27, 171, 79, 192], [6, 178, 14, 187, 24, 96, 175, 48]]",false
56,15747,5768,OR-opt,CMT5.vrp,"[[8, 167, 84, 189, 107, 104, 42, 93, 21, 166, 59], [130, 182, 144, 146, 73, 97, 50, 51, 108, 123, 5], [30, 156, 174, 191, 113, 89, 185, 195, 183, 23, 159, 106, 11, 103], [54, 179, 157, 140, 148, 85, 92, 91, 33, 163, 165, 115, 53], [186, 139, 81, 56, 164, 20, 109, 39, 151, 17, 137, 173, 105], [141, 197, 122, 28, 116, 76, 64, 154, 58, 7, 188, 150, 101, 77, 128, 172], [37, 29, 184, 196, 136, 143, 170, 142, 127, 149, 98, 99], [10, 112, 90, 95, 102, 110, 57, 135, 66, 41, 45, 46], [74, 31, 52, 120, 168, 131, 190, 68, 61, 161, 49, 26, 134], [55, 35, 70, 12, 44, 160, 43, 83, 94, 198, 132, 88, 19], [2, 78, 9, 22, 126, 69, 169, 147, 124, 176], [138, 155, 193, 153, 13, 199, 16, 133, 38, 1], [180, 118, 111, 72, 75, 145, 86, 117, 114, 129, 34, 60], [40, 158, 152, 125, 119, 100, 32, 63, 15, 82], [162, 177, 36, 4, 62, 18, 65, 87, 47, 121, 71], [67, 25, 181, 194, 3, 80, 27, 171, 79, 192], [6, 178, 14, 187, 24, 96, 175, 48]]",false
57,15886,5768,OR-opt,CMT5.vrp,"[[8, 167, 84, 189, 107, 104, 42, 93, 21, 166, 59], [130, 182, 144, 146, 73, 97, 50, 51, 108, 123, 5], [174, 30, 156, 191, 113, 89, 185, 195, 183, 23, 159, 106, 11, 103], [54, 179, 157, 140, 148, 85, 92, 91, 33, 163, 165, 115, 53], [186, 139, 81, 56, 164, 20, 109, 39, 151, 17, 137, 173, 105], [141, 197, 122, 28, 116, 76, 64, 154, 58, 7, 188, 150, 101, 77, 128, 172], [37, 29, 184, 196, 136, 143, 170, 142, 127, 149, 98, 99], [10, 112, 90, 95, 102, 110, 57, 135, 66, 41, 45, 46], [74, 31, 52, 120, 168, 131, 190, 68, 61, 161, 49, 26, 134], [55, 35, 70, 12, 44, 160, 43, 83, 94, 198, 132, 88, 19], [2, 78, 9, 22, 126, 69, 169, 147, 124, 176], [138, 155, 193, 153, 13, 199, 16, 133, 38, 1], [180, 118, 111, 72, 75, 145, 86, 117, 114, 129, 34, 60], [40, 158, 152, 125, 119, 100, 32, 63, 15, 82], [162, 177, 36, 4, 62, 18, 65, 87, 47, 121, 71], [67, 25, 181, 194, 3, 80, 27, 171, 79, 192], [6, 178, 14, 187, 24, 96, 175, 48]]",false
58,15943,5766,OR-opt,CMT5.vrp,"[[8, 167, 84, 189, 107, 104, 42, 93, 21, 166, 59], [130, 182, 144, 146, 73, 97, 50, 51, 108, 123, 5], [30, 191, 113, 89, 185, 195, 183, 23, 159, 106, 11, 156, 174, 103], [54, 179, 157, 140, 148, 85, 92, 91, 33, 163, 165, 115, 53], [186, 139, 81, 56, 164, 20, 109, 39, 151, 17, 137, 173, 105], [141, 197, 122, 28, 116, 76, 64, 154, 58, 7, 188, 150, 101, 77, 128, 172], [37, 29, 184, 196, 136, 143, 170, 142, 127, 149, 98, 99], [10, 112, 90, 95, 102, 110, 57, 135, 66, 41, 45, 46], [74, 31, 52, 120, 168, 131, 190, 68, 61, 161, 49, 26, 134], [55, 35, 70, 12, 44, 160, 43, 83, 94, 198, 132, 88, 19], [2, 78, 9, 22, 126, 69, 169, 147, 124, 176], [138, 155, 193, 153, 13, 199, 16, 133, 38, 1], [180, 118, 111, 72, 75, 145, 86, 117, 114, 129, 34, 60], [40, 158, 152, 125, 119, 100, 32, 63, 15, 82], [162, 177, 36, 4, 62, 18, 65, 87, 47, 121, 71], [67, 25, 181, 194, 3, 80, 27, 171, 79, 192], [6, 178, 14, 187, 24, 96, 175, 48]]",false
59,15988,5759,OR-opt,CMT5.vrp,"[[8, 167, 84, 189, 107, 104, 42, 93, 21, 166, 59], [130, 182, 144, 146, 73, 97, 50, 51, 108, 123, 5], [30, 156, 113, 89, 185, 195, 183, 23, 159, 106, 11, 103, 174, 191], [54, 179, 157, 140, 148, 85, 92, 91, 33, 163, 165, 115, 53], [186, 139, 81, 56, 164, 20, 109, 39, 151, 17, 137, 173, 105], [141, 197, 122, 28, 116, 76, 64, 154, 58, 7, 188, 150, 101, 77, 128, 172], [37, 29, 184, 196, 136, 143, 170, 142, 127, 149, 98, 99], [10, 112, 90, 95, 102, 110, 57, 135, 66, 41, 45, 46], [74, 31, 52, 120, 168, 131, 190, 68, 61, 161, 49, 26, 134], [55, 35, 70, 12, 44, 160, 43, 83, 94, 198, 132, 88, 19], [2, 78, 9, 22, 126, 69, 169, 147, 124, 176], [138, 155, 193, 153, 13, 199, 16, 133, 38, 1], [180, 118, 111, 72, 75, 145, 86, 117, 114, 129, 34, 60], [40, 158, 152, 125, 119, 100, 32, 63, 15, 82], [162, 177, 36, 4, 62, 18, 65, 87, 47, 121, 71], [67, 25, 181, 194, 3, 80, 27, 171, 79, 192], [6, 178, 14, 187, 24, 96, 175, 48]]",false
60,16213,5757,OR-opt,CMT5.vrp,"[[8, 167, 84, 189, 107, 104, 42, 93, 21, 166, 59], [130, 182, 144, 146, 73, 97, 50, 51, 108, 123, 5], [30, 156, 113, 89, 185, 23, 195, 183, 159, 106, 11, 103, 174, 191], [54, 179, 157, 140, 148, 85, 92, 91, 33, 163, 165, 115, 53], [186, 139, 81, 56, 164, 20, 109, 39, 151, 17, 137, 173, 105], [141, 197, 122, 28, 116, 76, 64, 154, 58, 7, 188, 150, 101, 77, 128, 172], [37, 29, 184, 196, 136, 143, 170, 142, 127, 149, 98, 99], [10, 112, 90, 95, 102, 110, 57, 135, 66, 41, 45, 46], [74, 31, 52, 120, 168, 131, 190, 68, 61, 161, 49, 26, 134], [55, 35, 70, 12, 44, 160, 43, 83, 94, 198, 132, 88, 19], [2, 78, 9, 22, 126, 69, 169, 147, 124, 176], [138, 155, 193, 153, 13, 199, 16, 133, 38, 1], [180, 118, 111, 72, 75, 145, 86, 117, 114, 129, 34, 60], [40, 158, 152, 125, 119, 100, 32, 63, 15, 82], [162, 177, 36, 4, 62, 18, 65, 87, 47, 121, 71], [67, 25, 181, 194, 3, 80, 27, 171, 79, 192], [6, 178, 14, 187, 24, 96, 175, 48]]",false
61,16255,5753,OR-opt,CMT5.vrp,"[[8, 167, 84, 189, 107, 104, 42, 93, 21, 166, 59], [130, 182, 144, 146, 73, 97, 50, 51, 108, 123, 5], [30, 156, 113, 89, 185, 183, 23, 195, 159, 106, 11, 103, 174, 191], [54, 179, 157, 140, 148, 85, 92, 91, 33, 163, 165, 115, 53], [186, 139, 81, 56, 164, 20, 109, 39, 151, 17, 137, 173, 105], [141, 197, 122, 28, 116, 76, 64, 154, 58, 7, 188, 150, 101, 77, 128, 172], [37, 29, 184, 196, 136, 143, 170, 142, 127, 149, 98, 99], [10, 112, 90, 95, 102, 110, 57, 135, 66, 41, 45, 46], [74, 31, 52, 120, 168, 131, 190, 68, 61, 161, 49, 26, 134], [55, 35, 70, 12, 44, 160, 43, 83, 94, 198, 132, 88, 19], [2, 78, 9, 22, 126, 69, 169, 147, 124, 176], [138, 155, 193, 153, 13, 199, 16, 133, 38, 1], [180, 118, 111, 72, 75, 145, 86, 117, 114, 129, 34, 60], [40, 158, 152, 125, 119, 100, 32, 63, 15, 82], [162, 177, 36, 4, 62, 18, 65, 87, 47, 121, 71], [67, 25, 181, 194, 3, 80, 27, 171, 79, 192], [6, 178, 14, 187, 24, 96, 175, 48]]",false
62,16348,5752,OR-opt,CMT5.vrp,"[[8, 167, 84, 189, 107, 104, 42, 93, 21, 166, 59], [130, 182, 144, 146, 73, 97, 50, 51, 108, 123, 5], [30, 103, 174, 156, 113, 89, 185, 195, 183, 23, 159, 106, 11, 191], [54, 179, 157, 140, 148, 85, 92, 91, 33, 163, 165, 115, 53], [186, 139, 81, 56, 164, 20, 109, 39, 151, 17, 137, 173, 105], [141, 197, 122, 28, 116, 76, 64, 154, 58, 7, 188, 150, 101, 77, 128, 172], [37, 29, 184, 196, 136, 143, 170, 142, 127, 149, 98, 99], [10, 112, 90, 95, 102, 110, 57, 135, 66, 41, 45, 46], [74, 31, 52, 120, 168, 131, 190, 68, 61, 161, 49, 26, 134], [55, 35, 70, 12, 44, 160, 43, 83, 94, 198, 132, 88, 19], [2, 78, 9, 22, 126, 69, 169, 147, 124, 176], [138, 155, 193, 153, 13, 199, 16, 133, 38, 1], [180, 118, 111, 72, 75, 145, 86, 117, 114, 129, 34, 60], [40, 158, 152, 125, 119, 100, 32, 63, 15, 82], [162, 177, 36, 4, 62, 18, 65, 87, 47, 121, 71], [67, 25, 181, 194, 3, 80, 27, 171, 79, 192], [6, 178, 14, 187, 24, 96, 175, 48]]",false
63,16499,5750,OR-opt,CMT5.vrp,"[[8, 167, 84, 189, 107, 104, 42, 93, 21, 166, 59], [130, 182, 144, 146, 73, 97, 50, 51, 108, 123, 5], [30, 103, 174, 156, 113, 89, 185, 23, 195, 183, 159, 106, 11, 191], [54, 179, 157, 140, 148, 85, 92, 91, 33, 163, 165, 115, 53], [186, 139, 81, 56, 164, 20, 109, 39, 151, 17, 137, 173, 105], [141, 197, 122, 28, 116, 76, 64, 154, 58, 7, 188, 150, 101, 77, 128, 172], [37, 29, 184, 196, 136, 143, 170, 142, 127, 149, 98, 99], [10, 112, 90, 95, 102, 110, 57, 135, 66, 41, 45, 46], [74, 31, 52, 120, 168, 131, 190, 68, 61, 161, 49, 26, 134], [55, 35, 70, 12, 44, 160, 43, 83, 94, 198, 132, 88, 19], [2, 78, 9, 22, 126, 69, 169, 147, 124, 176], [138, 155, 193, 153, 13, 199, 16, 133, 38, 1], [180, 118, 111, 72, 75, 145, 86, 117, 114, 129, 34, 60], [40, 158, 152, 125, 119, 100, 32, 63, 15, 82], [162, 177, 36, 4, 62, 18, 65, 87, 47, 121, 71], [67, 25, 181, 194, 3, 80, 27, 171, 79, 192], [6, 178, 14, 187, 24, 96, 175, 48]]",false
64,16542,5746,OR-opt,CMT5.vrp,"[[8, 167, 84, 189, 107, 104, 42, 93, 21, 166, 59], [130, 182, 144, 146, 73, 97, 50, 51, 108, 123, 5], [30, 103, 174, 156, 113, 89, 185, 183, 23, 195, 159, 106, 11, 191], [54, 179, 157, 140, 148, 85, 92, 91, 33, 163, 165, 115, 53], [186, 139, 81, 56, 164, 20, 109, 39, 151, 17, 137, 173, 105], [141, 197, 122, 28, 116, 76, 64, 154, 58, 7, 188, 150, 101, 77, 128, 172], [37, 29, 184, 196, 136, 143, 170, 142, 127, 149, 98, 99], [10, 112, 90, 95, 102, 110, 57, 135, 66, 41, 45, 46], [74, 31, 52, 120, 168, 131, 190, 68, 61, 161, 49, 26, 134], [55, 35, 70, 12, 44, 160, 43, 83, 94, 198, 132, 88, 19], [2, 78, 9, 22, 126, 69, 169, 147, 124, 176], [138, 155, 193, 153, 13, 199, 16, 133, 38, 1], [180, 118, 111, 72, 75, 145, 86, 117, 114, 129, 34, 60], [40, 158, 152, 125, 119, 100, 32, 63, 15, 82], [162, 177, 36, 4, 62, 18, 65, 87, 47, 121, 71], [67, 25, 181, 194, 3, 80, 27, 171, 79, 192], [6, 178, 14, 187, 24, 96, 175, 48]]",false
65,16602,5744,OR-opt,CMT5.vrp,"[[8, 167, 84, 189, 107, 104, 42, 93, 21, 166, 59], [130, 182, 144, 146, 73, 97, 50, 51, 108, 123, 5], [106, 11, 30, 103, 174, 156, 113, 89, 185, 195, 183, 23, 159, 191], [54, 179, 157, 140, 148, 85, 92, 91, 33, 163, 165, 115, 53], [186, 139, 81, 56, 164, 20, 109, 39, 151, 17, 137, 173, 105], [141, 197, 122, 28, 116, 76, 64, 154, 58, 7, 188, 150, 101, 77, 128, 172], [37, 29, 184, 196, 136, 143, 170, 142, 127, 149, 98, 99], [10, 112, 90, 95, 102, 110, 57, 135, 66, 41, 45, 46], [74, 31, 52, 120, 168, 131, 190, 68, 61, 161, 49, 26, 134], [55, 35, 70, 12, 44, 160, 43, 83, 94, 198, 132, 88, 19], [2, 78, 9, 22, 126, 69, 169, 147, 124, 176], [138, 155, 193, 153, 13, 199, 16, 133, 38, 1], [180, 118, 111, 72, 75, 145, 86, 117, 114, 129, 34, 60], [40, 158, 152, 125, 119, 100, 32, 63, 15, 82], [162, 177, 36, 4, 62, 18, 65, 87, 47, 121, 71], [67, 25, 181, 194, 3, 80, 27, 171, 79, 192], [6, 178, 14, 187, 24, 96, 175, 48]]",false
66,16641,5740,OR-opt,CMT5.vrp,"[[8, 167, 84, 189, 107, 104, 42, 93, 21, 166, 59], [130, 182, 144, 146, 73, 97, 50, 51, 108, 123, 5], [30, 103, 174, 156, 113, 89, 185, 195, 183, 23, 159, 191, 106, 11], [54, 179, 157, 140, 148, 85, 92, 91, 33, 163, 165, 115, 53], [186, 139, 81, 56, 164, 20, 109, 39, 151, 17, 137, 173, 105], [141, 197, 122, 28, 116, 76, 64, 154, 58, 7, 188, 150, 101, 77, 128, 172], [37, 29, 184, 196, 136, 143, 170, 142, 127, 149, 98, 99], [10, 112, 90, 95, 102, 110, 57, 135, 66, 41, 45, 46], [74, 31, 52, 120, 168, 131, 190, 68, 61, 161, 49, 26, 134], [55, 35, 70, 12, 44, 160, 43, 83, 94, 198, 132, 88, 19], [2, 78, 9, 22, 126, 69, 169, 147, 124, 176], [138, 155, 193, 153, 13, 199, 16, 133, 38, 1], [180, 118, 111, 72, 75, 145, 86, 117, 114, 129, 34, 60], [40, 158, 152, 125, 119, 100, 32, 63, 15, 82], [162, 177, 36, 4, 62, 18, 65, 87, 47, 121, 71], [67, 25, 181, 194, 3, 80, 27, 171, 79, 192], [6, 178, 14, 187, 24, 96, 175, 48]]",false
67,16776,5738,OR-opt,CMT5.vrp,"[[8, 167, 84, 189, 107, 104, 42, 93, 21, 166, 59], [130, 182, 144, 146, 73, 97, 50, 51, 108, 123, 5], [30, 103, 174, 156, 113, 89, 185, 23, 195, 183, 159, 191, 106, 11], [54, 179, 157, 140, 148, 85, 92, 91, 33, 163, 165, 115, 53], [186, 139, 81, 56, 164, 20, 109, 39, 151, 17, 137, 173, 105], [141, 197, 122, 28, 116, 76, 64, 154, 58, 7, 188, 150, 101, 77, 128, 172], [37, 29, 184, 196, 136, 143, 170, 142, 127, 149, 98, 99], [10, 112, 90, 95, 102, 110, 57, 135, 66, 41, 45, 46], [74, 31, 52, 120, 168, 131, 190, 68, 61, 161, 49, 26, 134], [55, 35, 70, 12, 44, 160, 43, 83, 94, 198, 132, 88, 19], [2, 78, 9, 22, 126, 69, 169, 147, 124, 176], [138, 155, 193, 153, 13, 199, 16, 133, 38, 1], [180, 118, 111, 72, 75, 145, 86, 117, 114, 129, 34, 60], [40, 158, 152, 125, 119, 100, 32, 63, 15, 82], [162, 177, 36, 4, 62, 18, 65, 87, 47, 121, 71], [67, 25, 181, 194, 3, 80, 27, 171, 79, 192], [6, 178, 14, 187, 24, 96, 175, 48]]",false
68,16822,5727,OR-opt,CMT5.vrp,"[[8, 167, 84, 189, 107, 104, 42, 93, 21, 166, 59], [130, 182, 144, 146, 73, 97, 50, 51, 108, 123, 5], [30, 103, 174, 156, 113, 89, 185, 23, 159, 191, 195, 183, 106, 11], [54, 179, 157, 140, 148, 85, 92, 91, 33, 163, 165, 115, 53], [186, 139, 81, 56, 164, 20, 109, 39, 151, 17, 137, 173, 105], [141, 197, 122, 28, 116, 76, 64, 154, 58, 7, 188, 150, 101, 77, 128, 172], [37, 29, 184, 196, 136, 143, 170, 142, 127, 149, 98, 99], [10, 112, 90, 95, 102, 110, 57, 135, 66, 41, 45, 46], [74, 31, 52, 120, 168, 131, 190, 68, 61, 161, 49, 26, 134], [55, 35, 70, 12, 44, 160, 43, 83, 94, 198, 132, 88, 19], [2, 78, 9, 22, 126, 69, 169, 147, 124, 176], [138, 155, 193, 153, 13, 199, 16, 133, 38, 1], [180, 118, 111, 72, 75, 145, 86, 117, 114, 129, 34, 60], [40, 158, 152, 125, 119, 100, 32, 63, 15, 82], [162, 177, 36, 4, 62, 18, 65, 87, 47, 121, 71], [67, 25, 181, 194, 3, 80, 27, 171, 79, 192], [6, 178, 14, 187, 24, 96, 175, 48]]",false
69,17034,5726,OR-opt,CMT5.vrp,"[[8, 167, 84, 189, 107, 104, 42, 93, 21, 166, 59], [130, 182, 144, 146, 73, 97, 50, 51, 108, 123, 5], [30, 103, 174, 156, 113, 89, 185, 191, 195, 23, 159, 183, 106, 11], [54, 179, 157, 140, 148, 85, 92, 91, 33, 163, 165, 115, 53], [186, 139, 81, 56, 164, 20, 109, 39, 151, 17, 137, 173, 105], [141, 197, 122, 28, 116, 76, 64, 154, 58, 7, 188, 150, 101, 77, 128, 172], [37, 29, 184, 196, 136, 143, 170, 142, 127, 149, 98, 99], [10, 112, 90, 95, 102, 110, 57, 135, 66, 41, 45, 46], [74, 31, 52, 120, 168, 131, 190, 68, 61, 161, 49, 26, 134], [55, 35, 70, 12, 44, 160, 43, 83, 94, 198, 132, 88, 19], [2, 78, 9, 22, 126, 69, 169, 147, 124, 176], [138, 155, 193, 153, 13, 199, 16, 133, 38, 1], [180, 118, 111, 72, 75, 145, 86, 117, 114, 129, 34, 60], [40, 158, 152, 125, 119, 100, 32, 63, 15, 82], [162, 177, 36, 4, 62, 18, 65, 87, 47, 121, 71], [67, 25, 181, 194, 3, 80, 27, 171, 79, 192], [6, 178, 14, 187, 24, 96, 175, 48]]",false
70,17076,5718,OR-opt,CMT5.vrp,"[[8, 167, 84, 189, 107, 104, 42, 93, 21, 166, 59], [130, 182, 144, 146, 73, 97, 50, 51, 108, 123, 5], [30, 103, 174, 156, 113, 89, 185, 191, 195, 183, 23, 159, 106, 11], [54, 179, 157, 140, 148, 85, 92, 91, 33, 163, 165, 115, 53], [186, 139, 81, 56, 164, 20, 109, 39, 151, 17, 137, 173, 105], [141, 197, 122, 28, 116, 76, 64, 154, 58, 7, 188, 150, 101, 77, 128, 172], [37, 29, 184, 196, 136, 143, 170, 142, 127, 149, 98, 99], [10, 112, 90, 95, 102, 110, 57, 135, 66, 41, 45, 46], [74, 31, 52, 120, 168, 131, 190, 68, 61, 161, 49, 26, 134], [55, 35, 70, 12, 44, 160, 43, 83, 94, 198, 132, 88, 19], [2, 78, 9, 22, 126, 69, 169, 147, 124, 176], [138, 155, 193, 153, 13, 199, 16, 133, 38, 1], [180, 118, 111, 72, 75, 145, 86, 117, 114, 129, 34, 60], [40, 158, 152, 125, 119, 100, 32, 63, 15, 82], [162, 177, 36, 4, 62, 18, 65, 87, 47, 121, 71], [67, 25, 181, 194, 3, 80, 27, 171, 79, 192], [6, 178, 14, 187, 24, 96, 175, 48]]",false
71,17280,5716,OR-opt,CMT5.vrp,"[[8, 167, 84, 189, 107, 104, 42, 93, 21, 166, 59], [130, 182, 144, 146, 73, 97, 50, 51, 108, 123, 5], [30, 103, 174, 156, 113, 89, 185, 183, 23, 191, 195, 159, 106, 11], [54, 179, 157, 140, 148, 85, 92, 91, 33, 163, 165, 115, 53], [186, 139, 81, 56, 164, 20, 109, 39, 151, 17, 137, 173, 105], [141, 197, 122, 28, 116, 76, 64, 154, 58, 7, 188, 150, 101, 77, 128, 172], [37, 29, 184, 196, 136, 143, 170, 142, 127, 149, 98, 99], [10, 112, 90, 95, 102, 110, 57, 135, 66, 41, 45, 46], [74, 31, 52, 120, 168, 131, 190, 68, 61, 161, 49, 26, 134], [55, 35, 70, 12, 44, 160, 43, 83, 94, 198, 132, 88, 19], [2, 78, 9, 22, 126, 69, 169, 147, 124, 176], [138, 155, 193, 153, 13, 199, 16, 133, 38, 1], [180, 118, 111, 72, 75, 145, 86, 117, 114, 129, 34, 60], [40, 158, 152, 125, 119, 100, 32, 63, 15, 82], [162, 177, 36, 4, 62, 18, 65, 87, 47, 121, 71], [67, 25, 181, 194, 3, 80, 27, 171, 79, 192], [6, 178, 14, 187, 24, 96, 175, 48]]",false
72,17558,5714,OR-opt,CMT5.vrp,"[[8, 167, 84, 189, 107, 104, 42, 93, 21, 166, 59], [130, 182, 144, 146, 73, 97, 50, 51, 108, 123, 5], [30, 103, 174, 156, 113, 89, 185, 183, 23, 191, 195, 159, 106, 11], [157, 54, 179, 140, 148, 85, 92, 91, 33, 163, 165, 115, 53], [186, 139, 81, 56, 164, 20, 109, 39, 151, 17, 137, 173, 105], [141, 197, 122, 28, 116, 76, 64, 154, 58, 7, 188, 150, 101, 77, 128, 172], [37, 29, 184, 196, 136, 143, 170, 142, 127, 149, 98, 99], [10, 112, 90, 95, 102, 110, 57, 135, 66, 41, 45, 46], [74, 31, 52, 120, 168, 131, 190, 68, 61, 161, 49, 26, 134], [55, 35, 70, 12, 44, 160, 43, 83, 94, 198, 132, 88, 19], [2, 78, 9, 22, 126, 69, 169, 147, 124, 176], [138, 155, 193, 153, 13, 199, 16, 133, 38, 1], [180, 118, 111, 72, 75, 145, 86, 117, 114, 129, 34, 60], [40, 158, 152, 125, 119, 100, 32, 63, 15, 82], [162, 177, 36, 4, 62, 18, 65, 87, 47, 121, 71], [67, 25, 181, 194, 3, 80, 27, 171, 79, 192], [6, 178, 14, 187, 24, 96, 175, 48]]",false
73,17597,5706,OR-opt,CMT5.vrp,"[[8, 167, 84, 189, 107, 104, 42, 93, 21, 166, 59], [130, 182, 144, 146, 73, 97, 50, 51, 108, 123, 5], [30, 103, 174, 156, 113, 89, 185, 183, 23, 191, 195, 159, 106, 11], [157, 140, 54, 179, 148, 85, 92, 91, 33, 163, 165, 115, 53], [186, 139, 81, 56, 164, 20, 109, 39, 151, 17, 137, 173, 105], [141, 197, 122, 28, 116, 76, 64, 154, 58, 7, 188, 150, 101, 77, 128, 172], [37, 29, 184, 196, 136, 143, 170, 142, 127, 149, 98, 99], [10, 112, 90, 95, 102, 110, 57, 135, 66, 41, 45, 46], [74, 31, 52, 120, 168, 131, 190, 68, 61, 161, 49, 26, 134], [55, 35, 70, 12, 44, 160, 43, 83, 94, 198, 132, 88, 19], [2, 78, 9, 22, 126, 69, 169, 147, 124, 176], [138, 155, 193, 153, 13, 199, 16, 133, 38, 1], [180, 118, 111, 72, 75, 145, 86, 117, 114, 129, 34, 60], [40, 158, 152, 125, 119, 100, 32, 63, 15, 82], [162, 177, 36, 4, 62, 18, 65, 87, 47, 121, 71], [67, 25, 181, 194, 3, 80, 27, 171, 79, 192], [6, 178, 14, 187, 24, 96, 175, 48]]",false
74,17651,5699,OR-opt,CMT5.vrp,"[[8, 167, 84, 189, 107, 104, 42, 93, 21, 166, 59], [130, 182, 144, 146, 73, 97, 50, 51, 108, 123, 5], [30, 103, 174, 156, 113, 89, 185, 183, 23, 191, 195, 159, 106, 11], [54, 140, 148, 85, 92, 91, 33, 163, 165, 179, 157, 115, 53], [186, 139, 81, 56, 164, 20, 109, 39, 151, 17, 137, 173, 105], [141, 197, 122, 28, 116, 76, 64, 154, 58, 7, 188, 150, 101, 77, 128, 172], [37, 29, 184, 196, 136, 143, 170, 142, 127, 149, 98, 99], [10, 112, 90, 95, 102, 110, 57, 135, 66, 41, 45, 46], [74, 31, 52, 120, 168, 131, 190, 68, 61, 161, 49, 26, 134], [55, 35, 70, 12, 44, 160, 43, 83, 94, 198, 132, 88, 19], [2, 78, 9, 22, 126, 69, 169, 147, 124, 176], [138, 155, 193, 153, 13, 199, 16, 133, 38, 1], [180, 118, 111, 72, 75, 145, 86, 117, 114, 129, 34, 60], [40, 158, 152, 125, 119, 100, 32, 63, 15, 82], [162, 177, 36, 4, 62, 18, 65, 87, 47, 121, 71], [67, 25, 181, 194, 3, 80, 27, 171, 79, 192], [6, 178, 14, 187, 24, 96, 175, 48]]",false
75,17698,5695,OR-opt,CMT5.vrp,"[[8, 167, 84, 189, 107, 104, 42, 93, 21, 166, 59], [130, 182, 144, 146, 73, 97, 50, 51, 108, 123, 5], [30, 103, 174, 156, 113, 89, 185, 183, 23, 191, 195, 159, 106, 11], [54, 179, 148, 85, 92, 157, 140, 91, 33, 163, 165, 115, 53], [186, 139, 81, 56, 164, 20, 109, 39, 151, 17, 137, 173, 105], [141, 197, 122, 28, 116, 76, 64, 154, 58, 7, 188, 150, 101, 77, 128, 172], [37, 29, 184, 196, 136, 143, 170, 142, 127, 149, 98, 99], [10, 112, 90, 95, 102, 110, 57, 135, 66, 41, 45, 46], [74, 31, 52, 120, 168, 131, 190, 68, 61, 161, 49, 26, 134], [55, 35, 70, 12, 44, 160, 43, 83, 94, 198, 132, 88, 19], [2, 78, 9, 22, 126, 69, 169, 147, 124, 176], [138, 155, 193, 153, 13, 199, 16, 133, 38, 1], [180, 118, 111, 72, 75, 145, 86, 117, 114, 129, 34, 60], [40, 158, 152, 125, 119, 100, 32, 63, 15, 82], [162, 177, 36, 4, 62, 18, 65, 87, 47, 121, 71], [67, 25, 181, 194, 3, 80, 27, 171, 79, 192], [6, 178, 14, 187, 24, 96, 175, 48]]",false
76,17754,5680,OR-opt,CMT5.vrp,"[[8, 167, 84, 189, 107, 104, 42, 93, 21, 166, 59], [130, 182, 144, 146, 73, 97, 50, 51, 108, 123, 5], [30, 103, 174, 156, 113, 89, 185, 183, 23, 191, 195, 159, 106, 11], [54, 179, 157, 85, 92, 91, 33, 140, 148, 163, 165, 115, 53], [186, 139, 81, 56, 164, 20, 109, 39, 151, 17, 137, 173, 105], [141, 197, 122, 28, 116, 76, 64, 154, 58, 7, 188, 150, 101, 77, 128, 172], [37, 29, 184, 196, 136, 143, 170, 142, 127, 149, 98, 99], [10, 112, 90, 95, 102, 110, 57, 135, 66, 41, 45, 46], [74, 31, 52, 120, 168, 131, 190, 68, 61, 161, 49, 26, 134], [55, 35, 70, 12, 44, 160, 43, 83, 94, 198, 132, 88, 19], [2, 78, 9, 22, 126, 69, 169, 147, 124, 176], [138, 155, 193, 153, 13, 199, 16, 133, 38, 1], [180, 118, 111, 72, 75, 145, 86, 117, 114, 129, 34, 60], [40, 158, 152, 125, 119, 100, 32, 63, 15, 82], [162, 177, 36, 4, 62, 18, 65, 87, 47, 121, 71], [67, 25, 181, 194, 3, 80, 27, 171, 79, 192], [6, 178, 14, 187, 24, 96, 175, 48]]",false
77,17803,5675,OR-opt,CMT5.vrp,"[[8, 167, 84, 189, 107, 104, 42, 93, 21, 166, 59], [130, 182, 144, 146, 73, 97, 50, 51, 108, 123, 5], [30, 103, 174, 156, 113, 89, 185, 183, 23, 191, 195, 159, 106, 11], [54, 179, 157, 140, 92, 148, 85, 91, 33, 163, 165, 115, 53], [186, 139, 81, 56, 164, 20, 109, 39, 151, 17, 137, 173, 105], [141, 197, 122, 28, 116, 76, 64, 154, 58, 7, 188, 150, 101, 77, 128, 172], [37, 29, 184, 196, 136, 143, 170, 142, 127, 149, 98, 99], [10, 112, 90, 95, 102, 110, 57, 135, 66, 41, 45, 46], [74, 31, 52, 120, 168, 131, 190, 68, 61, 161, 49, 26, 134], [55, 35, 70, 12, 44, 160, 43, 83, 94, 198, 132, 88, 19], [2, 78, 9, 22, 126, 69, 169, 147, 124, 176], [138, 155, 193, 153, 13, 199, 16, 133, 38, 1], [180, 118, 111, 72, 75, 145, 86, 117, 114, 129, 34, 60], [40, 158, 152, 125, 119, 100, 32, 63, 15, 82], [162, 177, 36, 4, 62, 18, 65, 87, 47, 121, 71], [67, 25, 181, 194, 3, 80, 27, 171, 79, 192], [6, 178, 14, 187, 24, 96, 175, 48]]",false
78,17841,5648,OR-opt,CMT5.vrp,"[[8, 167, 84, 189, 107, 104, 42, 93, 21, 166, 59], [130, 182, 144, 146, 73, 97, 50, 51, 108, 123, 5], [30, 103, 174, 156, 113, 89, 185, 183, 23, 191, 195, 159, 106, 11], [54, 179, 157, 140, 92, 91, 33, 163, 148, 85, 165, 115, 53], [186, 139, 81, 56, 164, 20, 109, 39, 151, 17, 137, 173, 105], [141, 197, 122, 28, 116, 76, 64, 154, 58, 7, 188, 150, 101, 77, 128, 172], [37, 29, 184, 196, 136, 143, 170, 142, 127, 149, 98, 99], [10, 112, 90, 95, 102, 110, 57, 135, 66, 41, 45, 46], [74, 31, 52, 120, 168, 131, 190, 68, 61, 161, 49, 26, 134], [55, 35, 70, 12, 44, 160, 43, 83, 94, 198, 132, 88, 19], [2, 78, 9, 22, 126, 69, 169, 147, 124, 176], [138, 155, 193, 153, 13, 199, 16, 133, 38, 1], [180, 118, 111, 72, 75, 145, 86, 117, 114, 129, 34, 60], [40, 158, 152, 125, 119, 100, 32, 63, 15, 82], [162, 177, 36, 4, 62, 18, 65, 87, 47, 121, 71], [67, 25, 181, 194, 3, 80, 27, 171, 79, 192], [6, 178, 14, 187, 24, 96, 175, 48]]",false
79,17904,5621,OR-opt,CMT5.vrp,"[[8, 167, 84, 189, 107, 104, 42, 93, 21, 166, 59], [130, 182, 144, 146, 73, 97, 50, 51, 108, 123, 5], [30, 103, 174, 156, 113, 89, 185, 183, 23, 191, 195, 159, 106, 11], [54, 179, 157, 140, 91, 33, 148, 85, 92, 163, 165, 115, 53], [186, 139, 81, 56, 164, 20, 109, 39, 151, 17, 137, 173, 105], [141, 197, 122, 28, 116, 76, 64, 154, 58, 7, 188, 150, 101, 77, 128, 172], [37, 29, 184, 196, 136, 143, 170, 142, 127, 149, 98, 99], [10, 112, 90, 95, 102, 110, 57, 135, 66, 41, 45, 46], [74, 31, 52, 120, 168, 131, 190, 68, 61, 161, 49, 26, 134], [55, 35, 70, 12, 44, 160, 43, 83, 94, 198, 132, 88, 19], [2, 78, 9, 22, 126, 69, 169, 147, 124, 176], [138, 155, 193, 153, 13, 199, 16, 133, 38, 1], [180, 118, 111, 72, 75, 145, 86, 117, 114, 129, 34, 60], [40, 158, 152, 125, 119, 100, 32, 63, 15, 82], [162, 177, 36, 4, 62, 18, 65, 87, 47, 121, 71], [67, 25, 181, 194, 3, 80, 27, 171, 79, 192], [6, 178, 14, 187, 24, 96, 175, 48]]",false
80,17964,5589,OR-opt,CMT5.vrp,"[[8, 167, 84, 189, 107, 104, 42, 93, 21, 166, 59], [130, 182, 144, 146, 73, 97, 50, 51, 108, 123, 5], [30, 103, 174, 156, 113, 89, 185, 183, 23, 191, 195, 159, 106, 11], [54, 179, 157, 140, 148, 163, 165, 85, 92, 91, 33, 115, 53], [186, 139, 81, 56, 164, 20, 109, 39, 151, 17, 137, 173, 105], [141, 197, 122, 28, 116, 76, 64, 154, 58, 7, 188, 150, 101, 77, 128, 172], [37, 29, 184, 196, 136, 143, 170, 142, 127, 149, 98, 99], [10, 112, 90, 95, 102, 110, 57, 135, 66, 41, 45, 46], [74, 31, 52, 120, 168, 131, 190, 68, 61, 161, 49, 26, 134], [55, 35, 70, 12, 44, 160, 43, 83, 94, 198, 132, 88, 19], [2, 78, 9, 22, 126, 69, 169, 147, 124, 176], [138, 155, 193, 153, 13, 199, 16, 133, 38, 1], [180, 118, 111, 72, 75, 145, 86, 117, 114, 129, 34, 60], [40, 158, 152, 125, 119, 100, 32, 63, 15, 82], [162, 177, 36, 4, 62, 18, 65, 87, 47, 121, 71], [67, 25, 181, 194, 3, 80, 27, 171, 79, 192], [6, 178, 14, 187, 24, 96, 175, 48]]",false
81,18019,5587,OR-opt,CMT5.vrp,"[[8, 167, 84, 189, 107, 104, 42, 93, 21, 166, 59], [130, 182, 144, 146, 73, 97, 50, 51, 108, 123, 5], [30, 103, 174, 156, 113, 89, 185, 183, 23, 191, 195, 159, 106, 11], [157, 54, 179, 140, 148, 163, 165, 85, 92, 91, 33, 115, 53], [186, 139, 81, 56, 164, 20, 109, 39, 151, 17, 137, 173, 105], [141, 197, 122, 28, 116, 76, 64, 154, 58, 7, 188, 150, 101, 77, 128, 172], [37, 29, 184, 196, 136, 143, 170, 142, 127, 149, 98, 99], [10, 112, 90, 95, 102, 110, 57, 135, 66, 41, 45, 46], [74, 31, 52, 120, 168, 131, 190, 68, 61, 161, 49, 26, 134], [55, 35, 70, 12, 44, 160, 43, 83, 94, 198, 132, 88, 19], [2, 78, 9, 22, 126, 69, 169, 147, 124, 176], [138, 155, 193, 153, 13, 199, 16, 133, 38, 1], [180, 118, 111, 72, 75, 145, 86, 117, 114, 129, 34, 60], [40, 158, 152, 125, 119, 100, 32, 63, 15, 82], [162, 177, 36, 4, 62, 18, 65, 87, 47, 121, 71], [67, 25, 181, 194, 3, 80, 27, 171, 79, 192], [6, 178, 14, 187, 24, 96, 175, 48]]",false
82,18046,5579,OR-opt,CMT5.vrp,"[[8, 167, 84, 189, 107, 104, 42, 93, 21, 166, 59], [130, 182, 144, 146, 73, 97, 50, 51, 108, 123, 5], [30, 103, 174, 156, 113, 89, 185, 183, 23, 191, 195, 159, 106, 11], [157, 140, 54, 179, 148, 163, 165, 85, 92, 91, 33, 115, 53], [186, 139, 81, 56, 164, 20, 109, 39, 151, 17, 137, 173, 105], [141, 197, 122, 28, 116, 76, 64, 154, 58, 7, 188, 150, 101, 77, 128, 172], [37, 29, 184, 196, 136, 143, 170, 142, 127, 149, 98, 99], [10, 112, 90, 95, 102, 110, 57, 135, 66, 41, 45, 46], [74, 31, 52, 120, 168, 131, 190, 68, 61, 161, 49, 26, 134], [55, 35, 70, 12, 44, 160, 43, 83, 94, 198, 132, 88, 19], [2, 78, 9, 22, 126, 69, 169, 147, 124, 176], [138, 155, 193, 153, 13, 199, 16, 133, 38, 1], [180, 118, 111, 72, 75, 145, 86, 117, 114, 129, 34, 60], [40, 158, 152, 125, 119, 100, 32, 63, 15, 82], [162, 177, 36, 4, 62, 18, 65, 87, 47, 121, 71], [67, 25, 181, 194, 3, 80, 27, 171, 79, 192], [6, 178, 14, 187, 24, 96, 175, 48]]",false
83,18096,5576,OR-opt,CMT5.vrp,"[[8, 167, 84, 189, 107, 104, 42, 93, 21, 166, 59], [130, 182, 144, 146, 73, 97, 50, 51, 108, 123, 5], [30, 103, 174, 156, 113, 89, 185, 183, 23, 191, 195, 159, 106, 11], [54, 157, 140, 179, 148, 163, 165, 85, 92, 91, 33, 115, 53], [186, 139, 81, 56, 164, 20, 109, 39, 151, 17, 137, 173, 105], [141, 197, 122, 28, 116, 76, 64, 154, 58, 7, 188, 150, 101, 77, 128, 172], [37, 29, 184, 196, 136, 143, 170, 142, 127, 149, 98, 99], [10, 112, 90, 95, 102, 110, 57, 135, 66, 41, 45, 46], [74, 31, 52, 120, 168, 131, 190, 68, 61, 161, 49, 26, 134], [55, 35, 70, 12, 44, 160, 43, 83, 94, 198, 132, 88, 19], [2, 78, 9, 22, 126, 69, 169, 147, 124, 176], [138, 155, 193, 153, 13, 199, 16, 133, 38, 1], [180, 118, 111, 72, 75, 145, 86, 117, 114, 129, 34, 60], [40, 158, 152, 125, 119, 100, 32, 63, 15, 82], [162, 177, 36, 4, 62, 18, 65, 87, 47, 121, 71], [67, 25, 181, 194, 3, 80, 27, 171, 79, 192], [6, 178, 14, 187, 24, 96, 175, 48]]",false
84,18129,5568,OR-opt,CMT5.vrp,"[[8, 167, 84, 189, 107, 104, 42, 93, 21, 166, 59], [130, 182, 144, 146, 73, 97, 50, 51, 108, 123, 5], [30, 103, 174, 156, 113, 89, 185, 183, 23, 191, 195, 159, 106, 11], [54, 179, 148, 163, 165, 85, 92, 157, 140, 91, 33, 115, 53], [186, 139, 81, 56, 164, 20, 109, 39, 151, 17, 137, 173, 105], [141, 197, 122, 28, 116, 76, 64, 154, 58, 7, 188, 150, 101, 77, 128, 172], [37, 29, 184, 196, 136, 143, 170, 142, 127, 149, 98, 99], [10, 112, 90, 95, 102, 110, 57, 135, 66, 41, 45, 46], [74, 31, 52, 120, 168, 131, 190, 68, 61, 161, 49, 26, 134], [55, 35, 70, 12, 44, 160, 43, 83, 94, 198, 132, 88, 19], [2, 78, 9, 22, 126, 69, 169, 147, 124, 176], [138, 155, 193, 153, 13, 199, 16, 133, 38, 1], [180, 118, 111, 72, 75, 145, 86, 117, 114, 129, 34, 60], [40, 158, 152, 125, 119, 100, 32, 63, 15, 82], [162, 177, 36, 4, 62, 18, 65, 87, 47, 121, 71], [67, 25, 181, 194, 3, 80, 27, 171, 79, 192], [6, 178, 14, 187, 24, 96, 175, 48]]",false
85,18180,5566,OR-opt,CMT5.vrp,"[[8, 167, 84, 189, 107, 104, 42, 93, 21, 166, 59], [130, 182, 144, 146, 73, 97, 50, 51, 108, 123, 5], [30, 103, 174, 156, 113, 89, 185, 183, 23, 191, 195, 159, 106, 11], [54, 179, 157, 140, 165, 85, 148, 163, 92, 91, 33, 115, 53], [186, 139, 81, 56, 164, 20, 109, 39, 151, 17, 137, 173, 105], [141, 197, 122, 28, 116, 76, 64, 154, 58, 7, 188, 150, 101, 77, 128, 172], [37, 29, 184, 196, 136, 143, 170, 142, 127, 149, 98, 99], [10, 112, 90, 95, 102, 110, 57, 135, 66, 41, 45, 46], [74, 31, 52, 120, 168, 131, 190, 68, 61, 161, 49, 26, 134], [55, 35, 70, 12, 44, 160, 43, 83, 94, 198, 132, 88, 19], [2, 78, 9, 22, 126, 69, 169, 147, 124, 176], [138, 155, 193, 153, 13, 199, 16, 133, 38, 1], [180, 118, 111, 72, 75, 145, 86, 117, 114, 129, 34, 60], [40, 158, 152, 125, 119, 100, 32, 63, 15, 82], [162, 177, 36, 4, 62, 18, 65, 87, 47, 121, 71], [67, 25, 181, 194, 3, 80, 27, 171, 79, 192], [6, 178, 14, 187, 24, 96, 175, 48]]",false
86,18210,5566,OR-opt,CMT5.vrp,"[[8, 167, 84, 189, 107, 104, 42, 93, 21, 166, 59], [130, 182, 144, 146, 73, 97, 50, 51, 108, 123, 5], [30, 103, 174, 156, 113, 89, 185, 183, 23, 191, 195, 159, 106, 11], [54, 179, 157, 140, 165, 85, 92, 148, 163, 91, 33, 115, 53], [186, 139, 81, 56, 164, 20, 109, 39, 151, 17, 137, 173, 105], [141, 197, 122, 28, 116, 76, 64, 154, 58, 7, 188, 150, 101, 77, 128, 172], [37, 29, 184, 196, 136, 143, 170, 142, 127, 149, 98, 99], [10, 112, 90, 95, 102, 110, 57, 135, 66, 41, 45, 46], [74, 31, 52, 120, 168, 131, 190, 68, 61, 161, 49, 26, 134], [55, 35, 70, 12, 44, 160, 43, 83, 94, 198, 132, 88, 19], [2, 78, 9, 22, 126, 69, 169, 147, 124, 176], [138, 155, 193, 153, 13, 199, 16, 133, 38, 1], [180, 118, 111, 72, 75, 145, 86, 117, 114, 129, 34, 60], [40, 158, 152, 125, 119, 100, 32, 63, 15, 82], [162, 177, 36, 4, 62, 18, 65, 87, 47, 121, 71], [67, 25, 181, 194, 3, 80, 27, 171, 79, 192], [6, 178, 14, 187, 24, 96, 175, 48]]",false
87,18297,5553,OR-opt,CMT5.vrp,"[[8, 167, 84, 189, 107, 104, 42, 93, 21, 166, 59], [130, 182, 144, 146, 73, 97, 50, 51, 108, 123, 5], [30, 103, 174, 156, 113, 89, 185, 183, 23, 191, 195, 159, 106, 11], [54, 179, 157, 140, 91, 33, 148, 163, 165, 85, 92, 115, 53], [186, 139, 81, 56, 164, 20, 109, 39, 151, 17, 137, 173, 105], [141, 197, 122, 28, 116, 76, 64, 154, 58, 7, 188, 150, 101, 77, 128, 172], [37, 29, 184, 196, 136, 143, 170, 142, 127, 149, 98, 99], [10, 112, 90, 95, 102, 110, 57, 135, 66, 41, 45, 46], [74, 31, 52, 120, 168, 131, 190, 68, 61, 161, 49, 26, 134], [55, 35, 70, 12, 44, 160, 43, 83, 94, 198, 132, 88, 19], [2, 78, 9, 22, 126, 69, 169, 147, 124, 176], [138, 155, 193, 153, 13, 199, 16, 133, 38, 1], [180, 118, 111, 72, 75, 145, 86, 117, 114, 129, 34, 60], [40, 158, 152, 125, 119, 100, 32, 63, 15, 82], [162, 177, 36, 4, 62, 18, 65, 87, 47, 121, 71], [67, 25, 181, 194, 3, 80, 27, 171, 79, 192], [6, 178, 14, 187, 24, 96, 175, 48]]",false
88,18358,5551,OR-opt,CMT5.vrp,"[[8, 167, 84, 189, 107, 104, 42, 93, 21, 166, 59], [130, 182, 144, 146, 73, 97, 50, 51, 108, 123, 5], [30, 103, 174, 156, 113, 89, 185, 183, 23, 191, 195, 159, 106, 11], [157, 54, 179, 140, 91, 33, 148, 163, 165, 85, 92, 115, 53], [186, 139, 81, 56, 164, 20, 109, 39, 151, 17, 137, 173, 105], [141, 197, 122, 28, 116, 76, 64, 154, 58, 7, 188, 150, 101, 77, 128, 172], [37, 29, 184, 196, 136, 143, 170, 142, 127, 149, 98, 99], [10, 112, 90, 95, 102, 110, 57, 135, 66, 41, 45, 46], [74, 31, 52, 120, 168, 131, 190, 68, 61, 161, 49, 26, 134], [55, 35, 70, 12, 44, 160, 43, 83, 94, 198, 132, 88, 19], [2, 78, 9, 22, 126, 69, 169, 147, 124, 176], [138, 155, 193, 153, 13, 199, 16, 133, 38, 1], [180, 118, 111, 72, 75, 145, 86, 117, 114, 129, 34, 60], [40, 158, 152, 125, 119, 100, 32, 63, 15, 82], [162, 177, 36, 4, 62, 18, 65, 87, 47, 121, 71], [67, 25, 181, 194, 3, 80, 27, 171, 79, 192], [6, 178, 14, 187, 24, 96, 175, 48]]",false
89,18465,5540,OR-opt,CMT5.vrp,"[[8, 167, 84, 189, 107, 104, 42, 93, 21, 166, 59], [130, 182, 144, 146, 73, 97, 50, 51, 108, 123, 5], [30, 103, 174, 156, 113, 89, 185, 183, 23, 191, 195, 159, 106, 11], [54, 179, 157, 140, 91, 33, 165, 85, 148, 163, 92, 115, 53], [186, 139, 81, 56, 164, 20, 109, 39, 151, 17, 137, 173, 105], [141, 197, 122, 28, 116, 76, 64, 154, 58, 7, 188, 150, 101, 77, 128, 172], [37, 29, 184, 196, 136, 143, 170, 142, 127, 149, 98, 99], [10, 112, 90, 95, 102, 110, 57, 135, 66, 41, 45, 46], [74, 31, 52, 120, 168, 131, 190, 68, 61, 161, 49, 26, 134], [55, 35, 70, 12, 44, 160, 43, 83, 94, 198, 132, 88, 19], [2, 78, 9, 22, 126, 69, 169, 147, 124, 176], [138, 155, 193, 153, 13, 199, 16, 133, 38, 1], [180, 118, 111, 72, 75, 145, 86, 117, 114, 129, 34, 60], [40, 158, 152, 125, 119, 100, 32, 63, 15, 82], [162, 177, 36, 4, 62, 18, 65, 87, 47, 121, 71], [67, 25, 181, 194, 3, 80, 27, 171, 79, 192], [6, 178, 14, 187, 24, 96, 175, 48]]",false
90,18510,5536,OR-opt,CMT5.vrp,"[[8, 167, 84, 189, 107, 104, 42, 93, 21, 166, 59], [130, 182, 144, 146, 73, 97, 50, 51, 108, 123, 5], [30, 103, 174, 156, 113, 89, 185, 183, 23, 191, 195, 159, 106, 11], [54, 165, 85, 179, 157, 140, 91, 33, 148, 163, 92, 115, 53], [186, 139, 81, 56, 164, 20, 109, 39, 151, 17, 137, 173, 105], [141, 197, 122, 28, 116, 76, 64, 154, 58, 7, 188, 150, 101, 77, 128, 172], [37, 29, 184, 196, 136, 143, 170, 142, 127, 149, 98, 99], [10, 112, 90, 95, 102, 110, 57, 135, 66, 41, 45, 46], [74, 31, 52, 120, 168, 131, 190, 68, 61, 161, 49, 26, 134], [55, 35, 70, 12, 44, 160, 43, 83, 94, 198, 132, 88, 19], [2, 78, 9, 22, 126, 69, 169, 147, 124, 176], [138, 155, 193, 153, 13, 199, 16, 133, 38, 1], [180, 118, 111, 72, 75, 145, 86, 117, 114, 129, 34, 60], [40, 158, 152, 125, 119, 100, 32, 63, 15, 82], [162, 177, 36, 4, 62, 18, 65, 87, 47, 121, 71], [67, 25, 181, 194, 3, 80, 27, 171, 79, 192], [6, 178, 14, 187, 24, 96, 175, 48]]",false
91,18577,5535,OR-opt,CMT5.vrp,"[[8, 167, 84, 189, 107, 104, 42, 93, 21, 166, 59], [130, 182, 144, 146, 73, 97, 50, 51, 108, 123, 5], [30, 103, 174, 156, 113, 89, 185, 183, 23, 191, 195, 159, 106, 11], [54, 179, 157, 140, 91, 115, 53, 33, 148, 163, 165, 85, 92], [186, 139, 81, 56, 164, 20, 109, 39, 151, 17, 137, 173, 105], [141, 197, 122, 28, 116, 76, 64, 154, 58, 7, 188, 150, 101, 77, 128, 172], [37, 29, 184, 196, 136, 143, 170, 142, 127, 149, 98, 99], [10, 112, 90, 95, 102, 110, 57, 135, 66, 41, 45, 46], [74, 31, 52, 120, 168, 131, 190, 68, 61, 161, 49, 26, 134], [55, 35, 70, 12, 44, 160, 43, 83, 94, 198, 132, 88, 19], [2, 78, 9, 22, 126, 69, 169, 147, 124, 176], [138, 155, 193, 153, 13, 199, 16, 133, 38, 1], [180, 118, 111, 72, 75, 145, 86, 117, 114, 129, 34, 60], [40, 158, 152, 125, 119, 100, 32, 63, 15, 82], [162, 177, 36, 4, 62, 18, 65, 87, 47, 121, 71], [67, 25, 181, 194, 3, 80, 27, 171, 79, 192], [6, 178, 14, 187, 24, 96, 175, 48]]",false
92,18612,5533,OR-opt,CMT5.vrp,"[[8, 167, 84, 189, 107, 104, 42, 93, 21, 166, 59], [130, 182, 144, 146, 73, 97, 50, 51, 108, 123, 5], [30, 103, 174, 156, 113, 89, 185, 183, 23, 191, 195, 159, 106, 11], [157, 54, 179, 140, 91, 115, 53, 33, 148, 163, 165, 85, 92], [186, 139, 81, 56, 164, 20, 109, 39, 151, 17, 137, 173, 105], [141, 197, 122, 28, 116, 76, 64, 154, 58, 7, 188, 150, 101, 77, 128, 172], [37, 29, 184, 196, 136, 143, 170, 142, 127, 149, 98, 99], [10, 112, 90, 95, 102, 110, 57, 135, 66, 41, 45, 46], [74, 31, 52, 120, 168, 131, 190, 68, 61, 161, 49, 26, 134], [55, 35, 70, 12, 44, 160, 43, 83, 94, 198, 132, 88, 19], [2, 78, 9, 22, 126, 69, 169, 147, 124, 176], [138, 155, 193, 153, 13, 199, 16, 133, 38, 1], [180, 118, 111, 72, 75, 145, 86, 117, 114, 129, 34, 60], [40, 158, 152, 125, 119, 100, 32, 63, 15, 82], [162, 177, 36, 4, 62, 18, 65, 87, 47, 121, 71], [67, 25, 181, 194, 3, 80, 27, 171, 79, 192], [6, 178, 14, 187, 24, 96, 175, 48]]",false
93,18743,5522,OR-opt,CMT5.vrp,"[[8, 167, 84, 189, 107, 104, 42, 93, 21, 166, 59], [130, 182, 144, 146, 73, 97, 50, 51, 108, 123, 5], [30, 103, 174, 156, 113, 89, 185, 183, 23, 191, 195, 159, 106, 11], [54, 179, 157, 140, 91, 115, 53, 33, 165, 85, 148, 163, 92], [186, 139, 81, 56, 164, 20, 109, 39, 151, 17, 137, 173, 105], [141, 197, 122, 28, 116, 76, 64, 154, 58, 7, 188, 150, 101, 77, 128, 172], [37, 29, 184, 196, 136, 143, 170, 142, 127, 149, 98, 99], [10, 112, 90, 95, 102, 110, 57, 135, 66, 41, 45, 46], [74, 31, 52, 120, 168, 131, 190, 68, 61, 161, 49, 26, 134], [55, 35, 70, 12, 44, 160, 43, 83, 94, 198, 132, 88, 19], [2, 78, 9, 22, 126, 69, 169, 147, 124, 176], [138, 155, 193, 153, 13, 199, 16, 133, 38, 1], [180, 118, 111, 72, 75, 145, 86, 117, 114, 129, 34, 60], [40, 158, 152, 125, 119, 100, 32, 63, 15, 82], [162, 177, 36, 4, 62, 18, 65, 87, 47, 121, 71], [67, 25, 181, 194, 3, 80, 27, 171, 79, 192], [6, 178, 14, 187, 24, 96, 175, 48]]",false
94,18773,5515,OR-opt,CMT5.vrp,"[[8, 167, 84, 189, 107, 104, 42, 93, 21, 166, 59], [130, 182, 144, 146, 73, 97, 50, 51, 108, 123, 5], [30, 103, 174, 156, 113, 89, 185, 183, 23, 191, 195, 159, 106, 11], [54, 179, 157, 140, 91, 115, 53, 33, 165, 85, 92, 148, 163], [186, 139, 81, 56, 164, 20, 109, 39, 151, 17, 137, 173, 105], [141, 197, 122, 28, 116, 76, 64, 154, 58, 7, 188, 150, 101, 77, 128, 172], [37, 29, 184, 196, 136, 143, 170, 142, 127, 149, 98, 99], [10, 112, 90, 95, 102, 110, 57, 135, 66, 41, 45, 46], [74, 31, 52, 120, 168, 131, 190, 68, 61, 161, 49, 26, 134], [55, 35, 70, 12, 44, 160, 43, 83, 94, 198, 132, 88, 19], [2, 78, 9, 22, 126, 69, 169, 147, 124, 176], [138, 155, 193, 153, 13, 199, 16, 133, 38, 1], [180, 118, 111, 72, 75, 145, 86, 117, 114, 129, 34, 60], [40, 158, 152, 125, 119, 100, 32, 63, 15, 82], [162, 177, 36, 4, 62, 18, 65, 87, 47, 121, 71], [67, 25, 181, 194, 3, 80, 27, 171, 79, 192], [6, 178, 14, 187, 24, 96, 175, 48]]",false
95,18824,5506,OR-opt,CMT5.vrp,"[[8, 167, 84, 189, 107, 104, 42, 93, 21, 166, 59], [130, 182, 144, 146, 73, 97, 50, 51, 108, 123, 5], [30, 103, 174, 156, 113, 89, 185, 183, 23, 191, 195, 159, 106, 11], [54, 179, 157, 140, 91, 115, 53, 33, 148, 163, 92, 165, 85], [186, 139, 81, 56, 164, 20, 109, 39, 151, 17, 137, 173, 105], [141, 197, 122, 28, 116, 76, 64, 154, 58, 7, 188, 150, 101, 77, 128, 172], [37, 29, 184, 196, 136, 143, 170, 142, 127, 149, 98, 99], [10, 112, 90, 95, 102, 110, 57, 135, 66, 41, 45, 46], [74, 31, 52, 120, 168, 131, 190, 68, 61, 161, 49, 26, 134], [55, 35, 70, 12, 44, 160, 43, 83, 94, 198, 132, 88, 19], [2, 78, 9, 22, 126, 69, 169, 147, 124, 176], [138, 155, 193, 153, 13, 199, 16, 133, 38, 1], [180, 118, 111, 72, 75, 145, 86, 117, 114, 129, 34, 60], [40, 158, 152, 125, 119, 100, 32, 63, 15, 82], [162, 177, 36, 4, 62, 18, 65, 87, 47, 121, 71], [67, 25, 181, 194, 3, 80, 27, 171, 79, 192], [6, 178, 14, 187, 24, 96, 175, 48]]",false
96,18865,5504,OR-opt,CMT5.vrp,"[[8, 167, 84, 189, 107, 104, 42, 93, 21, 166, 59], [130, 182, 144, 146, 73, 97, 50, 51, 108, 123, 5], [30, 103, 174, 156, 113, 89, 185, 183, 23, 191, 195, 159, 106, 11], [157, 54, 179, 140, 91, 115, 53, 33, 148, 163, 92, 165, 85], [186, 139, 81, 56, 164, 20, 109, 39, 151, 17, 137, 173, 105], [141, 197, 122, 28, 116, 76, 64, 154, 58, 7, 188, 150, 101, 77, 128, 172], [37, 29, 184, 196, 136, 143, 170, 142, 127, 149, 98, 99], [10, 112, 90, 95, 102, 110, 57, 135, 66, 41, 45, 46], [74, 31, 52, 120, 168, 131, 190, 68, 61, 161, 49, 26, 134], [55, 35, 70, 12, 44, 160, 43, 83, 94, 198, 132, 88, 19], [2, 78, 9, 22, 126, 69, 169, 147, 124, 176], [138, 155, 193, 153, 13, 199, 16, 133, 38, 1], [180, 118, 111, 72, 75, 145, 86, 117, 114, 129, 34, 60], [40, 158, 152, 125, 119, 100, 32, 63, 15, 82], [162, 177, 36, 4, 62, 18, 65, 87, 47, 121, 71], [67, 25, 181, 194, 3, 80, 27, 171, 79, 192], [6, 178, 14, 187, 24, 96, 175, 48]]",false
97,18915,5490,OR-opt,CMT5.vrp,"[[8, 167, 84, 189, 107, 104, 42, 93, 21, 166, 59], [130, 182, 144, 146, 73, 97, 50, 51, 108, 123, 5], [30, 103, 174, 156, 113, 89, 185, 183, 23, 191, 195, 159, 106, 11], [54, 140, 91, 115, 53, 33, 148, 163, 92, 165, 85, 179, 157], [186, 139, 81, 56, 164, 20, 109, 39, 151, 17, 137, 173, 105], [141, 197, 122, 28, 116, 76, 64, 154, 58, 7, 188, 150, 101, 77, 128, 172], [37, 29, 184, 196, 136, 143, 170, 142, 127, 149, 98, 99], [10, 112, 90, 95, 102, 110, 57, 135, 66, 41, 45, 46], [74, 31, 52, 120, 168, 131, 190, 68, 61, 161, 49, 26, 134], [55, 35, 70, 12, 44, 160, 43, 83, 94, 198, 132, 88, 19], [2, 78, 9, 22, 126, 69, 169, 147, 124, 176], [138, 155, 193, 153, 13, 199, 16, 133, 38, 1], [180, 118, 111, 72, 75, 145, 86, 117, 114, 129, 34, 60], [40, 158, 152, 125, 119, 100, 32, 63, 15, 82], [162, 177, 36, 4, 62, 18, 65, 87, 47, 121, 71], [67, 25, 181, 194, 3, 80, 27, 171, 79, 192], [6, 178, 14, 187, 24, 96, 175, 48]]",false
98,19021,5480,OR-opt,CMT5.vrp,"[[8, 167, 84, 189, 107, 104, 42, 93, 21, 166, 59], [130, 182, 144, 146, 73, 97, 50, 51, 108, 123, 5], [30, 103, 174, 156, 113, 89, 185, 183, 23, 191, 195, 159, 106, 11], [54, 179, 157, 140, 91, 115, 53, 33, 92, 148, 163, 165, 85], [186, 139, 81, 56, 164, 20, 109, 39, 151, 17, 137, 173, 105], [141, 197, 122, 28, 116, 76, 64, 154, 58, 7, 188, 150, 101, 77, 128, 172], [37, 29, 184, 196, 136, 143, 170, 142, 127, 149, 98, 99], [10, 112, 90, 95, 102, 110, 57, 135, 66, 41, 45, 46], [74, 31, 52, 120, 168, 131, 190, 68, 61, 161, 49, 26, 134], [55, 35, 70, 12, 44, 160, 43, 83, 94, 198, 132, 88, 19], [2, 78, 9, 22, 126, 69, 169, 147, 124, 176], [138, 155, 193, 153, 13, 199, 16, 133, 38, 1], [180, 118, 111, 72, 75, 145, 86, 117, 114, 129, 34, 60], [40, 158, 152, 125, 119, 100, 32, 63, 15, 82], [162, 177, 36, 4, 62, 18, 65, 87, 47, 121, 71], [67, 25, 181, 194, 3, 80, 27, 171, 79, 192], [6, 178, 14, 187, 24, 96, 175, 48]]",false
99,19086,5478,OR-opt,CMT5.vrp,"[[8, 167, 84, 189, 107, 104, 42, 93, 21, 166, 59], [130, 182, 144, 146, 73, 97, 50, 51, 108, 123, 5], [30, 103, 174, 156, 113, 89, 185, 183, 23, 191, 195, 159, 106, 11], [157, 54, 179, 140, 91, 115, 53, 33, 92, 148, 163, 165, 85], [186, 139, 81, 56, 164, 20, 109, 39, 151, 17, 137, 173, 105], [141, 197, 122, 28, 116, 76, 64, 154, 58, 7, 188, 150, 101, 77, 128, 172], [37, 29, 184, 196, 136, 143, 170, 142, 127, 149, 98, 99], [10, 112, 90, 95, 102, 110, 57, 135, 66, 41, 45, 46], [74, 31, 52, 120, 168, 131, 190, 68, 61, 161, 49, 26, 134], [55, 35, 70, 12, 44, 160, 43, 83, 94, 198, 132, 88, 19], [2, 78, 9, 22, 126, 69, 169, 147, 124, 176], [138, 155, 193, 153, 13, 199, 16, 133, 38, 1], [180, 118, 111, 72, 75, 145, 86, 117, 114, 129, 34, 60], [40, 158, 152, 125, 119, 100, 32, 63, 15, 82], [162, 177, 36, 4, 62, 18, 65, 87, 47, 121, 71], [67, 25, 181, 194, 3, 80, 27, 171, 79, 192], [6, 178, 14, 187, 24, 96, 175, 48]]",false
100,19136,5464,OR-opt,CMT5.vrp,"[[8, 167, 84, 189, 107, 104, 42, 93, 21, 166, 59], [130, 182, 144, 146, 73, 97, 50, 51, 108, 123, 5], [30, 103, 174, 156, 113, 89, 185, 183, 23, 191, 195, 159, 106, 11], [54, 140, 91, 115, 53, 33, 92, 148, 163, 165, 85, 179, 157], [186, 139, 81, 56, 164, 20, 109, 39, 151, 17, 137, 173, 105], [141, 197, 122, 28, 116, 76, 64, 154, 58, 7, 188, 150, 101, 77, 128, 172], [37, 29, 184, 196, 136, 143, 170, 142, 127, 149, 98, 99], [10, 112, 90, 95, 102, 110, 57, 135, 66, 41, 45, 46], [74, 31, 52, 120, 168, 131, 190, 68, 61, 161, 49, 26, 134], [55, 35, 70, 12, 44, 160, 43, 83, 94, 198, 132, 88, 19], [2, 78, 9, 22, 126, 69, 169, 147, 124, 176], [138, 155, 193, 153, 13, 199, 16, 133, 38, 1], [180, 118, 111, 72, 75, 145, 86, 117, 114, 129, 34, 60], [40, 158, 152, 125, 119, 100, 32, 63, 15, 82], [162, 177, 36, 4, 62, 18, 65, 87, 47, 121, 71], [67, 25, 181, 194, 3, 80, 27, 171, 79, 192], [6, 178, 14, 187, 24, 96, 175, 48]]",false
101,19416,5452,OR-opt,CMT5.vrp,"[[8, 167, 84, 189, 107, 104, 42, 93, 21, 166, 59], [130, 182, 144, 146, 73, 97, 50, 51, 108, 123, 5], [30, 103, 174, 156, 113, 89, 185, 183, 23, 191, 195, 159, 106, 11], [54, 140, 91, 115, 53, 33, 92, 148, 163, 165, 85, 179, 157], [81, 56, 164, 20, 186, 139, 109, 39, 151, 17, 137, 173, 105], [141, 197, 122, 28, 116, 76, 64, 154, 58, 7, 188, 150, 101, 77, 128, 172], [37, 29, 184, 196, 136, 143, 170, 142, 127, 149, 98, 99], [10, 112, 90, 95, 102, 110, 57, 135, 66, 41, 45, 46], [74, 31, 52, 120, 168, 131, 190, 68, 61, 161, 49, 26, 134], [55, 35, 70, 12, 44, 160, 43, 83, 94, 198, 132, 88, 19], [2, 78, 9, 22, 126, 69, 169, 147, 124, 176], [138, 155, 193, 153, 13, 199, 16, 133, 38, 1], [180, 118, 111, 72, 75, 145, 86, 117, 114, 129, 34, 60], [40, 158, 152, 125, 119, 100, 32, 63, 15, 82], [162, 177, 36, 4, 62, 18, 65, 87, 47, 121, 71], [67, 25, 181, 194, 3, 80, 27, 171, 79, 192], [6, 178, 14, 187, 24, 96, 175, 48]]",false
102,19454,5434,OR-opt,CMT5.vrp,"[[8, 167, 84, 189, 107, 104, 42, 93, 21, 166, 59], [130, 182, 144, 146, 73, 97, 50, 51, 108, 123, 5], [30, 103, 174, 156, 113, 89, 185, 183, 23, 191, 195, 159, 106, 11], [54, 140, 91, 115, 53, 33, 92, 148, 163, 165, 85, 179, 157], [81, 56, 164, 20, 109, 39, 151, 17, 137, 186, 139, 173, 105], [141, 197, 122, 28, 116, 76, 64, 154, 58, 7, 188, 150, 101, 77, 128, 172], [37, 29, 184, 196, 136, 143, 170, 142, 127, 149, 98, 99], [10, 112, 90, 95, 102, 110, 57, 135, 66, 41, 45, 46], [74, 31, 52, 120, 168, 131, 190, 68, 61, 161, 49, 26, 134], [55, 35, 70, 12, 44, 160, 43, 83, 94, 198, 132, 88, 19], [2, 78, 9, 22, 126, 69, 169, 147, 124, 176], [138, 155, 193, 153, 13, 199, 16, 133, 38, 1], [180, 118, 111, 72, 75, 145, 86, 117, 114, 129, 34, 60], [40, 158, 152, 125, 119, 100, 32, 63, 15, 82], [162, 177, 36, 4, 62, 18, 65, 87, 47, 121, 71], [67, 25, 181, 194, 3, 80, 27, 171, 79, 192], [6, 178, 14, 187, 24, 96, 175, 48]]",false
103,19538,5429,OR-opt,CMT5.vrp,"[[8, 167, 84, 189, 107, 104, 42, 93, 21, 166, 59], [130, 182, 144, 146, 73, 97, 50, 51, 108, 123, 5], [30, 103, 174, 156, 113, 89, 185, 183, 23, 191, 195, 159, 106, 11], [54, 140, 91, 115, 53, 33, 92, 148, 163, 165, 85, 179, 157], [186, 139, 81, 56, 109, 39, 151, 17, 164, 20, 137, 173, 105], [141, 197, 122, 28, 116, 76, 64, 154, 58, 7, 188, 150, 101, 77, 128, 172], [37, 29, 184, 196, 136, 143, 170, 142, 127, 149, 98, 99], [10, 112, 90, 95, 102, 110, 57, 135, 66, 41, 45, 46], [74, 31, 52, 120, 168, 131, 190, 68, 61, 161, 49, 26, 134], [55, 35, 70, 12, 44, 160, 43, 83, 94, 198, 132, 88, 19], [2, 78, 9, 22, 126, 69, 169, 147, 124, 176], [138, 155, 193, 153, 13, 199, 16, 133, 38, 1], [180, 118, 111, 72, 75, 145, 86, 117, 114, 129, 34, 60], [40, 158, 152, 125, 119, 100, 32, 63, 15, 82], [162, 177, 36, 4, 62, 18, 65, 87, 47, 121, 71], [67, 25, 181, 194, 3, 80, 27, 171, 79, 192], [6, 178, 14, 187, 24, 96, 175, 48]]",false
104,19661,5418,OR-opt,CMT5.vrp,"[[8, 167, 84, 189, 107, 104, 42, 93, 21, 166, 59], [130, 182, 144, 146, 73, 97, 50, 51, 108, 123, 5], [30, 103, 174, 156, 113, 89, 185, 183, 23, 191, 195, 159, 106, 11], [54, 140, 91, 115, 53, 33, 92, 148, 163, 165, 85, 179, 157], [81, 56, 109, 39, 151, 17, 164, 20, 186, 139, 137, 173, 105], [141, 197, 122, 28, 116, 76, 64, 154, 58, 7, 188, 150, 101, 77, 128, 172], [37, 29, 184, 196, 136, 143, 170, 142, 127, 149, 98, 99], [10, 112, 90, 95, 102, 110, 57, 135, 66, 41, 45, 46], [74, 31, 52, 120, 168, 131, 190, 68, 61, 161, 49, 26, 134], [55, 35, 70, 12, 44, 160, 43, 83, 94, 198, 132, 88, 19], [2, 78, 9, 22, 126, 69, 169, 147, 124, 176], [138, 155, 193, 153, 13, 199, 16, 133, 38, 1], [180, 118, 111, 72, 75, 145, 86, 117, 114, 129, 34, 60], [40, 158, 152, 125, 119, 100, 32, 63, 15, 82], [162, 177, 36, 4, 62, 18, 65, 87, 47, 121, 71], [67, 25, 181, 194, 3, 80, 27, 171, 79, 192], [6, 178, 14, 187, 24, 96, 175, 48]]",false
105,19691,5399,OR-opt,CMT5.vrp,"[[8, 167, 84, 189, 107, 104, 42, 93, 21, 166, 59], [130, 182, 144, 146, 73, 97, 50, 51, 108, 123, 5], [30, 103, 174, 156, 113, 89, 185, 183, 23, 191, 195, 159, 106, 11], [54, 140, 91, 115, 53, 33, 92, 148, 163, 165, 85, 179, 157], [81, 56, 109, 39, 151, 17, 164, 20, 137, 186, 139, 173, 105], [141, 197, 122, 28, 116, 76, 64, 154, 58, 7, 188, 150, 101, 77, 128, 172], [37, 29, 184, 196, 136, 143, 170, 142, 127, 149, 98, 99], [10, 112, 90, 95, 102, 110, 57, 135, 66, 41, 45, 46], [74, 31, 52, 120, 168, 131, 190, 68, 61, 161, 49, 26, 134], [55, 35, 70, 12, 44, 160, 43, 83, 94, 198, 132, 88, 19], [2, 78, 9, 22, 126, 69, 169, 147, 124, 176], [138, 155, 193, 153, 13, 199, 16, 133, 38, 1], [180, 118, 111, 72, 75, 145, 86, 117, 114, 129, 34, 60], [40, 158, 152, 125, 119, 100, 32, 63, 15, 82], [162, 177, 36, 4, 62, 18, 65, 87, 47, 121, 71], [67, 25, 181, 194, 3, 80, 27, 171, 79, 192], [6, 178, 14, 187, 24, 96, 175, 48]]",false
106,19872,5393,OR-opt,CMT5.vrp,"[[8, 167, 84, 189, 107, 104, 42, 93, 21, 166, 59], [130, 182, 144, 146, 73, 97, 50, 51, 108, 123, 5], [30, 103, 174, 156, 113, 89, 185, 183, 23, 191, 195, 159, 106, 11], [54, 140, 91, 115, 53, 33, 92, 148, 163, 165, 85, 179, 157], [81, 109, 39, 56, 151, 17, 164, 20, 137, 186, 139, 173, 105], [141, 197, 122, 28, 116, 76, 64, 154, 58, 7, 188, 150, 101, 77, 128, 172], [37, 29, 184, 196, 136, 143, 170, 142, 127, 149, 98, 99], [10, 112, 90, 95, 102, 110, 57, 135, 66, 41, 45, 46], [74, 31, 52, 120, 168, 131, 190, 68, 61, 161, 49, 26, 134], [55, 35, 70, 12, 44, 160, 43, 83, 94, 198, 132, 88, 19], [2, 78, 9, 22, 126, 69, 169, 147, 124, 176], [138, 155, 193, 153, 13, 199, 16, 133, 38, 1], [180, 118, 111, 72, 75, 145, 86, 117, 114, 129, 34, 60], [40, 158, 152, 125, 119, 100, 32, 63, 15, 82], [162, 177, 36, 4, 62, 18, 65, 87, 47, 121, 71], [67, 25, 181, 194, 3, 80, 27, 171, 79, 192], [6, 178, 14, 187, 24, 96, 175, 48]]",false
107,19924,5379,OR-opt,CMT5.vrp,"[[8, 167, 84, 189, 107, 104, 42, 93, 21, 166, 59], [130, 182, 144, 146, 73, 97, 50, 51, 108, 123, 5], [30, 103, 174, 156, 113, 89, 185, 183, 23, 191, 195, 159, 106, 11], [54, 140, 91, 115, 53, 33, 92, 148, 163, 165, 85, 179, 157], [151, 17, 81, 56, 109, 39, 164, 20, 137, 186, 139, 173, 105], [141, 197, 122, 28, 116, 76, 64, 154, 58, 7, 188, 150, 101, 77, 128, 172], [37, 29, 184, 196, 136, 143, 170, 142, 127, 149, 98, 99], [10, 112, 90, 95, 102, 110, 57, 135, 66, 41, 45, 46], [74, 31, 52, 120, 168, 131, 190, 68, 61, 161, 49, 26, 134], [55, 35, 70, 12, 44, 160, 43, 83, 94, 198, 132, 88, 19], [2, 78, 9, 22, 126, 69, 169, 147, 124, 176], [138, 155, 193, 153, 13, 199, 16, 133, 38, 1], [180, 118, 111, 72, 75, 145, 86, 117, 114, 129, 34, 60], [40, 158, 152, 125, 119, 100, 32, 63, 15, 82], [162, 177, 36, 4, 62, 18, 65, 87, 47, 121, 71], [67, 25, 181, 194, 3, 80, 27, 171, 79, 192], [6, 178, 14, 187, 24, 96, 175, 48]]",false
108,20007,5379,OR-opt,CMT5.vrp,"[[8, 167, 84, 189, 107, 104, 42, 93, 21, 166, 59], [130, 182, 144, 146, 73, 97, 50, 51, 108, 123, 5], [30, 103, 174, 156, 113, 89, 185, 183, 23, 191, 195, 159, 106, 11], [54, 140, 91, 115, 53, 33, 92, 148, 163, 165, 85, 179, 157], [81, 56, 109, 39, 151, 17, 164, 20, 139, 173, 137, 186, 105], [141, 197, 122, 28, 116, 76, 64, 154, 58, 7, 188, 150, 101, 77, 128, 172], [37, 29, 184, 196, 136, 143, 170, 142, 127, 149, 98, 99], [10, 112, 90, 95, 102, 110, 57, 135, 66, 41, 45, 46], [74, 31, 52, 120, 168, 131, 190, 68, 61, 161, 49, 26, 134], [55, 35, 70, 12, 44, 160, 43, 83, 94, 198, 132, 88, 19], [2, 78, 9, 22, 126, 69, 169, 147, 124, 176], [138, 155, 193, 153, 13, 199, 16, 133, 38, 1], [180, 118, 111, 72, 75, 145, 86, 117, 114, 129, 34, 60], [40, 158, 152, 125, 119, 100, 32, 63, 15, 82], [162, 177, 36, 4, 62, 18, 65, 87, 47, 121, 71], [67, 25, 181, 194, 3, 80, 27, 171, 79, 192], [6, 178, 14, 187, 24, 96, 175, 48]]",false
109,20069,5376,OR-opt,CMT5.vrp,"[[8, 167, 84, 189, 107, 104, 42, 93, 21, 166, 59], [130, 182, 144, 146, 73, 97, 50, 51, 108, 123, 5], [30, 103, 174, 156, 113, 89, 185, 183, 23, 191, 195, 159, 106, 11], [54, 140, 91, 115, 53, 33, 92, 148, 163, 165, 85, 179, 157], [81, 56, 109, 39, 151, 17, 164, 20, 173, 105, 137, 186, 139], [141, 197, 122, 28, 116, 76, 64, 154, 58, 7, 188, 150, 101, 77, 128, 172], [37, 29, 184, 196, 136, 143, 170, 142, 127, 149, 98, 99], [10, 112, 90, 95, 102, 110, 57, 135, 66, 41, 45, 46], [74, 31, 52, 120, 168, 131, 190, 68, 61, 161, 49, 26, 134], [55, 35, 70, 12, 44, 160, 43, 83, 94, 198, 132, 88, 19], [2, 78, 9, 22, 126, 69, 169, 147, 124, 176], [138, 155, 193, 153, 13, 199, 16, 133, 38, 1], [180, 118, 111, 72, 75, 145, 86, 117, 114, 129, 34, 60], [40, 158, 152, 125, 119, 100, 32, 63, 15, 82], [162, 177, 36, 4, 62, 18, 65, 87, 47, 121, 71], [67, 25, 181, 194, 3, 80, 27, 171, 79, 192], [6, 178, 14, 187, 24, 96, 175, 48]]",false
110,20124,5370,OR-opt,CMT5.vrp,"[[8, 167, 84, 189, 107, 104, 42, 93, 21, 166, 59], [130, 182, 144, 146, 73, 97, 50, 51, 108, 123, 5], [30, 103, 174, 156, 113, 89, 185, 183, 23, 191, 195, 159, 106, 11], [54, 140, 91, 115, 53, 33, 92, 148, 163, 165, 85, 179, 157], [81, 109, 39, 56, 151, 17, 164, 20, 173, 105, 137, 186, 139], [141, 197, 122, 28, 116, 76, 64, 154, 58, 7, 188, 150, 101, 77, 128, 172], [37, 29, 184, 196, 136, 143, 170, 142, 127, 149, 98, 99], [10, 112, 90, 95, 102, 110, 57, 135, 66, 41, 45, 46], [74, 31, 52, 120, 168, 131, 190, 68, 61, 161, 49, 26, 134], [55, 35, 70, 12, 44, 160, 43, 83, 94, 198, 132, 88, 19], [2, 78, 9, 22, 126, 69, 169, 147, 124, 176], [138, 155, 193, 153, 13, 199, 16, 133, 38, 1], [180, 118, 111, 72, 75, 145, 86, 117, 114, 129, 34, 60], [40, 158, 152, 125, 119, 100, 32, 63, 15, 82], [162, 177, 36, 4, 62, 18, 65, 87, 47, 121, 71], [67, 25, 181, 194, 3, 80, 27, 171, 79, 192], [6, 178, 14, 187, 24, 96, 175, 48]]",false
111,20174,5356,OR-opt,CMT5.vrp,"[[8, 167, 84, 189, 107, 104, 42, 93, 21, 166, 59], [130, 182, 144, 146, 73, 97, 50, 51, 108, 123, 5], [30, 103, 174, 156, 113, 89, 185, 183, 23, 191, 195, 159, 106, 11], [54, 140, 91, 115, 53, 33, 92, 148, 163, 165, 85, 179, 157], [151, 17, 81, 56, 109, 39, 164, 20, 173, 105, 137, 186, 139], [141, 197, 122, 28, 116, 76, 64, 154, 58, 7, 188, 150, 101, 77, 128, 172], [37, 29, 184, 196, 136, 143, 170, 142, 127, 149, 98, 99], [10, 112, 90, 95, 102, 110, 57, 135, 66, 41, 45, 46], [74, 31, 52, 120, 168, 131, 190, 68, 61, 161, 49, 26, 134], [55, 35, 70, 12, 44, 160, 43, 83, 94, 198, 132, 88, 19], [2, 78, 9, 22, 126, 69, 169, 147, 124, 176], [138, 155, 193, 153, 13, 199, 16, 133, 38, 1], [180, 118, 111, 72, 75, 145, 86, 117, 114, 129, 34, 60], [40, 158, 152, 125, 119, 100, 32, 63, 15, 82], [162, 177, 36, 4, 62, 18, 65, 87, 47, 121, 71], [67, 25, 181, 194, 3, 80, 27, 171, 79, 192], [6, 178, 14, 187, 24, 96, 175, 48]]",false
112,20302,5355,OR-opt,CMT5.vrp,"[[8, 167, 84, 189, 107, 104, 42, 93, 21, 166, 59], [130, 182, 144, 146, 73, 97, 50, 51, 108, 123, 5], [30, 103, 174, 156, 113, 89, 185, 183, 23, 191, 195, 159, 106, 11], [54, 140, 91, 115, 53, 33, 92, 148, 163, 165, 85, 179, 157], [17, 81, 151, 56, 109, 39, 164, 20, 173, 105, 137, 186, 139], [141, 197, 122, 28, 116, 76, 64, 154, 58, 7, 188, 150, 101, 77, 128, 172], [37, 29, 184, 196, 136, 143, 170, 142, 127, 149, 98, 99], [10, 112, 90, 95, 102, 110, 57, 135, 66, 41, 45, 46], [74, 31, 52, 120, 168, 131, 190, 68, 61, 161, 49, 26, 134], [55, 35, 70, 12, 44, 160, 43, 83, 94, 198, 132, 88, 19], [2, 78, 9, 22, 126, 69, 169, 147, 124, 176], [138, 155, 193, 153, 13, 199, 16, 133, 38, 1], [180, 118, 111, 72, 75, 145, 86, 117, 114, 129, 34, 60], [40, 158, 152, 125, 119, 100, 32, 63, 15, 82], [162, 177, 36, 4, 62, 18, 65, 87, 47, 121, 71], [67, 25, 181, 194, 3, 80, 27, 171, 79, 192], [6, 178, 14, 187, 24, 96, 175, 48]]",false
113,20436,5353,OR-opt,CMT5.vrp,"[[8, 167, 84, 189, 107, 104, 42, 93, 21, 166, 59], [130, 182, 144, 146, 73, 97, 50, 51, 108, 123, 5], [30, 103, 174, 156, 113, 89, 185, 183, 23, 191, 195, 159, 106, 11], [54, 140, 91, 115, 53, 33, 92, 148, 163, 165, 85, 179, 157], [151, 17, 81, 56, 109, 39, 164, 20, 173, 137, 186, 105, 139], [141, 197, 122, 28, 116, 76, 64, 154, 58, 7, 188, 150, 101, 77, 128, 172], [37, 29, 184, 196, 136, 143, 170, 142, 127, 149, 98, 99], [10, 112, 90, 95, 102, 110, 57, 135, 66, 41, 45, 46], [74, 31, 52, 120, 168, 131, 190, 68, 61, 161, 49, 26, 134], [55, 35, 70, 12, 44, 160, 43, 83, 94, 198, 132, 88, 19], [2, 78, 9, 22, 126, 69, 169, 147, 124, 176], [138, 155, 193, 153, 13, 199, 16, 133, 38, 1], [180, 118, 111, 72, 75, 145, 86, 117, 114, 129, 34, 60], [40, 158, 152, 125, 119, 100, 32, 63, 15, 82], [162, 177, 36, 4, 62, 18, 65, 87, 47, 121, 71], [67, 25, 181, 194, 3, 80, 27, 171, 79, 192], [6, 178, 14, 187, 24, 96, 175, 48]]",false
114,20488,5352,OR-opt,CMT5.vrp,"[[8, 167, 84, 189, 107, 104, 42, 93, 21, 166, 59], [130, 182, 144, 146, 73, 97, 50, 51, 108, 123, 5], [30, 103, 174, 156, 113, 89, 185, 183, 23, 191, 195, 159, 106, 11], [54, 140, 91, 115, 53, 33, 92, 148, 163, 165, 85, 179, 157], [17, 81, 151, 56, 109, 39, 164, 20, 173, 137, 186, 105, 139], [141, 197, 122, 28, 116, 76, 64, 154, 58, 7, 188, 150, 101, 77, 128, 172], [37, 29, 184, 196, 136, 143, 170, 142, 127, 149, 98, 99], [10, 112, 90, 95, 102, 110, 57, 135, 66, 41, 45, 46], [74, 31, 52, 120, 168, 131, 190, 68, 61, 161, 49, 26, 134], [55, 35, 70, 12, 44, 160, 43, 83, 94, 198, 132, 88, 19], [2, 78, 9, 22, 126, 69, 169, 147, 124, 176], [138, 155, 193, 153, 13, 199, 16, 133, 38, 1], [180, 118, 111, 72, 75, 145, 86, 117, 114, 129, 34, 60], [40, 158, 152, 125, 119, 100, 32, 63, 15, 82], [162, 177, 36, 4, 62, 18, 65, 87, 47, 121, 71], [67, 25, 181, 194, 3, 80, 27, 171, 79, 192], [6, 178, 14, 187, 24, 96, 175, 48]]",false
115,20799,5349,OR-opt,CMT5.vrp,"[[8, 167, 84, 189, 107, 104, 42, 93, 21, 166, 59], [130, 182, 144, 146, 73, 97, 50, 51, 108, 123, 5], [30, 103, 174, 156, 113, 89, 185, 183, 23, 191, 195, 159, 106, 11], [54, 140, 91, 115, 53, 33, 92, 148, 163, 165, 85, 179, 157], [17, 81, 151, 56, 109, 39, 164, 20, 173, 137, 186, 105, 139], [122, 141, 197, 28, 116, 76, 64, 154, 58, 7, 188, 150, 101, 77, 128, 172], [37, 29, 184, 196, 136, 143, 170, 142, 127, 149, 98, 99], [10, 112, 90, 95, 102, 110, 57, 135, 66, 41, 45, 46], [74, 31, 52, 120, 168, 131, 190, 68, 61, 161, 49, 26, 134], [55, 35, 70, 12, 44, 160, 43, 83, 94, 198, 132, 88, 19], [2, 78, 9, 22, 126, 69, 169, 147, 124, 176], [138, 155, 193, 153, 13, 199, 16, 133, 38, 1], [180, 118, 111, 72, 75, 145, 86, 117, 114, 129, 34, 60], [40, 158, 152, 125, 119, 100, 32, 63, 15, 82], [162, 177, 36, 4, 62, 18, 65, 87, 47, 121, 71], [67, 25, 181, 194, 3, 80, 27, 171, 79, 192], [6, 178, 14, 187, 24, 96, 175, 48]]",false
116,20833,5318,OR-opt,CMT5.vrp,"[[8, 167, 84, 189, 107, 104, 42, 93, 21, 166, 59], [130, 182, 144, 146, 73, 97, 50, 51, 108, 123, 5], [30, 103, 174, 156, 113, 89, 185, 183, 23, 191, 195, 159, 106, 11], [54, 140, 91, 115, 53, 33, 92, 148, 163, 165, 85, 179, 157], [17, 81, 151, 56, 109, 39, 164, 20, 173, 137, 186, 105, 139], [122, 28, 141, 197, 116, 76, 64, 154, 58, 7, 188, 150, 101, 77, 128, 172], [37, 29, 184, 196, 136, 143, 170, 142, 127, 149, 98, 99], [10, 112, 90, 95, 102, 110, 57, 135, 66, 41, 45, 46], [74, 31, 52, 120, 168, 131, 190, 68, 61, 161, 49, 26, 134], [55, 35, 70, 12, 44, 160, 43, 83, 94, 198, 132, 88, 19], [2, 78, 9, 22, 126, 69, 169, 147, 124, 176], [138, 155, 193, 153, 13, 199, 16, 133, 38, 1], [180, 118, 111, 72, 75, 145, 86, 117, 114, 129, 34, 60], [40, 158, 152, 125, 119, 100, 32, 63, 15, 82], [162, 177, 36, 4, 62, 18, 65, 87, 47, 121, 71], [67, 25, 181, 194, 3, 80, 27, 171, 79, 192], [6, 178, 14, 187, 24, 96, 175, 48]]",false
117,21004,5314,OR-opt,CMT5.vrp,"[[8, 167, 84, 189, 107, 104, 42, 93, 21, 166, 59], [130, 182, 144, 146, 73, 97, 50, 51, 108, 123, 5], [30, 103, 174, 156, 113, 89, 185, 183, 23, 191, 195, 159, 106, 11], [54, 140, 91, 115, 53, 33, 92, 148, 163, 165, 85, 179, 157], [17, 81, 151, 56, 109, 39, 164, 20, 173, 137, 186, 105, 139], [141, 197, 116, 76, 122, 28, 64, 154, 58, 7, 188, 150, 101, 77, 128, 172], [37, 29, 184, 196, 136, 143, 170, 142, 127, 149, 98, 99], [10, 112, 90, 95, 102, 110, 57, 135, 66, 41, 45, 46], [74, 31, 52, 120, 168, 131, 190, 68, 61, 161, 49, 26, 134], [55, 35, 70, 12, 44, 160, 43, 83, 94, 198, 132, 88, 19], [2, 78, 9, 22, 126, 69, 169, 147, 124, 176], [138, 155, 193, 153, 13, 199, 16, 133, 38, 1], [180, 118, 111, 72, 75, 145, 86, 117, 114, 129, 34, 60], [40, 158, 152, 125, 119, 100, 32, 63, 15, 82], [162, 177, 36, 4, 62, 18, 65, 87, 47, 121, 71], [67, 25, 181, 194, 3, 80, 27, 171, 79, 192], [6, 178, 14, 187, 24, 96, 175, 48]]",false
118,21062,5307,OR-opt,CMT5.vrp,"[[8, 167, 84, 189, 107, 104, 42, 93, 21, 166, 59], [130, 182, 144, 146, 73, 97, 50, 51, 108, 123, 5], [30, 103, 174, 156, 113, 89, 185, 183, 23, 191, 195, 159, 106, 11], [54, 140, 91, 115, 53, 33, 92, 148, 163, 165, 85, 179, 157], [17, 81, 151, 56, 109, 39, 164, 20, 173, 137, 186, 105, 139], [141, 197, 116, 76, 64, 154, 58, 7, 188, 150, 122, 28, 101, 77, 128, 172], [37, 29, 184, 196, 136, 143, 170, 142, 127, 149, 98, 99], [10, 112, 90, 95, 102, 110, 57, 135, 66, 41, 45, 46], [74, 31, 52, 120, 168, 131, 190, 68, 61, 161, 49, 26, 134], [55, 35, 70, 12, 44, 160, 43, 83, 94, 198, 132, 88, 19], [2, 78, 9, 22, 126, 69, 169, 147, 124, 176], [138, 155, 193, 153, 13, 199, 16, 133, 38, 1], [180, 118, 111, 72, 75, 145, 86, 117, 114, 129, 34, 60], [40, 158, 152, 125, 119, 100, 32, 63, 15, 82], [162, 177, 36, 4, 62, 18, 65, 87, 47, 121, 71], [67, 25, 181, 194, 3, 80, 27, 171, 79, 192], [6, 178, 14, 187, 24, 96, 175, 48]]",false
119,21121,5298,OR-opt,CMT5.vrp,"[[8, 167, 84, 189, 107, 104, 42, 93, 21, 166, 59], [130, 182, 144, 146, 73, 97, 50, 51, 108, 123, 5], [30, 103, 174, 156, 113, 89, 185, 183, 23, 191, 195, 159, 106, 11], [54, 140, 91, 115, 53, 33, 92, 148, 163, 165, 85, 179, 157], [17, 81, 151, 56, 109, 39, 164, 20, 173, 137, 186, 105, 139], [141, 197, 122, 28, 64, 154, 58, 7, 188, 116, 76, 150, 101, 77, 128, 172], [37, 29, 184, 196, 136, 143, 170, 142, 127, 149, 98, 99], [10, 112, 90, 95, 102, 110, 57, 135, 66, 41, 45, 46], [74, 31, 52, 120, 168, 131, 190, 68, 61, 161, 49, 26, 134], [55, 35, 70, 12, 44, 160, 43, 83, 94, 198, 132, 88, 19], [2, 78, 9, 22, 126, 69, 169, 147, 124, 176], [138, 155, 193, 153, 13, 199, 16, 133, 38, 1], [180, 118, 111, 72, 75, 145, 86, 117, 114, 129, 34, 60], [40, 158, 152, 125, 119, 100, 32, 63, 15, 82], [162, 177, 36, 4, 62, 18, 65, 87, 47, 121, 71], [67, 25, 181, 194, 3, 80, 27, 171, 79, 192], [6, 178, 14, 187, 24, 96, 175, 48]]",false
120,21153,5292,OR-opt,CMT5.vrp,"[[8, 167, 84, 189, 107, 104, 42, 93, 21, 166, 59], [130, 182, 144, 146, 73, 97, 50, 51, 108, 123, 5], [30, 103, 174, 156, 113, 89, 185, 183, 23, 191, 195, 159, 106, 11], [54, 140, 91, 115, 53, 33, 92, 148, 163, 165, 85, 179, 157], [17, 81, 151, 56, 109, 39, 164, 20, 173, 137, 186, 105, 139], [141, 197, 122, 28, 64, 154, 58, 7, 188, 150, 101, 116, 76, 77, 128, 172], [37, 29, 184, 196, 136, 143, 170, 142, 127, 149, 98, 99], [10, 112, 90, 95, 102, 110, 57, 135, 66, 41, 45, 46], [74, 31, 52, 120, 168, 131, 190, 68, 61, 161, 49, 26, 134], [55, 35, 70, 12, 44, 160, 43, 83, 94, 198, 132, 88, 19], [2, 78, 9, 22, 126, 69, 169, 147, 124, 176], [138, 155, 193, 153, 13, 199, 16, 133, 38, 1], [180, 118, 111, 72, 75, 145, 86, 117, 114, 129, 34, 60], [40, 158, 152, 125, 119, 100, 32, 63, 15, 82], [162, 177, 36, 4, 62, 18, 65, 87, 47, 121, 71], [67, 25, 181, 194, 3, 80, 27, 171, 79, 192], [6, 178, 14, 187, 24, 96, 175, 48]]",false
121,21323,5284,OR-opt,CMT5.vrp,"[[8, 167, 84, 189, 107, 104, 42, 93, 21, 166, 59], [130, 182, 144, 146, 73, 97, 50, 51, 108, 123, 5], [30, 103, 174, 156, 113, 89, 185, 183, 23, 191, 195, 159, 106, 11], [54, 140, 91, 115, 53, 33, 92, 148, 163, 165, 85, 179, 157], [17, 81, 151, 56, 109, 39, 164, 20, 173, 137, 186, 105, 139], [141, 197, 122, 28, 116, 76, 64, 154, 58, 7, 188, 150, 77, 128, 101, 172], [37, 29, 184, 196, 136, 143, 170, 142, 127, 149, 98, 99], [10, 112, 90, 95, 102, 110, 57, 135, 66, 41, 45, 46], [74, 31, 52, 120, 168, 131, 190, 68, 61, 161, 49, 26, 134], [55, 35, 70, 12, 44, 160, 43, 83, 94, 198, 132, 88, 19], [2, 78, 9, 22, 126, 69, 169, 147, 124, 176], [138, 155, 193, 153, 13, 199, 16, 133, 38, 1], [180, 118, 111, 72, 75, 145, 86, 117, 114, 129, 34, 60], [40, 158, 152, 125, 119, 100, 32, 63, 15, 82], [162, 177, 36, 4, 62, 18, 65, 87, 47, 121, 71], [67, 25, 181, 194, 3, 80, 27, 171, 79, 192], [6, 178, 14, 187, 24, 96, 175, 48]]",false
122,22417,5281,OR-opt,CMT5.vrp,"[[8, 167, 84, 189, 107, 104, 42, 93, 21, 166, 59], [130, 182, 144, 146, 73, 97, 50, 51, 108, 123, 5], [30, 103, 174, 156, 113, 89, 185, 183, 23, 191, 195, 159, 106, 11], [54, 140, 91, 115, 53, 33, 92, 148, 163, 165, 85, 179, 157], [17, 81, 151, 56, 109, 39, 164, 20, 173, 137, 186, 105, 139], [122, 141, 197, 28, 116, 76, 64, 154, 58, 7, 188, 150, 77, 128, 101, 172], [37, 29, 184, 196, 136, 143, 170, 142, 127, 149, 98, 99], [10, 112, 90, 95, 102, 110, 57, 135, 66, 41, 45, 46], [74, 31, 52, 120, 168, 131, 190, 68, 61, 161, 49, 26, 134], [55, 35, 70, 12, 44, 160, 43, 83, 94, 198, 132, 88, 19], [2, 78, 9, 22, 126, 69, 169, 147, 124, 176], [138, 155, 193, 153, 13, 199, 16, 133, 38, 1], [180, 118, 111, 72, 75, 145, 86, 117, 114, 129, 34, 60], [40, 158, 152, 125, 119, 100, 32, 63, 15, 82], [162, 177, 36, 4, 62, 18, 65, 87, 47, 121, 71], [67, 25, 181, 194, 3, 80, 27, 171, 79, 192], [6, 178, 14, 187, 24, 96, 175, 48]]",false
123,22451,5250,OR-opt,CMT5.vrp,"[[8, 167, 84, 189, 107, 104, 42, 93, 21, 166, 59], [130, 182, 144, 146, 73, 97, 50, 51, 108, 123, 5], [30, 103, 174, 156, 113, 89, 185, 183, 23, 191, 195, 159, 106, 11], [54, 140, 91, 115, 53, 33, 92, 148, 163, 165, 85, 179, 157], [17, 81, 151, 56, 109, 39, 164, 20, 173, 137, 186, 105, 139], [122, 28, 141, 197, 116, 76, 64, 154, 58, 7, 188, 150, 77, 128, 101, 172], [37, 29, 184, 196, 136, 143, 170, 142, 127, 149, 98, 99], [10, 112, 90, 95, 102, 110, 57, 135, 66, 41, 45, 46], [74, 31, 52, 120, 168, 131, 190, 68, 61, 161, 49, 26, 134], [55, 35, 70, 12, 44, 160, 43, 83, 94, 198, 132, 88, 19], [2, 78, 9, 22, 126, 69, 169, 147, 124, 176], [138, 155, 193, 153, 13, 199, 16, 133, 38, 1], [180, 118, 111, 72, 75, 145, 86, 117, 114, 129, 34, 60], [40, 158, 152, 125, 119, 100, 32, 63, 15, 82], [162, 177, 36, 4, 62, 18, 65, 87, 47, 121, 71], [67, 25, 181, 194, 3, 80, 27, 171, 79, 192], [6, 178, 14, 187, 24, 96, 175, 48]]",false
124,22554,5246,OR-opt,CMT5.vrp,"[[8, 167, 84, 189, 107, 104, 42, 93, 21, 166, 59], [130, 182, 144, 146, 73, 97, 50, 51, 108, 123, 5], [30, 103, 174, 156, 113, 89, 185, 183, 23, 191, 195, 159, 106, 11], [54, 140, 91, 115, 53, 33, 92, 148, 163, 165, 85, 179, 157], [17, 81, 151, 56, 109, 39, 164, 20, 173, 137, 186, 105, 139], [141, 197, 116, 76, 122, 28, 64, 154, 58, 7, 188, 150, 77, 128, 101, 172], [37, 29, 184, 196, 136, 143, 170, 142, 127, 149, 98, 99], [10, 112, 90, 95, 102, 110, 57, 135, 66, 41, 45, 46], [74, 31, 52, 120, 168, 131, 190, 68, 61, 161, 49, 26, 134], [55, 35, 70, 12, 44, 160, 43, 83, 94, 198, 132, 88, 19], [2, 78, 9, 22, 126, 69, 169, 147, 124, 176], [138, 155, 193, 153, 13, 199, 16, 133, 38, 1], [180, 118, 111, 72, 75, 145, 86, 117, 114, 129, 34, 60], [40, 158, 152, 125, 119, 100, 32, 63, 15, 82], [162, 177, 36, 4, 62, 18, 65, 87, 47, 121, 71], [67, 25, 181, 194, 3, 80, 27, 171, 79, 192], [6, 178, 14, 187, 24, 96, 175, 48]]",false
125,22656,5229,OR-opt,CMT5.vrp,"[[8, 167, 84, 189, 107, 104, 42, 93, 21, 166, 59], [130, 182, 144, 146, 73, 97, 50, 51, 108, 123, 5], [30, 103, 174, 156, 113, 89, 185, 183, 23, 191, 195, 159, 106, 11], [54, 140, 91, 115, 53, 33, 92, 148, 163, 165, 85, 179, 157], [17, 81, 151, 56, 109, 39, 164, 20, 173, 137, 186, 105, 139], [141, 197, 116, 76, 64, 154, 58, 7, 188, 150, 77, 128, 122, 28, 101, 172], [37, 29, 184, 196, 136, 143, 170, 142, 127, 149, 98, 99], [10, 112, 90, 95, 102, 110, 57, 135, 66, 41, 45, 46], [74, 31, 52, 120, 168, 131, 190, 68, 61, 161, 49, 26, 134], [55, 35, 70, 12, 44, 160, 43, 83, 94, 198, 132, 88, 19], [2, 78, 9, 22, 126, 69, 169, 147, 124, 176], [138, 155, 193, 153, 13, 199, 16, 133, 38, 1], [180, 118, 111, 72, 75, 145, 86, 117, 114, 129, 34, 60], [40, 158, 152, 125, 119, 100, 32, 63, 15, 82], [162, 177, 36, 4, 62, 18, 65, 87, 47, 121, 71], [67, 25, 181, 194, 3, 80, 27, 171, 79, 192], [6, 178, 14, 187, 24, 96, 175, 48]]",false
126,22902,5208,OR-opt,CMT5.vrp,"[[8, 167, 84, 189, 107, 104, 42, 93, 21, 166, 59], [130, 182, 144, 146, 73, 97, 50, 51, 108, 123, 5], [30, 103, 174, 156, 113, 89, 185, 183, 23, 191, 195, 159, 106, 11], [54, 140, 91, 115, 53, 33, 92, 148, 163, 165, 85, 179, 157], [17, 81, 151, 56, 109, 39, 164, 20, 173, 137, 186, 105, 139], [141, 197, 64, 154, 58, 7, 188, 116, 76, 150, 77, 128, 122, 28, 101, 172], [37, 29, 184, 196, 136, 143, 170, 142, 127, 149, 98, 99], [10, 112, 90, 95, 102, 110, 57, 135, 66, 41, 45, 46], [74, 31, 52, 120, 168, 131, 190, 68, 61, 161, 49, 26, 134], [55, 35, 70, 12, 44, 160, 43, 83, 94, 198, 132, 88, 19], [2, 78, 9, 22, 126, 69, 169, 147, 124, 176], [138, 155, 193, 153, 13, 199, 16, 133, 38, 1], [180, 118, 111, 72, 75, 145, 86, 117, 114, 129, 34, 60], [40, 158, 152, 125, 119, 100, 32, 63, 15, 82], [162, 177, 36, 4, 62, 18, 65, 87, 47, 121, 71], [67, 25, 181, 194, 3, 80, 27, 171, 79, 192], [6, 178, 14, 187, 24, 96, 175, 48]]",false
127,23120,5202,OR-opt,CMT5.vrp,"[[8, 167, 84, 189, 107, 104, 42, 93, 21, 166, 59], [130, 182, 144, 146, 73, 97, 50, 51, 108, 123, 5], [30, 103, 174, 156, 113, 89, 185, 183, 23, 191, 195, 159, 106, 11], [54, 140, 91, 115, 53, 33, 92, 148, 163, 165, 85, 179, 157], [17, 81, 151, 56, 109, 39, 164, 20, 173, 137, 186, 105, 139], [64, 154, 58, 7, 188, 141, 197, 116, 76, 150, 77, 128, 122, 28, 101, 172], [37, 29, 184, 196, 136, 143, 170, 142, 127, 149, 98, 99], [10, 112, 90, 95, 102, 110, 57, 135, 66, 41, 45, 46], [74, 31, 52, 120, 168, 131, 190, 68, 61, 161, 49, 26, 134], [55, 35, 70, 12, 44, 160, 43, 83, 94, 198, 132, 88, 19], [2, 78, 9, 22, 126, 69, 169, 147, 124, 176], [138, 155, 193, 153, 13, 199, 16, 133, 38, 1], [180, 118, 111, 72, 75, 145, 86, 117, 114, 129, 34, 60], [40, 158, 152, 125, 119, 100, 32, 63, 15, 82], [162, 177, 36, 4, 62, 18, 65, 87, 47, 121, 71], [67, 25, 181, 194, 3, 80, 27, 171, 79, 192], [6, 178, 14, 187, 24, 96, 175, 48]]",false
128,23228,5179,OR-opt,CMT5.vrp,"[[8, 167, 84, 189, 107, 104, 42, 93, 21, 166, 59], [130, 182, 144, 146, 73, 97, 50, 51, 108, 123, 5], [30, 103, 174, 156, 113, 89, 185, 183, 23, 191, 195, 159, 106, 11], [54, 140, 91, 115, 53, 33, 92, 148, 163, 165, 85, 179, 157], [17, 81, 151, 56, 109, 39, 164, 20, 173, 137, 186, 105, 139], [188, 116, 141, 197, 64, 154, 58, 7, 76, 150, 77, 128, 122, 28, 101, 172], [37, 29, 184, 196, 136, 143, 170, 142, 127, 149, 98, 99], [10, 112, 90, 95, 102, 110, 57, 135, 66, 41, 45, 46], [74, 31, 52, 120, 168, 131, 190, 68, 61, 161, 49, 26, 134], [55, 35, 70, 12, 44, 160, 43, 83, 94, 198, 132, 88, 19], [2, 78, 9, 22, 126, 69, 169, 147, 124, 176], [138, 155, 193, 153, 13, 199, 16, 133, 38, 1], [180, 118, 111, 72, 75, 145, 86, 117, 114, 129, 34, 60], [40, 158, 152, 125, 119, 100, 32, 63, 15, 82], [162, 177, 36, 4, 62, 18, 65, 87, 47, 121, 71], [67, 25, 181, 194, 3, 80, 27, 171, 79, 192], [6, 178, 14, 187, 24, 96, 175, 48]]",false
129,23398,5174,OR-opt,CMT5.vrp,"[[8, 167, 84, 189, 107, 104, 42, 93, 21, 166, 59], [130, 182, 144, 146, 73, 97, 50, 51, 108, 123, 5], [30, 103, 174, 156, 113, 89, 185, 183, 23, 191, 195, 159, 106, 11], [54, 140, 91, 115, 53, 33, 92, 148, 163, 165, 85, 179, 157], [17, 81, 151, 56, 109, 39, 164, 20, 173, 137, 186, 105, 139], [188, 197, 116, 141, 64, 154, 58, 7, 76, 150, 77, 128, 122, 28, 101, 172], [37, 29, 184, 196, 136, 143, 170, 142, 127, 149, 98, 99], [10, 112, 90, 95, 102, 110, 57, 135, 66, 41, 45, 46], [74, 31, 52, 120, 168, 131, 190, 68, 61, 161, 49, 26, 134], [55, 35, 70, 12, 44, 160, 43, 83, 94, 198, 132, 88, 19], [2, 78, 9, 22, 126, 69, 169, 147, 124, 176], [138, 155, 193, 153, 13, 199, 16, 133, 38, 1], [180, 118, 111, 72, 75, 145, 86, 117, 114, 129, 34, 60], [40, 158, 152, 125, 119, 100, 32, 63, 15, 82], [162, 177, 36, 4, 62, 18, 65, 87, 47, 121, 71], [67, 25, 181, 194, 3, 80, 27, 171, 79, 192], [6, 178, 14, 187, 24, 96, 175, 48]]",false
130,23546,5170,OR-opt,CMT5.vrp,"[[8, 167, 84, 189, 107, 104, 42, 93, 21, 166, 59], [130, 182, 144, 146, 73, 97, 50, 51, 108, 123, 5], [30, 103, 174, 156, 113, 89, 185, 183, 23, 191, 195, 159, 106, 11], [54, 140, 91, 115, 53, 33, 92, 148, 163, 165, 85, 179, 157], [17, 81, 151, 56, 109, 39, 164, 20, 173, 137, 186, 105, 139], [188, 116, 141, 197, 64, 154, 58, 7, 150, 77, 76, 128, 122, 28, 101, 172], [37, 29, 184, 196, 136, 143, 170, 142, 127, 149, 98, 99], [10, 112, 90, 95, 102, 110, 57, 135, 66, 41, 45, 46], [74, 31, 52, 120, 168, 131, 190, 68, 61, 161, 49, 26, 134], [55, 35, 70, 12, 44, 160, 43, 83, 94, 198, 132, 88, 19], [2, 78, 9, 22, 126, 69, 169, 147, 124, 176], [138, 155, 193, 153, 13, 199, 16, 133, 38, 1], [180, 118, 111, 72, 75, 145, 86, 117, 114, 129, 34, 60], [40, 158, 152, 125, 119, 100, 32, 63, 15, 82], [162, 177, 36, 4, 62, 18, 65, 87, 47, 121, 71], [67, 25, 181, 194, 3, 80, 27, 171, 79, 192], [6, 178, 14, 187, 24, 96, 175, 48]]",false
131,23626,5164,OR-opt,CMT5.vrp,"[[8, 167, 84, 189, 107, 104, 42, 93, 21, 166, 59], [130, 182, 144, 146, 73, 97, 50, 51, 108, 123, 5], [30, 103, 174, 156, 113, 89, 185, 183, 23, 191, 195, 159, 106, 11], [54, 140, 91, 115, 53, 33, 92, 148, 163, 165, 85, 179, 157], [17, 81, 151, 56, 109, 39, 164, 20, 173, 137, 186, 105, 139], [188, 116, 141, 197, 28, 101, 64, 154, 58, 7, 76, 150, 77, 128, 122, 172], [37, 29, 184, 196, 136, 143, 170, 142, 127, 149, 98, 99], [10, 112, 90, 95, 102, 110, 57, 135, 66, 41, 45, 46], [74, 31, 52, 120, 168, 131, 190, 68, 61, 161, 49, 26, 134], [55, 35, 70, 12, 44, 160, 43, 83, 94, 198, 132, 88, 19], [2, 78, 9, 22, 126, 69, 169, 147, 124, 176], [138, 155, 193, 153, 13, 199, 16, 133, 38, 1], [180, 118, 111, 72, 75, 145, 86, 117, 114, 129, 34, 60], [40, 158, 152, 125, 119, 100, 32, 63, 15, 82], [162, 177, 36, 4, 62, 18, 65, 87, 47, 121, 71], [67, 25, 181, 194, 3, 80, 27, 171, 79, 192], [6, 178, 14, 187, 24, 96, 175, 48]]",false
132,23704,5159,OR-opt,CMT5.vrp,"[[8, 167, 84, 189, 107, 104, 42, 93, 21, 166, 59], [130, 182, 144, 146, 73, 97, 50, 51, 108, 123, 5], [30, 103, 174, 156, 113, 89, 185, 183, 23, 191, 195, 159, 106, 11], [54, 140, 91, 115, 53, 33, 92, 148, 163, 165, 85, 179, 157], [17, 81, 151, 56, 109, 39, 164, 20, 173, 137, 186, 105, 139], [188, 197, 116, 141, 28, 101, 64, 154, 58, 7, 76, 150, 77, 128, 122, 172], [37, 29, 184, 196, 136, 143, 170, 142, 127, 149, 98, 99], [10, 112, 90, 95, 102, 110, 57, 135, 66, 41, 45, 46], [74, 31, 52, 120, 168, 131, 190, 68, 61, 161, 49, 26, 134], [55, 35, 70, 12, 44, 160, 43, 83, 94, 198, 132, 88, 19], [2, 78, 9, 22, 126, 69, 169, 147, 124, 176], [138, 155, 193, 153, 13, 199, 16, 133, 38, 1], [180, 118, 111, 72, 75, 145, 86, 117, 114, 129, 34, 60], [40, 158, 152, 125, 119, 100, 32, 63, 15, 82], [162, 177, 36, 4, 62, 18, 65, 87, 47, 121, 71], [67, 25, 181, 194, 3, 80, 27, 171, 79, 192], [6, 178, 14, 187, 24, 96, 175, 48]]",false
133,23867,5155,OR-opt,CMT5.vrp,"[[8, 167, 84, 189, 107, 104, 42, 93, 21, 166, 59], [130, 182, 144, 146, 73, 97, 50, 51, 108, 123, 5], [30, 103, 174, 156, 113, 89, 185, 183, 23, 191, 195, 159, 106, 11], [54, 140, 91, 115, 53, 33, 92, 148, 163, 165, 85, 179, 157], [17, 81, 151, 56, 109, 39, 164, 20, 173, 137, 186, 105, 139], [188, 116, 141, 197, 28, 101, 64, 154, 58, 7, 150, 77, 76, 128, 122, 172], [37, 29, 184, 196, 136, 143, 170, 142, 127, 149, 98, 99], [10, 112, 90, 95, 102, 110, 57, 135, 66, 41, 45, 46], [74, 31, 52, 120, 168, 131, 190, 68, 61, 161, 49, 26, 134], [55, 35, 70, 12, 44, 160, 43, 83, 94, 198, 132, 88, 19], [2, 78, 9, 22, 126, 69, 169, 147, 124, 176], [138, 155, 193, 153, 13, 199, 16, 133, 38, 1], [180, 118, 111, 72, 75, 145, 86, 117, 114, 129, 34, 60], [40, 158, 152, 125, 119, 100, 32, 63, 15, 82], [162, 177, 36, 4, 62, 18, 65, 87, 47, 121, 71], [67, 25, 181, 194, 3, 80, 27, 171, 79, 192], [6, 178, 14, 187, 24, 96, 175, 48]]",false
134,23926,5149,OR-opt,CMT5.vrp,"[[8, 167, 84, 189, 107, 104, 42, 93, 21, 166, 59], [130, 182, 144, 146, 73, 97, 50, 51, 108, 123, 5], [30, 103, 174, 156, 113, 89, 185, 183, 23, 191, 195, 159, 106, 11], [54, 140, 91, 115, 53, 33, 92, 148, 163, 165, 85, 179, 157], [17, 81, 151, 56, 109, 39, 164, 20, 173, 137, 186, 105, 139], [188, 116, 141, 197, 28, 101, 64, 122, 172, 154, 58, 7, 76, 150, 77, 128], [37, 29, 184, 196, 136, 143, 170, 142, 127, 149, 98, 99], [10, 112, 90, 95, 102, 110, 57, 135, 66, 41, 45, 46], [74, 31, 52, 120, 168, 131, 190, 68, 61, 161, 49, 26, 134], [55, 35, 70, 12, 44, 160, 43, 83, 94, 198, 132, 88, 19], [2, 78, 9, 22, 126, 69, 169, 147, 124, 176], [138, 155, 193, 153, 13, 199, 16, 133, 38, 1], [180, 118, 111, 72, 75, 145, 86, 117, 114, 129, 34, 60], [40, 158, 152, 125, 119, 100, 32, 63, 15, 82], [162, 177, 36, 4, 62, 18, 65, 87, 47, 121, 71], [67, 25, 181, 194, 3, 80, 27, 171, 79, 192], [6, 178, 14, 187, 24, 96, 175, 48]]",false
135,23971,5144,OR-opt,CMT5.vrp,"[[8, 167, 84, 189, 107, 104, 42, 93, 21, 166, 59], [130, 182, 144, 146, 73, 97, 50, 51, 108, 123, 5], [30, 103, 174, 156, 113, 89, 185, 183, 23, 191, 195, 159, 106, 11], [54, 140, 91, 115, 53, 33, 92, 148, 163, 165, 85, 179, 157], [17, 81, 151, 56, 109, 39, 164, 20, 173, 137, 186, 105, 139], [188, 197, 116, 141, 28, 101, 64, 122, 172, 154, 58, 7, 76, 150, 77, 128], [37, 29, 184, 196, 136, 143, 170, 142, 127, 149, 98, 99], [10, 112, 90, 95, 102, 110, 57, 135, 66, 41, 45, 46], [74, 31, 52, 120, 168, 131, 190, 68, 61, 161, 49, 26, 134], [55, 35, 70, 12, 44, 160, 43, 83, 94, 198, 132, 88, 19], [2, 78, 9, 22, 126, 69, 169, 147, 124, 176], [138, 155, 193, 153, 13, 199, 16, 133, 38, 1], [180, 118, 111, 72, 75, 145, 86, 117, 114, 129, 34, 60], [40, 158, 152, 125, 119, 100, 32, 63, 15, 82], [162, 177, 36, 4, 62, 18, 65, 87, 47, 121, 71], [67, 25, 181, 194, 3, 80, 27, 171, 79, 192], [6, 178, 14, 187, 24, 96, 175, 48]]",false
136,24166,5136,OR-opt,CMT5.vrp,"[[8, 167, 84, 189, 107, 104, 42, 93, 21, 166, 59], [130, 182, 144, 146, 73, 97, 50, 51, 108, 123, 5], [30, 103, 174, 156, 113, 89, 185, 183, 23, 191, 195, 159, 106, 11], [54, 140, 91, 115, 53, 33, 92, 148, 163, 165, 85, 179, 157], [17, 81, 151, 56, 109, 39, 164, 20, 173, 137, 186, 105, 139], [188, 116, 141, 197, 28, 101, 64, 122, 172, 154, 58, 150, 77, 128, 7, 76], [37, 29, 184, 196, 136, 143, 170, 142, 127, 149, 98, 99], [10, 112, 90, 95, 102, 110, 57, 135, 66, 41, 45, 46], [74, 31, 52, 120, 168, 131, 190, 68, 61, 161, 49, 26, 134], [55, 35, 70, 12, 44, 160, 43, 83, 94, 198, 132, 88, 19], [2, 78, 9, 22, 126, 69, 169, 147, 124, 176], [138, 155, 193, 153, 13, 199, 16, 133, 38, 1], [180, 118, 111, 72, 75, 145, 86, 117, 114, 129, 34, 60], [40, 158, 152, 125, 119, 100, 32, 63, 15, 82], [162, 177, 36, 4, 62, 18, 65, 87, 47, 121, 71], [67, 25, 181, 194, 3, 80, 27, 171, 79, 192], [6, 178, 14, 187, 24, 96, 175, 48]]",false
137,24251,5131,OR-opt,CMT5.vrp,"[[8, 167, 84, 189, 107, 104, 42, 93, 21, 166, 59], [130, 182, 144, 146, 73, 97, 50, 51, 108, 123, 5], [30, 103, 174, 156, 113, 89, 185, 183, 23, 191, 195, 159, 106, 11], [54, 140, 91, 115, 53, 33, 92, 148, 163, 165, 85, 179, 157], [17, 81, 151, 56, 109, 39, 164, 20, 173, 137, 186, 105, 139], [188, 197, 116, 141, 28, 101, 64, 122, 172, 154, 58, 150, 77, 128, 7, 76], [37, 29, 184, 196, 136, 143, 170, 142, 127, 149, 98, 99], [10, 112, 90, 95, 102, 110, 57, 135, 66, 41, 45, 46], [74, 31, 52, 120, 168, 131, 190, 68, 61, 161, 49, 26, 134], [55, 35, 70, 12, 44, 160, 43, 83, 94, 198, 132, 88, 19], [2, 78, 9, 22, 126, 69, 169, 147, 124, 176], [138, 155, 193, 153, 13, 199, 16, 133, 38, 1], [180, 118, 111, 72, 75, 145, 86, 117, 114, 129, 34, 60], [40, 158, 152, 125, 119, 100, 32, 63, 15, 82], [162, 177, 36, 4, 62, 18, 65, 87, 47, 121, 71], [67, 25, 181, 194, 3, 80, 27, 171, 79, 192], [6, 178, 14, 187, 24, 96, 175, 48]]",false
138,24427,5117,OR-opt,CMT5.vrp,"[[8, 167, 84, 189, 107, 104, 42, 93, 21, 166, 59], [130, 182, 144, 146, 73, 97, 50, 51, 108, 123, 5], [30, 103, 174, 156, 113, 89, 185, 183, 23, 191, 195, 159, 106, 11], [54, 140, 91, 115, 53, 33, 92, 148, 163, 165, 85, 179, 157], [17, 81, 151, 56, 109, 39, 164, 20, 173, 137, 186, 105, 139], [188, 116, 141, 197, 28, 101, 64, 122, 172, 154, 58, 128, 150, 77, 7, 76], [37, 29, 184, 196, 136, 143, 170, 142, 127, 149, 98, 99], [10, 112, 90, 95, 102, 110, 57, 135, 66, 41, 45, 46], [74, 31, 52, 120, 168, 131, 190, 68, 61, 161, 49, 26, 134], [55, 35, 70, 12, 44, 160, 43, 83, 94, 198, 132, 88, 19], [2, 78, 9, 22, 126, 69, 169, 147, 124, 176], [138, 155, 193, 153, 13, 199, 16, 133, 38, 1], [180, 118, 111, 72, 75, 145, 86, 117, 114, 129, 34, 60], [40, 158, 152, 125, 119, 100, 32, 63, 15, 82], [162, 177, 36, 4, 62, 18, 65, 87, 47, 121, 71], [67, 25, 181, 194, 3, 80, 27, 171, 79, 192], [6, 178, 14, 187, 24, 96, 175, 48]]",false
139,24454,5104,OR-opt,CMT5.vrp,"[[8, 167, 84, 189, 107, 104, 42, 93, 21, 166, 59], [130, 182, 144, 146, 73, 97, 50, 51, 108, 123, 5], [30, 103, 174, 156, 113, 89, 185, 183, 23, 191, 195, 159, 106, 11], [54, 140, 91, 115, 53, 33, 92, 148, 163, 165, 85, 179, 157], [17, 81, 151, 56, 109, 39, 164, 20, 173, 137, 186, 105, 139], [188, 116, 141, 197, 28, 101, 64, 122, 172, 154, 58, 128, 7, 150, 77, 76], [37, 29, 184, 196, 136, 143, 170, 142, 127, 149, 98, 99], [10, 112, 90, 95, 102, 110, 57, 135, 66, 41, 45, 46], [74, 31, 52, 120, 168, 131, 190, 68, 61, 161, 49, 26, 134], [55, 35, 70, 12, 44, 160, 43, 83, 94, 198, 132, 88, 19], [2, 78, 9, 22, 126, 69, 169, 147, 124, 176], [138, 155, 193, 153, 13, 199, 16, 133, 38, 1], [180, 118, 111, 72, 75, 145, 86, 117, 114, 129, 34, 60], [40, 158, 152, 125, 119, 100, 32, 63, 15, 82], [162, 177, 36, 4, 62, 18, 65, 87, 47, 121, 71], [67, 25, 181, 194, 3, 80, 27, 171, 79, 192], [6, 178, 14, 187, 24, 96, 175, 48]]",false
140,24534,5099,OR-opt,CMT5.vrp,"[[8, 167, 84, 189, 107, 104, 42, 93, 21, 166, 59], [130, 182, 144, 146, 73, 97, 50, 51, 108, 123, 5], [30, 103, 174, 156, 113, 89, 185, 183, 23, 191, 195, 159, 106, 11], [54, 140, 91, 115, 53, 33, 92, 148, 163, 165, 85, 179, 157], [17, 81, 151, 56, 109, 39, 164, 20, 173, 137, 186, 105, 139], [188, 197, 116, 141, 28, 101, 64, 122, 172, 154, 58, 128, 7, 150, 77, 76], [37, 29, 184, 196, 136, 143, 170, 142, 127, 149, 98, 99], [10, 112, 90, 95, 102, 110, 57, 135, 66, 41, 45, 46], [74, 31, 52, 120, 168, 131, 190, 68, 61, 161, 49, 26, 134], [55, 35, 70, 12, 44, 160, 43, 83, 94, 198, 132, 88, 19], [2, 78, 9, 22, 126, 69, 169, 147, 124, 176], [138, 155, 193, 153, 13, 199, 16, 133, 38, 1], [180, 118, 111, 72, 75, 145, 86, 117, 114, 129, 34, 60], [40, 158, 152, 125, 119, 100, 32, 63, 15, 82], [162, 177, 36, 4, 62, 18, 65, 87, 47, 121, 71], [67, 25, 181, 194, 3, 80, 27, 171, 79, 192], [6, 178, 14, 187, 24, 96, 175, 48]]",false
141,24854,5099,OR-opt,CMT5.vrp,"[[8, 167, 84, 189, 107, 104, 42, 93, 21, 166, 59], [130, 182, 144, 146, 73, 97, 50, 51, 108, 123, 5], [30, 103, 174, 156, 113, 89, 185, 183, 23, 191, 195, 159, 106, 11], [54, 140, 91, 115, 53, 33, 92, 148, 163, 165, 85, 179, 157], [17, 81, 151, 56, 109, 39, 164, 20, 173, 137, 186, 105, 139], [188, 197, 116, 141, 28, 101, 172, 64, 122, 154, 58, 128, 7, 150, 77, 76], [37, 29, 184, 196, 136, 143, 170, 142, 127, 149, 98, 99], [10, 112, 90, 95, 102, 110, 57, 135, 66, 41, 45, 46], [74, 31, 52, 120, 168, 131, 190, 68, 61, 161, 49, 26, 134], [55, 35, 70, 12, 44, 160, 43, 83, 94, 198, 132, 88, 19], [2, 78, 9, 22, 126, 69, 169, 147, 124, 176], [138, 155, 193, 153, 13, 199, 16, 133, 38, 1], [180, 118, 111, 72, 75, 145, 86, 117, 114, 129, 34, 60], [40, 158, 152, 125, 119, 100, 32, 63, 15, 82], [162, 177, 36, 4, 62, 18, 65, 87, 47, 121, 71], [67, 25, 181, 194, 3, 80, 27, 171, 79, 192], [6, 178, 14, 187, 24, 96, 175, 48]]",false
142,25088,5086,OR-opt,CMT5.vrp,"[[8, 167, 84, 189, 107, 104, 42, 93, 21, 166, 59], [130, 182, 144, 146, 73, 97, 50, 51, 108, 123, 5], [30, 103, 174, 156, 113, 89, 185, 183, 23, 191, 195, 159, 106, 11], [54, 140, 91, 115, 53, 33, 92, 148, 163, 165, 85, 179, 157], [17, 81, 151, 56, 109, 39, 164, 20, 173, 137, 186, 105, 139], [188, 197, 116, 141, 28, 64, 101, 172, 122, 154, 58, 128, 7, 150, 77, 76], [37, 29, 184, 196, 136, 143, 170, 142, 127, 149, 98, 99], [10, 112, 90, 95, 102, 110, 57, 135, 66, 41, 45, 46], [74, 31, 52, 120, 168, 131, 190, 68, 61, 161, 49, 26, 134], [55, 35, 70, 12, 44, 160, 43, 83, 94, 198, 132, 88, 19], [2, 78, 9, 22, 126, 69, 169, 147, 124, 176], [138, 155, 193, 153, 13, 199, 16, 133, 38, 1], [180, 118, 111, 72, 75, 145, 86, 117, 114, 129, 34, 60], [40, 158, 152, 125, 119, 100, 32, 63, 15, 82], [162, 177, 36, 4, 62, 18, 65, 87, 47, 121, 71], [67, 25, 181, 194, 3, 80, 27, 171, 79, 192], [6, 178, 14, 187, 24, 96, 175, 48]]",false
143,25312,5085,OR-opt,CMT5.vrp,"[[8, 167, 84, 189, 107, 104, 42, 93, 21, 166, 59], [130, 182, 144, 146, 73, 97, 50, 51, 108, 123, 5], [30, 103, 174, 156, 113, 89, 185, 183, 23, 191, 195, 159, 106, 11], [54, 140, 91, 115, 53, 33, 92, 148, 163, 165, 85, 179, 157], [17, 81, 151, 56, 109, 39, 164, 20, 173, 137, 186, 105, 139], [188, 197, 116, 141, 101, 28, 64, 172, 122, 154, 58, 128, 7, 150, 77, 76], [37, 29, 184, 196, 136, 143, 170, 142, 127, 149, 98, 99], [10, 112, 90, 95, 102, 110, 57, 135, 66, 41, 45, 46], [74, 31, 52, 120, 168, 131, 190, 68, 61, 161, 49, 26, 134], [55, 35, 70, 12, 44, 160, 43, 83, 94, 198, 132, 88, 19], [2, 78, 9, 22, 126, 69, 169, 147, 124, 176], [138, 155, 193, 153, 13, 199, 16, 133, 38, 1], [180, 118, 111, 72, 75, 145, 86, 117, 114, 129, 34, 60], [40, 158, 152, 125, 119, 100, 32, 63, 15, 82], [162, 177, 36, 4, 62, 18, 65, 87, 47, 121, 71], [67, 25, 181, 194, 3, 80, 27, 171, 79, 192], [6, 178, 14, 187, 24, 96, 175, 48]]",false
144,25728,5060,OR-opt,CMT5.vrp,"[[8, 167, 84, 189, 107, 104, 42, 93, 21, 166, 59], [130, 182, 144, 146, 73, 97, 50, 51, 108, 123, 5], [30, 103, 174, 156, 113, 89, 185, 183, 23, 191, 195, 159, 106, 11], [54, 140, 91, 115, 53, 33, 92, 148, 163, 165, 85, 179, 157], [17, 81, 151, 56, 109, 39, 164, 20, 173, 137, 186, 105, 139], [188, 197, 116, 141, 101, 28, 64, 172, 122, 154, 58, 128, 7, 150, 77, 76], [184, 196, 136, 143, 37, 29, 170, 142, 127, 149, 98, 99], [10, 112, 90, 95, 102, 110, 57, 135, 66, 41, 45, 46], [74, 31, 52, 120, 168, 131, 190, 68, 61, 161, 49, 26, 134], [55, 35, 70, 12, 44, 160, 43, 83, 94, 198, 132, 88, 19], [2, 78, 9, 22, 126, 69, 169, 147, 124, 176], [138, 155, 193, 153, 13, 199, 16, 133, 38, 1], [180, 118, 111, 72, 75, 145, 86, 117, 114, 129, 34, 60], [40, 158, 152, 125, 119, 100, 32, 63, 15, 82], [162, 177, 36, 4, 62, 18, 65, 87, 47, 121, 71], [67, 25, 181, 194, 3, 80, 27, 171, 79, 192], [6, 178, 14, 187, 24, 96, 175, 48]]",false
145,25761,5057,OR-opt,CMT5.vrp,"[[8, 167, 84, 189, 107, 104, 42, 93, 21, 166, 59], [130, 182, 144, 146, 73, 97, 50, 51, 108, 123, 5], [30, 103, 174, 156, 113, 89, 185, 183, 23, 191, 195, 159, 106, 11], [54, 140, 91, 115, 53, 33, 92, 148, 163, 165, 85, 179, 157], [17, 81, 151, 56, 109, 39, 164, 20, 173, 137, 186, 105, 139], [188, 197, 116, 141, 101, 28, 64, 172, 122, 154, 58, 128, 7, 150, 77, 76], [184, 196, 136, 143, 170, 37, 29, 142, 127, 149, 98, 99], [10, 112, 90, 95, 102, 110, 57, 135, 66, 41, 45, 46], [74, 31, 52, 120, 168, 131, 190, 68, 61, 161, 49, 26, 134], [55, 35, 70, 12, 44, 160, 43, 83, 94, 198, 132, 88, 19], [2, 78, 9, 22, 126, 69, 169, 147, 124, 176], [138, 155, 193, 153, 13, 199, 16, 133, 38, 1], [180, 118, 111, 72, 75, 145, 86, 117, 114, 129, 34, 60], [40, 158, 152, 125, 119, 100, 32, 63, 15, 82], [162, 177, 36, 4, 62, 18, 65, 87, 47, 121, 71], [67, 25, 181, 194, 3, 80, 27, 171, 79, 192], [6, 178, 14, 187, 24, 96, 175, 48]]",false
146,25790,5056,OR-opt,CMT5.vrp,"[[8, 167, 84, 189, 107, 104, 42, 93, 21, 166, 59], [130, 182, 144, 146, 73, 97, 50, 51, 108, 123, 5], [30, 103, 174, 156, 113, 89, 185, 183, 23, 191, 195, 159, 106, 11], [54, 140, 91, 115, 53, 33, 92, 148, 163, 165, 85, 179, 157], [17, 81, 151, 56, 109, 39, 164, 20, 173, 137, 186, 105, 139], [188, 197, 116, 141, 101, 28, 64, 172, 122, 154, 58, 128, 7, 150, 77, 76], [184, 196, 136, 143, 170, 142, 37, 29, 127, 149, 98, 99], [10, 112, 90, 95, 102, 110, 57, 135, 66, 41, 45, 46], [74, 31, 52, 120, 168, 131, 190, 68, 61, 161, 49, 26, 134], [55, 35, 70, 12, 44, 160, 43, 83, 94, 198, 132, 88, 19], [2, 78, 9, 22, 126, 69, 169, 147, 124, 176], [138, 155, 193, 153, 13, 199, 16, 133, 38, 1], [180, 118, 111, 72, 75, 145, 86, 117, 114, 129, 34, 60], [40, 158, 152, 125, 119, 100, 32, 63, 15, 82], [162, 177, 36, 4, 62, 18, 65, 87, 47, 121, 71], [67, 25, 181, 194, 3, 80, 27, 171, 79, 192], [6, 178, 14, 187, 24, 96, 175, 48]]",false
147,25870,5031,OR-opt,CMT5.vrp,"[[8, 167, 84, 189, 107, 104, 42, 93, 21, 166, 59], [130, 182, 144, 146, 73, 97, 50, 51, 108, 123, 5], [30, 103, 174, 156, 113, 89, 185, 183, 23, 191, 195, 159, 106, 11], [54, 140, 91, 115, 53, 33, 92, 148, 163, 165, 85, 179, 157], [17, 81, 151, 56, 109, 39, 164, 20, 173, 137, 186, 105, 139], [188, 197, 116, 141, 101, 28, 64, 172, 122, 154, 58, 128, 7, 150, 77, 76], [37, 29, 184, 196, 136, 142, 143, 170, 127, 149, 98, 99], [10, 112, 90, 95, 102, 110, 57, 135, 66, 41, 45, 46], [74, 31, 52, 120, 168, 131, 190, 68, 61, 161, 49, 26, 134], [55, 35, 70, 12, 44, 160, 43, 83, 94, 198, 132, 88, 19], [2, 78, 9, 22, 126, 69, 169, 147, 124, 176], [138, 155, 193, 153, 13, 199, 16, 133, 38, 1], [180, 118, 111, 72, 75, 145, 86, 117, 114, 129, 34, 60], [40, 158, 152, 125, 119, 100, 32, 63, 15, 82], [162, 177, 36, 4, 62, 18, 65, 87, 47, 121, 71], [67, 25, 181, 194, 3, 80, 27, 171, 79, 192], [6, 178, 14, 187, 24, 96, 175, 48]]",false
148,25920,5004,OR-opt,CMT5.vrp,"[[8, 167, 84, 189, 107, 104, 42, 93, 21, 166, 59], [130, 182, 144, 146, 73, 97, 50, 51, 108, 123, 5], [30, 103, 174, 156, 113, 89, 185, 183, 23, 191, 195, 159, 106, 11], [54, 140, 91, 115, 53, 33, 92, 148, 163, 165, 85, 179, 157], [17, 81, 151, 56, 109, 39, 164, 20, 173, 137, 186, 105, 139], [188, 197, 116, 141, 101, 28, 64, 172, 122, 154, 58, 128, 7, 150, 77, 76], [37, 29, 184, 196, 136, 143, 142, 127, 170, 149, 98, 99], [10, 112, 90, 95, 102, 110, 57, 135, 66, 41, 45, 46], [74, 31, 52, 120, 168, 131, 190, 68, 61, 161, 49, 26, 134], [55, 35, 70, 12, 44, 160, 43, 83, 94, 198, 132, 88, 19], [2, 78, 9, 22, 126, 69, 169, 147, 124, 176], [138, 155, 193, 153, 13, 199, 16, 133, 38, 1], [180, 118, 111, 72, 75, 145, 86, 117, 114, 129, 34, 60], [40, 158, 152, 125, 119, 100, 32, 63, 15, 82], [162, 177, 36, 4, 62, 18, 65, 87, 47, 121, 71], [67, 25, 181, 194, 3, 80, 27, 171, 79, 192], [6, 178, 14, 187, 24, 96, 175, 48]]",false
149,25989,4975,OR-opt,CMT5.vrp,"[[8, 167, 84, 189, 107, 104, 42, 93, 21, 166, 59], [130, 182, 144, 146, 73, 97, 50, 51, 108, 123, 5], [30, 103, 174, 156, 113, 89, 185, 183, 23, 191, 195, 159, 106, 11], [54, 140, 91, 115, 53, 33, 92, 148, 163, 165, 85, 179, 157], [17, 81, 151, 56, 109, 39, 164, 20, 173, 137, 186, 105, 139], [188, 197, 116, 141, 101, 28, 64, 172, 122, 154, 58, 128, 7, 150, 77, 76], [184, 196, 136, 143, 142, 37, 29, 127, 170, 149, 98, 99], [10, 112, 90, 95, 102, 110, 57, 135, 66, 41, 45, 46], [74, 31, 52, 120, 168, 131, 190, 68, 61, 161, 49, 26, 134], [55, 35, 70, 12, 44, 160, 43, 83, 94, 198, 132, 88, 19], [2, 78, 9, 22, 126, 69, 169, 147, 124, 176], [138, 155, 193, 153, 13, 199, 16, 133, 38, 1], [180, 118, 111, 72, 75, 145, 86, 117, 114, 129, 34, 60], [40, 158, 152, 125, 119, 100, 32, 63, 15, 82], [162, 177, 36, 4, 62, 18, 65, 87, 47, 121, 71], [67, 25, 181, 194, 3, 80, 27, 171, 79, 192], [6, 178, 14, 187, 24, 96, 175, 48]]",false
150,26134,4963,OR-opt,CMT5.vrp,"[[8, 167, 84, 189, 107, 104, 42, 93, 21, 166, 59], [130, 182, 144, 146, 73, 97, 50, 51, 108, 123, 5], [30, 103, 174, 156, 113, 89, 185, 183, 23, 191, 195, 159, 106, 11], [54, 140, 91, 115, 53, 33, 92, 148, 163, 165, 85, 179, 157], [17, 81, 151, 56, 109, 39, 164, 20, 173, 137, 186, 105, 139], [188, 197, 116, 141, 101, 28, 64, 172, 122, 154, 58, 128, 7, 150, 77, 76], [196, 136, 184, 143, 142, 37, 29, 127, 170, 149, 98, 99], [10, 112, 90, 95, 102, 110, 57, 135, 66, 41, 45, 46], [74, 31, 52, 120, 168, 131, 190, 68, 61, 161, 49, 26, 134], [55, 35, 70, 12, 44, 160, 43, 83, 94, 198, 132, 88, 19], [2, 78, 9, 22, 126, 69, 169, 147, 124, 176], [138, 155, 193, 153, 13, 199, 16, 133, 38, 1], [180, 118, 111, 72, 75, 145, 86, 117, 114, 129, 34, 60], [40, 158, 152, 125, 119, 100, 32, 63, 15, 82], [162, 177, 36, 4, 62, 18, 65, 87, 47, 121, 71], [67, 25, 181, 194, 3, 80, 27, 171, 79, 192], [6, 178, 14, 187, 24, 96, 175, 48]]",false
151,26924,4959,OR-opt,CMT5.vrp,"[[8, 167, 84, 189, 107, 104, 42, 93, 21, 166, 59], [130, 182, 144, 146, 73, 97, 50, 51, 108, 123, 5], [30, 103, 174, 156, 113, 89, 185, 183, 23, 191, 195, 159, 106, 11], [54, 140, 91, 115, 53, 33, 92, 148, 163, 165, 85, 179, 157], [17, 81, 151, 56, 109, 39, 164, 20, 173, 137, 186, 105, 139], [188, 197, 116, 141, 101, 28, 64, 172, 122, 154, 58, 128, 7, 150, 77, 76], [184, 196, 136, 143, 142, 37, 29, 127, 98, 99, 170, 149], [10, 112, 90, 95, 102, 110, 57, 135, 66, 41, 45, 46], [74, 31, 52, 120, 168, 131, 190, 68, 61, 161, 49, 26, 134], [55, 35, 70, 12, 44, 160, 43, 83, 94, 198, 132, 88, 19], [2, 78, 9, 22, 126, 69, 169, 147, 124, 176], [138, 155, 193, 153, 13, 199, 16, 133, 38, 1], [180, 118, 111, 72, 75, 145, 86, 117, 114, 129, 34, 60], [40, 158, 152, 125, 119, 100, 32, 63, 15, 82], [162, 177, 36, 4, 62, 18, 65, 87, 47, 121, 71], [67, 25, 181, 194, 3, 80, 27, 171, 79, 192], [6, 178, 14, 187, 24, 96, 175, 48]]",false
152,27070,4955,OR-opt,CMT5.vrp,"[[8, 167, 84, 189, 107, 104, 42, 93, 21, 166, 59], [130, 182, 144, 146, 73, 97, 50, 51, 108, 123, 5], [30, 103, 174, 156, 113, 89, 185, 183, 23, 191, 195, 159, 106, 11], [54, 140, 91, 115, 53, 33, 92, 148, 163, 165, 85, 179, 157], [17, 81, 151, 56, 109, 39, 164, 20, 173, 137, 186, 105, 139], [188, 197, 116, 141, 101, 28, 64, 172, 122, 154, 58, 128, 7, 150, 77, 76], [184, 196, 136, 143, 142, 37, 29, 98, 99, 127, 170, 149], [10, 112, 90, 95, 102, 110, 57, 135, 66, 41, 45, 46], [74, 31, 52, 120, 168, 131, 190, 68, 61, 161, 49, 26, 134], [55, 35, 70, 12, 44, 160, 43, 83, 94, 198, 132, 88, 19], [2, 78, 9, 22, 126, 69, 169, 147, 124, 176], [138, 155, 193, 153, 13, 199, 16, 133, 38, 1], [180, 118, 111, 72, 75, 145, 86, 117, 114, 129, 34, 60], [40, 158, 152, 125, 119, 100, 32, 63, 15, 82], [162, 177, 36, 4, 62, 18, 65, 87, 47, 121, 71], [67, 25, 181, 194, 3, 80, 27, 171, 79, 192], [6, 178, 14, 187, 24, 96, 175, 48]]",false
153,27127,4944,OR-opt,CMT5.vrp,"[[8, 167, 84, 189, 107, 104, 42, 93, 21, 166, 59], [130, 182, 144, 146, 73, 97, 50, 51, 108, 123, 5], [30, 103, 174, 156, 113, 89, 185, 183, 23, 191, 195, 159, 106, 11], [54, 140, 91, 115, 53, 33, 92, 148, 163, 165, 85, 179, 157], [17, 81, 151, 56, 109, 39, 164, 20, 173, 137, 186, 105, 139], [188, 197, 116, 141, 101, 28, 64, 172, 122, 154, 58, 128, 7, 150, 77, 76], [196, 136, 184, 143, 142, 37, 29, 98, 99, 127, 170, 149], [10, 112, 90, 95, 102, 110, 57, 135, 66, 41, 45, 46], [74, 31, 52, 120, 168, 131, 190, 68, 61, 161, 49, 26, 134], [55, 35, 70, 12, 44, 160, 43, 83, 94, 198, 132, 88, 19], [2, 78, 9, 22, 126, 69, 169, 147, 124, 176], [138, 155, 193, 153, 13, 199, 16, 133, 38, 1], [180, 118, 111, 72, 75, 145, 86, 117, 114, 129, 34, 60], [40, 158, 152, 125, 119, 100, 32, 63, 15, 82], [162, 177, 36, 4, 62, 18, 65, 87, 47, 121, 71], [67, 25, 181, 194, 3, 80, 27, 171, 79, 192], [6, 178, 14, 187, 24, 96, 175, 48]]",false
154,27254,4937,OR-opt,CMT5.vrp,"[[8, 167, 84, 189, 107, 104, 42, 93, 21, 166, 59], [130, 182, 144, 146, 73, 97, 50, 51, 108, 123, 5], [30, 103, 174, 156, 113, 89, 185, 183, 23, 191, 195, 159, 106, 11], [54, 140, 91, 115, 53, 33, 92, 148, 163, 165, 85, 179, 157], [17, 81, 151, 56, 109, 39, 164, 20, 173, 137, 186, 105, 139], [188, 197, 116, 141, 101, 28, 64, 172, 122, 154, 58, 128, 7, 150, 77, 76], [184, 196, 136, 143, 142, 37, 29, 98, 99, 170, 149, 127], [10, 112, 90, 95, 102, 110, 57, 135, 66, 41, 45, 46], [74, 31, 52, 120, 168, 131, 190, 68, 61, 161, 49, 26, 134], [55, 35, 70, 12, 44, 160, 43, 83, 94, 198, 132, 88, 19], [2, 78, 9, 22, 126, 69, 169, 147, 124, 176], [138, 155, 193, 153, 13, 199, 16, 133, 38, 1], [180, 118, 111, 72, 75, 145, 86, 117, 114, 129, 34, 60], [40, 158, 152, 125, 119, 100, 32, 63, 15, 82], [162, 177, 36, 4, 62, 18, 65, 87, 47, 121, 71], [67, 25, 181, 194, 3, 80, 27, 171, 79, 192], [6, 178, 14, 187, 24, 96, 175, 48]]",false
155,27290,4926,OR-opt,CMT5.vrp,"[[8, 167, 84, 189, 107, 104, 42, 93, 21, 166, 59], [130, 182, 144, 146, 73, 97, 50, 51, 108, 123, 5], [30, 103, 174, 156, 113, 89, 185, 183, 23, 191, 195, 159, 106, 11], [54, 140, 91, 115, 53, 33, 92, 148, 163, 165, 85, 179, 157], [17, 81, 151, 56, 109, 39, 164, 20, 173, 137, 186, 105, 139], [188, 197, 116, 141, 101, 28, 64, 172, 122, 154, 58, 128, 7, 150, 77, 76], [196, 136, 184, 143, 142, 37, 29, 98, 99, 170, 149, 127], [10, 112, 90, 95, 102, 110, 57, 135, 66, 41, 45, 46], [74, 31, 52, 120, 168, 131, 190, 68, 61, 161, 49, 26, 134], [55, 35, 70, 12, 44, 160, 43, 83, 94, 198, 132, 88, 19], [2, 78, 9, 22, 126, 69, 169, 147, 124, 176], [138, 155, 193, 153, 13, 199, 16, 133, 38, 1], [180, 118, 111, 72, 75, 145, 86, 117, 114, 129, 34, 60], [40, 158, 152, 125, 119, 100, 32, 63, 15, 82], [162, 177, 36, 4, 62, 18, 65, 87, 47, 121, 71], [67, 25, 181, 194, 3, 80, 27, 171, 79, 192], [6, 178, 14, 187, 24, 96, 175, 48]]",false
156,28048,4901,OR-opt,CMT5.vrp,"[[8, 167, 84, 189, 107, 104, 42, 93, 21, 166, 59], [130, 182, 144, 146, 73, 97, 50, 51, 108, 123, 5], [30, 103, 174, 156, 113, 89, 185, 183, 23, 191, 195, 159, 106, 11], [54, 140, 91, 115, 53, 33, 92, 148, 163, 165, 85, 179, 157], [17, 81, 151, 56, 109, 39, 164, 20, 173, 137, 186, 105, 139], [188, 197, 116, 141, 101, 28, 64, 172, 122, 154, 58, 128, 7, 150, 77, 76], [196, 136, 184, 143, 142, 37, 29, 98, 99, 170, 149, 127], [90, 95, 102, 110, 57, 135, 10, 112, 66, 41, 45, 46], [74, 31, 52, 120, 168, 131, 190, 68, 61, 161, 49, 26, 134], [55, 35, 70, 12, 44, 160, 43, 83, 94, 198, 132, 88, 19], [2, 78, 9, 22, 126, 69, 169, 147, 124, 176], [138, 155, 193, 153, 13, 199, 16, 133, 38, 1], [180, 118, 111, 72, 75, 145, 86, 117, 114, 129, 34, 60], [40, 158, 152, 125, 119, 100, 32, 63, 15, 82], [162, 177, 36, 4, 62, 18, 65, 87, 47, 121, 71], [67, 25, 181, 194, 3, 80, 27, 171, 79, 192], [6, 178, 14, 187, 24, 96, 175, 48]]",false
157,28102,4899,OR-opt,CMT5.vrp,"[[8, 167, 84, 189, 107, 104, 42, 93, 21, 166, 59], [130, 182, 144, 146, 73, 97, 50, 51, 108, 123, 5], [30, 103, 174, 156, 113, 89, 185, 183, 23, 191, 195, 159, 106, 11], [54, 140, 91, 115, 53, 33, 92, 148, 163, 165, 85, 179, 157], [17, 81, 151, 56, 109, 39, 164, 20, 173, 137, 186, 105, 139], [188, 197, 116, 141, 101, 28, 64, 172, 122, 154, 58, 128, 7, 150, 77, 76], [196, 136, 184, 143, 142, 37, 29, 98, 99, 170, 149, 127], [10, 95, 102, 110, 57, 135, 112, 90, 66, 41, 45, 46], [74, 31, 52, 120, 168, 131, 190, 68, 61, 161, 49, 26, 134], [55, 35, 70, 12, 44, 160, 43, 83, 94, 198, 132, 88, 19], [2, 78, 9, 22, 126, 69, 169, 147, 124, 176], [138, 155, 193, 153, 13, 199, 16, 133, 38, 1], [180, 118, 111, 72, 75, 145, 86, 117, 114, 129, 34, 60], [40, 158, 152, 125, 119, 100, 32, 63, 15, 82], [162, 177, 36, 4, 62, 18, 65, 87, 47, 121, 71], [67, 25, 181, 194, 3, 80, 27, 171, 79, 192], [6, 178, 14, 187, 24, 96, 175, 48]]",false
158,28133,4870,OR-opt,CMT5.vrp,"[[8, 167, 84, 189, 107, 104, 42, 93, 21, 166, 59], [130, 182, 144, 146, 73, 97, 50, 51, 108, 123, 5], [30, 103, 174, 156, 113, 89, 185, 183, 23, 191, 195, 159, 106, 11], [54, 140, 91, 115, 53, 33, 92, 148, 163, 165, 85, 179, 157], [17, 81, 151, 56, 109, 39, 164, 20, 173, 137, 186, 105, 139], [188, 197, 116, 141, 101, 28, 64, 172, 122, 154, 58, 128, 7, 150, 77, 76], [196, 136, 184, 143, 142, 37, 29, 98, 99, 170, 149, 127], [10, 95, 102, 110, 57, 135, 66, 112, 90, 41, 45, 46], [74, 31, 52, 120, 168, 131, 190, 68, 61, 161, 49, 26, 134], [55, 35, 70, 12, 44, 160, 43, 83, 94, 198, 132, 88, 19], [2, 78, 9, 22, 126, 69, 169, 147, 124, 176], [138, 155, 193, 153, 13, 199, 16, 133, 38, 1], [180, 118, 111, 72, 75, 145, 86, 117, 114, 129, 34, 60], [40, 158, 152, 125, 119, 100, 32, 63, 15, 82], [162, 177, 36, 4, 62, 18, 65, 87, 47, 121, 71], [67, 25, 181, 194, 3, 80, 27, 171, 79, 192], [6, 178, 14, 187, 24, 96, 175, 48]]",false
159,28262,4851,OR-opt,CMT5.vrp,"[[8, 167, 84, 189, 107, 104, 42, 93, 21, 166, 59], [130, 182, 144, 146, 73, 97, 50, 51, 108, 123, 5], [30, 103, 174, 156, 113, 89, 185, 183, 23, 191, 195, 159, 106, 11], [54, 140, 91, 115, 53, 33, 92, 148, 163, 165, 85, 179, 157], [17, 81, 151, 56, 109, 39, 164, 20, 173, 137, 186, 105, 139], [188, 197, 116, 141, 101, 28, 64, 172, 122, 154, 58, 128, 7, 150, 77, 76], [196, 136, 184, 143, 142, 37, 29, 98, 99, 170, 149, 127], [102, 10, 95, 110, 57, 135, 66, 112, 90, 41, 45, 46], [74, 31, 52, 120, 168, 131, 190, 68, 61, 161, 49, 26, 134], [55, 35, 70, 12, 44, 160, 43, 83, 94, 198, 132, 88, 19], [2, 78, 9, 22, 126, 69, 169, 147, 124, 176], [138, 155, 193, 153, 13, 199, 16, 133, 38, 1], [180, 118, 111, 72, 75, 145, 86, 117, 114, 129, 34, 60], [40, 158, 152, 125, 119, 100, 32, 63, 15, 82], [162, 177, 36, 4, 62, 18, 65, 87, 47, 121, 71], [67, 25, 181, 194, 3, 80, 27, 171, 79, 192], [6, 178, 14, 187, 24, 96, 175, 48]]",false
160,28295,4848,OR-opt,CMT5.vrp,"[[8, 167, 84, 189, 107, 104, 42, 93, 21, 166, 59], [130, 182, 144, 146, 73, 97, 50, 51, 108, 123, 5], [30, 103, 174, 156, 113, 89, 185, 183, 23, 191, 195, 159, 106, 11], [54, 140, 91, 115, 53, 33, 92, 148, 163, 165, 85, 179, 157], [17, 81, 151, 56, 109, 39, 164, 20, 173, 137, 186, 105, 139], [188, 197, 116, 141, 101, 28, 64, 172, 122, 154, 58, 128, 7, 150, 77, 76], [196, 136, 184, 143, 142, 37, 29, 98, 99, 170, 149, 127], [102, 110, 57, 135, 10, 95, 66, 112, 90, 41, 45, 46], [74, 31, 52, 120, 168, 131, 190, 68, 61, 161, 49, 26, 134], [55, 35, 70, 12, 44, 160, 43, 83, 94, 198, 132, 88, 19], [2, 78, 9, 22, 126, 69, 169, 147, 124, 176], [138, 155, 193, 153, 13, 199, 16, 133, 38, 1], [180, 118, 111, 72, 75, 145, 86, 117, 114, 129, 34, 60], [40, 158, 152, 125, 119, 100, 32, 63, 15, 82], [162, 177, 36, 4, 62, 18, 65, 87, 47, 121, 71], [67, 25, 181, 194, 3, 80, 27, 171, 79, 192], [6, 178, 14, 187, 24, 96, 175, 48]]",false
161,28476,4821,OR-opt,CMT5.vrp,"[[8, 167, 84, 189, 107, 104, 42, 93, 21, 166, 59], [130, 182, 144, 146, 73, 97, 50, 51, 108, 123, 5], [30, 103, 174, 156, 113, 89, 185, 183, 23, 191, 195, 159, 106, 11], [54, 140, 91, 115, 53, 33, 92, 148, 163, 165, 85, 179, 157], [17, 81, 151, 56, 109, 39, 164, 20, 173, 137, 186, 105, 139], [188, 197, 116, 141, 101, 28, 64, 172, 122, 154, 58, 128, 7, 150, 77, 76], [196, 136, 184, 143, 142, 37, 29, 98, 99, 170, 149, 127], [95, 102, 10, 110, 57, 135, 66, 112, 90, 41, 45, 46], [74, 31, 52, 120, 168, 131, 190, 68, 61, 161, 49, 26, 134], [55, 35, 70, 12, 44, 160, 43, 83, 94, 198, 132, 88, 19], [2, 78, 9, 22, 126, 69, 169, 147, 124, 176], [138, 155, 193, 153, 13, 199, 16, 133, 38, 1], [180, 118, 111, 72, 75, 145, 86, 117, 114, 129, 34, 60], [40, 158, 152, 125, 119, 100, 32, 63, 15, 82], [162, 177, 36, 4, 62, 18, 65, 87, 47, 121, 71], [67, 25, 181, 194, 3, 80, 27, 171, 79, 192], [6, 178, 14, 187, 24, 96, 175, 48]]",false
162,28673,4813,OR-opt,CMT5.vrp,"[[8, 167, 84, 189, 107, 104, 42, 93, 21, 166, 59], [130, 182, 144, 146, 73, 97, 50, 51, 108, 123, 5], [30, 103, 174, 156, 113, 89, 185, 183, 23, 191, 195, 159, 106, 11], [54, 140, 91, 115, 53, 33, 92, 148, 163, 165, 85, 179, 157], [17, 81, 151, 56, 109, 39, 164, 20, 173, 137, 186, 105, 139], [188, 197, 116, 141, 101, 28, 64, 172, 122, 154, 58, 128, 7, 150, 77, 76], [196, 136, 184, 143, 142, 37, 29, 98, 99, 170, 149, 127], [95, 102, 57, 10, 110, 135, 66, 112, 90, 41, 45, 46], [74, 31, 52, 120, 168, 131, 190, 68, 61, 161, 49, 26, 134], [55, 35, 70, 12, 44, 160, 43, 83, 94, 198, 132, 88, 19], [2, 78, 9, 22, 126, 69, 169, 147, 124, 176], [138, 155, 193, 153, 13, 199, 16, 133, 38, 1], [180, 118, 111, 72, 75, 145, 86, 117, 114, 129, 34, 60], [40, 158, 152, 125, 119, 100, 32, 63, 15, 82], [162, 177, 36, 4, 62, 18, 65, 87, 47, 121, 71], [67, 25, 181, 194, 3, 80, 27, 171, 79, 192], [6, 178, 14, 187, 24, 96, 175, 48]]",false
163,28781,4795,OR-opt,CMT5.vrp,"[[8, 167, 84, 189, 107, 104, 42, 93, 21, 166, 59], [130, 182, 144, 146, 73, 97, 50, 51, 108, 123, 5], [30, 103, 174, 156, 113, 89, 185, 183, 23, 191, 195, 159, 106, 11], [54, 140, 91, 115, 53, 33, 92, 148, 163, 165, 85, 179, 157], [17, 81, 151, 56, 109, 39, 164, 20, 173, 137, 186, 105, 139], [188, 197, 116, 141, 101, 28, 64, 172, 122, 154, 58, 128, 7, 150, 77, 76], [196, 136, 184, 143, 142, 37, 29, 98, 99, 170, 149, 127], [95, 102, 10, 110, 57, 135, 90, 41, 66, 112, 45, 46], [74, 31, 52, 120, 168, 131, 190, 68, 61, 161, 49, 26, 134], [55, 35, 70, 12, 44, 160, 43, 83, 94, 198, 132, 88, 19], [2, 78, 9, 22, 126, 69, 169, 147, 124, 176], [138, 155, 193, 153, 13, 199, 16, 133, 38, 1], [180, 118, 111, 72, 75, 145, 86, 117, 114, 129, 34, 60], [40, 158, 152, 125, 119, 100, 32, 63, 15, 82], [162, 177, 36, 4, 62, 18, 65, 87, 47, 121, 71], [67, 25, 181, 194, 3, 80, 27, 171, 79, 192], [6, 178, 14, 187, 24, 96, 175, 48]]",false
164,29040,4794,OR-opt,CMT5.vrp,"[[8, 167, 84, 189, 107, 104, 42, 93, 21, 166, 59], [130, 182, 144, 146, 73, 97, 50, 51, 108, 123, 5], [30, 103, 174, 156, 113, 89, 185, 183, 23, 191, 195, 159, 106, 11], [54, 140, 91, 115, 53, 33, 92, 148, 163, 165, 85, 179, 157], [17, 81, 151, 56, 109, 39, 164, 20, 173, 137, 186, 105, 139], [188, 197, 116, 141, 101, 28, 64, 172, 122, 154, 58, 128, 7, 150, 77, 76], [196, 136, 184, 143, 142, 37, 29, 98, 99, 170, 149, 127], [95, 45, 46, 102, 10, 110, 57, 135, 66, 112, 90, 41], [74, 31, 52, 120, 168, 131, 190, 68, 61, 161, 49, 26, 134], [55, 35, 70, 12, 44, 160, 43, 83, 94, 198, 132, 88, 19], [2, 78, 9, 22, 126, 69, 169, 147, 124, 176], [138, 155, 193, 153, 13, 199, 16, 133, 38, 1], [180, 118, 111, 72, 75, 145, 86, 117, 114, 129, 34, 60], [40, 158, 152, 125, 119, 100, 32, 63, 15, 82], [162, 177, 36, 4, 62, 18, 65, 87, 47, 121, 71], [67, 25, 181, 194, 3, 80, 27, 171, 79, 192], [6, 178, 14, 187, 24, 96, 175, 48]]",false
165,29159,4786,OR-opt,CMT5.vrp,"[[8, 167, 84, 189, 107, 104, 42, 93, 21, 166, 59], [130, 182, 144, 146, 73, 97, 50, 51, 108, 123, 5], [30, 103, 174, 156, 113, 89, 185, 183, 23, 191, 195, 159, 106, 11], [54, 140, 91, 115, 53, 33, 92, 148, 163, 165, 85, 179, 157], [17, 81, 151, 56, 109, 39, 164, 20, 173, 137, 186, 105, 139], [188, 197, 116, 141, 101, 28, 64, 172, 122, 154, 58, 128, 7, 150, 77, 76], [196, 136, 184, 143, 142, 37, 29, 98, 99, 170, 149, 127], [95, 45, 46, 102, 57, 10, 110, 135, 66, 112, 90, 41], [74, 31, 52, 120, 168, 131, 190, 68, 61, 161, 49, 26, 134], [55, 35, 70, 12, 44, 160, 43, 83, 94, 198, 132, 88, 19], [2, 78, 9, 22, 126, 69, 169, 147, 124, 176], [138, 155, 193, 153, 13, 199, 16, 133, 38, 1], [180, 118, 111, 72, 75, 145, 86, 117, 114, 129, 34, 60], [40, 158, 152, 125, 119, 100, 32, 63, 15, 82], [162, 177, 36, 4, 62, 18, 65, 87, 47, 121, 71], [67, 25, 181, 194, 3, 80, 27, 171, 79, 192], [6, 178, 14, 187, 24, 96, 175, 48]]",false
166,29255,4770,OR-opt,CMT5.vrp,"[[8, 167, 84, 189, 107, 104, 42, 93, 21, 166, 59], [130, 182, 144, 146, 73, 97, 50, 51, 108, 123, 5], [30, 103, 174, 156, 113, 89, 185, 183, 23, 191, 195, 159, 106, 11], [54, 140, 91, 115, 53, 33, 92, 148, 163, 165, 85, 179, 157], [17, 81, 151, 56, 109, 39, 164, 20, 173, 137, 186, 105, 139], [188, 197, 116, 141, 101, 28, 64, 172, 122, 154, 58, 128, 7, 150, 77, 76], [196, 136, 184, 143, 142, 37, 29, 98, 99, 170, 149, 127], [95, 45, 46, 102, 10, 110, 57, 135, 90, 41, 66, 112], [74, 31, 52, 120, 168, 131, 190, 68, 61, 161, 49, 26, 134], [55, 35, 70, 12, 44, 160, 43, 83, 94, 198, 132, 88, 19], [2, 78, 9, 22, 126, 69, 169, 147, 124, 176], [138, 155, 193, 153, 13, 199, 16, 133, 38, 1], [180, 118, 111, 72, 75, 145, 86, 117, 114, 129, 34, 60], [40, 158, 152, 125, 119, 100, 32, 63, 15, 82], [162, 177, 36, 4, 62, 18, 65, 87, 47, 121, 71], [67, 25, 181, 194, 3, 80, 27, 171, 79, 192], [6, 178, 14, 187, 24, 96, 175, 48]]",false
167,29518,4761,OR-opt,CMT5.vrp,"[[8, 167, 84, 189, 107, 104, 42, 93, 21, 166, 59], [130, 182, 144, 146, 73, 97, 50, 51, 108, 123, 5], [30, 103, 174, 156, 113, 89, 185, 183, 23, 191, 195, 159, 106, 11], [54, 140, 91, 115, 53, 33, 92, 148, 163, 165, 85, 179, 157], [17, 81, 151, 56, 109, 39, 164, 20, 173, 137, 186, 105, 139], [188, 197, 116, 141, 101, 28, 64, 172, 122, 154, 58, 128, 7, 150, 77, 76], [196, 136, 184, 143, 142, 37, 29, 98, 99, 170, 149, 127], [95, 45, 46, 102, 57, 10, 110, 135, 90, 41, 66, 112], [74, 31, 52, 120, 168, 131, 190, 68, 61, 161, 49, 26, 134], [55, 35, 70, 12, 44, 160, 43, 83, 94, 198, 132, 88, 19], [2, 78, 9, 22, 126, 69, 169, 147, 124, 176], [138, 155, 193, 153, 13, 199, 16, 133, 38, 1], [180, 118, 111, 72, 75, 145, 86, 117, 114, 129, 34, 60], [40, 158, 152, 125, 119, 100, 32, 63, 15, 82], [162, 177, 36, 4, 62, 18, 65, 87, 47, 121, 71], [67, 25, 181, 194, 3, 80, 27, 171, 79, 192], [6, 178, 14, 187, 24, 96, 175, 48]]",false
168,30270,4760,OR-opt,CMT5.vrp,"[[8, 167, 84, 189, 107, 104, 42, 93, 21, 166, 59], [130, 182, 144, 146, 73, 97, 50, 51, 108, 123, 5], [30, 103, 174, 156, 113, 89, 185, 183, 23, 191, 195, 159, 106, 11], [54, 140, 91, 115, 53, 33, 92, 148, 163, 165, 85, 179, 157], [17, 81, 151, 56, 109, 39, 164, 20, 173, 137, 186, 105, 139], [188, 197, 116, 141, 101, 28, 64, 172, 122, 154, 58, 128, 7, 150, 77, 76], [196, 136, 184, 143, 142, 37, 29, 98, 99, 170, 149, 127], [95, 45, 46, 102, 57, 10, 110, 135, 90, 41, 66, 112], [52, 120, 168, 74, 31, 131, 190, 68, 61, 161, 49, 26, 134], [55, 35, 70, 12, 44, 160, 43, 83, 94, 198, 132, 88, 19], [2, 78, 9, 22, 126, 69, 169, 147, 124, 176], [138, 155, 193, 153, 13, 199, 16, 133, 38, 1], [180, 118, 111, 72, 75, 145, 86, 117, 114, 129, 34, 60], [40, 158, 152, 125, 119, 100, 32, 63, 15, 82], [162, 177, 36, 4, 62, 18, 65, 87, 47, 121, 71], [67, 25, 181, 194, 3, 80, 27, 171, 79, 192], [6, 178, 14, 187, 24, 96, 175, 48]]",false
169,30312,4760,OR-opt,CMT5.vrp,"[[8, 167, 84, 189, 107, 104, 42, 93, 21, 166, 59], [130, 182, 144, 146, 73, 97, 50, 51, 108, 123, 5], [30, 103, 174, 156, 113, 89, 185, 183, 23, 191, 195, 159, 106, 11], [54, 140, 91, 115, 53, 33, 92, 148, 163, 165, 85, 179, 157], [17, 81, 151, 56, 109, 39, 164, 20, 173, 137, 186, 105, 139], [188, 197, 116, 141, 101, 28, 64, 172, 122, 154, 58, 128, 7, 150, 77, 76], [196, 136, 184, 143, 142, 37, 29, 98, 99, 170, 149, 127], [95, 45, 46, 102, 57, 10, 110, 135, 90, 41, 66, 112], [52, 120, 168, 131, 190, 68, 61, 74, 31, 161, 49, 26, 134], [55, 35, 70, 12, 44, 160, 43, 83, 94, 198, 132, 88, 19], [2, 78, 9, 22, 126, 69, 169, 147, 124, 176], [138, 155, 193, 153, 13, 199, 16, 133, 38, 1], [180, 118, 111, 72, 75, 145, 86, 117, 114, 129, 34, 60], [40, 158, 152, 125, 119, 100, 32, 63, 15, 82], [162, 177, 36, 4, 62, 18, 65, 87, 47, 121, 71], [67, 25, 181, 194, 3, 80, 27, 171, 79, 192], [6, 178, 14, 187, 24, 96, 175, 48]]",false
170,30345,4749,OR-opt,CMT5.vrp,"[[8, 167, 84, 189, 107, 104, 42, 93, 21, 166, 59], [130, 182, 144, 146, 73, 97, 50, 51, 108, 123, 5], [30, 103, 174, 156, 113, 89, 185, 183, 23, 191, 195, 159, 106, 11], [54, 140, 91, 115, 53, 33, 92, 148, 163, 165, 85, 179, 157], [17, 81, 151, 56, 109, 39, 164, 20, 173, 137, 186, 105, 139], [188, 197, 116, 141, 101, 28, 64, 172, 122, 154, 58, 128, 7, 150, 77, 76], [196, 136, 184, 143, 142, 37, 29, 98, 99, 170, 149, 127], [95, 45, 46, 102, 57, 10, 110, 135, 90, 41, 66, 112], [52, 120, 168, 131, 190, 68, 61, 161, 49, 74, 31, 26, 134], [55, 35, 70, 12, 44, 160, 43, 83, 94, 198, 132, 88, 19], [2, 78, 9, 22, 126, 69, 169, 147, 124, 176], [138, 155, 193, 153, 13, 199, 16, 133, 38, 1], [180, 118, 111, 72, 75, 145, 86, 117, 114, 129, 34, 60], [40, 158, 152, 125, 119, 100, 32, 63, 15, 82], [162, 177, 36, 4, 62, 18, 65, 87, 47, 121, 71], [67, 25, 181, 194, 3, 80, 27, 171, 79, 192], [6, 178, 14, 187, 24, 96, 175, 48]]",false
171,30380,4739,OR-opt,CMT5.vrp,"[[8, 167, 84, 189, 107, 104, 42, 93, 21, 166, 59], [130, 182, 144, 146, 73, 97, 50, 51, 108, 123, 5], [30, 103, 174, 156, 113, 89, 185, 183, 23, 191, 195, 159, 106, 11], [54, 140, 91, 115, 53, 33, 92, 148, 163, 165, 85, 179, 157], [17, 81, 151, 56, 109, 39, 164, 20, 173, 137, 186, 105, 139], [188, 197, 116, 141, 101, 28, 64, 172, 122, 154, 58, 128, 7, 150, 77, 76], [196, 136, 184, 143, 142, 37, 29, 98, 99, 170, 149, 127], [95, 45, 46, 102, 57, 10, 110, 135, 90, 41, 66, 112], [74, 120, 168, 31, 52, 131, 190, 68, 61, 161, 49, 26, 134], [55, 35, 70, 12, 44, 160, 43, 83, 94, 198, 132, 88, 19], [2, 78, 9, 22, 126, 69, 169, 147, 124, 176], [138, 155, 193, 153, 13, 199, 16, 133, 38, 1], [180, 118, 111, 72, 75, 145, 86, 117, 114, 129, 34, 60], [40, 158, 152, 125, 119, 100, 32, 63, 15, 82], [162, 177, 36, 4, 62, 18, 65, 87, 47, 121, 71], [67, 25, 181, 194, 3, 80, 27, 171, 79, 192], [6, 178, 14, 187, 24, 96, 175, 48]]",false
172,30411,4726,OR-opt,CMT5.vrp,"[[8, 167, 84, 189, 107, 104, 42, 93, 21, 166, 59], [130, 182, 144, 146, 73, 97, 50, 51, 108, 123, 5], [30, 103, 174, 156, 113, 89, 185, 183, 23, 191, 195, 159, 106, 11], [54, 140, 91, 115, 53, 33, 92, 148, 163, 165, 85, 179, 157], [17, 81, 151, 56, 109, 39, 164, 20, 173, 137, 186, 105, 139], [188, 197, 116, 141, 101, 28, 64, 172, 122, 154, 58, 128, 7, 150, 77, 76], [196, 136, 184, 143, 142, 37, 29, 98, 99, 170, 149, 127], [95, 45, 46, 102, 57, 10, 110, 135, 90, 41, 66, 112], [74, 120, 168, 131, 31, 52, 190, 68, 61, 161, 49, 26, 134], [55, 35, 70, 12, 44, 160, 43, 83, 94, 198, 132, 88, 19], [2, 78, 9, 22, 126, 69, 169, 147, 124, 176], [138, 155, 193, 153, 13, 199, 16, 133, 38, 1], [180, 118, 111, 72, 75, 145, 86, 117, 114, 129, 34, 60], [40, 158, 152, 125, 119, 100, 32, 63, 15, 82], [162, 177, 36, 4, 62, 18, 65, 87, 47, 121, 71], [67, 25, 181, 194, 3, 80, 27, 171, 79, 192], [6, 178, 14, 187, 24, 96, 175, 48]]",false
173,30469,4721,OR-opt,CMT5.vrp,"[[8, 167, 84, 189, 107, 104, 42, 93, 21, 166, 59], [130, 182, 144, 146, 73, 97, 50, 51, 108, 123, 5], [30, 103, 174, 156, 113, 89, 185, 183, 23, 191, 195, 159, 106, 11], [54, 140, 91, 115, 53, 33, 92, 148, 163, 165, 85, 179, 157], [17, 81, 151, 56, 109, 39, 164, 20, 173, 137, 186, 105, 139], [188, 197, 116, 141, 101, 28, 64, 172, 122, 154, 58, 128, 7, 150, 77, 76], [196, 136, 184, 143, 142, 37, 29, 98, 99, 170, 149, 127], [95, 45, 46, 102, 57, 10, 110, 135, 90, 41, 66, 112], [74, 31, 52, 131, 190, 68, 61, 120, 168, 161, 49, 26, 134], [55, 35, 70, 12, 44, 160, 43, 83, 94, 198, 132, 88, 19], [2, 78, 9, 22, 126, 69, 169, 147, 124, 176], [138, 155, 193, 153, 13, 199, 16, 133, 38, 1], [180, 118, 111, 72, 75, 145, 86, 117, 114, 129, 34, 60], [40, 158, 152, 125, 119, 100, 32, 63, 15, 82], [162, 177, 36, 4, 62, 18, 65, 87, 47, 121, 71], [67, 25, 181, 194, 3, 80, 27, 171, 79, 192], [6, 178, 14, 187, 24, 96, 175, 48]]",false
174,30506,4704,OR-opt,CMT5.vrp,"[[8, 167, 84, 189, 107, 104, 42, 93, 21, 166, 59], [130, 182, 144, 146, 73, 97, 50, 51, 108, 123, 5], [30, 103, 174, 156, 113, 89, 185, 183, 23, 191, 195, 159, 106, 11], [54, 140, 91, 115, 53, 33, 92, 148, 163, 165, 85, 179, 157], [17, 81, 151, 56, 109, 39, 164, 20, 173, 137, 186, 105, 139], [188, 197, 116, 141, 101, 28, 64, 172, 122, 154, 58, 128, 7, 150, 77, 76], [196, 136, 184, 143, 142, 37, 29, 98, 99, 170, 149, 127], [95, 45, 46, 102, 57, 10, 110, 135, 90, 41, 66, 112], [74, 168, 131, 31, 52, 120, 190, 68, 61, 161, 49, 26, 134], [55, 35, 70, 12, 44, 160, 43, 83, 94, 198, 132, 88, 19], [2, 78, 9, 22, 126, 69, 169, 147, 124, 176], [138, 155, 193, 153, 13, 199, 16, 133, 38, 1], [180, 118, 111, 72, 75, 145, 86, 117, 114, 129, 34, 60], [40, 158, 152, 125, 119, 100, 32, 63, 15, 82], [162, 177, 36, 4, 62, 18, 65, 87, 47, 121, 71], [67, 25, 181, 194, 3, 80, 27, 171, 79, 192], [6, 178, 14, 187, 24, 96, 175, 48]]",false
175,30600,4702,OR-opt,CMT5.vrp,"[[8, 167, 84, 189, 107, 104, 42, 93, 21, 166, 59], [130, 182, 144, 146, 73, 97, 50, 51, 108, 123, 5], [30, 103, 174, 156, 113, 89, 185, 183, 23, 191, 195, 159, 106, 11], [54, 140, 91, 115, 53, 33, 92, 148, 163, 165, 85, 179, 157], [17, 81, 151, 56, 109, 39, 164, 20, 173, 137, 186, 105, 139], [188, 197, 116, 141, 101, 28, 64, 172, 122, 154, 58, 128, 7, 150, 77, 76], [196, 136, 184, 143, 142, 37, 29, 98, 99, 170, 149, 127], [95, 45, 46, 102, 57, 10, 110, 135, 90, 41, 66, 112], [74, 31, 52, 120, 168, 131, 161, 49, 190, 68, 61, 26, 134], [55, 35, 70, 12, 44, 160, 43, 83, 94, 198, 132, 88, 19], [2, 78, 9, 22, 126, 69, 169, 147, 124, 176], [138, 155, 193, 153, 13, 199, 16, 133, 38, 1], [180, 118, 111, 72, 75, 145, 86, 117, 114, 129, 34, 60], [40, 158, 152, 125, 119, 100, 32, 63, 15, 82], [162, 177, 36, 4, 62, 18, 65, 87, 47, 121, 71], [67, 25, 181, 194, 3, 80, 27, 171, 79, 192], [6, 178, 14, 187, 24, 96, 175, 48]]",false
176,30661,4701,OR-opt,CMT5.vrp,"[[8, 167, 84, 189, 107, 104, 42, 93, 21, 166, 59], [130, 182, 144, 146, 73, 97, 50, 51, 108, 123, 5], [30, 103, 174, 156, 113, 89, 185, 183, 23, 191, 195, 159, 106, 11], [54, 140, 91, 115, 53, 33, 92, 148, 163, 165, 85, 179, 157], [17, 81, 151, 56, 109, 39, 164, 20, 173, 137, 186, 105, 139], [188, 197, 116, 141, 101, 28, 64, 172, 122, 154, 58, 128, 7, 150, 77, 76], [196, 136, 184, 143, 142, 37, 29, 98, 99, 170, 149, 127], [95, 45, 46, 102, 57, 10, 110, 135, 90, 41, 66, 112], [52, 120, 168, 74, 31, 131, 161, 49, 190, 68, 61, 26, 134], [55, 35, 70, 12, 44, 160, 43, 83, 94, 198, 132, 88, 19], [2, 78, 9, 22, 126, 69, 169, 147, 124, 176], [138, 155, 193, 153, 13, 199, 16, 133, 38, 1], [180, 118, 111, 72, 75, 145, 86, 117, 114, 129, 34, 60], [40, 158, 152, 125, 119, 100, 32, 63, 15, 82], [162, 177, 36, 4, 62, 18, 65, 87, 47, 121, 71], [67, 25, 181, 194, 3, 80, 27, 171, 79, 192], [6, 178, 14, 187, 24, 96, 175, 48]]",false
177,30816,4680,OR-opt,CMT5.vrp,"[[8, 167, 84, 189, 107, 104, 42, 93, 21, 166, 59], [130, 182, 144, 146, 73, 97, 50, 51, 108, 123, 5], [30, 103, 174, 156, 113, 89, 185, 183, 23, 191, 195, 159, 106, 11], [54, 140, 91, 115, 53, 33, 92, 148, 163, 165, 85, 179, 157], [17, 81, 151, 56, 109, 39, 164, 20, 173, 137, 186, 105, 139], [188, 197, 116, 141, 101, 28, 64, 172, 122, 154, 58, 128, 7, 150, 77, 76], [196, 136, 184, 143, 142, 37, 29, 98, 99, 170, 149, 127], [95, 45, 46, 102, 57, 10, 110, 135, 90, 41, 66, 112], [74, 120, 168, 31, 52, 131, 161, 49, 190, 68, 61, 26, 134], [55, 35, 70, 12, 44, 160, 43, 83, 94, 198, 132, 88, 19], [2, 78, 9, 22, 126, 69, 169, 147, 124, 176], [138, 155, 193, 153, 13, 199, 16, 133, 38, 1], [180, 118, 111, 72, 75, 145, 86, 117, 114, 129, 34, 60], [40, 158, 152, 125, 119, 100, 32, 63, 15, 82], [162, 177, 36, 4, 62, 18, 65, 87, 47, 121, 71], [67, 25, 181, 194, 3, 80, 27, 171, 79, 192], [6, 178, 14, 187, 24, 96, 175, 48]]",false
178,30849,4676,OR-opt,CMT5.vrp,"[[8, 167, 84, 189, 107, 104, 42, 93, 21, 166, 59], [130, 182, 144, 146, 73, 97, 50, 51, 108, 123, 5], [30, 103, 174, 156, 113, 89, 185, 183, 23, 191, 195, 159, 106, 11], [54, 140, 91, 115, 53, 33, 92, 148, 163, 165, 85, 179, 157], [17, 81, 151, 56, 109, 39, 164, 20, 173, 137, 186, 105, 139], [188, 197, 116, 141, 101, 28, 64, 172, 122, 154, 58, 128, 7, 150, 77, 76], [196, 136, 184, 143, 142, 37, 29, 98, 99, 170, 149, 127], [95, 45, 46, 102, 57, 10, 110, 135, 90, 41, 66, 112], [74, 120, 168, 131, 31, 52, 161, 49, 190, 68, 61, 26, 134], [55, 35, 70, 12, 44, 160, 43, 83, 94, 198, 132, 88, 19], [2, 78, 9, 22, 126, 69, 169, 147, 124, 176], [138, 155, 193, 153, 13, 199, 16, 133, 38, 1], [180, 118, 111, 72, 75, 145, 86, 117, 114, 129, 34, 60], [40, 158, 152, 125, 119, 100, 32, 63, 15, 82], [162, 177, 36, 4, 62, 18, 65, 87, 47, 121, 71], [67, 25, 181, 194, 3, 80, 27, 171, 79, 192], [6, 178, 14, 187, 24, 96, 175, 48]]",false
179,30887,4668,OR-opt,CMT5.vrp,"[[8, 167, 84, 189, 107, 104, 42, 93, 21, 166, 59], [130, 182, 144, 146, 73, 97, 50, 51, 108, 123, 5], [30, 103, 174, 156, 113, 89, 185, 183, 23, 191, 195, 159, 106, 11], [54, 140, 91, 115, 53, 33, 92, 148, 163, 165, 85, 179, 157], [17, 81, 151, 56, 109, 39, 164, 20, 173, 137, 186, 105, 139], [188, 197, 116, 141, 101, 28, 64, 172, 122, 154, 58, 128, 7, 150, 77, 76], [196, 136, 184, 143, 142, 37, 29, 98, 99, 170, 149, 127], [95, 45, 46, 102, 57, 10, 110, 135, 90, 41, 66, 112], [74, 120, 168, 131, 161, 49, 190, 68, 61, 26, 31, 52, 134], [55, 35, 70, 12, 44, 160, 43, 83, 94, 198, 132, 88, 19], [2, 78, 9, 22, 126, 69, 169, 147, 124, 176], [138, 155, 193, 153, 13, 199, 16, 133, 38, 1], [180, 118, 111, 72, 75, 145, 86, 117, 114, 129, 34, 60], [40, 158, 152, 125, 119, 100, 32, 63, 15, 82], [162, 177, 36, 4, 62, 18, 65, 87, 47, 121, 71], [67, 25, 181, 194, 3, 80, 27, 171, 79, 192], [6, 178, 14, 187, 24, 96, 175, 48]]",false
180,30924,4668,OR-opt,CMT5.vrp,"[[8, 167, 84, 189, 107, 104, 42, 93, 21, 166, 59], [130, 182, 144, 146, 73, 97, 50, 51, 108, 123, 5], [30, 103, 174, 156, 113, 89, 185, 183, 23, 191, 195, 159, 106, 11], [54, 140, 91, 115, 53, 33, 92, 148, 163, 165, 85, 179, 157], [17, 81, 151, 56, 109, 39, 164, 20, 173, 137, 186, 105, 139], [188, 197, 116, 141, 101, 28, 64, 172, 122, 154, 58, 128, 7, 150, 77, 76], [196, 136, 184, 143, 142, 37, 29, 98, 99, 170, 149, 127], [95, 45, 46, 102, 57, 10, 110, 135, 90, 41, 66, 112], [74, 31, 168, 131, 161, 49, 190, 68, 61, 26, 134, 52, 120], [55, 35, 70, 12, 44, 160, 43, 83, 94, 198, 132, 88, 19], [2, 78, 9, 22, 126, 69, 169, 147, 124, 176], [138, 155, 193, 153, 13, 199, 16, 133, 38, 1], [180, 118, 111, 72, 75, 145, 86, 117, 114, 129, 34, 60], [40, 158, 152, 125, 119, 100, 32, 63, 15, 82], [162, 177, 36, 4, 62, 18, 65, 87, 47, 121, 71], [67, 25, 181, 194, 3, 80, 27, 171, 79, 192], [6, 178, 14, 187, 24, 96, 175, 48]]",false
181,30958,4659,OR-opt,CMT5.vrp,"[[8, 167, 84, 189, 107, 104, 42, 93, 21, 166, 59], [130, 182, 144, 146, 73, 97, 50, 51, 108, 123, 5], [30, 103, 174, 156, 113, 89, 185, 183, 23, 191, 195, 159, 106, 11], [54, 140, 91, 115, 53, 33, 92, 148, 163, 165, 85, 179, 157], [17, 81, 151, 56, 109, 39, 164, 20, 173, 137, 186, 105, 139], [188, 197, 116, 141, 101, 28, 64, 172, 122, 154, 58, 128, 7, 150, 77, 76], [196, 136, 184, 143, 142, 37, 29, 98, 99, 170, 149, 127], [95, 45, 46, 102, 57, 10, 110, 135, 90, 41, 66, 112], [74, 31, 52, 131, 161, 49, 190, 68, 61, 120, 168, 26, 134], [55, 35, 70, 12, 44, 160, 43, 83, 94, 198, 132, 88, 19], [2, 78, 9, 22, 126, 69, 169, 147, 124, 176], [138, 155, 193, 153, 13, 199, 16, 133, 38, 1], [180, 118, 111, 72, 75, 145, 86, 117, 114, 129, 34, 60], [40, 158, 152, 125, 119, 100, 32, 63, 15, 82], [162, 177, 36, 4, 62, 18, 65, 87, 47, 121, 71], [67, 25, 181, 194, 3, 80, 27, 171, 79, 192], [6, 178, 14, 187, 24, 96, 175, 48]]",false
182,31088,4651,OR-opt,CMT5.vrp,"[[8, 167, 84, 189, 107, 104, 42, 93, 21, 166, 59], [130, 182, 144, 146, 73, 97, 50, 51, 108, 123, 5], [30, 103, 174, 156, 113, 89, 185, 183, 23, 191, 195, 159, 106, 11], [54, 140, 91, 115, 53, 33, 92, 148, 163, 165, 85, 179, 157], [17, 81, 151, 56, 109, 39, 164, 20, 173, 137, 186, 105, 139], [188, 197, 116, 141, 101, 28, 64, 172, 122, 154, 58, 128, 7, 150, 77, 76], [196, 136, 184, 143, 142, 37, 29, 98, 99, 170, 149, 127], [95, 45, 46, 102, 57, 10, 110, 135, 90, 41, 66, 112], [74, 131, 161, 49, 190, 68, 61, 120, 168, 26, 31, 52, 134], [55, 35, 70, 12, 44, 160, 43, 83, 94, 198, 132, 88, 19], [2, 78, 9, 22, 126, 69, 169, 147, 124, 176], [138, 155, 193, 153, 13, 199, 16, 133, 38, 1], [180, 118, 111, 72, 75, 145, 86, 117, 114, 129, 34, 60], [40, 158, 152, 125, 119, 100, 32, 63, 15, 82], [162, 177, 36, 4, 62, 18, 65, 87, 47, 121, 71], [67, 25, 181, 194, 3, 80, 27, 171, 79, 192], [6, 178, 14, 187, 24, 96, 175, 48]]",false
183,31128,4642,OR-opt,CMT5.vrp,"[[8, 167, 84, 189, 107, 104, 42, 93, 21, 166, 59], [130, 182, 144, 146, 73, 97, 50, 51, 108, 123, 5], [30, 103, 174, 156, 113, 89, 185, 183, 23, 191, 195, 159, 106, 11], [54, 140, 91, 115, 53, 33, 92, 148, 163, 165, 85, 179, 157], [17, 81, 151, 56, 109, 39, 164, 20, 173, 137, 186, 105, 139], [188, 197, 116, 141, 101, 28, 64, 172, 122, 154, 58, 128, 7, 150, 77, 76], [196, 136, 184, 143, 142, 37, 29, 98, 99, 170, 149, 127], [95, 45, 46, 102, 57, 10, 110, 135, 90, 41, 66, 112], [74, 31, 161, 49, 190, 68, 61, 120, 168, 26, 134, 52, 131], [55, 35, 70, 12, 44, 160, 43, 83, 94, 198, 132, 88, 19], [2, 78, 9, 22, 126, 69, 169, 147, 124, 176], [138, 155, 193, 153, 13, 199, 16, 133, 38, 1], [180, 118, 111, 72, 75, 145, 86, 117, 114, 129, 34, 60], [40, 158, 152, 125, 119, 100, 32, 63, 15, 82], [162, 177, 36, 4, 62, 18, 65, 87, 47, 121, 71], [67, 25, 181, 194, 3, 80, 27, 171, 79, 192], [6, 178, 14, 187, 24, 96, 175, 48]]",false
184,31254,4618,OR-opt,CMT5.vrp,"[[8, 167, 84, 189, 107, 104, 42, 93, 21, 166, 59], [130, 182, 144, 146, 73, 97, 50, 51, 108, 123, 5], [30, 103, 174, 156, 113, 89, 185, 183, 23, 191, 195, 159, 106, 11], [54, 140, 91, 115, 53, 33, 92, 148, 163, 165, 85, 179, 157], [17, 81, 151, 56, 109, 39, 164, 20, 173, 137, 186, 105, 139], [188, 197, 116, 141, 101, 28, 64, 172, 122, 154, 58, 128, 7, 150, 77, 76], [196, 136, 184, 143, 142, 37, 29, 98, 99, 170, 149, 127], [95, 45, 46, 102, 57, 10, 110, 135, 90, 41, 66, 112], [31, 161, 74, 49, 190, 68, 61, 120, 168, 26, 134, 52, 131], [55, 35, 70, 12, 44, 160, 43, 83, 94, 198, 132, 88, 19], [2, 78, 9, 22, 126, 69, 169, 147, 124, 176], [138, 155, 193, 153, 13, 199, 16, 133, 38, 1], [180, 118, 111, 72, 75, 145, 86, 117, 114, 129, 34, 60], [40, 158, 152, 125, 119, 100, 32, 63, 15, 82], [162, 177, 36, 4, 62, 18, 65, 87, 47, 121, 71], [67, 25, 181, 194, 3, 80, 27, 171, 79, 192], [6, 178, 14, 187, 24, 96, 175, 48]]",false
185,31288,4601,OR-opt,CMT5.vrp,"[[8, 167, 84, 189, 107, 104, 42, 93, 21, 166, 59], [130, 182, 144, 146, 73, 97, 50, 51, 108, 123, 5], [30, 103, 174, 156, 113, 89, 185, 183, 23, 191, 195, 159, 106, 11], [54, 140, 91, 115, 53, 33, 92, 148, 163, 165, 85, 179, 157], [17, 81, 151, 56, 109, 39, 164, 20, 173, 137, 186, 105, 139], [188, 197, 116, 141, 101, 28, 64, 172, 122, 154, 58, 128, 7, 150, 77, 76], [196, 136, 184, 143, 142, 37, 29, 98, 99, 170, 149, 127], [95, 45, 46, 102, 57, 10, 110, 135, 90, 41, 66, 112], [74, 49, 190, 68, 61, 120, 168, 26, 134, 52, 31, 161, 131], [55, 35, 70, 12, 44, 160, 43, 83, 94, 198, 132, 88, 19], [2, 78, 9, 22, 126, 69, 169, 147, 124, 176], [138, 155, 193, 153, 13, 199, 16, 133, 38, 1], [180, 118, 111, 72, 75, 145, 86, 117, 114, 129, 34, 60], [40, 158, 152, 125, 119, 100, 32, 63, 15, 82], [162, 177, 36, 4, 62, 18, 65, 87, 47, 121, 71], [67, 25, 181, 194, 3, 80, 27, 171, 79, 192], [6, 178, 14, 187, 24, 96, 175, 48]]",false
186,31313,4579,OR-opt,CMT5.vrp,"[[8, 167, 84, 189, 107, 104, 42, 93, 21, 166, 59], [130, 182, 144, 146, 73, 97, 50, 51, 108, 123, 5], [30, 103, 174, 156, 113, 89, 185, 183, 23, 191, 195, 159, 106, 11], [54, 140, 91, 115, 53, 33, 92, 148, 163, 165, 85, 179, 157], [17, 81, 151, 56, 109, 39, 164, 20, 173, 137, 186, 105, 139], [188, 197, 116, 141, 101, 28, 64, 172, 122, 154, 58, 128, 7, 150, 77, 76], [196, 136, 184, 143, 142, 37, 29, 98, 99, 170, 149, 127], [95, 45, 46, 102, 57, 10, 110, 135, 90, 41, 66, 112], [74, 49, 190, 68, 61, 120, 168, 26, 134, 52, 131, 31, 161], [55, 35, 70, 12, 44, 160, 43, 83, 94, 198, 132, 88, 19], [2, 78, 9, 22, 126, 69, 169, 147, 124, 176], [138, 155, 193, 153, 13, 199, 16, 133, 38, 1], [180, 118, 111, 72, 75, 145, 86, 117, 114, 129, 34, 60], [40, 158, 152, 125, 119, 100, 32, 63, 15, 82], [162, 177, 36, 4, 62, 18, 65, 87, 47, 121, 71], [67, 25, 181, 194, 3, 80, 27, 171, 79, 192], [6, 178, 14, 187, 24, 96, 175, 48]]",false
187,31439,4576,OR-opt,CMT5.vrp,"[[8, 167, 84, 189, 107, 104, 42, 93, 21, 166, 59], [130, 182, 144, 146, 73, 97, 50, 51, 108, 123, 5], [30, 103, 174, 156, 113, 89, 185, 183, 23, 191, 195, 159, 106, 11], [54, 140, 91, 115, 53, 33, 92, 148, 163, 165, 85, 179, 157], [17, 81, 151, 56, 109, 39, 164, 20, 173, 137, 186, 105, 139], [188, 197, 116, 141, 101, 28, 64, 172, 122, 154, 58, 128, 7, 150, 77, 76], [196, 136, 184, 143, 142, 37, 29, 98, 99, 170, 149, 127], [95, 45, 46, 102, 57, 10, 110, 135, 90, 41, 66, 112], [190, 68, 74, 49, 61, 120, 168, 26, 134, 52, 131, 31, 161], [55, 35, 70, 12, 44, 160, 43, 83, 94, 198, 132, 88, 19], [2, 78, 9, 22, 126, 69, 169, 147, 124, 176], [138, 155, 193, 153, 13, 199, 16, 133, 38, 1], [180, 118, 111, 72, 75, 145, 86, 117, 114, 129, 34, 60], [40, 158, 152, 125, 119, 100, 32, 63, 15, 82], [162, 177, 36, 4, 62, 18, 65, 87, 47, 121, 71], [67, 25, 181, 194, 3, 80, 27, 171, 79, 192], [6, 178, 14, 187, 24, 96, 175, 48]]",false
188,31533,4574,OR-opt,CMT5.vrp,"[[8, 167, 84, 189, 107, 104, 42, 93, 21, 166, 59], [130, 182, 144, 146, 73, 97, 50, 51, 108, 123, 5], [30, 103, 174, 156, 113, 89, 185, 183, 23, 191, 195, 159, 106, 11], [54, 140, 91, 115, 53, 33, 92, 148, 163, 165, 85, 179, 157], [17, 81, 151, 56, 109, 39, 164, 20, 173, 137, 186, 105, 139], [188, 197, 116, 141, 101, 28, 64, 172, 122, 154, 58, 128, 7, 150, 77, 76], [196, 136, 184, 143, 142, 37, 29, 98, 99, 170, 149, 127], [95, 45, 46, 102, 57, 10, 110, 135, 90, 41, 66, 112], [74, 49, 190, 68, 61, 120, 134, 52, 131, 31, 161, 168, 26], [55, 35, 70, 12, 44, 160, 43, 83, 94, 198, 132, 88, 19], [2, 78, 9, 22, 126, 69, 169, 147, 124, 176], [138, 155, 193, 153, 13, 199, 16, 133, 38, 1], [180, 118, 111, 72, 75, 145, 86, 117, 114, 129, 34, 60], [40, 158, 152, 125, 119, 100, 32, 63, 15, 82], [162, 177, 36, 4, 62, 18, 65, 87, 47, 121, 71], [67, 25, 181, 194, 3, 80, 27, 171, 79, 192], [6, 178, 14, 187, 24, 96, 175, 48]]",false
189,31612,4572,OR-opt,CMT5.vrp,"[[8, 167, 84, 189, 107, 104, 42, 93, 21, 166, 59], [130, 182, 144, 146, 73, 97, 50, 51, 108, 123, 5], [30, 103, 174, 156, 113, 89, 185, 183, 23, 191, 195, 159, 106, 11], [54, 140, 91, 115, 53, 33, 92, 148, 163, 165, 85, 179, 157], [17, 81, 151, 56, 109, 39, 164, 20, 173, 137, 186, 105, 139], [188, 197, 116, 141, 101, 28, 64, 172, 122, 154, 58, 128, 7, 150, 77, 76], [196, 136, 184, 143, 142, 37, 29, 98, 99, 170, 149, 127], [95, 45, 46, 102, 57, 10, 110, 135, 90, 41, 66, 112], [190, 68, 74, 49, 61, 120, 134, 52, 131, 31, 161, 168, 26], [55, 35, 70, 12, 44, 160, 43, 83, 94, 198, 132, 88, 19], [2, 78, 9, 22, 126, 69, 169, 147, 124, 176], [138, 155, 193, 153, 13, 199, 16, 133, 38, 1], [180, 118, 111, 72, 75, 145, 86, 117, 114, 129, 34, 60], [40, 158, 152, 125, 119, 100, 32, 63, 15, 82], [162, 177, 36, 4, 62, 18, 65, 87, 47, 121, 71], [67, 25, 181, 194, 3, 80, 27, 171, 79, 192], [6, 178, 14, 187, 24, 96, 175, 48]]",false
190,31801,4570,OR-opt,CMT5.vrp,"[[8, 167, 84, 189, 107, 104, 42, 93, 21, 166, 59], [130, 182, 144, 146, 73, 97, 50, 51, 108, 123, 5], [30, 103, 174, 156, 113, 89, 185, 183, 23, 191, 195, 159, 106, 11], [54, 140, 91, 115, 53, 33, 92, 148, 163, 165, 85, 179, 157], [17, 81, 151, 56, 109, 39, 164, 20, 173, 137, 186, 105, 139], [188, 197, 116, 141, 101, 28, 64, 172, 122, 154, 58, 128, 7, 150, 77, 76], [196, 136, 184, 143, 142, 37, 29, 98, 99, 170, 149, 127], [95, 45, 46, 102, 57, 10, 110, 135, 90, 41, 66, 112], [61, 120, 190, 68, 74, 49, 134, 52, 131, 31, 161, 168, 26], [55, 35, 70, 12, 44, 160, 43, 83, 94, 198, 132, 88, 19], [2, 78, 9, 22, 126, 69, 169, 147, 124, 176], [138, 155, 193, 153, 13, 199, 16, 133, 38, 1], [180, 118, 111, 72, 75, 145, 86, 117, 114, 129, 34, 60], [40, 158, 152, 125, 119, 100, 32, 63, 15, 82], [162, 177, 36, 4, 62, 18, 65, 87, 47, 121, 71], [67, 25, 181, 194, 3, 80, 27, 171, 79, 192], [6, 178, 14, 187, 24, 96, 175, 48]]",false
191,32037,4564,OR-opt,CMT5.vrp,"[[8, 167, 84, 189, 107, 104, 42, 93, 21, 166, 59], [130, 182, 144, 146, 73, 97, 50, 51, 108, 123, 5], [30, 103, 174, 156, 113, 89, 185, 183, 23, 191, 195, 159, 106, 11], [54, 140, 91, 115, 53, 33, 92, 148, 163, 165, 85, 179, 157], [17, 81, 151, 56, 109, 39, 164, 20, 173, 137, 186, 105, 139], [188, 197, 116, 141, 101, 28, 64, 172, 122, 154, 58, 128, 7, 150, 77, 76], [196, 136, 184, 143, 142, 37, 29, 98, 99, 170, 149, 127], [95, 45, 46, 102, 57, 10, 110, 135, 90, 41, 66, 112], [61, 120, 190, 68, 74, 49, 168, 26, 134, 52, 131, 31, 161], [55, 35, 70, 12, 44, 160, 43, 83, 94, 198, 132, 88, 19], [2, 78, 9, 22, 126, 69, 169, 147, 124, 176], [138, 155, 193, 153, 13, 199, 16, 133, 38, 1], [180, 118, 111, 72, 75, 145, 86, 117, 114, 129, 34, 60], [40, 158, 152, 125, 119, 100, 32, 63, 15, 82], [162, 177, 36, 4, 62, 18, 65, 87, 47, 121, 71], [67, 25, 181, 194, 3, 80, 27, 171, 79, 192], [6, 178, 14, 187, 24, 96, 175, 48]]",false
192,32205,4562,OR-opt,CMT5.vrp,"[[8, 167, 84, 189, 107, 104, 42, 93, 21, 166, 59], [130, 182, 144, 146, 73, 97, 50, 51, 108, 123, 5], [30, 103, 174, 156, 113, 89, 185, 183, 23, 191, 195, 159, 106, 11], [54, 140, 91, 115, 53, 33, 92, 148, 163, 165, 85, 179, 157], [17, 81, 151, 56, 109, 39, 164, 20, 173, 137, 186, 105, 139], [188, 197, 116, 141, 101, 28, 64, 172, 122, 154, 58, 128, 7, 150, 77, 76], [196, 136, 184, 143, 142, 37, 29, 98, 99, 170, 149, 127], [95, 45, 46, 102, 57, 10, 110, 135, 90, 41, 66, 112], [61, 120, 190, 68, 74, 49, 168, 26, 134, 52, 131, 31, 161], [70, 12, 44, 160, 43, 55, 35, 83, 94, 198, 132, 88, 19], [2, 78, 9, 22, 126, 69, 169, 147, 124, 176], [138, 155, 193, 153, 13, 199, 16, 133, 38, 1], [180, 118, 111, 72, 75, 145, 86, 117, 114, 129, 34, 60], [40, 158, 152, 125, 119, 100, 32, 63, 15, 82], [162, 177, 36, 4, 62, 18, 65, 87, 47, 121, 71], [67, 25, 181, 194, 3, 80, 27, 171, 79, 192], [6, 178, 14, 187, 24, 96, 175, 48]]",false
193,32237,4545,OR-opt,CMT5.vrp,"[[8, 167, 84, 189, 107, 104, 42, 93, 21, 166, 59], [130, 182, 144, 146, 73, 97, 50, 51, 108, 123, 5], [30, 103, 174, 156, 113, 89, 185, 183, 23, 191, 195, 159, 106, 11], [54, 140, 91, 115, 53, 33, 92, 148, 163, 165, 85, 179, 157], [17, 81, 151, 56, 109, 39, 164, 20, 173, 137, 186, 105, 139], [188, 197, 116, 141, 101, 28, 64, 172, 122, 154, 58, 128, 7, 150, 77, 76], [196, 136, 184, 143, 142, 37, 29, 98, 99, 170, 149, 127], [95, 45, 46, 102, 57, 10, 110, 135, 90, 41, 66, 112], [61, 120, 190, 68, 74, 49, 168, 26, 134, 52, 131, 31, 161], [70, 12, 44, 160, 43, 83, 94, 198, 55, 35, 132, 88, 19], [2, 78, 9, 22, 126, 69, 169, 147, 124, 176], [138, 155, 193, 153, 13, 199, 16, 133, 38, 1], [180, 118, 111, 72, 75, 145, 86, 117, 114, 129, 34, 60], [40, 158, 152, 125, 119, 100, 32, 63, 15, 82], [162, 177, 36, 4, 62, 18, 65, 87, 47, 121, 71], [67, 25, 181, 194, 3, 80, 27, 171, 79, 192], [6, 178, 14, 187, 24, 96, 175, 48]]",false
194,32272,4528,OR-opt,CMT5.vrp,"[[8, 167, 84, 189, 107, 104, 42, 93, 21, 166, 59], [130, 182, 144, 146, 73, 97, 50, 51, 108, 123, 5], [30, 103, 174, 156, 113, 89, 185, 183, 23, 191, 195, 159, 106, 11], [54, 140, 91, 115, 53, 33, 92, 148, 163, 165, 85, 179, 157], [17, 81, 151, 56, 109, 39, 164, 20, 173, 137, 186, 105, 139], [188, 197, 116, 141, 101, 28, 64, 172, 122, 154, 58, 128, 7, 150, 77, 76], [196, 136, 184, 143, 142, 37, 29, 98, 99, 170, 149, 127], [95, 45, 46, 102, 57, 10, 110, 135, 90, 41, 66, 112], [61, 120, 190, 68, 74, 49, 168, 26, 134, 52, 131, 31, 161], [55, 12, 44, 160, 43, 35, 70, 83, 94, 198, 132, 88, 19], [2, 78, 9, 22, 126, 69, 169, 147, 124, 176], [138, 155, 193, 153, 13, 199, 16, 133, 38, 1], [180, 118, 111, 72, 75, 145, 86, 117, 114, 129, 34, 60], [40, 158, 152, 125, 119, 100, 32, 63, 15, 82], [162, 177, 36, 4, 62, 18, 65, 87, 47, 121, 71], [67, 25, 181, 194, 3, 80, 27, 171, 79, 192], [6, 178, 14, 187, 24, 96, 175, 48]]",false
195,32301,4509,OR-opt,CMT5.vrp,"[[8, 167, 84, 189, 107, 104, 42, 93, 21, 166, 59], [130, 182, 144, 146, 73, 97, 50, 51, 108, 123, 5], [30, 103, 174, 156, 113, 89, 185, 183, 23, 191, 195, 159, 106, 11], [54, 140, 91, 115, 53, 33, 92, 148, 163, 165, 85, 179, 157], [17, 81, 151, 56, 109, 39, 164, 20, 173, 137, 186, 105, 139], [188, 197, 116, 141, 101, 28, 64, 172, 122, 154, 58, 128, 7, 150, 77, 76], [196, 136, 184, 143, 142, 37, 29, 98, 99, 170, 149, 127], [95, 45, 46, 102, 57, 10, 110, 135, 90, 41, 66, 112], [61, 120, 190, 68, 74, 49, 168, 26, 134, 52, 131, 31, 161], [55, 12, 44, 160, 43, 83, 94, 198, 132, 35, 70, 88, 19], [2, 78, 9, 22, 126, 69, 169, 147, 124, 176], [138, 155, 193, 153, 13, 199, 16, 133, 38, 1], [180, 118, 111, 72, 75, 145, 86, 117, 114, 129, 34, 60], [40, 158, 152, 125, 119, 100, 32, 63, 15, 82], [162, 177, 36, 4, 62, 18, 65, 87, 47, 121, 71], [67, 25, 181, 194, 3, 80, 27, 171, 79, 192], [6, 178, 14, 187, 24, 96, 175, 48]]",false
196,32393,4504,OR-opt,CMT5.vrp,"[[8, 167, 84, 189, 107, 104, 42, 93, 21, 166, 59], [130, 182, 144, 146, 73, 97, 50, 51, 108, 123, 5], [30, 103, 174, 156, 113, 89, 185, 183, 23, 191, 195, 159, 106, 11], [54, 140, 91, 115, 53, 33, 92, 148, 163, 165, 85, 179, 157], [17, 81, 151, 56, 109, 39, 164, 20, 173, 137, 186, 105, 139], [188, 197, 116, 141, 101, 28, 64, 172, 122, 154, 58, 128, 7, 150, 77, 76], [196, 136, 184, 143, 142, 37, 29, 98, 99, 170, 149, 127], [95, 45, 46, 102, 57, 10, 110, 135, 90, 41, 66, 112], [61, 120, 190, 68, 74, 49, 168, 26, 134, 52, 131, 31, 161], [55, 35, 70, 12, 44, 160, 43, 198, 132, 83, 94, 88, 19], [2, 78, 9, 22, 126, 69, 169, 147, 124, 176], [138, 155, 193, 153, 13, 199, 16, 133, 38, 1], [180, 118, 111, 72, 75, 145, 86, 117, 114, 129, 34, 60], [40, 158, 152, 125, 119, 100, 32, 63, 15, 82], [162, 177, 36, 4, 62, 18, 65, 87, 47, 121, 71], [67, 25, 181, 194, 3, 80, 27, 171, 79, 192], [6, 178, 14, 187, 24, 96, 175, 48]]",false
197,32471,4485,OR-opt,CMT5.vrp,"[[8, 167, 84, 189, 107, 104, 42, 93, 21, 166, 59], [130, 182, 144, 146, 73, 97, 50, 51, 108, 123, 5], [30, 103, 174, 156, 113, 89, 185, 183, 23, 191, 195, 159, 106, 11], [54, 140, 91, 115, 53, 33, 92, 148, 163, 165, 85, 179, 157], [17, 81, 151, 56, 109, 39, 164, 20, 173, 137, 186, 105, 139], [188, 197, 116, 141, 101, 28, 64, 172, 122, 154, 58, 128, 7, 150, 77, 76], [196, 136, 184, 143, 142, 37, 29, 98, 99, 170, 149, 127], [95, 45, 46, 102, 57, 10, 110, 135, 90, 41, 66, 112], [61, 120, 190, 68, 74, 49, 168, 26, 134, 52, 131, 31, 161], [70, 12, 44, 160, 43, 198, 55, 35, 132, 83, 94, 88, 19], [2, 78, 9, 22, 126, 69, 169, 147, 124, 176], [138, 155, 193, 153, 13, 199, 16, 133, 38, 1], [180, 118, 111, 72, 75, 145, 86, 117, 114, 129, 34, 60], [40, 158, 152, 125, 119, 100, 32, 63, 15, 82], [162, 177, 36, 4, 62, 18, 65, 87, 47, 121, 71], [67, 25, 181, 194, 3, 80, 27, 171, 79, 192], [6, 178, 14, 187, 24, 96, 175, 48]]",false
198,32509,4470,OR-opt,CMT5.vrp,"[[8, 167, 84, 189, 107, 104, 42, 93, 21, 166, 59], [130, 182, 144, 146, 73, 97, 50, 51, 108, 123, 5], [30, 103, 174, 156, 113, 89, 185, 183, 23, 191, 195, 159, 106, 11], [54, 140, 91, 115, 53, 33, 92, 148, 163, 165, 85, 179, 157], [17, 81, 151, 56, 109, 39, 164, 20, 173, 137, 186, 105, 139], [188, 197, 116, 141, 101, 28, 64, 172, 122, 154, 58, 128, 7, 150, 77, 76], [196, 136, 184, 143, 142, 37, 29, 98, 99, 170, 149, 127], [95, 45, 46, 102, 57, 10, 110, 135, 90, 41, 66, 112], [61, 120, 190, 68, 74, 49, 168, 26, 134, 52, 131, 31, 161], [55, 12, 44, 160, 43, 198, 35, 70, 132, 83, 94, 88, 19], [2, 78, 9, 22, 126, 69, 169, 147, 124, 176], [138, 155, 193, 153, 13, 199, 16, 133, 38, 1], [180, 118, 111, 72, 75, 145, 86, 117, 114, 129, 34, 60], [40, 158, 152, 125, 119, 100, 32, 63, 15, 82], [162, 177, 36, 4, 62, 18, 65, 87, 47, 121, 71], [67, 25, 181, 194, 3, 80, 27, 171, 79, 192], [6, 178, 14, 187, 24, 96, 175, 48]]",false
199,32538,4447,OR-opt,CMT5.vrp,"[[8, 167, 84, 189, 107, 104, 42, 93, 21, 166, 59], [130, 182, 144, 146, 73, 97, 50, 51, 108, 123, 5], [30, 103, 174, 156, 113, 89, 185, 183, 23, 191, 195, 159, 106, 11], [54, 140, 91, 115, 53, 33, 92, 148, 163, 165, 85, 179, 157], [17, 81, 151, 56, 109, 39, 164, 20, 173, 137, 186, 105, 139], [188, 197, 116, 141, 101, 28, 64, 172, 122, 154, 58, 128, 7, 150, 77, 76], [196, 136, 184, 143, 142, 37, 29, 98, 99, 170, 149, 127], [95, 45, 46, 102, 57, 10, 110, 135, 90, 41, 66, 112], [61, 120, 190, 68, 74, 49, 168, 26, 134, 52, 131, 31, 161], [55, 12, 44, 160, 43, 198, 132, 35, 70, 83, 94, 88, 19], [2, 78, 9, 22, 126, 69, 169, 147, 124, 176], [138, 155, 193, 153, 13, 199, 16, 133, 38, 1], [180, 118, 111, 72, 75, 145, 86, 117, 114, 129, 34, 60], [40, 158, 152, 125, 119, 100, 32, 63, 15, 82], [162, 177, 36, 4, 62, 18, 65, 87, 47, 121, 71], [67, 25, 181, 194, 3, 80, 27, 171, 79, 192], [6, 178, 14, 187, 24, 96, 175, 48]]",false
200,32675,4444,OR-opt,CMT5.vrp,"[[8, 167, 84, 189, 107, 104, 42, 93, 21, 166, 59], [130, 182, 144, 146, 73, 97, 50, 51, 108, 123, 5], [30, 103, 174, 156, 113, 89, 185, 183, 23, 191, 195, 159, 106, 11], [54, 140, 91, 115, 53, 33, 92, 148, 163, 165, 85, 179, 157], [17, 81, 151, 56, 109, 39, 164, 20, 173, 137, 186, 105, 139], [188, 197, 116, 141, 101, 28, 64, 172, 122, 154, 58, 128, 7, 150, 77, 76], [196, 136, 184, 143, 142, 37, 29, 98, 99, 170, 149, 127], [95, 45, 46, 102, 57, 10, 110, 135, 90, 41, 66, 112], [61, 120, 190, 68, 74, 49, 168, 26, 134, 52, 131, 31, 161], [44, 55, 12, 160, 43, 198, 132, 35, 70, 83, 94, 88, 19], [2, 78, 9, 22, 126, 69, 169, 147, 124, 176], [138, 155, 193, 153, 13, 199, 16, 133, 38, 1], [180, 118, 111, 72, 75, 145, 86, 117, 114, 129, 34, 60], [40, 158, 152, 125, 119, 100, 32, 63, 15, 82], [162, 177, 36, 4, 62, 18, 65, 87, 47, 121, 71], [67, 25, 181, 194, 3, 80, 27, 171, 79, 192], [6, 178, 14, 187, 24, 96, 175, 48]]",false
201,32705,4431,OR-opt,CMT5.vrp,"[[8, 167, 84, 189, 107, 104, 42, 93, 21, 166, 59], [130, 182, 144, 146, 73, 97, 50, 51, 108, 123, 5], [30, 103, 174, 156, 113, 89, 185, 183, 23, 191, 195, 159, 106, 11], [54, 140, 91, 115, 53, 33, 92, 148, 163, 165, 85, 179, 157], [17, 81, 151, 56, 109, 39, 164, 20, 173, 137, 186, 105, 139], [188, 197, 116, 141, 101, 28, 64, 172, 122, 154, 58, 128, 7, 150, 77, 76], [196, 136, 184, 143, 142, 37, 29, 98, 99, 170, 149, 127], [95, 45, 46, 102, 57, 10, 110, 135, 90, 41, 66, 112], [61, 120, 190, 68, 74, 49, 168, 26, 134, 52, 131, 31, 161], [44, 160, 43, 198, 55, 12, 132, 35, 70, 83, 94, 88, 19], [2, 78, 9, 22, 126, 69, 169, 147, 124, 176], [138, 155, 193, 153, 13, 199, 16, 133, 38, 1], [180, 118, 111, 72, 75, 145, 86, 117, 114, 129, 34, 60], [40, 158, 152, 125, 119, 100, 32, 63, 15, 82], [162, 177, 36, 4, 62, 18, 65, 87, 47, 121, 71], [67, 25, 181, 194, 3, 80, 27, 171, 79, 192], [6, 178, 14, 187, 24, 96, 175, 48]]",false
202,32743,4430,OR-opt,CMT5.vrp,"[[8, 167, 84, 189, 107, 104, 42, 93, 21, 166, 59], [130, 182, 144, 146, 73, 97, 50, 51, 108, 123, 5], [30, 103, 174, 156, 113, 89, 185, 183, 23, 191, 195, 159, 106, 11], [54, 140, 91, 115, 53, 33, 92, 148, 163, 165, 85, 179, 157], [17, 81, 151, 56, 109, 39, 164, 20, 173, 137, 186, 105, 139], [188, 197, 116, 141, 101, 28, 64, 172, 122, 154, 58, 128, 7, 150, 77, 76], [196, 136, 184, 143, 142, 37, 29, 98, 99, 170, 149, 127], [95, 45, 46, 102, 57, 10, 110, 135, 90, 41, 66, 112], [61, 120, 190, 68, 74, 49, 168, 26, 134, 52, 131, 31, 161], [12, 44, 55, 160, 43, 198, 132, 35, 70, 83, 94, 88, 19], [2, 78, 9, 22, 126, 69, 169, 147, 124, 176], [138, 155, 193, 153, 13, 199, 16, 133, 38, 1], [180, 118, 111, 72, 75, 145, 86, 117, 114, 129, 34, 60], [40, 158, 152, 125, 119, 100, 32, 63, 15, 82], [162, 177, 36, 4, 62, 18, 65, 87, 47, 121, 71], [67, 25, 181, 194, 3, 80, 27, 171, 79, 192], [6, 178, 14, 187, 24, 96, 175, 48]]",false
203,32889,4418,OR-opt,CMT5.vrp,"[[8, 167, 84, 189, 107, 104, 42, 93, 21, 166, 59], [130, 182, 144, 146, 73, 97, 50, 51, 108, 123, 5], [30, 103, 174, 156, 113, 89, 185, 183, 23, 191, 195, 159, 106, 11], [54, 140, 91, 115, 53, 33, 92, 148, 163, 165, 85, 179, 157], [17, 81, 151, 56, 109, 39, 164, 20, 173, 137, 186, 105, 139], [188, 197, 116, 141, 101, 28, 64, 172, 122, 154, 58, 128, 7, 150, 77, 76], [196, 136, 184, 143, 142, 37, 29, 98, 99, 170, 149, 127], [95, 45, 46, 102, 57, 10, 110, 135, 90, 41, 66, 112], [61, 120, 190, 68, 74, 49, 168, 26, 134, 52, 131, 31, 161], [55, 12, 44, 160, 43, 198, 94, 88, 132, 35, 70, 83, 19], [2, 78, 9, 22, 126, 69, 169, 147, 124, 176], [138, 155, 193, 153, 13, 199, 16, 133, 38, 1], [180, 118, 111, 72, 75, 145, 86, 117, 114, 129, 34, 60], [40, 158, 152, 125, 119, 100, 32, 63, 15, 82], [162, 177, 36, 4, 62, 18, 65, 87, 47, 121, 71], [67, 25, 181, 194, 3, 80, 27, 171, 79, 192], [6, 178, 14, 187, 24, 96, 175, 48]]",false
204,32934,4415,OR-opt,CMT5.vrp,"[[8, 167, 84, 189, 107, 104, 42, 93, 21, 166, 59], [130, 182, 144, 146, 73, 97, 50, 51, 108, 123, 5], [30, 103, 174, 156, 113, 89, 185, 183, 23, 191, 195, 159, 106, 11], [54, 140, 91, 115, 53, 33, 92, 148, 163, 165, 85, 179, 157], [17, 81, 151, 56, 109, 39, 164, 20, 173, 137, 186, 105, 139], [188, 197, 116, 141, 101, 28, 64, 172, 122, 154, 58, 128, 7, 150, 77, 76], [196, 136, 184, 143, 142, 37, 29, 98, 99, 170, 149, 127], [95, 45, 46, 102, 57, 10, 110, 135, 90, 41, 66, 112], [61, 120, 190, 68, 74, 49, 168, 26, 134, 52, 131, 31, 161], [44, 55, 12, 160, 43, 198, 94, 88, 132, 35, 70, 83, 19], [2, 78, 9, 22, 126, 69, 169, 147, 124, 176], [138, 155, 193, 153, 13, 199, 16, 133, 38, 1], [180, 118, 111, 72, 75, 145, 86, 117, 114, 129, 34, 60], [40, 158, 152, 125, 119, 100, 32, 63, 15, 82], [162, 177, 36, 4, 62, 18, 65, 87, 47, 121, 71], [67, 25, 181, 194, 3, 80, 27, 171, 79, 192], [6, 178, 14, 187, 24, 96, 175, 48]]",false
205,32972,4401,OR-opt,CMT5.vrp,"[[8, 167, 84, 189, 107, 104, 42, 93, 21, 166, 59], [130, 182, 144, 146, 73, 97, 50, 51, 108, 123, 5], [30, 103, 174, 156, 113, 89, 185, 183, 23, 191, 195, 159, 106, 11], [54, 140, 91, 115, 53, 33, 92, 148, 163, 165, 85, 179, 157], [17, 81, 151, 56, 109, 39, 164, 20, 173, 137, 186, 105, 139], [188, 197, 116, 141, 101, 28, 64, 172, 122, 154, 58, 128, 7, 150, 77, 76], [196, 136, 184, 143, 142, 37, 29, 98, 99, 170, 149, 127], [95, 45, 46, 102, 57, 10, 110, 135, 90, 41, 66, 112], [61, 120, 190, 68, 74, 49, 168, 26, 134, 52, 131, 31, 161], [12, 44, 55, 160, 43, 198, 94, 88, 132, 35, 70, 83, 19], [2, 78, 9, 22, 126, 69, 169, 147, 124, 176], [138, 155, 193, 153, 13, 199, 16, 133, 38, 1], [180, 118, 111, 72, 75, 145, 86, 117, 114, 129, 34, 60], [40, 158, 152, 125, 119, 100, 32, 63, 15, 82], [162, 177, 36, 4, 62, 18, 65, 87, 47, 121, 71], [67, 25, 181, 194, 3, 80, 27, 171, 79, 192], [6, 178, 14, 187, 24, 96, 175, 48]]",false
206,33114,4397,OR-opt,CMT5.vrp,"[[8, 167, 84, 189, 107, 104, 42, 93, 21, 166, 59], [130, 182, 144, 146, 73, 97, 50, 51, 108, 123, 5], [30, 103, 174, 156, 113, 89, 185, 183, 23, 191, 195, 159, 106, 11], [54, 140, 91, 115, 53, 33, 92, 148, 163, 165, 85, 179, 157], [17, 81, 151, 56, 109, 39, 164, 20, 173, 137, 186, 105, 139], [188, 197, 116, 141, 101, 28, 64, 172, 122, 154, 58, 128, 7, 150, 77, 76], [196, 136, 184, 143, 142, 37, 29, 98, 99, 170, 149, 127], [95, 45, 46, 102, 57, 10, 110, 135, 90, 41, 66, 112], [61, 120, 190, 68, 74, 49, 168, 26, 134, 52, 131, 31, 161], [55, 12, 44, 160, 43, 198, 94, 88, 83, 19, 132, 35, 70], [2, 78, 9, 22, 126, 69, 169, 147, 124, 176], [138, 155, 193, 153, 13, 199, 16, 133, 38, 1], [180, 118, 111, 72, 75, 145, 86, 117, 114, 129, 34, 60], [40, 158, 152, 125, 119, 100, 32, 63, 15, 82], [162, 177, 36, 4, 62, 18, 65, 87, 47, 121, 71], [67, 25, 181, 194, 3, 80, 27, 171, 79, 192], [6, 178, 14, 187, 24, 96, 175, 48]]",false
207,33145,4394,OR-opt,CMT5.vrp,"[[8, 167, 84, 189, 107, 104, 42, 93, 21, 166, 59], [130, 182, 144, 146, 73, 97, 50, 51, 108, 123, 5], [30, 103, 174, 156, 113, 89, 185, 183, 23, 191, 195, 159, 106, 11], [54, 140, 91, 115, 53, 33, 92, 148, 163, 165, 85, 179, 157], [17, 81, 151, 56, 109, 39, 164, 20, 173, 137, 186, 105, 139], [188, 197, 116, 141, 101, 28, 64, 172, 122, 154, 58, 128, 7, 150, 77, 76], [196, 136, 184, 143, 142, 37, 29, 98, 99, 170, 149, 127], [95, 45, 46, 102, 57, 10, 110, 135, 90, 41, 66, 112], [61, 120, 190, 68, 74, 49, 168, 26, 134, 52, 131, 31, 161], [44, 55, 12, 160, 43, 198, 94, 88, 83, 19, 132, 35, 70], [2, 78, 9, 22, 126, 69, 169, 147, 124, 176], [138, 155, 193, 153, 13, 199, 16, 133, 38, 1], [180, 118, 111, 72, 75, 145, 86, 117, 114, 129, 34, 60], [40, 158, 152, 125, 119, 100, 32, 63, 15, 82], [162, 177, 36, 4, 62, 18, 65, 87, 47, 121, 71], [67, 25, 181, 194, 3, 80, 27, 171, 79, 192], [6, 178, 14, 187, 24, 96, 175, 48]]",false
208,33183,4380,OR-opt,CMT5.vrp,"[[8, 167, 84, 189, 107, 104, 42, 93, 21, 166, 59], [130, 182, 144, 146, 73, 97, 50, 51, 108, 123, 5], [30, 103, 174, 156, 113, 89, 185, 183, 23, 191, 195, 159, 106, 11], [54, 140, 91, 115, 53, 33, 92, 148, 163, 165, 85, 179, 157], [17, 81, 151, 56, 109, 39, 164, 20, 173, 137, 186, 105, 139], [188, 197, 116, 141, 101, 28, 64, 172, 122, 154, 58, 128, 7, 150, 77, 76], [196, 136, 184, 143, 142, 37, 29, 98, 99, 170, 149, 127], [95, 45, 46, 102, 57, 10, 110, 135, 90, 41, 66, 112], [61, 120, 190, 68, 74, 49, 168, 26, 134, 52, 131, 31, 161], [12, 44, 55, 160, 43, 198, 94, 88, 83, 19, 132, 35, 70], [2, 78, 9, 22, 126, 69, 169, 147, 124, 176], [138, 155, 193, 153, 13, 199, 16, 133, 38, 1], [180, 118, 111, 72, 75, 145, 86, 117, 114, 129, 34, 60], [40, 158, 152, 125, 119, 100, 32, 63, 15, 82], [162, 177, 36, 4, 62, 18, 65, 87, 47, 121, 71], [67, 25, 181, 194, 3, 80, 27, 171, 79, 192], [6, 178, 14, 187, 24, 96, 175, 48]]",false
209,33363,4376,OR-opt,CMT5.vrp,"[[8, 167, 84, 189, 107, 104, 42, 93, 21, 166, 59], [130, 182, 144, 146, 73, 97, 50, 51, 108, 123, 5], [30, 103, 174, 156, 113, 89, 185, 183, 23, 191, 195, 159, 106, 11], [54, 140, 91, 115, 53, 33, 92, 148, 163, 165, 85, 179, 157], [17, 81, 151, 56, 109, 39, 164, 20, 173, 137, 186, 105, 139], [188, 197, 116, 141, 101, 28, 64, 172, 122, 154, 58, 128, 7, 150, 77, 76], [196, 136, 184, 143, 142, 37, 29, 98, 99, 170, 149, 127], [95, 45, 46, 102, 57, 10, 110, 135, 90, 41, 66, 112], [61, 120, 190, 68, 74, 49, 168, 26, 134, 52, 131, 31, 161], [12, 44, 55, 198, 160, 43, 94, 88, 83, 19, 132, 35, 70], [2, 78, 9, 22, 126, 69, 169, 147, 124, 176], [138, 155, 193, 153, 13, 199, 16, 133, 38, 1], [180, 118, 111, 72, 75, 145, 86, 117, 114, 129, 34, 60], [40, 158, 152, 125, 119, 100, 32, 63, 15, 82], [162, 177, 36, 4, 62, 18, 65, 87, 47, 121, 71], [67, 25, 181, 194, 3, 80, 27, 171, 79, 192], [6, 178, 14, 187, 24, 96, 175, 48]]",false
210,33474,4376,OR-opt,CMT5.vrp,"[[8, 167, 84, 189, 107, 104, 42, 93, 21, 166, 59], [130, 182, 144, 146, 73, 97, 50, 51, 108, 123, 5], [30, 103, 174, 156, 113, 89, 185, 183, 23, 191, 195, 159, 106, 11], [54, 140, 91, 115, 53, 33, 92, 148, 163, 165, 85, 179, 157], [17, 81, 151, 56, 109, 39, 164, 20, 173, 137, 186, 105, 139], [188, 197, 116, 141, 101, 28, 64, 172, 122, 154, 58, 128, 7, 150, 77, 76], [196, 136, 184, 143, 142, 37, 29, 98, 99, 170, 149, 127], [95, 45, 46, 102, 57, 10, 110, 135, 90, 41, 66, 112], [61, 120, 190, 68, 74, 49, 168, 26, 134, 52, 131, 31, 161], [12, 44, 55, 160, 43, 198, 94, 88, 83, 19, 70, 132, 35], [2, 78, 9, 22, 126, 69, 169, 147, 124, 176], [138, 155, 193, 153, 13, 199, 16, 133, 38, 1], [180, 118, 111, 72, 75, 145, 86, 117, 114, 129, 34, 60], [40, 158, 152, 125, 119, 100, 32, 63, 15, 82], [162, 177, 36, 4, 62, 18, 65, 87, 47, 121, 71], [67, 25, 181, 194, 3, 80, 27, 171, 79, 192], [6, 178, 14, 187, 24, 96, 175, 48]]",false
211,33551,4373,OR-opt,CMT5.vrp,"[[8, 167, 84, 189, 107, 104, 42, 93, 21, 166, 59], [130, 182, 144, 146, 73, 97, 50, 51, 108, 123, 5], [30, 103, 174, 156, 113, 89, 185, 183, 23, 191, 195, 159, 106, 11], [54, 140, 91, 115, 53, 33, 92, 148, 163, 165, 85, 179, 157], [17, 81, 151, 56, 109, 39, 164, 20, 173, 137, 186, 105, 139], [188, 197, 116, 141, 101, 28, 64, 172, 122, 154, 58, 128, 7, 150, 77, 76], [196, 136, 184, 143, 142, 37, 29, 98, 99, 170, 149, 127], [95, 45, 46, 102, 57, 10, 110, 135, 90, 41, 66, 112], [61, 120, 190, 68, 74, 49, 168, 26, 134, 52, 131, 31, 161], [12, 44, 55, 198, 160, 43, 94, 88, 83, 19, 70, 132, 35], [2, 78, 9, 22, 126, 69, 169, 147, 124, 176], [138, 155, 193, 153, 13, 199, 16, 133, 38, 1], [180, 118, 111, 72, 75, 145, 86, 117, 114, 129, 34, 60], [40, 158, 152, 125, 119, 100, 32, 63, 15, 82], [162, 177, 36, 4, 62, 18, 65, 87, 47, 121, 71], [67, 25, 181, 194, 3, 80, 27, 171, 79, 192], [6, 178, 14, 187, 24, 96, 175, 48]]",false
212,33804,4368,OR-opt,CMT5.vrp,"[[8, 167, 84, 189, 107, 104, 42, 93, 21, 166, 59], [130, 182, 144, 146, 73, 97, 50, 51, 108, 123, 5], [30, 103, 174, 156, 113, 89, 185, 183, 23, 191, 195, 159, 106, 11], [54, 140, 91, 115, 53, 33, 92, 148, 163, 165, 85, 179, 157], [17, 81, 151, 56, 109, 39, 164, 20, 173, 137, 186, 105, 139], [188, 197, 116, 141, 101, 28, 64, 172, 122, 154, 58, 128, 7, 150, 77, 76], [196, 136, 184, 143, 142, 37, 29, 98, 99, 170, 149, 127], [95, 45, 46, 102, 57, 10, 110, 135, 90, 41, 66, 112], [61, 120, 190, 68, 74, 49, 168, 26, 134, 52, 131, 31, 161], [12, 44, 55, 198, 160, 43, 94, 88, 83, 19, 70, 132, 35], [9, 22, 2, 78, 126, 69, 169, 147, 124, 176], [138, 155, 193, 153, 13, 199, 16, 133, 38, 1], [180, 118, 111, 72, 75, 145, 86, 117, 114, 129, 34, 60], [40, 158, 152, 125, 119, 100, 32, 63, 15, 82], [162, 177, 36, 4, 62, 18, 65, 87, 47, 121, 71], [67, 25, 181, 194, 3, 80, 27, 171, 79, 192], [6, 178, 14, 187, 24, 96, 175, 48]]",false
213,33834,4351,OR-opt,CMT5.vrp,"[[8, 167, 84, 189, 107, 104, 42, 93, 21, 166, 59], [130, 182, 144, 146, 73, 97, 50, 51, 108, 123, 5], [30, 103, 174, 156, 113, 89, 185, 183, 23, 191, 195, 159, 106, 11], [54, 140, 91, 115, 53, 33, 92, 148, 163, 165, 85, 179, 157], [17, 81, 151, 56, 109, 39, 164, 20, 173, 137, 186, 105, 139], [188, 197, 116, 141, 101, 28, 64, 172, 122, 154, 58, 128, 7, 150, 77, 76], [196, 136, 184, 143, 142, 37, 29, 98, 99, 170, 149, 127], [95, 45, 46, 102, 57, 10, 110, 135, 90, 41, 66, 112], [61, 120, 190, 68, 74, 49, 168, 26, 134, 52, 131, 31, 161], [12, 44, 55, 198, 160, 43, 94, 88, 83, 19, 70, 132, 35], [9, 22, 126, 2, 78, 69, 169, 147, 124, 176], [138, 155, 193, 153, 13, 199, 16, 133, 38, 1], [180, 118, 111, 72, 75, 145, 86, 117, 114, 129, 34, 60], [40, 158, 152, 125, 119, 100, 32, 63, 15, 82], [162, 177, 36, 4, 62, 18, 65, 87, 47, 121, 71], [67, 25, 181, 194, 3, 80, 27, 171, 79, 192], [6, 178, 14, 187, 24, 96, 175, 48]]",false
214,33869,4339,OR-opt,CMT5.vrp,"[[8, 167, 84, 189, 107, 104, 42, 93, 21, 166, 59], [130, 182, 144, 146, 73, 97, 50, 51, 108, 123, 5], [30, 103, 174, 156, 113, 89, 185, 183, 23, 191, 195, 159, 106, 11], [54, 140, 91, 115, 53, 33, 92, 148, 163, 165, 85, 179, 157], [17, 81, 151, 56, 109, 39, 164, 20, 173, 137, 186, 105, 139], [188, 197, 116, 141, 101, 28, 64, 172, 122, 154, 58, 128, 7, 150, 77, 76], [196, 136, 184, 143, 142, 37, 29, 98, 99, 170, 149, 127], [95, 45, 46, 102, 57, 10, 110, 135, 90, 41, 66, 112], [61, 120, 190, 68, 74, 49, 168, 26, 134, 52, 131, 31, 161], [12, 44, 55, 198, 160, 43, 94, 88, 83, 19, 70, 132, 35], [2, 22, 126, 78, 9, 69, 169, 147, 124, 176], [138, 155, 193, 153, 13, 199, 16, 133, 38, 1], [180, 118, 111, 72, 75, 145, 86, 117, 114, 129, 34, 60], [40, 158, 152, 125, 119, 100, 32, 63, 15, 82], [162, 177, 36, 4, 62, 18, 65, 87, 47, 121, 71], [67, 25, 181, 194, 3, 80, 27, 171, 79, 192], [6, 178, 14, 187, 24, 96, 175, 48]]",false
215,33896,4313,OR-opt,CMT5.vrp,"[[8, 167, 84, 189, 107, 104, 42, 93, 21, 166, 59], [130, 182, 144, 146, 73, 97, 50, 51, 108, 123, 5], [30, 103, 174, 156, 113, 89, 185, 183, 23, 191, 195, 159, 106, 11], [54, 140, 91, 115, 53, 33, 92, 148, 163, 165, 85, 179, 157], [17, 81, 151, 56, 109, 39, 164, 20, 173, 137, 186, 105, 139], [188, 197, 116, 141, 101, 28, 64, 172, 122, 154, 58, 128, 7, 150, 77, 76], [196, 136, 184, 143, 142, 37, 29, 98, 99, 170, 149, 127], [95, 45, 46, 102, 57, 10, 110, 135, 90, 41, 66, 112], [61, 120, 190, 68, 74, 49, 168, 26, 134, 52, 131, 31, 161], [12, 44, 55, 198, 160, 43, 94, 88, 83, 19, 70, 132, 35], [2, 22, 126, 69, 78, 9, 169, 147, 124, 176], [138, 155, 193, 153, 13, 199, 16, 133, 38, 1], [180, 118, 111, 72, 75, 145, 86, 117, 114, 129, 34, 60], [40, 158, 152, 125, 119, 100, 32, 63, 15, 82], [162, 177, 36, 4, 62, 18, 65, 87, 47, 121, 71], [67, 25, 181, 194, 3, 80, 27, 171, 79, 192], [6, 178, 14, 187, 24, 96, 175, 48]]",false
216,33987,4294,OR-opt,CMT5.vrp,"[[8, 167, 84, 189, 107, 104, 42, 93, 21, 166, 59], [130, 182, 144, 146, 73, 97, 50, 51, 108, 123, 5], [30, 103, 174, 156, 113, 89, 185, 183, 23, 191, 195, 159, 106, 11], [54, 140, 91, 115, 53, 33, 92, 148, 163, 165, 85, 179, 157], [17, 81, 151, 56, 109, 39, 164, 20, 173, 137, 186, 105, 139], [188, 197, 116, 141, 101, 28, 64, 172, 122, 154, 58, 128, 7, 150, 77, 76], [196, 136, 184, 143, 142, 37, 29, 98, 99, 170, 149, 127], [95, 45, 46, 102, 57, 10, 110, 135, 90, 41, 66, 112], [61, 120, 190, 68, 74, 49, 168, 26, 134, 52, 131, 31, 161], [12, 44, 55, 198, 160, 43, 94, 88, 83, 19, 70, 132, 35], [126, 69, 78, 9, 169, 147, 2, 22, 124, 176], [138, 155, 193, 153, 13, 199, 16, 133, 38, 1], [180, 118, 111, 72, 75, 145, 86, 117, 114, 129, 34, 60], [40, 158, 152, 125, 119, 100, 32, 63, 15, 82], [162, 177, 36, 4, 62, 18, 65, 87, 47, 121, 71], [67, 25, 181, 194, 3, 80, 27, 171, 79, 192], [6, 178, 14, 187, 24, 96, 175, 48]]",false
217,34037,4284,OR-opt,CMT5.vrp,"[[8, 167, 84, 189, 107, 104, 42, 93, 21, 166, 59], [130, 182, 144, 146, 73, 97, 50, 51, 108, 123, 5], [30, 103, 174, 156, 113, 89, 185, 183, 23, 191, 195, 159, 106, 11], [54, 140, 91, 115, 53, 33, 92, 148, 163, 165, 85, 179, 157], [17, 81, 151, 56, 109, 39, 164, 20, 173, 137, 186, 105, 139], [188, 197, 116, 141, 101, 28, 64, 172, 122, 154, 58, 128, 7, 150, 77, 76], [196, 136, 184, 143, 142, 37, 29, 98, 99, 170, 149, 127], [95, 45, 46, 102, 57, 10, 110, 135, 90, 41, 66, 112], [61, 120, 190, 68, 74, 49, 168, 26, 134, 52, 131, 31, 161], [12, 44, 55, 198, 160, 43, 94, 88, 83, 19, 70, 132, 35], [2, 22, 126, 9, 169, 147, 69, 78, 124, 176], [138, 155, 193, 153, 13, 199, 16, 133, 38, 1], [180, 118, 111, 72, 75, 145, 86, 117, 114, 129, 34, 60], [40, 158, 152, 125, 119, 100, 32, 63, 15, 82], [162, 177, 36, 4, 62, 18, 65, 87, 47, 121, 71], [67, 25, 181, 194, 3, 80, 27, 171, 79, 192], [6, 178, 14, 187, 24, 96, 175, 48]]",false
218,34099,4283,OR-opt,CMT5.vrp,"[[8, 167, 84, 189, 107, 104, 42, 93, 21, 166, 59], [130, 182, 144, 146, 73, 97, 50, 51, 108, 123, 5], [30, 103, 174, 156, 113, 89, 185, 183, 23, 191, 195, 159, 106, 11], [54, 140, 91, 115, 53, 33, 92, 148, 163, 165, 85, 179, 157], [17, 81, 151, 56, 109, 39, 164, 20, 173, 137, 186, 105, 139], [188, 197, 116, 141, 101, 28, 64, 172, 122, 154, 58, 128, 7, 150, 77, 76], [196, 136, 184, 143, 142, 37, 29, 98, 99, 170, 149, 127], [95, 45, 46, 102, 57, 10, 110, 135, 90, 41, 66, 112], [61, 120, 190, 68, 74, 49, 168, 26, 134, 52, 131, 31, 161], [12, 44, 55, 198, 160, 43, 94, 88, 83, 19, 70, 132, 35], [2, 22, 126, 124, 176, 69, 78, 9, 169, 147], [138, 155, 193, 153, 13, 199, 16, 133, 38, 1], [180, 118, 111, 72, 75, 145, 86, 117, 114, 129, 34, 60], [40, 158, 152, 125, 119, 100, 32, 63, 15, 82], [162, 177, 36, 4, 62, 18, 65, 87, 47, 121, 71], [67, 25, 181, 194, 3, 80, 27, 171, 79, 192], [6, 178, 14, 187, 24, 96, 175, 48]]",false
219,34130,4268,OR-opt,CMT5.vrp,"[[8, 167, 84, 189, 107, 104, 42, 93, 21, 166, 59], [130, 182, 144, 146, 73, 97, 50, 51, 108, 123, 5], [30, 103, 174, 156, 113, 89, 185, 183, 23, 191, 195, 159, 106, 11], [54, 140, 91, 115, 53, 33, 92, 148, 163, 165, 85, 179, 157], [17, 81, 151, 56, 109, 39, 164, 20, 173, 137, 186, 105, 139], [188, 197, 116, 141, 101, 28, 64, 172, 122, 154, 58, 128, 7, 150, 77, 76], [196, 136, 184, 143, 142, 37, 29, 98, 99, 170, 149, 127], [95, 45, 46, 102, 57, 10, 110, 135, 90, 41, 66, 112], [61, 120, 190, 68, 74, 49, 168, 26, 134, 52, 131, 31, 161], [12, 44, 55, 198, 160, 43, 94, 88, 83, 19, 70, 132, 35], [126, 2, 22, 124, 176, 69, 78, 9, 169, 147], [138, 155, 193, 153, 13, 199, 16, 133, 38, 1], [180, 118, 111, 72, 75, 145, 86, 117, 114, 129, 34, 60], [40, 158, 152, 125, 119, 100, 32, 63, 15, 82], [162, 177, 36, 4, 62, 18, 65, 87, 47, 121, 71], [67, 25, 181, 194, 3, 80, 27, 171, 79, 192], [6, 178, 14, 187, 24, 96, 175, 48]]",false
220,34280,4266,OR-opt,CMT5.vrp,"[[8, 167, 84, 189, 107, 104, 42, 93, 21, 166, 59], [130, 182, 144, 146, 73, 97, 50, 51, 108, 123, 5], [30, 103, 174, 156, 113, 89, 185, 183, 23, 191, 195, 159, 106, 11], [54, 140, 91, 115, 53, 33, 92, 148, 163, 165, 85, 179, 157], [17, 81, 151, 56, 109, 39, 164, 20, 173, 137, 186, 105, 139], [188, 197, 116, 141, 101, 28, 64, 172, 122, 154, 58, 128, 7, 150, 77, 76], [196, 136, 184, 143, 142, 37, 29, 98, 99, 170, 149, 127], [95, 45, 46, 102, 57, 10, 110, 135, 90, 41, 66, 112], [61, 120, 190, 68, 74, 49, 168, 26, 134, 52, 131, 31, 161], [12, 44, 55, 198, 160, 43, 94, 88, 83, 19, 70, 132, 35], [126, 2, 22, 124, 78, 176, 69, 9, 169, 147], [138, 155, 193, 153, 13, 199, 16, 133, 38, 1], [180, 118, 111, 72, 75, 145, 86, 117, 114, 129, 34, 60], [40, 158, 152, 125, 119, 100, 32, 63, 15, 82], [162, 177, 36, 4, 62, 18, 65, 87, 47, 121, 71], [67, 25, 181, 194, 3, 80, 27, 171, 79, 192], [6, 178, 14, 187, 24, 96, 175, 48]]",false
221,34462,4264,OR-opt,CMT5.vrp,"[[8, 167, 84, 189, 107, 104, 42, 93, 21, 166, 59], [130, 182, 144, 146, 73, 97, 50, 51, 108, 123, 5], [30, 103, 174, 156, 113, 89, 185, 183, 23, 191, 195, 159, 106, 11], [54, 140, 91, 115, 53, 33, 92, 148, 163, 165, 85, 179, 157], [17, 81, 151, 56, 109, 39, 164, 20, 173, 137, 186, 105, 139], [188, 197, 116, 141, 101, 28, 64, 172, 122, 154, 58, 128, 7, 150, 77, 76], [196, 136, 184, 143, 142, 37, 29, 98, 99, 170, 149, 127], [95, 45, 46, 102, 57, 10, 110, 135, 90, 41, 66, 112], [61, 120, 190, 68, 74, 49, 168, 26, 134, 52, 131, 31, 161], [12, 44, 55, 198, 160, 43, 94, 88, 83, 19, 70, 132, 35], [126, 2, 22, 124, 176, 69, 78, 147, 9, 169], [138, 155, 193, 153, 13, 199, 16, 133, 38, 1], [180, 118, 111, 72, 75, 145, 86, 117, 114, 129, 34, 60], [40, 158, 152, 125, 119, 100, 32, 63, 15, 82], [162, 177, 36, 4, 62, 18, 65, 87, 47, 121, 71], [67, 25, 181, 194, 3, 80, 27, 171, 79, 192], [6, 178, 14, 187, 24, 96, 175, 48]]",false
222,34504,4258,OR-opt,CMT5.vrp,"[[8, 167, 84, 189, 107, 104, 42, 93, 21, 166, 59], [130, 182, 144, 146, 73, 97, 50, 51, 108, 123, 5], [30, 103, 174, 156, 113, 89, 185, 183, 23, 191, 195, 159, 106, 11], [54, 140, 91, 115, 53, 33, 92, 148, 163, 165, 85, 179, 157], [17, 81, 151, 56, 109, 39, 164, 20, 173, 137, 186, 105, 139], [188, 197, 116, 141, 101, 28, 64, 172, 122, 154, 58, 128, 7, 150, 77, 76], [196, 136, 184, 143, 142, 37, 29, 98, 99, 170, 149, 127], [95, 45, 46, 102, 57, 10, 110, 135, 90, 41, 66, 112], [61, 120, 190, 68, 74, 49, 168, 26, 134, 52, 131, 31, 161], [12, 44, 55, 198, 160, 43, 94, 88, 83, 19, 70, 132, 35], [126, 2, 22, 124, 176, 69, 78, 169, 147, 9], [138, 155, 193, 153, 13, 199, 16, 133, 38, 1], [180, 118, 111, 72, 75, 145, 86, 117, 114, 129, 34, 60], [40, 158, 152, 125, 119, 100, 32, 63, 15, 82], [162, 177, 36, 4, 62, 18, 65, 87, 47, 121, 71], [67, 25, 181, 194, 3, 80, 27, 171, 79, 192], [6, 178, 14, 187, 24, 96, 175, 48]]",false
223,34575,4256,OR-opt,CMT5.vrp,"[[8, 167, 84, 189, 107, 104, 42, 93, 21, 166, 59], [130, 182, 144, 146, 73, 97, 50, 51, 108, 123, 5], [30, 103, 174, 156, 113, 89, 185, 183, 23, 191, 195, 159, 106, 11], [54, 140, 91, 115, 53, 33, 92, 148, 163, 165, 85, 179, 157], [17, 81, 151, 56, 109, 39, 164, 20, 173, 137, 186, 105, 139], [188, 197, 116, 141, 101, 28, 64, 172, 122, 154, 58, 128, 7, 150, 77, 76], [196, 136, 184, 143, 142, 37, 29, 98, 99, 170, 149, 127], [95, 45, 46, 102, 57, 10, 110, 135, 90, 41, 66, 112], [61, 120, 190, 68, 74, 49, 168, 26, 134, 52, 131, 31, 161], [12, 44, 55, 198, 160, 43, 94, 88, 83, 19, 70, 132, 35], [126, 2, 22, 124, 78, 176, 69, 169, 147, 9], [138, 155, 193, 153, 13, 199, 16, 133, 38, 1], [180, 118, 111, 72, 75, 145, 86, 117, 114, 129, 34, 60], [40, 158, 152, 125, 119, 100, 32, 63, 15, 82], [162, 177, 36, 4, 62, 18, 65, 87, 47, 121, 71], [67, 25, 181, 194, 3, 80, 27, 171, 79, 192], [6, 178, 14, 187, 24, 96, 175, 48]]",false
224,34722,4227,OR-opt,CMT5.vrp,"[[8, 167, 84, 189, 107, 104, 42, 93, 21, 166, 59], [130, 182, 144, 146, 73, 97, 50, 51, 108, 123, 5], [30, 103, 174, 156, 113, 89, 185, 183, 23, 191, 195, 159, 106, 11], [54, 140, 91, 115, 53, 33, 92, 148, 163, 165, 85, 179, 157], [17, 81, 151, 56, 109, 39, 164, 20, 173, 137, 186, 105, 139], [188, 197, 116, 141, 101, 28, 64, 172, 122, 154, 58, 128, 7, 150, 77, 76], [196, 136, 184, 143, 142, 37, 29, 98, 99, 170, 149, 127], [95, 45, 46, 102, 57, 10, 110, 135, 90, 41, 66, 112], [61, 120, 190, 68, 74, 49, 168, 26, 134, 52, 131, 31, 161], [12, 44, 55, 198, 160, 43, 94, 88, 83, 19, 70, 132, 35], [126, 2, 22, 124, 78, 176, 69, 169, 147, 9], [193, 138, 155, 153, 13, 199, 16, 133, 38, 1], [180, 118, 111, 72, 75, 145, 86, 117, 114, 129, 34, 60], [40, 158, 152, 125, 119, 100, 32, 63, 15, 82], [162, 177, 36, 4, 62, 18, 65, 87, 47, 121, 71], [67, 25, 181, 194, 3, 80, 27, 171, 79, 192], [6, 178, 14, 187, 24, 96, 175, 48]]",false
225,34751,4214,OR-opt,CMT5.vrp,"[[8, 167, 84, 189, 107, 104, 42, 93, 21, 166, 59], [130, 182, 144, 146, 73, 97, 50, 51, 108, 123, 5], [30, 103, 174, 156, 113, 89, 185, 183, 23, 191, 195, 159, 106, 11], [54, 140, 91, 115, 53, 33, 92, 148, 163, 165, 85, 179, 157], [17, 81, 151, 56, 109, 39, 164, 20, 173, 137, 186, 105, 139], [188, 197, 116, 141, 101, 28, 64, 172, 122, 154, 58, 128, 7, 150, 77, 76], [196, 136, 184, 143, 142, 37, 29, 98, 99, 170, 149, 127], [95, 45, 46, 102, 57, 10, 110, 135, 90, 41, 66, 112], [61, 120, 190, 68, 74, 49, 168, 26, 134, 52, 131, 31, 161], [12, 44, 55, 198, 160, 43, 94, 88, 83, 19, 70, 132, 35], [126, 2, 22, 124, 78, 176, 69, 169, 147, 9], [193, 153, 13, 138, 155, 199, 16, 133, 38, 1], [180, 118, 111, 72, 75, 145, 86, 117, 114, 129, 34, 60], [40, 158, 152, 125, 119, 100, 32, 63, 15, 82], [162, 177, 36, 4, 62, 18, 65, 87, 47, 121, 71], [67, 25, 181, 194, 3, 80, 27, 171, 79, 192], [6, 178, 14, 187, 24, 96, 175, 48]]",false
226,34818,4202,OR-opt,CMT5.vrp,"[[8, 167, 84, 189, 107, 104, 42, 93, 21, 166, 59], [130, 182, 144, 146, 73, 97, 50, 51, 108, 123, 5], [30, 103, 174, 156, 113, 89, 185, 183, 23, 191, 195, 159, 106, 11], [54, 140, 91, 115, 53, 33, 92, 148, 163, 165, 85, 179, 157], [17, 81, 151, 56, 109, 39, 164, 20, 173, 137, 186, 105, 139], [188, 197, 116, 141, 101, 28, 64, 172, 122, 154, 58, 128, 7, 150, 77, 76], [196, 136, 184, 143, 142, 37, 29, 98, 99, 170, 149, 127], [95, 45, 46, 102, 57, 10, 110, 135, 90, 41, 66, 112], [61, 120, 190, 68, 74, 49, 168, 26, 134, 52, 131, 31, 161], [12, 44, 55, 198, 160, 43, 94, 88, 83, 19, 70, 132, 35], [126, 2, 22, 124, 78, 176, 69, 169, 147, 9], [153, 13, 138, 155, 193, 199, 16, 133, 38, 1], [180, 118, 111, 72, 75, 145, 86, 117, 114, 129, 34, 60], [40, 158, 152, 125, 119, 100, 32, 63, 15, 82], [162, 177, 36, 4, 62, 18, 65, 87, 47, 121, 71], [67, 25, 181, 194, 3, 80, 27, 171, 79, 192], [6, 178, 14, 187, 24, 96, 175, 48]]",false
227,34849,4199,OR-opt,CMT5.vrp,"[[8, 167, 84, 189, 107, 104, 42, 93, 21, 166, 59], [130, 182, 144, 146, 73, 97, 50, 51, 108, 123, 5], [30, 103, 174, 156, 113, 89, 185, 183, 23, 191, 195, 159, 106, 11], [54, 140, 91, 115, 53, 33, 92, 148, 163, 165, 85, 179, 157], [17, 81, 151, 56, 109, 39, 164, 20, 173, 137, 186, 105, 139], [188, 197, 116, 141, 101, 28, 64, 172, 122, 154, 58, 128, 7, 150, 77, 76], [196, 136, 184, 143, 142, 37, 29, 98, 99, 170, 149, 127], [95, 45, 46, 102, 57, 10, 110, 135, 90, 41, 66, 112], [61, 120, 190, 68, 74, 49, 168, 26, 134, 52, 131, 31, 161], [12, 44, 55, 198, 160, 43, 94, 88, 83, 19, 70, 132, 35], [126, 2, 22, 124, 78, 176, 69, 169, 147, 9], [138, 155, 193, 199, 16, 153, 13, 133, 38, 1], [180, 118, 111, 72, 75, 145, 86, 117, 114, 129, 34, 60], [40, 158, 152, 125, 119, 100, 32, 63, 15, 82], [162, 177, 36, 4, 62, 18, 65, 87, 47, 121, 71], [67, 25, 181, 194, 3, 80, 27, 171, 79, 192], [6, 178, 14, 187, 24, 96, 175, 48]]",false
228,34891,4196,OR-opt,CMT5.vrp,"[[8, 167, 84, 189, 107, 104, 42, 93, 21, 166, 59], [130, 182, 144, 146, 73, 97, 50, 51, 108, 123, 5], [30, 103, 174, 156, 113, 89, 185, 183, 23, 191, 195, 159, 106, 11], [54, 140, 91, 115, 53, 33, 92, 148, 163, 165, 85, 179, 157], [17, 81, 151, 56, 109, 39, 164, 20, 173, 137, 186, 105, 139], [188, 197, 116, 141, 101, 28, 64, 172, 122, 154, 58, 128, 7, 150, 77, 76], [196, 136, 184, 143, 142, 37, 29, 98, 99, 170, 149, 127], [95, 45, 46, 102, 57, 10, 110, 135, 90, 41, 66, 112], [61, 120, 190, 68, 74, 49, 168, 26, 134, 52, 131, 31, 161], [12, 44, 55, 198, 160, 43, 94, 88, 83, 19, 70, 132, 35], [126, 2, 22, 124, 78, 176, 69, 169, 147, 9], [138, 155, 199, 16, 193, 153, 13, 133, 38, 1], [180, 118, 111, 72, 75, 145, 86, 117, 114, 129, 34, 60], [40, 158, 152, 125, 119, 100, 32, 63, 15, 82], [162, 177, 36, 4, 62, 18, 65, 87, 47, 121, 71], [67, 25, 181, 194, 3, 80, 27, 171, 79, 192], [6, 178, 14, 187, 24, 96, 175, 48]]",false
229,34922,4182,OR-opt,CMT5.vrp,"[[8, 167, 84, 189, 107, 104, 42, 93, 21, 166, 59], [130, 182, 144, 146, 73, 97, 50, 51, 108, 123, 5], [30, 103, 174, 156, 113, 89, 185, 183, 23, 191, 195, 159, 106, 11], [54, 140, 91, 115, 53, 33, 92, 148, 163, 165, 85, 179, 157], [17, 81, 151, 56, 109, 39, 164, 20, 173, 137, 186, 105, 139], [188, 197, 116, 141, 101, 28, 64, 172, 122, 154, 58, 128, 7, 150, 77, 76], [196, 136, 184, 143, 142, 37, 29, 98, 99, 170, 149, 127], [95, 45, 46, 102, 57, 10, 110, 135, 90, 41, 66, 112], [61, 120, 190, 68, 74, 49, 168, 26, 134, 52, 131, 31, 161], [12, 44, 55, 198, 160, 43, 94, 88, 83, 19, 70, 132, 35], [126, 2, 22, 124, 78, 176, 69, 169, 147, 9], [138, 155, 193, 153, 13, 133, 38, 1, 199, 16], [180, 118, 111, 72, 75, 145, 86, 117, 114, 129, 34, 60], [40, 158, 152, 125, 119, 100, 32, 63, 15, 82], [162, 177, 36, 4, 62, 18, 65, 87, 47, 121, 71], [67, 25, 181, 194, 3, 80, 27, 171, 79, 192], [6, 178, 14, 187, 24, 96, 175, 48]]",false
230,34976,4153,OR-opt,CMT5.vrp,"[[8, 167, 84, 189, 107, 104, 42, 93, 21, 166, 59], [130, 182, 144, 146, 73, 97, 50, 51, 108, 123, 5], [30, 103, 174, 156, 113, 89, 185, 183, 23, 191, 195, 159, 106, 11], [54, 140, 91, 115, 53, 33, 92, 148, 163, 165, 85, 179, 157], [17, 81, 151, 56, 109, 39, 164, 20, 173, 137, 186, 105, 139], [188, 197, 116, 141, 101, 28, 64, 172, 122, 154, 58, 128, 7, 150, 77, 76], [196, 136, 184, 143, 142, 37, 29, 98, 99, 170, 149, 127], [95, 45, 46, 102, 57, 10, 110, 135, 90, 41, 66, 112], [61, 120, 190, 68, 74, 49, 168, 26, 134, 52, 131, 31, 161], [12, 44, 55, 198, 160, 43, 94, 88, 83, 19, 70, 132, 35], [126, 2, 22, 124, 78, 176, 69, 169, 147, 9], [193, 138, 155, 153, 13, 133, 38, 1, 199, 16], [180, 118, 111, 72, 75, 145, 86, 117, 114, 129, 34, 60], [40, 158, 152, 125, 119, 100, 32, 63, 15, 82], [162, 177, 36, 4, 62, 18, 65, 87, 47, 121, 71], [67, 25, 181, 194, 3, 80, 27, 171, 79, 192], [6, 178, 14, 187, 24, 96, 175, 48]]",false
231,35137,4142,OR-opt,CMT5.vrp,"[[8, 167, 84, 189, 107, 104, 42, 93, 21, 166, 59], [130, 182, 144, 146, 73, 97, 50, 51, 108, 123, 5], [30, 103, 174, 156, 113, 89, 185, 183, 23, 191, 195, 159, 106, 11], [54, 140, 91, 115, 53, 33, 92, 148, 163, 165, 85, 179, 157], [17, 81, 151, 56, 109, 39, 164, 20, 173, 137, 186, 105, 139], [188, 197, 116, 141, 101, 28, 64, 172, 122, 154, 58, 128, 7, 150, 77, 76], [196, 136, 184, 143, 142, 37, 29, 98, 99, 170, 149, 127], [95, 45, 46, 102, 57, 10, 110, 135, 90, 41, 66, 112], [61, 120, 190, 68, 74, 49, 168, 26, 134, 52, 131, 31, 161], [12, 44, 55, 198, 160, 43, 94, 88, 83, 19, 70, 132, 35], [126, 2, 22, 124, 78, 176, 69, 169, 147, 9], [1, 199, 193, 138, 155, 153, 13, 133, 38, 16], [180, 118, 111, 72, 75, 145, 86, 117, 114, 129, 34, 60], [40, 158, 152, 125, 119, 100, 32, 63, 15, 82], [162, 177, 36, 4, 62, 18, 65, 87, 47, 121, 71], [67, 25, 181, 194, 3, 80, 27, 171, 79, 192], [6, 178, 14, 187, 24, 96, 175, 48]]",false
232,35163,4136,OR-opt,CMT5.vrp,"[[8, 167, 84, 189, 107, 104, 42, 93, 21, 166, 59], [130, 182, 144, 146, 73, 97, 50, 51, 108, 123, 5], [30, 103, 174, 156, 113, 89, 185, 183, 23, 191, 195, 159, 106, 11], [54, 140, 91, 115, 53, 33, 92, 148, 163, 165, 85, 179, 157], [17, 81, 151, 56, 109, 39, 164, 20, 173, 137, 186, 105, 139], [188, 197, 116, 141, 101, 28, 64, 172, 122, 154, 58, 128, 7, 150, 77, 76], [196, 136, 184, 143, 142, 37, 29, 98, 99, 170, 149, 127], [95, 45, 46, 102, 57, 10, 110, 135, 90, 41, 66, 112], [61, 120, 190, 68, 74, 49, 168, 26, 134, 52, 131, 31, 161], [12, 44, 55, 198, 160, 43, 94, 88, 83, 19, 70, 132, 35], [126, 2, 22, 124, 78, 176, 69, 169, 147, 9], [193, 1, 199, 138, 155, 153, 13, 133, 38, 16], [180, 118, 111, 72, 75, 145, 86, 117, 114, 129, 34, 60], [40, 158, 152, 125, 119, 100, 32, 63, 15, 82], [162, 177, 36, 4, 62, 18, 65, 87, 47, 121, 71], [67, 25, 181, 194, 3, 80, 27, 171, 79, 192], [6, 178, 14, 187, 24, 96, 175, 48]]",false
233,35284,4062,OR-opt,CMT5.vrp,"[[8, 167, 84, 189, 107, 104, 42, 93, 21, 166, 59], [130, 182, 144, 146, 73, 97, 50, 51, 108, 123, 5], [30, 103, 174, 156, 113, 89, 185, 183, 23, 191, 195, 159, 106, 11], [54, 140, 91, 115, 53, 33, 92, 148, 163, 165, 85, 179, 157], [17, 81, 151, 56, 109, 39, 164, 20, 173, 137, 186, 105, 139], [188, 197, 116, 141, 101, 28, 64, 172, 122, 154, 58, 128, 7, 150, 77, 76], [196, 136, 184, 143, 142, 37, 29, 98, 99, 170, 149, 127], [95, 45, 46, 102, 57, 10, 110, 135, 90, 41, 66, 112], [61, 120, 190, 68, 74, 49, 168, 26, 134, 52, 131, 31, 161], [12, 44, 55, 198, 160, 43, 94, 88, 83, 19, 70, 132, 35], [126, 2, 22, 124, 78, 176, 69, 169, 147, 9], [193, 1, 199, 138, 155, 153, 13, 133, 38, 16], [111, 180, 118, 72, 75, 145, 86, 117, 114, 129, 34, 60], [40, 158, 152, 125, 119, 100, 32, 63, 15, 82], [162, 177, 36, 4, 62, 18, 65, 87, 47, 121, 71], [67, 25, 181, 194, 3, 80, 27, 171, 79, 192], [6, 178, 14, 187, 24, 96, 175, 48]]",false
234,35442,4035,OR-opt,CMT5.vrp,"[[8, 167, 84, 189, 107, 104, 42, 93, 21, 166, 59], [130, 182, 144, 146, 73, 97, 50, 51, 108, 123, 5], [30, 103, 174, 156, 113, 89, 185, 183, 23, 191, 195, 159, 106, 11], [54, 140, 91, 115, 53, 33, 92, 148, 163, 165, 85, 179, 157], [17, 81, 151, 56, 109, 39, 164, 20, 173, 137, 186, 105, 139], [188, 197, 116, 141, 101, 28, 64, 172, 122, 154, 58, 128, 7, 150, 77, 76], [196, 136, 184, 143, 142, 37, 29, 98, 99, 170, 149, 127], [95, 45, 46, 102, 57, 10, 110, 135, 90, 41, 66, 112], [61, 120, 190, 68, 74, 49, 168, 26, 134, 52, 131, 31, 161], [12, 44, 55, 198, 160, 43, 94, 88, 83, 19, 70, 132, 35], [126, 2, 22, 124, 78, 176, 69, 169, 147, 9], [193, 1, 199, 138, 155, 153, 13, 133, 38, 16], [118, 72, 75, 145, 86, 117, 114, 111, 180, 129, 34, 60], [40, 158, 152, 125, 119, 100, 32, 63, 15, 82], [162, 177, 36, 4, 62, 18, 65, 87, 47, 121, 71], [67, 25, 181, 194, 3, 80, 27, 171, 79, 192], [6, 178, 14, 187, 24, 96, 175, 48]]",false
235,35535,4027,OR-opt,CMT5.vrp,"[[8, 167, 84, 189, 107, 104, 42, 93, 21, 166, 59], [130, 182, 144, 146, 73, 97, 50, 51, 108, 123, 5], [30, 103, 174, 156, 113, 89, 185, 183, 23, 191, 195, 159, 106, 11], [54, 140, 91, 115, 53, 33, 92, 148, 163, 165, 85, 179, 157], [17, 81, 151, 56, 109, 39, 164, 20, 173, 137, 186, 105, 139], [188, 197, 116, 141, 101, 28, 64, 172, 122, 154, 58, 128, 7, 150, 77, 76], [196, 136, 184, 143, 142, 37, 29, 98, 99, 170, 149, 127], [95, 45, 46, 102, 57, 10, 110, 135, 90, 41, 66, 112], [61, 120, 190, 68, 74, 49, 168, 26, 134, 52, 131, 31, 161], [12, 44, 55, 198, 160, 43, 94, 88, 83, 19, 70, 132, 35], [126, 2, 22, 124, 78, 176, 69, 169, 147, 9], [193, 1, 199, 138, 155, 153, 13, 133, 38, 16], [111, 180, 118, 72, 75, 145, 114, 86, 117, 129, 34, 60], [40, 158, 152, 125, 119, 100, 32, 63, 15, 82], [162, 177, 36, 4, 62, 18, 65, 87, 47, 121, 71], [67, 25, 181, 194, 3, 80, 27, 171, 79, 192], [6, 178, 14, 187, 24, 96, 175, 48]]",false
236,35578,4021,OR-opt,CMT5.vrp,"[[8, 167, 84, 189, 107, 104, 42, 93, 21, 166, 59], [130, 182, 144, 146, 73, 97, 50, 51, 108, 123, 5], [30, 103, 174, 156, 113, 89, 185, 183, 23, 191, 195, 159, 106, 11], [54, 140, 91, 115, 53, 33, 92, 148, 163, 165, 85, 179, 157], [17, 81, 151, 56, 109, 39, 164, 20, 173, 137, 186, 105, 139], [188, 197, 116, 141, 101, 28, 64, 172, 122, 154, 58, 128, 7, 150, 77, 76], [196, 136, 184, 143, 142, 37, 29, 98, 99, 170, 149, 127], [95, 45, 46, 102, 57, 10, 110, 135, 90, 41, 66, 112], [61, 120, 190, 68, 74, 49, 168, 26, 134, 52, 131, 31, 161], [12, 44, 55, 198, 160, 43, 94, 88, 83, 19, 70, 132, 35], [126, 2, 22, 124, 78, 176, 69, 169, 147, 9], [193, 1, 199, 138, 155, 153, 13, 133, 38, 16], [111, 180, 118, 72, 75, 145, 117, 114, 86, 129, 34, 60], [40, 158, 152, 125, 119, 100, 32, 63, 15, 82], [162, 177, 36, 4, 62, 18, 65, 87, 47, 121, 71], [67, 25, 181, 194, 3, 80, 27, 171, 79, 192], [6, 178, 14, 187, 24, 96, 175, 48]]",false
237,35652,3997,OR-opt,CMT5.vrp,"[[8, 167, 84, 189, 107, 104, 42, 93, 21, 166, 59], [130, 182, 144, 146, 73, 97, 50, 51, 108, 123, 5], [30, 103, 174, 156, 113, 89, 185, 183, 23, 191, 195, 159, 106, 11], [54, 140, 91, 115, 53, 33, 92, 148, 163, 165, 85, 179, 157], [17, 81, 151, 56, 109, 39, 164, 20, 173, 137, 186, 105, 139], [188, 197, 116, 141, 101, 28, 64, 172, 122, 154, 58, 128, 7, 150, 77, 76], [196, 136, 184, 143, 142, 37, 29, 98, 99, 170, 149, 127], [95, 45, 46, 102, 57, 10, 110, 135, 90, 41, 66, 112], [61, 120, 190, 68, 74, 49, 168, 26, 134, 52, 131, 31, 161], [12, 44, 55, 198, 160, 43, 94, 88, 83, 19, 70, 132, 35], [126, 2, 22, 124, 78, 176, 69, 169, 147, 9], [193, 1, 199, 138, 155, 153, 13, 133, 38, 16], [118, 72, 75, 145, 117, 114, 86, 111, 180, 129, 34, 60], [40, 158, 152, 125, 119, 100, 32, 63, 15, 82], [162, 177, 36, 4, 62, 18, 65, 87, 47, 121, 71], [67, 25, 181, 194, 3, 80, 27, 171, 79, 192], [6, 178, 14, 187, 24, 96, 175, 48]]",false
238,35702,3995,OR-opt,CMT5.vrp,"[[8, 167, 84, 189, 107, 104, 42, 93, 21, 166, 59], [130, 182, 144, 146, 73, 97, 50, 51, 108, 123, 5], [30, 103, 174, 156, 113, 89, 185, 183, 23, 191, 195, 159, 106, 11], [54, 140, 91, 115, 53, 33, 92, 148, 163, 165, 85, 179, 157], [17, 81, 151, 56, 109, 39, 164, 20, 173, 137, 186, 105, 139], [188, 197, 116, 141, 101, 28, 64, 172, 122, 154, 58, 128, 7, 150, 77, 76], [196, 136, 184, 143, 142, 37, 29, 98, 99, 170, 149, 127], [95, 45, 46, 102, 57, 10, 110, 135, 90, 41, 66, 112], [61, 120, 190, 68, 74, 49, 168, 26, 134, 52, 131, 31, 161], [12, 44, 55, 198, 160, 43, 94, 88, 83, 19, 70, 132, 35], [126, 2, 22, 124, 78, 176, 69, 169, 147, 9], [193, 1, 199, 138, 155, 153, 13, 133, 38, 16], [111, 180, 75, 118, 72, 145, 117, 114, 86, 129, 34, 60], [40, 158, 152, 125, 119, 100, 32, 63, 15, 82], [162, 177, 36, 4, 62, 18, 65, 87, 47, 121, 71], [67, 25, 181, 194, 3, 80, 27, 171, 79, 192], [6, 178, 14, 187, 24, 96, 175, 48]]",false
239,35831,3982,OR-opt,CMT5.vrp,"[[8, 167, 84, 189, 107, 104, 42, 93, 21, 166, 59], [130, 182, 144, 146, 73, 97, 50, 51, 108, 123, 5], [30, 103, 174, 156, 113, 89, 185, 183, 23, 191, 195, 159, 106, 11], [54, 140, 91, 115, 53, 33, 92, 148, 163, 165, 85, 179, 157], [17, 81, 151, 56, 109, 39, 164, 20, 173, 137, 186, 105, 139], [188, 197, 116, 141, 101, 28, 64, 172, 122, 154, 58, 128, 7, 150, 77, 76], [196, 136, 184, 143, 142, 37, 29, 98, 99, 170, 149, 127], [95, 45, 46, 102, 57, 10, 110, 135, 90, 41, 66, 112], [61, 120, 190, 68, 74, 49, 168, 26, 134, 52, 131, 31, 161], [12, 44, 55, 198, 160, 43, 94, 88, 83, 19, 70, 132, 35], [126, 2, 22, 124, 78, 176, 69, 169, 147, 9], [193, 1, 199, 138, 155, 153, 13, 133, 38, 16], [75, 118, 72, 145, 117, 114, 86, 111, 180, 129, 34, 60], [40, 158, 152, 125, 119, 100, 32, 63, 15, 82], [162, 177, 36, 4, 62, 18, 65, 87, 47, 121, 71], [67, 25, 181, 194, 3, 80, 27, 171, 79, 192], [6, 178, 14, 187, 24, 96, 175, 48]]",false
240,36054,3954,OR-opt,CMT5.vrp,"[[8, 167, 84, 189, 107, 104, 42, 93, 21, 166, 59], [130, 182, 144, 146, 73, 97, 50, 51, 108, 123, 5], [30, 103, 174, 156, 113, 89, 185, 183, 23, 191, 195, 159, 106, 11], [54, 140, 91, 115, 53, 33, 92, 148, 163, 165, 85, 179, 157], [17, 81, 151, 56, 109, 39, 164, 20, 173, 137, 186, 105, 139], [188, 197, 116, 141, 101, 28, 64, 172, 122, 154, 58, 128, 7, 150, 77, 76], [196, 136, 184, 143, 142, 37, 29, 98, 99, 170, 149, 127], [95, 45, 46, 102, 57, 10, 110, 135, 90, 41, 66, 112], [61, 120, 190, 68, 74, 49, 168, 26, 134, 52, 131, 31, 161], [12, 44, 55, 198, 160, 43, 94, 88, 83, 19, 70, 132, 35], [126, 2, 22, 124, 78, 176, 69, 169, 147, 9], [193, 1, 199, 138, 155, 153, 13, 133, 38, 16], [180, 129, 75, 118, 72, 145, 117, 114, 86, 111, 34, 60], [40, 158, 152, 125, 119, 100, 32, 63, 15, 82], [162, 177, 36, 4, 62, 18, 65, 87, 47, 121, 71], [67, 25, 181, 194, 3, 80, 27, 171, 79, 192], [6, 178, 14, 187, 24, 96, 175, 48]]",false
241,36208,3948,OR-opt,CMT5.vrp,"[[8, 167, 84, 189, 107, 104, 42, 93, 21, 166, 59], [130, 182, 144, 146, 73, 97, 50, 51, 108, 123, 5], [30, 103, 174, 156, 113, 89, 185, 183, 23, 191, 195, 159, 106, 11], [54, 140, 91, 115, 53, 33, 92, 148, 163, 165, 85, 179, 157], [17, 81, 151, 56, 109, 39, 164, 20, 173, 137, 186, 105, 139], [188, 197, 116, 141, 101, 28, 64, 172, 122, 154, 58, 128, 7, 150, 77, 76], [196, 136, 184, 143, 142, 37, 29, 98, 99, 170, 149, 127], [95, 45, 46, 102, 57, 10, 110, 135, 90, 41, 66, 112], [61, 120, 190, 68, 74, 49, 168, 26, 134, 52, 131, 31, 161], [12, 44, 55, 198, 160, 43, 94, 88, 83, 19, 70, 132, 35], [126, 2, 22, 124, 78, 176, 69, 169, 147, 9], [193, 1, 199, 138, 155, 153, 13, 133, 38, 16], [111, 34, 180, 129, 75, 118, 72, 145, 117, 114, 86, 60], [40, 158, 152, 125, 119, 100, 32, 63, 15, 82], [162, 177, 36, 4, 62, 18, 65, 87, 47, 121, 71], [67, 25, 181, 194, 3, 80, 27, 171, 79, 192], [6, 178, 14, 187, 24, 96, 175, 48]]",false
242,36377,3939,OR-opt,CMT5.vrp,"[[8, 167, 84, 189, 107, 104, 42, 93, 21, 166, 59], [130, 182, 144, 146, 73, 97, 50, 51, 108, 123, 5], [30, 103, 174, 156, 113, 89, 185, 183, 23, 191, 195, 159, 106, 11], [54, 140, 91, 115, 53, 33, 92, 148, 163, 165, 85, 179, 157], [17, 81, 151, 56, 109, 39, 164, 20, 173, 137, 186, 105, 139], [188, 197, 116, 141, 101, 28, 64, 172, 122, 154, 58, 128, 7, 150, 77, 76], [196, 136, 184, 143, 142, 37, 29, 98, 99, 170, 149, 127], [95, 45, 46, 102, 57, 10, 110, 135, 90, 41, 66, 112], [61, 120, 190, 68, 74, 49, 168, 26, 134, 52, 131, 31, 161], [12, 44, 55, 198, 160, 43, 94, 88, 83, 19, 70, 132, 35], [126, 2, 22, 124, 78, 176, 69, 169, 147, 9], [193, 1, 199, 138, 155, 153, 13, 133, 38, 16], [111, 34, 180, 129, 75, 118, 72, 145, 117, 114, 86, 60], [152, 125, 119, 100, 40, 158, 32, 63, 15, 82], [162, 177, 36, 4, 62, 18, 65, 87, 47, 121, 71], [67, 25, 181, 194, 3, 80, 27, 171, 79, 192], [6, 178, 14, 187, 24, 96, 175, 48]]",false
243,36404,3933,OR-opt,CMT5.vrp,"[[8, 167, 84, 189, 107, 104, 42, 93, 21, 166, 59], [130, 182, 144, 146, 73, 97, 50, 51, 108, 123, 5], [30, 103, 174, 156, 113, 89, 185, 183, 23, 191, 195, 159, 106, 11], [54, 140, 91, 115, 53, 33, 92, 148, 163, 165, 85, 179, 157], [17, 81, 151, 56, 109, 39, 164, 20, 173, 137, 186, 105, 139], [188, 197, 116, 141, 101, 28, 64, 172, 122, 154, 58, 128, 7, 150, 77, 76], [196, 136, 184, 143, 142, 37, 29, 98, 99, 170, 149, 127], [95, 45, 46, 102, 57, 10, 110, 135, 90, 41, 66, 112], [61, 120, 190, 68, 74, 49, 168, 26, 134, 52, 131, 31, 161], [12, 44, 55, 198, 160, 43, 94, 88, 83, 19, 70, 132, 35], [126, 2, 22, 124, 78, 176, 69, 169, 147, 9], [193, 1, 199, 138, 155, 153, 13, 133, 38, 16], [111, 34, 180, 129, 75, 118, 72, 145, 117, 114, 86, 60], [152, 125, 119, 100, 32, 40, 158, 63, 15, 82], [162, 177, 36, 4, 62, 18, 65, 87, 47, 121, 71], [67, 25, 181, 194, 3, 80, 27, 171, 79, 192], [6, 178, 14, 187, 24, 96, 175, 48]]",false
244,36430,3926,OR-opt,CMT5.vrp,"[[8, 167, 84, 189, 107, 104, 42, 93, 21, 166, 59], [130, 182, 144, 146, 73, 97, 50, 51, 108, 123, 5], [30, 103, 174, 156, 113, 89, 185, 183, 23, 191, 195, 159, 106, 11], [54, 140, 91, 115, 53, 33, 92, 148, 163, 165, 85, 179, 157], [17, 81, 151, 56, 109, 39, 164, 20, 173, 137, 186, 105, 139], [188, 197, 116, 141, 101, 28, 64, 172, 122, 154, 58, 128, 7, 150, 77, 76], [196, 136, 184, 143, 142, 37, 29, 98, 99, 170, 149, 127], [95, 45, 46, 102, 57, 10, 110, 135, 90, 41, 66, 112], [61, 120, 190, 68, 74, 49, 168, 26, 134, 52, 131, 31, 161], [12, 44, 55, 198, 160, 43, 94, 88, 83, 19, 70, 132, 35], [126, 2, 22, 124, 78, 176, 69, 169, 147, 9], [193, 1, 199, 138, 155, 153, 13, 133, 38, 16], [111, 34, 180, 129, 75, 118, 72, 145, 117, 114, 86, 60], [152, 125, 119, 100, 32, 63, 40, 158, 15, 82], [162, 177, 36, 4, 62, 18, 65, 87, 47, 121, 71], [67, 25, 181, 194, 3, 80, 27, 171, 79, 192], [6, 178, 14, 187, 24, 96, 175, 48]]",false
245,36505,3909,OR-opt,CMT5.vrp,"[[8, 167, 84, 189, 107, 104, 42, 93, 21, 166, 59], [130, 182, 144, 146, 73, 97, 50, 51, 108, 123, 5], [30, 103, 174, 156, 113, 89, 185, 183, 23, 191, 195, 159, 106, 11], [54, 140, 91, 115, 53, 33, 92, 148, 163, 165, 85, 179, 157], [17, 81, 151, 56, 109, 39, 164, 20, 173, 137, 186, 105, 139], [188, 197, 116, 141, 101, 28, 64, 172, 122, 154, 58, 128, 7, 150, 77, 76], [196, 136, 184, 143, 142, 37, 29, 98, 99, 170, 149, 127], [95, 45, 46, 102, 57, 10, 110, 135, 90, 41, 66, 112], [61, 120, 190, 68, 74, 49, 168, 26, 134, 52, 131, 31, 161], [12, 44, 55, 198, 160, 43, 94, 88, 83, 19, 70, 132, 35], [126, 2, 22, 124, 78, 176, 69, 169, 147, 9], [193, 1, 199, 138, 155, 153, 13, 133, 38, 16], [111, 34, 180, 129, 75, 118, 72, 145, 117, 114, 86, 60], [40, 32, 63, 158, 152, 125, 119, 100, 15, 82], [162, 177, 36, 4, 62, 18, 65, 87, 47, 121, 71], [67, 25, 181, 194, 3, 80, 27, 171, 79, 192], [6, 178, 14, 187, 24, 96, 175, 48]]",false
246,36595,3908,OR-opt,CMT5.vrp,"[[8, 167, 84, 189, 107, 104, 42, 93, 21, 166, 59], [130, 182, 144, 146, 73, 97, 50, 51, 108, 123, 5], [30, 103, 174, 156, 113, 89, 185, 183, 23, 191, 195, 159, 106, 11], [54, 140, 91, 115, 53, 33, 92, 148, 163, 165, 85, 179, 157], [17, 81, 151, 56, 109, 39, 164, 20, 173, 137, 186, 105, 139], [188, 197, 116, 141, 101, 28, 64, 172, 122, 154, 58, 128, 7, 150, 77, 76], [196, 136, 184, 143, 142, 37, 29, 98, 99, 170, 149, 127], [95, 45, 46, 102, 57, 10, 110, 135, 90, 41, 66, 112], [61, 120, 190, 68, 74, 49, 168, 26, 134, 52, 131, 31, 161], [12, 44, 55, 198, 160, 43, 94, 88, 83, 19, 70, 132, 35], [126, 2, 22, 124, 78, 176, 69, 169, 147, 9], [193, 1, 199, 138, 155, 153, 13, 133, 38, 16], [111, 34, 180, 129, 75, 118, 72, 145, 117, 114, 86, 60], [40, 32, 63, 158, 119, 100, 152, 125, 15, 82], [162, 177, 36, 4, 62, 18, 65, 87, 47, 121, 71], [67, 25, 181, 194, 3, 80, 27, 171, 79, 192], [6, 178, 14, 187, 24, 96, 175, 48]]",false
247,36632,3886,OR-opt,CMT5.vrp,"[[8, 167, 84, 189, 107, 104, 42, 93, 21, 166, 59], [130, 182, 144, 146, 73, 97, 50, 51, 108, 123, 5], [30, 103, 174, 156, 113, 89, 185, 183, 23, 191, 195, 159, 106, 11], [54, 140, 91, 115, 53, 33, 92, 148, 163, 165, 85, 179, 157], [17, 81, 151, 56, 109, 39, 164, 20, 173, 137, 186, 105, 139], [188, 197, 116, 141, 101, 28, 64, 172, 122, 154, 58, 128, 7, 150, 77, 76], [196, 136, 184, 143, 142, 37, 29, 98, 99, 170, 149, 127], [95, 45, 46, 102, 57, 10, 110, 135, 90, 41, 66, 112], [61, 120, 190, 68, 74, 49, 168, 26, 134, 52, 131, 31, 161], [12, 44, 55, 198, 160, 43, 94, 88, 83, 19, 70, 132, 35], [126, 2, 22, 124, 78, 176, 69, 169, 147, 9], [193, 1, 199, 138, 155, 153, 13, 133, 38, 16], [111, 34, 180, 129, 75, 118, 72, 145, 117, 114, 86, 60], [119, 100, 40, 32, 63, 158, 152, 125, 15, 82], [162, 177, 36, 4, 62, 18, 65, 87, 47, 121, 71], [67, 25, 181, 194, 3, 80, 27, 171, 79, 192], [6, 178, 14, 187, 24, 96, 175, 48]]",false
248,36760,3831,OR-opt,CMT5.vrp,"[[8, 167, 84, 189, 107, 104, 42, 93, 21, 166, 59], [130, 182, 144, 146, 73, 97, 50, 51, 108, 123, 5], [30, 103, 174, 156, 113, 89, 185, 183, 23, 191, 195, 159, 106, 11], [54, 140, 91, 115, 53, 33, 92, 148, 163, 165, 85, 179, 157], [17, 81, 151, 56, 109, 39, 164, 20, 173, 137, 186, 105, 139], [188, 197, 116, 141, 101, 28, 64, 172, 122, 154, 58, 128, 7, 150, 77, 76], [196, 136, 184, 143, 142, 37, 29, 98, 99, 170, 149, 127], [95, 45, 46, 102, 57, 10, 110, 135, 90, 41, 66, 112], [61, 120, 190, 68, 74, 49, 168, 26, 134, 52, 131, 31, 161], [12, 44, 55, 198, 160, 43, 94, 88, 83, 19, 70, 132, 35], [126, 2, 22, 124, 78, 176, 69, 169, 147, 9], [193, 1, 199, 138, 155, 153, 13, 133, 38, 16], [111, 34, 180, 129, 75, 118, 72, 145, 117, 114, 86, 60], [119, 100, 40, 32, 63, 158, 152, 125, 15, 82], [36, 4, 62, 18, 162, 177, 65, 87, 47, 121, 71], [67, 25, 181, 194, 3, 80, 27, 171, 79, 192], [6, 178, 14, 187, 24, 96, 175, 48]]",false
249,36824,3827,OR-opt,CMT5.vrp,"[[8, 167, 84, 189, 107, 104, 42, 93, 21, 166, 59], [130, 182, 144, 146, 73, 97, 50, 51, 108, 123, 5], [30, 103, 174, 156, 113, 89, 185, 183, 23, 191, 195, 159, 106, 11], [54, 140, 91, 115, 53, 33, 92, 148, 163, 165, 85, 179, 157], [17, 81, 151, 56, 109, 39, 164, 20, 173, 137, 186, 105, 139], [188, 197, 116, 141, 101, 28, 64, 172, 122, 154, 58, 128, 7, 150, 77, 76], [196, 136, 184, 143, 142, 37, 29, 98, 99, 170, 149, 127], [95, 45, 46, 102, 57, 10, 110, 135, 90, 41, 66, 112], [61, 120, 190, 68, 74, 49, 168, 26, 134, 52, 131, 31, 161], [12, 44, 55, 198, 160, 43, 94, 88, 83, 19, 70, 132, 35], [126, 2, 22, 124, 78, 176, 69, 169, 147, 9], [193, 1, 199, 138, 155, 153, 13, 133, 38, 16], [111, 34, 180, 129, 75, 118, 72, 145, 117, 114, 86, 60], [119, 100, 40, 32, 63, 158, 152, 125, 15, 82], [62, 18, 162, 177, 36, 4, 65, 87, 47, 121, 71], [67, 25, 181, 194, 3, 80, 27, 171, 79, 192], [6, 178, 14, 187, 24, 96, 175, 48]]",false
250,36944,3810,OR-opt,CMT5.vrp,"[[8, 167, 84, 189, 107, 104, 42, 93, 21, 166, 59], [130, 182, 144, 146, 73, 97, 50, 51, 108, 123, 5], [30, 103, 174, 156, 113, 89, 185, 183, 23, 191, 195, 159, 106, 11], [54, 140, 91, 115, 53, 33, 92, 148, 163, 165, 85, 179, 157], [17, 81, 151, 56, 109, 39, 164, 20, 173, 137, 186, 105, 139], [188, 197, 116, 141, 101, 28, 64, 172, 122, 154, 58, 128, 7, 150, 77, 76], [196, 136, 184, 143, 142, 37, 29, 98, 99, 170, 149, 127], [95, 45, 46, 102, 57, 10, 110, 135, 90, 41, 66, 112], [61, 120, 190, 68, 74, 49, 168, 26, 134, 52, 131, 31, 161], [12, 44, 55, 198, 160, 43, 94, 88, 83, 19, 70, 132, 35], [126, 2, 22, 124, 78, 176, 69, 169, 147, 9], [193, 1, 199, 138, 155, 153, 13, 133, 38, 16], [111, 34, 180, 129, 75, 118, 72, 145, 117, 114, 86, 60], [119, 100, 40, 32, 63, 158, 152, 125, 15, 82], [62, 18, 162, 4, 65, 87, 177, 36, 47, 121, 71], [67, 25, 181, 194, 3, 80, 27, 171, 79, 192], [6, 178, 14, 187, 24, 96, 175, 48]]",false
251,36983,3774,OR-opt,CMT5.vrp,"[[8, 167, 84, 189, 107, 104, 42, 93, 21, 166, 59], [130, 182, 144, 146, 73, 97, 50, 51, 108, 123, 5], [30, 103, 174, 156, 113, 89, 185, 183, 23, 191, 195, 159, 106, 11], [54, 140, 91, 115, 53, 33, 92, 148, 163, 165, 85, 179, 157], [17, 81, 151, 56, 109, 39, 164, 20, 173, 137, 186, 105, 139], [188, 197, 116, 141, 101, 28, 64, 172, 122, 154, 58, 128, 7, 150, 77, 76], [196, 136, 184, 143, 142, 37, 29, 98, 99, 170, 149, 127], [95, 45, 46, 102, 57, 10, 110, 135, 90, 41, 66, 112], [61, 120, 190, 68, 74, 49, 168, 26, 134, 52, 131, 31, 161], [12, 44, 55, 198, 160, 43, 94, 88, 83, 19, 70, 132, 35], [126, 2, 22, 124, 78, 176, 69, 169, 147, 9], [193, 1, 199, 138, 155, 153, 13, 133, 38, 16], [111, 34, 180, 129, 75, 118, 72, 145, 117, 114, 86, 60], [119, 100, 40, 32, 63, 158, 152, 125, 15, 82], [62, 18, 162, 177, 65, 87, 47, 121, 36, 4, 71], [67, 25, 181, 194, 3, 80, 27, 171, 79, 192], [6, 178, 14, 187, 24, 96, 175, 48]]",false
252,37137,3772,OR-opt,CMT5.vrp,"[[8, 167, 84, 189, 107, 104, 42, 93, 21, 166, 59], [130, 182, 144, 146, 73, 97, 50, 51, 108, 123, 5], [30, 103, 174, 156, 113, 89, 185, 183, 23, 191, 195, 159, 106, 11], [54, 140, 91, 115, 53, 33, 92, 148, 163, 165, 85, 179, 157], [17, 81, 151, 56, 109, 39, 164, 20, 173, 137, 186, 105, 139], [188, 197, 116, 141, 101, 28, 64, 172, 122, 154, 58, 128, 7, 150, 77, 76], [196, 136, 184, 143, 142, 37, 29, 98, 99, 170, 149, 127], [95, 45, 46, 102, 57, 10, 110, 135, 90, 41, 66, 112], [61, 120, 190, 68, 74, 49, 168, 26, 134, 52, 131, 31, 161], [12, 44, 55, 198, 160, 43, 94, 88, 83, 19, 70, 132, 35], [126, 2, 22, 124, 78, 176, 69, 169, 147, 9], [193, 1, 199, 138, 155, 153, 13, 133, 38, 16], [111, 34, 180, 129, 75, 118, 72, 145, 117, 114, 86, 60], [119, 100, 40, 32, 63, 158, 152, 125, 15, 82], [62, 18, 162, 177, 65, 87, 121, 36, 47, 4, 71], [67, 25, 181, 194, 3, 80, 27, 171, 79, 192], [6, 178, 14, 187, 24, 96, 175, 48]]",false
253,37293,3770,OR-opt,CMT5.vrp,"[[8, 167, 84, 189, 107, 104, 42, 93, 21, 166, 59], [130, 182, 144, 146, 73, 97, 50, 51, 108, 123, 5], [30, 103, 174, 156, 113, 89, 185, 183, 23, 191, 195, 159, 106, 11], [54, 140, 91, 115, 53, 33, 92, 148, 163, 165, 85, 179, 157], [17, 81, 151, 56, 109, 39, 164, 20, 173, 137, 186, 105, 139], [188, 197, 116, 141, 101, 28, 64, 172, 122, 154, 58, 128, 7, 150, 77, 76], [196, 136, 184, 143, 142, 37, 29, 98, 99, 170, 149, 127], [95, 45, 46, 102, 57, 10, 110, 135, 90, 41, 66, 112], [61, 120, 190, 68, 74, 49, 168, 26, 134, 52, 131, 31, 161], [12, 44, 55, 198, 160, 43, 94, 88, 83, 19, 70, 132, 35], [126, 2, 22, 124, 78, 176, 69, 169, 147, 9], [193, 1, 199, 138, 155, 153, 13, 133, 38, 16], [111, 34, 180, 129, 75, 118, 72, 145, 117, 114, 86, 60], [119, 100, 40, 32, 63, 158, 152, 125, 15, 82], [62, 18, 162, 177, 65, 87, 121, 36, 47, 4, 71], [181, 194, 67, 25, 3, 80, 27, 171, 79, 192], [6, 178, 14, 187, 24, 96, 175, 48]]",false
254,37323,3764,OR-opt,CMT5.vrp,"[[8, 167, 84, 189, 107, 104, 42, 93, 21, 166, 59], [130, 182, 144, 146, 73, 97, 50, 51, 108, 123, 5], [30, 103, 174, 156, 113, 89, 185, 183, 23, 191, 195, 159, 106, 11], [54, 140, 91, 115, 53, 33, 92, 148, 163, 165, 85, 179, 157], [17, 81, 151, 56, 109, 39, 164, 20, 173, 137, 186, 105, 139], [188, 197, 116, 141, 101, 28, 64, 172, 122, 154, 58, 128, 7, 150, 77, 76], [196, 136, 184, 143, 142, 37, 29, 98, 99, 170, 149, 127], [95, 45, 46, 102, 57, 10, 110, 135, 90, 41, 66, 112], [61, 120, 190, 68, 74, 49, 168, 26, 134, 52, 131, 31, 161], [12, 44, 55, 198, 160, 43, 94, 88, 83, 19, 70, 132, 35], [126, 2, 22, 124, 78, 176, 69, 169, 147, 9], [193, 1, 199, 138, 155, 153, 13, 133, 38, 16], [111, 34, 180, 129, 75, 118, 72, 145, 117, 114, 86, 60], [119, 100, 40, 32, 63, 158, 152, 125, 15, 82], [62, 18, 162, 177, 65, 87, 121, 36, 47, 4, 71], [181, 194, 3, 67, 25, 80, 27, 171, 79, 192], [6, 178, 14, 187, 24, 96, 175, 48]]",false
255,37357,3758,OR-opt,CMT5.vrp,"[[8, 167, 84, 189, 107, 104, 42, 93, 21, 166, 59], [130, 182, 144, 146, 73, 97, 50, 51, 108, 123, 5], [30, 103, 174, 156, 113, 89, 185, 183, 23, 191, 195, 159, 106, 11], [54, 140, 91, 115, 53, 33, 92, 148, 163, 165, 85, 179, 157], [17, 81, 151, 56, 109, 39, 164, 20, 173, 137, 186, 105, 139], [188, 197, 116, 141, 101, 28, 64, 172, 122, 154, 58, 128, 7, 150, 77, 76], [196, 136, 184, 143, 142, 37, 29, 98, 99, 170, 149, 127], [95, 45, 46, 102, 57, 10, 110, 135, 90, 41, 66, 112], [61, 120, 190, 68, 74, 49, 168, 26, 134, 52, 131, 31, 161], [12, 44, 55, 198, 160, 43, 94, 88, 83, 19, 70, 132, 35], [126, 2, 22, 124, 78, 176, 69, 169, 147, 9], [193, 1, 199, 138, 155, 153, 13, 133, 38, 16], [111, 34, 180, 129, 75, 118, 72, 145, 117, 114, 86, 60], [119, 100, 40, 32, 63, 158, 152, 125, 15, 82], [62, 18, 162, 177, 65, 87, 121, 36, 47, 4, 71], [25, 181, 67, 194, 3, 80, 27, 171, 79, 192], [6, 178, 14, 187, 24, 96, 175, 48]]",false
256,37384,3753,OR-opt,CMT5.vrp,"[[8, 167, 84, 189, 107, 104, 42, 93, 21, 166, 59], [130, 182, 144, 146, 73, 97, 50, 51, 108, 123, 5], [30, 103, 174, 156, 113, 89, 185, 183, 23, 191, 195, 159, 106, 11], [54, 140, 91, 115, 53, 33, 92, 148, 163, 165, 85, 179, 157], [17, 81, 151, 56, 109, 39, 164, 20, 173, 137, 186, 105, 139], [188, 197, 116, 141, 101, 28, 64, 172, 122, 154, 58, 128, 7, 150, 77, 76], [196, 136, 184, 143, 142, 37, 29, 98, 99, 170, 149, 127], [95, 45, 46, 102, 57, 10, 110, 135, 90, 41, 66, 112], [61, 120, 190, 68, 74, 49, 168, 26, 134, 52, 131, 31, 161], [12, 44, 55, 198, 160, 43, 94, 88, 83, 19, 70, 132, 35], [126, 2, 22, 124, 78, 176, 69, 169, 147, 9], [193, 1, 199, 138, 155, 153, 13, 133, 38, 16], [111, 34, 180, 129, 75, 118, 72, 145, 117, 114, 86, 60], [119, 100, 40, 32, 63, 158, 152, 125, 15, 82], [62, 18, 162, 177, 65, 87, 121, 36, 47, 4, 71], [67, 194, 25, 181, 3, 80, 27, 171, 79, 192], [6, 178, 14, 187, 24, 96, 175, 48]]",false
257,37411,3749,OR-opt,CMT5.vrp,"[[8, 167, 84, 189, 107, 104, 42, 93, 21, 166, 59], [130, 182, 144, 146, 73, 97, 50, 51, 108, 123, 5], [30, 103, 174, 156, 113, 89, 185, 183, 23, 191, 195, 159, 106, 11], [54, 140, 91, 115, 53, 33, 92, 148, 163, 165, 85, 179, 157], [17, 81, 151, 56, 109, 39, 164, 20, 173, 137, 186, 105, 139], [188, 197, 116, 141, 101, 28, 64, 172, 122, 154, 58, 128, 7, 150, 77, 76], [196, 136, 184, 143, 142, 37, 29, 98, 99, 170, 149, 127], [95, 45, 46, 102, 57, 10, 110, 135, 90, 41, 66, 112], [61, 120, 190, 68, 74, 49, 168, 26, 134, 52, 131, 31, 161], [12, 44, 55, 198, 160, 43, 94, 88, 83, 19, 70, 132, 35], [126, 2, 22, 124, 78, 176, 69, 169, 147, 9], [193, 1, 199, 138, 155, 153, 13, 133, 38, 16], [111, 34, 180, 129, 75, 118, 72, 145, 117, 114, 86, 60], [119, 100, 40, 32, 63, 158, 152, 125, 15, 82], [62, 18, 162, 177, 65, 87, 121, 36, 47, 4, 71], [67, 194, 3, 25, 181, 80, 27, 171, 79, 192], [6, 178, 14, 187, 24, 96, 175, 48]]",false
258,37463,3745,OR-opt,CMT5.vrp,"[[8, 167, 84, 189, 107, 104, 42, 93, 21, 166, 59], [130, 182, 144, 146, 73, 97, 50, 51, 108, 123, 5], [30, 103, 174, 156, 113, 89, 185, 183, 23, 191, 195, 159, 106, 11], [54, 140, 91, 115, 53, 33, 92, 148, 163, 165, 85, 179, 157], [17, 81, 151, 56, 109, 39, 164, 20, 173, 137, 186, 105, 139], [188, 197, 116, 141, 101, 28, 64, 172, 122, 154, 58, 128, 7, 150, 77, 76], [196, 136, 184, 143, 142, 37, 29, 98, 99, 170, 149, 127], [95, 45, 46, 102, 57, 10, 110, 135, 90, 41, 66, 112], [61, 120, 190, 68, 74, 49, 168, 26, 134, 52, 131, 31, 161], [12, 44, 55, 198, 160, 43, 94, 88, 83, 19, 70, 132, 35], [126, 2, 22, 124, 78, 176, 69, 169, 147, 9], [193, 1, 199, 138, 155, 153, 13, 133, 38, 16], [111, 34, 180, 129, 75, 118, 72, 145, 117, 114, 86, 60], [119, 100, 40, 32, 63, 158, 152, 125, 15, 82], [62, 18, 162, 177, 65, 87, 121, 36, 47, 4, 71], [67, 3, 80, 25, 181, 194, 27, 171, 79, 192], [6, 178, 14, 187, 24, 96, 175, 48]]",false
259,37533,3742,OR-opt,CMT5.vrp,"[[8, 167, 84, 189, 107, 104, 42, 93, 21, 166, 59], [130, 182, 144, 146, 73, 97, 50, 51, 108, 123, 5], [30, 103, 174, 156, 113, 89, 185, 183, 23, 191, 195, 159, 106, 11], [54, 140, 91, 115, 53, 33, 92, 148, 163, 165, 85, 179, 157], [17, 81, 151, 56, 109, 39, 164, 20, 173, 137, 186, 105, 139], [188, 197, 116, 141, 101, 28, 64, 172, 122, 154, 58, 128, 7, 150, 77, 76], [196, 136, 184, 143, 142, 37, 29, 98, 99, 170, 149, 127], [95, 45, 46, 102, 57, 10, 110, 135, 90, 41, 66, 112], [61, 120, 190, 68, 74, 49, 168, 26, 134, 52, 131, 31, 161], [12, 44, 55, 198, 160, 43, 94, 88, 83, 19, 70, 132, 35], [126, 2, 22, 124, 78, 176, 69, 169, 147, 9], [193, 1, 199, 138, 155, 153, 13, 133, 38, 16], [111, 34, 180, 129, 75, 118, 72, 145, 117, 114, 86, 60], [119, 100, 40, 32, 63, 158, 152, 125, 15, 82], [62, 18, 162, 177, 65, 87, 121, 36, 47, 4, 71], [80, 25, 181, 67, 3, 194, 27, 171, 79, 192], [6, 178, 14, 187, 24, 96, 175, 48]]",false
260,37569,3738,OR-opt,CMT5.vrp,"[[8, 167, 84, 189, 107, 104, 42, 93, 21, 166, 59], [130, 182, 144, 146, 73, 97, 50, 51, 108, 123, 5], [30, 103, 174, 156, 113, 89, 185, 183, 23, 191, 195, 159, 106, 11], [54, 140, 91, 115, 53, 33, 92, 148, 163, 165, 85, 179, 157], [17, 81, 151, 56, 109, 39, 164, 20, 173, 137, 186, 105, 139], [188, 197, 116, 141, 101, 28, 64, 172, 122, 154, 58, 128, 7, 150, 77, 76], [196, 136, 184, 143, 142, 37, 29, 98, 99, 170, 149, 127], [95, 45, 46, 102, 57, 10, 110, 135, 90, 41, 66, 112], [61, 120, 190, 68, 74, 49, 168, 26, 134, 52, 131, 31, 161], [12, 44, 55, 198, 160, 43, 94, 88, 83, 19, 70, 132, 35], [126, 2, 22, 124, 78, 176, 69, 169, 147, 9], [193, 1, 199, 138, 155, 153, 13, 133, 38, 16], [111, 34, 180, 129, 75, 118, 72, 145, 117, 114, 86, 60], [119, 100, 40, 32, 63, 158, 152, 125, 15, 82], [62, 18, 162, 177, 65, 87, 121, 36, 47, 4, 71], [80, 25, 181, 194, 27, 171, 79, 192, 67, 3], [6, 178, 14, 187, 24, 96, 175, 48]]",false
261,37766,3728,OR-opt,CMT5.vrp,"[[8, 167, 84, 189, 107, 104, 42, 93, 21, 166, 59], [130, 182, 144, 146, 73, 97, 50, 51, 108, 123, 5], [30, 103, 174, 156, 113, 89, 185, 183, 23, 191, 195, 159, 106, 11], [54, 140, 91, 115, 53, 33, 92, 148, 163, 165, 85, 179, 157], [17, 81, 151, 56, 109, 39, 164, 20, 173, 137, 186, 105, 139], [188, 197, 116, 141, 101, 28, 64, 172, 122, 154, 58, 128, 7, 150, 77, 76], [196, 136, 184, 143, 142, 37, 29, 98, 99, 170, 149, 127], [95, 45, 46, 102, 57, 10, 110, 135, 90, 41, 66, 112], [61, 120, 190, 68, 74, 49, 168, 26, 134, 52, 131, 31, 161], [12, 44, 55, 198, 160, 43, 94, 88, 83, 19, 70, 132, 35], [126, 2, 22, 124, 78, 176, 69, 169, 147, 9], [193, 1, 199, 138, 155, 153, 13, 133, 38, 16], [111, 34, 180, 129, 75, 118, 72, 145, 117, 114, 86, 60], [119, 100, 40, 32, 63, 158, 152, 125, 15, 82], [62, 18, 162, 177, 65, 87, 121, 36, 47, 4, 71], [67, 3, 80, 25, 181, 194, 79, 27, 171, 192], [6, 178, 14, 187, 24, 96, 175, 48]]",false
262,37816,3723,OR-opt,CMT5.vrp,"[[8, 167, 84, 189, 107, 104, 42, 93, 21, 166, 59], [130, 182, 144, 146, 73, 97, 50, 51, 108, 123, 5], [30, 103, 174, 156, 113, 89, 185, 183, 23, 191, 195, 159, 106, 11], [54, 140, 91, 115, 53, 33, 92, 148, 163, 165, 85, 179, 157], [17, 81, 151, 56, 109, 39, 164, 20, 173, 137, 186, 105, 139], [188, 197, 116, 141, 101, 28, 64, 172, 122, 154, 58, 128, 7, 150, 77, 76], [196, 136, 184, 143, 142, 37, 29, 98, 99, 170, 149, 127], [95, 45, 46, 102, 57, 10, 110, 135, 90, 41, 66, 112], [61, 120, 190, 68, 74, 49, 168, 26, 134, 52, 131, 31, 161], [12, 44, 55, 198, 160, 43, 94, 88, 83, 19, 70, 132, 35], [126, 2, 22, 124, 78, 176, 69, 169, 147, 9], [193, 1, 199, 138, 155, 153, 13, 133, 38, 16], [111, 34, 180, 129, 75, 118, 72, 145, 117, 114, 86, 60], [119, 100, 40, 32, 63, 158, 152, 125, 15, 82], [62, 18, 162, 177, 65, 87, 121, 36, 47, 4, 71], [67, 3, 80, 25, 181, 194, 171, 79, 27, 192], [6, 178, 14, 187, 24, 96, 175, 48]]",false
263,37868,3720,OR-opt,CMT5.vrp,"[[8, 167, 84, 189, 107, 104, 42, 93, 21, 166, 59], [130, 182, 144, 146, 73, 97, 50, 51, 108, 123, 5], [30, 103, 174, 156, 113, 89, 185, 183, 23, 191, 195, 159, 106, 11], [54, 140, 91, 115, 53, 33, 92, 148, 163, 165, 85, 179, 157], [17, 81, 151, 56, 109, 39, 164, 20, 173, 137, 186, 105, 139], [188, 197, 116, 141, 101, 28, 64, 172, 122, 154, 58, 128, 7, 150, 77, 76], [196, 136, 184, 143, 142, 37, 29, 98, 99, 170, 149, 127], [95, 45, 46, 102, 57, 10, 110, 135, 90, 41, 66, 112], [61, 120, 190, 68, 74, 49, 168, 26, 134, 52, 131, 31, 161], [12, 44, 55, 198, 160, 43, 94, 88, 83, 19, 70, 132, 35], [126, 2, 22, 124, 78, 176, 69, 169, 147, 9], [193, 1, 199, 138, 155, 153, 13, 133, 38, 16], [111, 34, 180, 129, 75, 118, 72, 145, 117, 114, 86, 60], [119, 100, 40, 32, 63, 158, 152, 125, 15, 82], [62, 18, 162, 177, 65, 87, 121, 36, 47, 4, 71], [80, 25, 181, 67, 3, 194, 171, 79, 27, 192], [6, 178, 14, 187, 24, 96, 175, 48]]",false
264,37905,3716,OR-opt,CMT5.vrp,"[[8, 167, 84, 189, 107, 104, 42, 93, 21, 166, 59], [130, 182, 144, 146, 73, 97, 50, 51, 108, 123, 5], [30, 103, 174, 156, 113, 89, 185, 183, 23, 191, 195, 159, 106, 11], [54, 140, 91, 115, 53, 33, 92, 148, 163, 165, 85, 179, 157], [17, 81, 151, 56, 109, 39, 164, 20, 173, 137, 186, 105, 139], [188, 197, 116, 141, 101, 28, 64, 172, 122, 154, 58, 128, 7, 150, 77, 76], [196, 136, 184, 143, 142, 37, 29, 98, 99, 170, 149, 127], [95, 45, 46, 102, 57, 10, 110, 135, 90, 41, 66, 112], [61, 120, 190, 68, 74, 49, 168, 26, 134, 52, 131, 31, 161], [12, 44, 55, 198, 160, 43, 94, 88, 83, 19, 70, 132, 35], [126, 2, 22, 124, 78, 176, 69, 169, 147, 9], [193, 1, 199, 138, 155, 153, 13, 133, 38, 16], [111, 34, 180, 129, 75, 118, 72, 145, 117, 114, 86, 60], [119, 100, 40, 32, 63, 158, 152, 125, 15, 82], [62, 18, 162, 177, 65, 87, 121, 36, 47, 4, 71], [80, 25, 181, 194, 171, 79, 27, 192, 67, 3], [6, 178, 14, 187, 24, 96, 175, 48]]",false
265,38082,3711,OR-opt,CMT5.vrp,"[[8, 167, 84, 189, 107, 104, 42, 93, 21, 166, 59], [130, 182, 144, 146, 73, 97, 50, 51, 108, 123, 5], [30, 103, 174, 156, 113, 89, 185, 183, 23, 191, 195, 159, 106, 11], [54, 140, 91, 115, 53, 33, 92, 148, 163, 165, 85, 179, 157], [17, 81, 151, 56, 109, 39, 164, 20, 173, 137, 186, 105, 139], [188, 197, 116, 141, 101, 28, 64, 172, 122, 154, 58, 128, 7, 150, 77, 76], [196, 136, 184, 143, 142, 37, 29, 98, 99, 170, 149, 127], [95, 45, 46, 102, 57, 10, 110, 135, 90, 41, 66, 112], [61, 120, 190, 68, 74, 49, 168, 26, 134, 52, 131, 31, 161], [12, 44, 55, 198, 160, 43, 94, 88, 83, 19, 70, 132, 35], [126, 2, 22, 124, 78, 176, 69, 169, 147, 9], [193, 1, 199, 138, 155, 153, 13, 133, 38, 16], [111, 34, 180, 129, 75, 118, 72, 145, 117, 114, 86, 60], [119, 100, 40, 32, 63, 158, 152, 125, 15, 82], [62, 18, 162, 177, 65, 87, 121, 36, 47, 4, 71], [80, 25, 181, 192, 67, 194, 171, 79, 27, 3], [6, 178, 14, 187, 24, 96, 175, 48]]",false
266,38141,3706,OR-opt,CMT5.vrp,"[[8, 167, 84, 189, 107, 104, 42, 93, 21, 166, 59], [130, 182, 144, 146, 73, 97, 50, 51, 108, 123, 5], [30, 103, 174, 156, 113, 89, 185, 183, 23, 191, 195, 159, 106, 11], [54, 140, 91, 115, 53, 33, 92, 148, 163, 165, 85, 179, 157], [17, 81, 151, 56, 109, 39, 164, 20, 173, 137, 186, 105, 139], [188, 197, 116, 141, 101, 28, 64, 172, 122, 154, 58, 128, 7, 150, 77, 76], [196, 136, 184, 143, 142, 37, 29, 98, 99, 170, 149, 127], [95, 45, 46, 102, 57, 10, 110, 135, 90, 41, 66, 112], [61, 120, 190, 68, 74, 49, 168, 26, 134, 52, 131, 31, 161], [12, 44, 55, 198, 160, 43, 94, 88, 83, 19, 70, 132, 35], [126, 2, 22, 124, 78, 176, 69, 169, 147, 9], [193, 1, 199, 138, 155, 153, 13, 133, 38, 16], [111, 34, 180, 129, 75, 118, 72, 145, 117, 114, 86, 60], [119, 100, 40, 32, 63, 158, 152, 125, 15, 82], [62, 18, 162, 177, 65, 87, 121, 36, 47, 4, 71], [181, 192, 67, 194, 171, 79, 27, 80, 25, 3], [6, 178, 14, 187, 24, 96, 175, 48]]",false
267,38245,3701,OR-opt,CMT5.vrp,"[[8, 167, 84, 189, 107, 104, 42, 93, 21, 166, 59], [130, 182, 144, 146, 73, 97, 50, 51, 108, 123, 5], [30, 103, 174, 156, 113, 89, 185, 183, 23, 191, 195, 159, 106, 11], [54, 140, 91, 115, 53, 33, 92, 148, 163, 165, 85, 179, 157], [17, 81, 151, 56, 109, 39, 164, 20, 173, 137, 186, 105, 139], [188, 197, 116, 141, 101, 28, 64, 172, 122, 154, 58, 128, 7, 150, 77, 76], [196, 136, 184, 143, 142, 37, 29, 98, 99, 170, 149, 127], [95, 45, 46, 102, 57, 10, 110, 135, 90, 41, 66, 112], [61, 120, 190, 68, 74, 49, 168, 26, 134, 52, 131, 31, 161], [12, 44, 55, 198, 160, 43, 94, 88, 83, 19, 70, 132, 35], [126, 2, 22, 124, 78, 176, 69, 169, 147, 9], [193, 1, 199, 138, 155, 153, 13, 133, 38, 16], [111, 34, 180, 129, 75, 118, 72, 145, 117, 114, 86, 60], [119, 100, 40, 32, 63, 158, 152, 125, 15, 82], [62, 18, 162, 177, 65, 87, 121, 36, 47, 4, 71], [67, 181, 192, 194, 171, 79, 27, 80, 25, 3], [6, 178, 14, 187, 24, 96, 175, 48]]",false
268,38363,3698,OR-opt,CMT5.vrp,"[[8, 167, 84, 189, 107, 104, 42, 93, 21, 166, 59], [130, 182, 144, 146, 73, 97, 50, 51, 108, 123, 5], [30, 103, 174, 156, 113, 89, 185, 183, 23, 191, 195, 159, 106, 11], [54, 140, 91, 115, 53, 33, 92, 148, 163, 165, 85, 179, 157], [17, 81, 151, 56, 109, 39, 164, 20, 173, 137, 186, 105, 139], [188, 197, 116, 141, 101, 28, 64, 172, 122, 154, 58, 128, 7, 150, 77, 76], [196, 136, 184, 143, 142, 37, 29, 98, 99, 170, 149, 127], [95, 45, 46, 102, 57, 10, 110, 135, 90, 41, 66, 112], [61, 120, 190, 68, 74, 49, 168, 26, 134, 52, 131, 31, 161], [12, 44, 55, 198, 160, 43, 94, 88, 83, 19, 70, 132, 35], [126, 2, 22, 124, 78, 176, 69, 169, 147, 9], [193, 1, 199, 138, 155, 153, 13, 133, 38, 16], [111, 34, 180, 129, 75, 118, 72, 145, 117, 114, 86, 60], [119, 100, 40, 32, 63, 158, 152, 125, 15, 82], [62, 18, 162, 177, 65, 87, 121, 36, 47, 4, 71], [192, 194, 171, 79, 27, 80, 25, 67, 181, 3], [6, 178, 14, 187, 24, 96, 175, 48]]",false
269,38464,3698,OR-opt,CMT5.vrp,"[[8, 167, 84, 189, 107, 104, 42, 93, 21, 166, 59], [130, 182, 144, 146, 73, 97, 50, 51, 108, 123, 5], [30, 103, 174, 156, 113, 89, 185, 183, 23, 191, 195, 159, 106, 11], [54, 140, 91, 115, 53, 33, 92, 148, 163, 165, 85, 179, 157], [17, 81, 151, 56, 109, 39, 164, 20, 173, 137, 186, 105, 139], [188, 197, 116, 141, 101, 28, 64, 172, 122, 154, 58, 128, 7, 150, 77, 76], [196, 136, 184, 143, 142, 37, 29, 98, 99, 170, 149, 127], [95, 45, 46, 102, 57, 10, 110, 135, 90, 41, 66, 112], [61, 120, 190, 68, 74, 49, 168, 26, 134, 52, 131, 31, 161], [12, 44, 55, 198, 160, 43, 94, 88, 83, 19, 70, 132, 35], [126, 2, 22, 124, 78, 176, 69, 169, 147, 9], [193, 1, 199, 138, 155, 153, 13, 133, 38, 16], [111, 34, 180, 129, 75, 118, 72, 145, 117, 114, 86, 60], [119, 100, 40, 32, 63, 158, 152, 125, 15, 82], [62, 18, 162, 177, 65, 87, 121, 36, 47, 4, 71], [171, 79, 27, 80, 25, 192, 194, 67, 181, 3], [6, 178, 14, 187, 24, 96, 175, 48]]",false
270,38494,3696,OR-opt,CMT5.vrp,"[[8, 167, 84, 189, 107, 104, 42, 93, 21, 166, 59], [130, 182, 144, 146, 73, 97, 50, 51, 108, 123, 5], [30, 103, 174, 156, 113, 89, 185, 183, 23, 191, 195, 159, 106, 11], [54, 140, 91, 115, 53, 33, 92, 148, 163, 165, 85, 179, 157], [17, 81, 151, 56, 109, 39, 164, 20, 173, 137, 186, 105, 139], [188, 197, 116, 141, 101, 28, 64, 172, 122, 154, 58, 128, 7, 150, 77, 76], [196, 136, 184, 143, 142, 37, 29, 98, 99, 170, 149, 127], [95, 45, 46, 102, 57, 10, 110, 135, 90, 41, 66, 112], [61, 120, 190, 68, 74, 49, 168, 26, 134, 52, 131, 31, 161], [12, 44, 55, 198, 160, 43, 94, 88, 83, 19, 70, 132, 35], [126, 2, 22, 124, 78, 176, 69, 169, 147, 9], [193, 1, 199, 138, 155, 153, 13, 133, 38, 16], [111, 34, 180, 129, 75, 118, 72, 145, 117, 114, 86, 60], [119, 100, 40, 32, 63, 158, 152, 125, 15, 82], [62, 18, 162, 177, 65, 87, 121, 36, 47, 4, 71], [171, 79, 27, 80, 25, 67, 192, 194, 181, 3], [6, 178, 14, 187, 24, 96, 175, 48]]",false
271,38523,3695,OR-opt,CMT5.vrp,"[[8, 167, 84, 189, 107, 104, 42, 93, 21, 166, 59], [130, 182, 144, 146, 73, 97, 50, 51, 108, 123, 5], [30, 103, 174, 156, 113, 89, 185, 183, 23, 191, 195, 159, 106, 11], [54, 140, 91, 115, 53, 33, 92, 148, 163, 165, 85, 179, 157], [17, 81, 151, 56, 109, 39, 164, 20, 173, 137, 186, 105, 139], [188, 197, 116, 141, 101, 28, 64, 172, 122, 154, 58, 128, 7, 150, 77, 76], [196, 136, 184, 143, 142, 37, 29, 98, 99, 170, 149, 127], [95, 45, 46, 102, 57, 10, 110, 135, 90, 41, 66, 112], [61, 120, 190, 68, 74, 49, 168, 26, 134, 52, 131, 31, 161], [12, 44, 55, 198, 160, 43, 94, 88, 83, 19, 70, 132, 35], [126, 2, 22, 124, 78, 176, 69, 169, 147, 9], [193, 1, 199, 138, 155, 153, 13, 133, 38, 16], [111, 34, 180, 129, 75, 118, 72, 145, 117, 114, 86, 60], [119, 100, 40, 32, 63, 158, 152, 125, 15, 82], [62, 18, 162, 177, 65, 87, 121, 36, 47, 4, 71], [171, 79, 27, 80, 25, 67, 181, 3, 192, 194], [6, 178, 14, 187, 24, 96, 175, 48]]",false
272,38626,3683,OR-opt,CMT5.vrp,"[[8, 167, 84, 189, 107, 104, 42, 93, 21, 166, 59], [130, 182, 144, 146, 73, 97, 50, 51, 108, 123, 5], [30, 103, 174, 156, 113, 89, 185, 183, 23, 191, 195, 159, 106, 11], [54, 140, 91, 115, 53, 33, 92, 148, 163, 165, 85, 179, 157], [17, 81, 151, 56, 109, 39, 164, 20, 173, 137, 186, 105, 139], [188, 197, 116, 141, 101, 28, 64, 172, 122, 154, 58, 128, 7, 150, 77, 76], [196, 136, 184, 143, 142, 37, 29, 98, 99, 170, 149, 127], [95, 45, 46, 102, 57, 10, 110, 135, 90, 41, 66, 112], [61, 120, 190, 68, 74, 49, 168, 26, 134, 52, 131, 31, 161], [12, 44, 55, 198, 160, 43, 94, 88, 83, 19, 70, 132, 35], [126, 2, 22, 124, 78, 176, 69, 169, 147, 9], [193, 1, 199, 138, 155, 153, 13, 133, 38, 16], [111, 34, 180, 129, 75, 118, 72, 145, 117, 114, 86, 60], [119, 100, 40, 32, 63, 158, 152, 125, 15, 82], [62, 18, 162, 177, 65, 87, 121, 36, 47, 4, 71], [192, 194, 171, 79, 27, 80, 25, 181, 3, 67], [6, 178, 14, 187, 24, 96, 175, 48]]",false
273,38669,3683,OR-opt,CMT5.vrp,"[[8, 167, 84, 189, 107, 104, 42, 93, 21, 166, 59], [130, 182, 144, 146, 73, 97, 50, 51, 108, 123, 5], [30, 103, 174, 156, 113, 89, 185, 183, 23, 191, 195, 159, 106, 11], [54, 140, 91, 115, 53, 33, 92, 148, 163, 165, 85, 179, 157], [17, 81, 151, 56, 109, 39, 164, 20, 173, 137, 186, 105, 139], [188, 197, 116, 141, 101, 28, 64, 172, 122, 154, 58, 128, 7, 150, 77, 76], [196, 136, 184, 143, 142, 37, 29, 98, 99, 170, 149, 127], [95, 45, 46, 102, 57, 10, 110, 135, 90, 41, 66, 112], [61, 120, 190, 68, 74, 49, 168, 26, 134, 52, 131, 31, 161], [12, 44, 55, 198, 160, 43, 94, 88, 83, 19, 70, 132, 35], [126, 2, 22, 124, 78, 176, 69, 169, 147, 9], [193, 1, 199, 138, 155, 153, 13, 133, 38, 16], [111, 34, 180, 129, 75, 118, 72, 145, 117, 114, 86, 60], [119, 100, 40, 32, 63, 158, 152, 125, 15, 82], [62, 18, 162, 177, 65, 87, 121, 36, 47, 4, 71], [171, 79, 27, 80, 25, 181, 3, 192, 194, 67], [6, 178, 14, 187, 24, 96, 175, 48]]",false
274,38697,3668,OR-opt,CMT5.vrp,"[[8, 167, 84, 189, 107, 104, 42, 93, 21, 166, 59], [130, 182, 144, 146, 73, 97, 50, 51, 108, 123, 5], [30, 103, 174, 156, 113, 89, 185, 183, 23, 191, 195, 159, 106, 11], [54, 140, 91, 115, 53, 33, 92, 148, 163, 165, 85, 179, 157], [17, 81, 151, 56, 109, 39, 164, 20, 173, 137, 186, 105, 139], [188, 197, 116, 141, 101, 28, 64, 172, 122, 154, 58, 128, 7, 150, 77, 76], [196, 136, 184, 143, 142, 37, 29, 98, 99, 170, 149, 127], [95, 45, 46, 102, 57, 10, 110, 135, 90, 41, 66, 112], [61, 120, 190, 68, 74, 49, 168, 26, 134, 52, 131, 31, 161], [12, 44, 55, 198, 160, 43, 94, 88, 83, 19, 70, 132, 35], [126, 2, 22, 124, 78, 176, 69, 169, 147, 9], [193, 1, 199, 138, 155, 153, 13, 133, 38, 16], [111, 34, 180, 129, 75, 118, 72, 145, 117, 114, 86, 60], [119, 100, 40, 32, 63, 158, 152, 125, 15, 82], [62, 18, 162, 177, 65, 87, 121, 36, 47, 4, 71], [171, 79, 27, 80, 25, 181, 3, 67, 192, 194], [6, 178, 14, 187, 24, 96, 175, 48]]",false
275,38886,3653,OR-opt,CMT5.vrp,"[[8, 167, 84, 189, 107, 104, 42, 93, 21, 166, 59], [130, 182, 144, 146, 73, 97, 50, 51, 108, 123, 5], [30, 103, 174, 156, 113, 89, 185, 183, 23, 191, 195, 159, 106, 11], [54, 140, 91, 115, 53, 33, 92, 148, 163, 165, 85, 179, 157], [17, 81, 151, 56, 109, 39, 164, 20, 173, 137, 186, 105, 139], [188, 197, 116, 141, 101, 28, 64, 172, 122, 154, 58, 128, 7, 150, 77, 76], [196, 136, 184, 143, 142, 37, 29, 98, 99, 170, 149, 127], [95, 45, 46, 102, 57, 10, 110, 135, 90, 41, 66, 112], [61, 120, 190, 68, 74, 49, 168, 26, 134, 52, 131, 31, 161], [12, 44, 55, 198, 160, 43, 94, 88, 83, 19, 70, 132, 35], [126, 2, 22, 124, 78, 176, 69, 169, 147, 9], [193, 1, 199, 138, 155, 153, 13, 133, 38, 16], [111, 34, 180, 129, 75, 118, 72, 145, 117, 114, 86, 60], [119, 100, 40, 32, 63, 158, 152, 125, 15, 82], [62, 18, 162, 177, 65, 87, 121, 36, 47, 4, 71], [171, 79, 27, 80, 25, 181, 3, 67, 192, 194], [6, 187, 24, 96, 178, 14, 175, 48]]",false
276,38916,3651,OR-opt,CMT5.vrp,"[[8, 167, 84, 189, 107, 104, 42, 93, 21, 166, 59], [130, 182, 144, 146, 73, 97, 50, 51, 108, 123, 5], [30, 103, 174, 156, 113, 89, 185, 183, 23, 191, 195, 159, 106, 11], [54, 140, 91, 115, 53, 33, 92, 148, 163, 165, 85, 179, 157], [17, 81, 151, 56, 109, 39, 164, 20, 173, 137, 186, 105, 139], [188, 197, 116, 141, 101, 28, 64, 172, 122, 154, 58, 128, 7, 150, 77, 76], [196, 136, 184, 143, 142, 37, 29, 98, 99, 170, 149, 127], [95, 45, 46, 102, 57, 10, 110, 135, 90, 41, 66, 112], [61, 120, 190, 68, 74, 49, 168, 26, 134, 52, 131, 31, 161], [12, 44, 55, 198, 160, 43, 94, 88, 83, 19, 70, 132, 35], [126, 2, 22, 124, 78, 176, 69, 169, 147, 9], [193, 1, 199, 138, 155, 153, 13, 133, 38, 16], [111, 34, 180, 129, 75, 118, 72, 145, 117, 114, 86, 60], [119, 100, 40, 32, 63, 158, 152, 125, 15, 82], [62, 18, 162, 177, 65, 87, 121, 36, 47, 4, 71], [171, 79, 27, 80, 25, 181, 3, 67, 192, 194], [6, 187, 24, 96, 175, 178, 14, 48]]",false
0,0,6229,OR-opt,CMT5.vrp,"[[21, 84, 107, 93, 8, 189, 166, 104, 59, 42], [167, 73, 144, 51, 123, 146], [5, 108, 130, 97, 50, 182, 30, 106, 185, 113], [11, 156, 23, 191, 89, 174, 183, 195, 159, 103, 54, 179, 157, 140], [148, 85, 92, 91, 33, 163, 165, 115, 53, 186, 139], [81, 56, 164, 20, 109, 39, 151, 17], [137, 173, 105, 141, 197, 122, 28, 116, 76, 64, 154, 58, 7, 188, 150, 101], [77, 128, 172, 37, 29, 184, 196, 136, 143, 170], [142, 127, 149, 98, 99, 10], [112, 90, 95, 102, 110, 57, 135, 66, 41, 45, 46], [74, 31, 52, 120, 168, 131, 190, 68, 61], [161, 49, 26, 134, 55, 35, 70, 12, 44, 160, 43, 83, 94, 198], [132, 88, 19, 2, 78, 9, 22, 126, 69, 169, 147], [124, 176, 138, 155, 193, 153, 13, 199, 16, 133, 38], [1, 180, 118, 111, 72, 75, 145, 86, 117, 114], [129, 34, 60, 40, 158], [152, 125, 119, 100, 32, 63], [15, 82, 162, 177, 36, 4, 62, 18, 65, 87, 47, 121], [71, 67, 25, 181, 194, 3, 80, 27, 171, 79], [192, 6, 178, 14, 187, 24, 96, 175, 48]]",true
1,49,6170,OR-opt,CMT5.vrp,"[[107, 93, 21, 84, 8, 189, 166, 104, 59, 42], [167, 73, 144, 51, 123, 146], [5, 108, 130, 97, 50, 182, 30, 106, 185, 113], [11, 156, 23, 191, 89, 174, 183, 195, 159, 103, 54, 179, 157, 140], [148, 85, 92, 91, 33, 163, 165, 115, 53, 186, 139], [81, 56, 164, 20, 109, 39, 151, 17], [137, 173, 105, 141, 197, 122, 28, 116, 76, 64, 154, 58, 7, 188, 150, 101], [77, 128, 172, 37, 29, 184, 196, 136, 143, 170], [142, 127, 149, 98, 99, 10], [112, 90, 95, 102, 110, 57, 135, 66, 41, 45, 46], [74, 31, 52, 120, 168, 131, 190, 68, 61], [161, 49, 26, 134, 55, 35, 70, 12, 44, 160, 43, 83, 94, 198], [132, 88, 19, 2, 78, 9, 22, 126, 69, 169, 147], [124, 176, 138, 155, 193, 153, 13, 199, 16, 133, 38], [1, 180, 118, 111, 72, 75, 145, 86, 117, 114], [129, 34, 60, 40, 158], [152, 125, 119, 100, 32, 63], [15, 82, 162, 177, 36, 4, 62, 18, 65, 87, 47, 121], [71, 67, 25, 181, 194, 3, 80, 27, 171, 79], [192, 6, 178, 14, 187, 24, 96, 175, 48]]",true
2,91,6170,OR-opt,CMT5.vrp,"[[21, 93, 8, 189, 166, 84, 107, 104, 59, 42], [167, 73, 144, 51, 123, 146], [5, 108, 130, 97, 50, 182, 30, 106, 185, 113], [11, 156, 23, 191, 89, 174, 183, 195, 159, 103, 54, 179, 157, 140], [148, 85, 92, 91, 33, 163, 165, 115, 53, 186, 139], [81, 56, 164, 20, 109, 39, 151, 17], [137, 173, 105, 141, 197, 122, 28, 116, 76, 64, 154, 58, 7, 188, 150, 101], [77, 128, 172, 37, 29, 184, 196, 136, 143, 170], [142, 127, 149, 98, 99, 10], [112, 90, 95, 102, 110, 57, 135, 66, 41, 45, 46], [74, 31, 52, 120, 168, 131, 190, 68, 61], [161, 49, 26, 134, 55, 35, 70, 12, 44, 160, 43, 83, 94, 198], [132, 88, 19, 2, 78, 9, 22, 126, 69, 169, 147], [124, 176, 138, 155, 193, 153, 13, 199, 16, 133, 38], [1, 180, 118, 111, 72, 75, 145, 86, 117, 114], [129, 34, 60, 40, 158], [152, 125, 119, 100, 32, 63], [15, 82, 162, 177, 36, 4, 62, 18, 65, 87, 47, 121], [71, 67, 25, 181, 194, 3, 80, 27, 171, 79], [192, 6, 178, 14, 187, 24, 96, 175, 48]]",true
3,128,6152,OR-opt,CMT5.vrp,"[[21, 84, 8, 189, 107, 93, 166, 104, 59, 42], [167, 73, 144, 51, 123, 146], [5, 108, 130, 97, 50, 182, 30, 106, 185, 113], [11, 156, 23, 191, 89, 174, 183, 195, 159, 103, 54, 179, 157, 140], [148, 85, 92, 91, 33, 163, 165, 115, 53, 186, 139], [81, 56, 164, 20, 109, 39, 151, 17], [137, 173, 105, 141, 197, 122, 28, 116, 76, 64, 154, 58, 7, 188, 150, 101], [77, 128, 172, 37, 29, 184, 196, 136, 143, 170], [142, 127, 149, 98, 99, 10], [112, 90, 95, 102, 110, 57, 135, 66, 41, 45, 46], [74, 31, 52, 120, 168, 131, 190, 68, 61], [161, 49, 26, 134, 55, 35, 70, 12, 44, 160, 43, 83, 94, 198], [132, 88, 19, 2, 78, 9, 22, 126, 69, 169, 147], [124, 176, 138, 155, 193, 153, 13, 199, 16, 133, 38], [1, 180, 118, 111, 72, 75, 145, 86, 117, 114], [129, 34, 60, 40, 158], [152, 125, 119, 100, 32, 63], [15, 82, 162, 177, 36, 4, 62, 18, 65, 87, 47, 121], [71, 67, 25, 181, 194, 3, 80, 27, 171, 79], [192, 6, 178, 14, 187, 24, 96, 175, 48]]",true
4,254,6095,OR-opt,CMT5.vrp,"[[93, 166, 21, 84, 8, 189, 107, 104, 59, 42], [167, 73, 144, 51, 123, 146], [5, 108, 130, 97, 50, 182, 30, 106, 185, 113], [11, 156, 23, 191, 89, 174, 183, 195, 159, 103, 54, 179, 157, 140], [148, 85, 92, 91, 33, 163, 165, 115, 53, 186, 139], [81, 56, 164, 20, 109, 39, 151, 17], [137, 173, 105, 141, 197, 122, 28, 116, 76, 64, 154, 58, 7, 188, 150, 101], [77, 128, 172, 37, 29, 184, 196, 136, 143, 170], [142, 127, 149, 98, 99, 10], [112, 90, 95, 102, 110, 57, 135, 66, 41, 45, 46], [74, 31, 52, 120, 168, 131, 190, 68, 61], [161, 49, 26, 134, 55, 35, 70, 12, 44, 160, 43, 83, 94, 198], [132, 88, 19, 2, 78, 9, 22, 126, 69, 169, 147], [124, 176, 138, 155, 193, 153, 13, 199, 16, 133, 38], [1, 180, 118, 111, 72, 75, 145, 86, 117, 114], [129, 34, 60, 40, 158], [152, 125, 119, 100, 32, 63], [15, 82, 162, 177, 36, 4, 62, 18, 65, 87, 47, 121], [71, 67, 25, 181, 194, 3, 80, 27, 171, 79], [192, 6, 178, 14, 187, 24, 96, 175, 48]]",true
5,289,6093,OR-opt,CMT5.vrp,"[[21, 93, 166, 84, 8, 189, 107, 104, 59, 42], [167, 73, 144, 51, 123, 146], [5, 108, 130, 97, 50, 182, 30, 106, 185, 113], [11, 156, 23, 191, 89, 174, 183, 195, 159, 103, 54, 179, 157, 140], [148, 85, 92, 91, 33, 163, 165, 115, 53, 186, 139], [81, 56, 164, 20, 109, 39, 151, 17], [137, 173, 105, 141, 197, 122, 28, 116, 76, 64, 154, 58, 7, 188, 150, 101], [77, 128, 172, 37, 29, 184, 196, 136, 143, 170], [142, 127, 149, 98, 99, 10], [112, 90, 95, 102, 110, 57, 135, 66, 41, 45, 46], [74, 31, 52, 120, 168, 131, 190, 68, 61], [161, 49, 26, 134, 55, 35, 70, 12, 44, 160, 43, 83, 94, 198], [132, 88, 19, 2, 78, 9, 22, 126, 69, 169, 147], [124, 176, 138, 155, 193, 153, 13, 199, 16, 133, 38], [1, 180, 118, 111, 72, 75, 145, 86, 117, 114], [129, 34, 60, 40, 158], [152, 125, 119, 100, 32, 63], [15, 82, 162, 177, 36, 4, 62, 18, 65, 87, 47, 121], [71, 67, 25, 181, 194, 3, 80, 27, 171, 79], [192, 6, 178, 14, 187, 24, 96, 175, 48]]",true
6,323,6081,OR-opt,CMT5.vrp,"[[21, 84, 8, 189, 107, 104, 93, 166, 59, 42], [167, 73, 144, 51, 123, 146], [5, 108, 130, 97, 50, 182, 30, 106, 185, 113], [11, 156, 23, 191, 89, 174, 183, 195, 159, 103, 54, 179, 157, 140], [148, 85, 92, 91, 33, 163, 165, 115, 53, 186, 139], [81, 56, 164, 20, 109, 39, 151, 17], [137, 173, 105, 141, 197, 122, 28, 116, 76, 64, 154, 58, 7, 188, 150, 101], [77, 128, 172, 37, 29, 184, 196, 136, 143, 170], [142, 127, 149, 98, 99, 10], [112, 90, 95, 102, 110, 57, 135, 66, 41, 45, 46], [74, 31, 52, 120, 168, 131, 190, 68, 61], [161, 49, 26, 134, 55, 35, 70, 12, 44, 160, 43, 83, 94, 198], [132, 88, 19, 2, 78, 9, 22, 126, 69, 169, 147], [124, 176, 138, 155, 193, 153, 13, 199, 16, 133, 38], [1, 180, 118, 111, 72, 75, 145, 86, 117, 114], [129, 34, 60, 40, 158], [152, 125, 119, 100, 32, 63], [15, 82, 162, 177, 36, 4, 62, 18, 65, 87, 47, 121], [71, 67, 25, 181, 194, 3, 80, 27, 171, 79], [192, 6, 178, 14, 187, 24, 96, 175, 48]]",true
7,437,6051,OR-opt,CMT5.vrp,"[[166, 59, 21, 84, 8, 189, 107, 104, 93, 42], [167, 73, 144, 51, 123, 146], [5, 108, 130, 97, 50, 182, 30, 106, 185, 113], [11, 156, 23, 191, 89, 174, 183, 195, 159, 103, 54, 179, 157, 140], [148, 85, 92, 91, 33, 163, 165, 115, 53, 186, 139], [81, 56, 164, 20, 109, 39, 151, 17], [137, 173, 105, 141, 197, 122, 28, 116, 76, 64, 154, 58, 7, 188, 150, 101], [77, 128, 172, 37, 29, 184, 196, 136, 143, 170], [142, 127, 149, 98, 99, 10], [112, 90, 95, 102, 110, 57, 135, 66, 41, 45, 46], [74, 31, 52, 120, 168, 131, 190, 68, 61], [161, 49, 26, 134, 55, 35, 70, 12, 44, 160, 43, 83, 94, 198], [132, 88, 19, 2, 78, 9, 22, 126, 69, 169, 147], [124, 176, 138, 155, 193, 153, 13, 199, 16, 133, 38], [1, 180, 118, 111, 72, 75, 145, 86, 117, 114], [129, 34, 60, 40, 158], [152, 125, 119, 100, 32, 63], [15, 82, 162, 177, 36, 4, 62, 18, 65, 87, 47, 121], [71, 67, 25, 181, 194, 3, 80, 27, 171, 79], [192, 6, 178, 14, 187, 24, 96, 175, 48]]",true
8,471,6035,OR-opt,CMT5.vrp,"[[21, 166, 59, 84, 8, 189, 107, 104, 93, 42], [167, 73, 144, 51, 123, 146], [5, 108, 130, 97, 50, 182, 30, 106, 185, 113], [11, 156, 23, 191, 89, 174, 183, 195, 159, 103, 54, 179, 157, 140], [148, 85, 92, 91, 33, 163, 165, 115, 53, 186, 139], [81, 56, 164, 20, 109, 39, 151, 17], [137, 173, 105, 141, 197, 122, 28, 116, 76, 64, 154, 58, 7, 188, 150, 101], [77, 128, 172, 37, 29, 184, 196, 136, 143, 170], [142, 127, 149, 98, 99, 10], [112, 90, 95, 102, 110, 57, 135, 66, 41, 45, 46], [74, 31, 52, 120, 168, 131, 190, 68, 61], [161, 49, 26, 134, 55, 35, 70, 12, 44, 160, 43, 83, 94, 198], [132, 88, 19, 2, 78, 9, 22, 126, 69, 169, 147], [124, 176, 138, 155, 193, 153, 13, 199, 16, 133, 38], [1, 180, 118, 111, 72, 75, 145, 86, 117, 114], [129, 34, 60, 40, 158], [152, 125, 119, 100, 32, 63], [15, 82, 162, 177, 36, 4, 62, 18, 65, 87, 47, 121], [71, 67, 25, 181, 194, 3, 80, 27, 171, 79], [192, 6, 178, 14, 187, 24, 96, 175, 48]]",true
9,573,6032,OR-opt,CMT5.vrp,"[[93, 42, 21, 166, 59, 84, 8, 189, 107, 104], [167, 73, 144, 51, 123, 146], [5, 108, 130, 97, 50, 182, 30, 106, 185, 113], [11, 156, 23, 191, 89, 174, 183, 195, 159, 103, 54, 179, 157, 140], [148, 85, 92, 91, 33, 163, 165, 115, 53, 186, 139], [81, 56, 164, 20, 109, 39, 151, 17], [137, 173, 105, 141, 197, 122, 28, 116, 76, 64, 154, 58, 7, 188, 150, 101], [77, 128, 172, 37, 29, 184, 196, 136, 143, 170], [142, 127, 149, 98, 99, 10], [112, 90, 95, 102, 110, 57, 135, 66, 41, 45, 46], [74, 31, 52, 120, 168, 131, 190, 68, 61], [161, 49, 26, 134, 55, 35, 70, 12, 44, 160, 43, 83, 94, 198], [132, 88, 19, 2, 78, 9, 22, 126, 69, 169, 147], [124, 176, 138, 155, 193, 153, 13, 199, 16, 133, 38], [1, 180, 118, 111, 72, 75, 145, 86, 117, 114], [129, 34, 60, 40, 158], [152, 125, 119, 100, 32, 63], [15, 82, 162, 177, 36, 4, 62, 18, 65, 87, 47, 121], [71, 67, 25, 181, 194, 3, 80, 27, 171, 79], [192, 6, 178, 14, 187, 24, 96, 175, 48]]",true
10,681,5978,OR-opt,CMT5.vrp,"[[93, 42, 21, 166, 59, 84, 8, 189, 107, 104], [144, 51, 123, 167, 73, 146], [5, 108, 130, 97, 50, 182, 30, 106, 185, 113], [11, 156, 23, 191, 89, 174, 183, 195, 159, 103, 54, 179, 157, 140], [148, 85, 92, 91, 33, 163, 165, 115, 53, 186, 139], [81, 56, 164, 20, 109, 39, 151, 17], [137, 173, 105, 141, 197, 122, 28, 116, 76, 64, 154, 58, 7, 188, 150, 101], [77, 128, 172, 37, 29, 184, 196, 136, 143, 170], [142, 127, 149, 98, 99, 10], [112, 90, 95, 102, 110, 57, 135, 66, 41, 45, 46], [74, 31, 52, 120, 168, 131, 190, 68, 61], [161, 49, 26, 134, 55, 35, 70, 12, 44, 160, 43, 83, 94, 198], [132, 88, 19, 2, 78, 9, 22, 126, 69, 169, 147], [124, 176, 138, 155, 193, 153, 13, 199, 16, 133, 38], [1, 180, 118, 111, 72, 75, 145, 86, 117, 114], [129, 34, 60, 40, 158], [152, 125, 119, 100, 32, 63], [15, 82, 162, 177, 36, 4, 62, 18, 65, 87, 47, 121], [71, 67, 25, 181, 194, 3, 80, 27, 171, 79], [192, 6, 178, 14, 187, 24, 96, 175, 48]]",true
11,715,5966,OR-opt,CMT5.vrp,"[[93, 42, 21, 166, 59, 84, 8, 189, 107, 104], [167, 51, 123, 73, 144, 146], [5, 108, 130, 97, 50, 182, 30, 106, 185, 113], [11, 156, 23, 191, 89, 174, 183, 195, 159, 103, 54, 179, 157, 140], [148, 85, 92, 91, 33, 163, 165, 115, 53, 186, 139], [81, 56, 164, 20, 109, 39, 151, 17], [137, 173, 105, 141, 197, 122, 28, 116, 76, 64, 154, 58, 7, 188, 150, 101], [77, 128, 172, 37, 29, 184, 196, 136, 143, 170], [142, 127, 149, 98, 99, 10], [112, 90, 95, 102, 110, 57, 135, 66, 41, 45, 46], [74, 31, 52, 120, 168, 131, 190, 68, 61], [161, 49, 26, 134, 55, 35, 70, 12, 44, 160, 43, 83, 94, 198], [132, 88, 19, 2, 78, 9, 22, 126, 69, 169, 147], [124, 176, 138, 155, 193, 153, 13, 199, 16, 133, 38], [1, 180, 118, 111, 72, 75, 145, 86, 117, 114], [129, 34, 60, 40, 158], [152, 125, 119, 100, 32, 63], [15, 82, 162, 177, 36, 4, 62, 18, 65, 87, 47, 121], [71, 67, 25, 181, 194, 3, 80, 27, 171, 79], [192, 6, 178, 14, 187, 24, 96, 175, 48]]",true
12,745,5949,OR-opt,CMT5.vrp,"[[93, 42, 21, 166, 59, 84, 8, 189, 107, 104], [167, 51, 123, 146, 73, 144], [5, 108, 130, 97, 50, 182, 30, 106, 185, 113], [11, 156, 23, 191, 89, 174, 183, 195, 159, 103, 54, 179, 157, 140], [148, 85, 92, 91, 33, 163, 165, 115, 53, 186, 139], [81, 56, 164, 20, 109, 39, 151, 17], [137, 173, 105, 141, 197, 122, 28, 116, 76, 64, 154, 58, 7, 188, 150, 101], [77, 128, 172, 37, 29, 184, 196, 136, 143, 170], [142, 127, 149, 98, 99, 10], [112, 90, 95, 102, 110, 57, 135, 66, 41, 45, 46], [74, 31, 52, 120, 168, 131, 190, 68, 61], [161, 49, 26, 134, 55, 35, 70, 12, 44, 160, 43, 83, 94, 198], [132, 88, 19, 2, 78, 9, 22, 126, 69, 169, 147], [124, 176, 138, 155, 193, 153, 13, 199, 16, 133, 38], [1, 180, 118, 111, 72, 75, 145, 86, 117, 114], [129, 34, 60, 40, 158], [152, 125, 119, 100, 32, 63], [15, 82, 162, 177, 36, 4, 62, 18, 65, 87, 47, 121], [71, 67, 25, 181, 194, 3, 80, 27, 171, 79], [192, 6, 178, 14, 187, 24, 96, 175, 48]]",true
13,802,5927,OR-opt,CMT5.vrp,"[[93, 42, 21, 166, 59, 84, 8, 189, 107, 104], [123, 167, 51, 146, 73, 144], [5, 108, 130, 97, 50, 182, 30, 106, 185, 113], [11, 156, 23, 191, 89, 174, 183, 195, 159, 103, 54, 179, 157, 140], [148, 85, 92, 91, 33, 163, 165, 115, 53, 186, 139], [81, 56, 164, 20, 109, 39, 151, 17], [137, 173, 105, 141, 197, 122, 28, 116, 76, 64, 154, 58, 7, 188, 150, 101], [77, 128, 172, 37, 29, 184, 196, 136, 143, 170], [142, 127, 149, 98, 99, 10], [112, 90, 95, 102, 110, 57, 135, 66, 41, 45, 46], [74, 31, 52, 120, 168, 131, 190, 68, 61], [161, 49, 26, 134, 55, 35, 70, 12, 44, 160, 43, 83, 94, 198], [132, 88, 19, 2, 78, 9, 22, 126, 69, 169, 147], [124, 176, 138, 155, 193, 153, 13, 199, 16, 133, 38], [1, 180, 118, 111, 72, 75, 145, 86, 117, 114], [129, 34, 60, 40, 158], [152, 125, 119, 100, 32, 63], [15, 82, 162, 177, 36, 4, 62, 18, 65, 87, 47, 121], [71, 67, 25, 181, 194, 3, 80, 27, 171, 79], [192, 6, 178, 14, 187, 24, 96, 175, 48]]",true
14,870,5910,OR-opt,CMT5.vrp,"[[93, 42, 21, 166, 59, 84, 8, 189, 107, 104], [123, 167, 51, 146, 73, 144], [130, 97, 50, 182, 30, 5, 108, 106, 185, 113], [11, 156, 23, 191, 89, 174, 183, 195, 159, 103, 54, 179, 157, 140], [148, 85, 92, 91, 33, 163, 165, 115, 53, 186, 139], [81, 56, 164, 20, 109, 39, 151, 17], [137, 173, 105, 141, 197, 122, 28, 116, 76, 64, 154, 58, 7, 188, 150, 101], [77, 128, 172, 37, 29, 184, 196, 136, 143, 170], [142, 127, 149, 98, 99, 10], [112, 90, 95, 102, 110, 57, 135, 66, 41, 45, 46], [74, 31, 52, 120, 168, 131, 190, 68, 61], [161, 49, 26, 134, 55, 35, 70, 12, 44, 160, 43, 83, 94, 198], [132, 88, 19, 2, 78, 9, 22, 126, 69, 169, 147], [124, 176, 138, 155, 193, 153, 13, 199, 16, 133, 38], [1, 180, 118, 111, 72, 75, 145, 86, 117, 114], [129, 34, 60, 40, 158], [152, 125, 119, 100, 32, 63], [15, 82, 162, 177, 36, 4, 62, 18, 65, 87, 47, 121], [71, 67, 25, 181, 194, 3, 80, 27, 171, 79], [192, 6, 178, 14, 187, 24, 96, 175, 48]]",true
15,915,5908,OR-opt,CMT5.vrp,"[[93, 42, 21, 166, 59, 84, 8, 189, 107, 104], [123, 167, 51, 146, 73, 144], [5, 108, 50, 130, 97, 182, 30, 106, 185, 113], [11, 156, 23, 191, 89, 174, 183, 195, 159, 103, 54, 179, 157, 140], [148, 85, 92, 91, 33, 163, 165, 115, 53, 186, 139], [81, 56, 164, 20, 109, 39, 151, 17], [137, 173, 105, 141, 197, 122, 28, 116, 76, 64, 154, 58, 7, 188, 150, 101], [77, 128, 172, 37, 29, 184, 196, 136, 143, 170], [142, 127, 149, 98, 99, 10], [112, 90, 95, 102, 110, 57, 135, 66, 41, 45, 46], [74, 31, 52, 120, 168, 131, 190, 68, 61], [161, 49, 26, 134, 55, 35, 70, 12, 44, 160, 43, 83, 94, 198], [132, 88, 19, 2, 78, 9, 22, 126, 69, 169, 147], [124, 176, 138, 155, 193, 153, 13, 199, 16, 133, 38], [1, 180, 118, 111, 72, 75, 145, 86, 117, 114], [129, 34, 60, 40, 158], [152, 125, 119, 100, 32, 63], [15, 82, 162, 177, 36, 4, 62, 18, 65, 87, 47, 121], [71, 67, 25, 181, 194, 3, 80, 27, 171, 79], [192, 6, 178, 14, 187, 24, 96, 175, 48]]",true
16,964,5893,OR-opt,CMT5.vrp,"[[93, 42, 21, 166, 59, 84, 8, 189, 107, 104], [123, 167, 51, 146, 73, 144], [182, 30, 5, 108, 130, 97, 50, 106, 185, 113], [11, 156, 23, 191, 89, 174, 183, 195, 159, 103, 54, 179, 157, 140], [148, 85, 92, 91, 33, 163, 165, 115, 53, 186, 139], [81, 56, 164, 20, 109, 39, 151, 17], [137, 173, 105, 141, 197, 122, 28, 116, 76, 64, 154, 58, 7, 188, 150, 101], [77, 128, 172, 37, 29, 184, 196, 136, 143, 170], [142, 127, 149, 98, 99, 10], [112, 90, 95, 102, 110, 57, 135, 66, 41, 45, 46], [74, 31, 52, 120, 168, 131, 190, 68, 61], [161, 49, 26, 134, 55, 35, 70, 12, 44, 160, 43, 83, 94, 198], [132, 88, 19, 2, 78, 9, 22, 126, 69, 169, 147], [124, 176, 138, 155, 193, 153, 13, 199, 16, 133, 38], [1, 180, 118, 111, 72, 75, 145, 86, 117, 114], [129, 34, 60, 40, 158], [152, 125, 119, 100, 32, 63], [15, 82, 162, 177, 36, 4, 62, 18, 65, 87, 47, 121], [71, 67, 25, 181, 194, 3, 80, 27, 171, 79], [192, 6, 178, 14, 187, 24, 96, 175, 48]]",true
17,1004,5890,OR-opt,CMT5.vrp,"[[93, 42, 21, 166, 59, 84, 8, 189, 107, 104], [123, 167, 51, 146, 73, 144], [5, 108, 130, 97, 50, 106, 185, 113, 182, 30], [11, 156, 23, 191, 89, 174, 183, 195, 159, 103, 54, 179, 157, 140], [148, 85, 92, 91, 33, 163, 165, 115, 53, 186, 139], [81, 56, 164, 20, 109, 39, 151, 17], [137, 173, 105, 141, 197, 122, 28, 116, 76, 64, 154, 58, 7, 188, 150, 101], [77, 128, 172, 37, 29, 184, 196, 136, 143, 170], [142, 127, 149, 98, 99, 10], [112, 90, 95, 102, 110, 57, 135, 66, 41, 45, 46], [74, 31, 52, 120, 168, 131, 190, 68, 61], [161, 49, 26, 134, 55, 35, 70, 12, 44, 160, 43, 83, 94, 198], [132, 88, 19, 2, 78, 9, 22, 126, 69, 169, 147], [124, 176, 138, 155, 193, 153, 13, 199, 16, 133, 38], [1, 180, 118, 111, 72, 75, 145, 86, 117, 114], [129, 34, 60, 40, 158], [152, 125, 119, 100, 32, 63], [15, 82, 162, 177, 36, 4, 62, 18, 65, 87, 47, 121], [71, 67, 25, 181, 194, 3, 80, 27, 171, 79], [192, 6, 178, 14, 187, 24, 96, 175, 48]]",true
18,1085,5868,OR-opt,CMT5.vrp,"[[93, 42, 21, 166, 59, 84, 8, 189, 107, 104], [123, 167, 51, 146, 73, 144], [5, 108, 50, 130, 97, 106, 185, 113, 182, 30], [11, 156, 23, 191, 89, 174, 183, 195, 159, 103, 54, 179, 157, 140], [148, 85, 92, 91, 33, 163, 165, 115, 53, 186, 139], [81, 56, 164, 20, 109, 39, 151, 17], [137, 173, 105, 141, 197, 122, 28, 116, 76, 64, 154, 58, 7, 188, 150, 101], [77, 128, 172, 37, 29, 184, 196, 136, 143, 170], [142, 127, 149, 98, 99, 10], [112, 90, 95, 102, 110, 57, 135, 66, 41, 45, 46], [74, 31, 52, 120, 168, 131, 190, 68, 61], [161, 49, 26, 134, 55, 35, 70, 12, 44, 160, 43, 83, 94, 198], [132, 88, 19, 2, 78, 9, 22, 126, 69, 169, 147], [124, 176, 138, 155, 193, 153, 13, 199, 16, 133, 38], [1, 180, 118, 111, 72, 75, 145, 86, 117, 114], [129, 34, 60, 40, 158], [152, 125, 119, 100, 32, 63], [15, 82, 162, 177, 36, 4, 62, 18, 65, 87, 47, 121], [71, 67, 25, 181, 194, 3, 80, 27, 171, 79], [192, 6, 178, 14, 187, 24, 96, 175, 48]]",true
19,1200,5864,OR-opt,CMT5.vrp,"[[93, 42, 21, 166, 59, 84, 8, 189, 107, 104], [123, 167, 51, 146, 73, 144], [5, 108, 130, 97, 50, 106, 182, 185, 113, 30], [11, 156, 23, 191, 89, 174, 183, 195, 159, 103, 54, 179, 157, 140], [148, 85, 92, 91, 33, 163, 165, 115, 53, 186, 139], [81, 56, 164, 20, 109, 39, 151, 17], [137, 173, 105, 141, 197, 122, 28, 116, 76, 64, 154, 58, 7, 188, 150, 101], [77, 128, 172, 37, 29, 184, 196, 136, 143, 170], [142, 127, 149, 98, 99, 10], [112, 90, 95, 102, 110, 57, 135, 66, 41, 45, 46], [74, 31, 52, 120, 168, 131, 190, 68, 61], [161, 49, 26, 134, 55, 35, 70, 12, 44, 160, 43, 83, 94, 198], [132, 88, 19, 2, 78, 9, 22, 126, 69, 169, 147], [124, 176, 138, 155, 193, 153, 13, 199, 16, 133, 38], [1, 180, 118, 111, 72, 75, 145, 86, 117, 114], [129, 34, 60, 40, 158], [152, 125, 119, 100, 32, 63], [15, 82, 162, 177, 36, 4, 62, 18, 65, 87, 47, 121], [71, 67, 25, 181, 194, 3, 80, 27, 171, 79], [192, 6, 178, 14, 187, 24, 96, 175, 48]]",true
20,1290,5842,OR-opt,CMT5.vrp,"[[93, 42, 21, 166, 59, 84, 8, 189, 107, 104], [123, 167, 51, 146, 73, 144], [5, 108, 50, 130, 97, 106, 182, 185, 113, 30], [11, 156, 23, 191, 89, 174, 183, 195, 159, 103, 54, 179, 157, 140], [148, 85, 92, 91, 33, 163, 165, 115, 53, 186, 139], [81, 56, 164, 20, 109, 39, 151, 17], [137, 173, 105, 141, 197, 122, 28, 116, 76, 64, 154, 58, 7, 188, 150, 101], [77, 128, 172, 37, 29, 184, 196, 136, 143, 170], [142, 127, 149, 98, 99, 10], [112, 90, 95, 102, 110, 57, 135, 66, 41, 45, 46], [74, 31, 52, 120, 168, 131, 190, 68, 61], [161, 49, 26, 134, 55, 35, 70, 12, 44, 160, 43, 83, 94, 198], [132, 88, 19, 2, 78, 9, 22, 126, 69, 169, 147], [124, 176, 138, 155, 193, 153, 13, 199, 16, 133, 38], [1, 180, 118, 111, 72, 75, 145, 86, 117, 114], [129, 34, 60, 40, 158], [152, 125, 119, 100, 32, 63], [15, 82, 162, 177, 36, 4, 62, 18, 65, 87, 47, 121], [71, 67, 25, 181, 194, 3, 80, 27, 171, 79], [192, 6, 178, 14, 187, 24, 96, 175, 48]]",true
21,1454,5838,OR-opt,CMT5.vrp,"[[93, 42, 21, 166, 59, 84, 8, 189, 107, 104], [123, 167, 51, 146, 73, 144], [5, 108, 50, 130, 97, 106, 182, 185, 113, 30], [23, 191, 89, 174, 183, 195, 159, 11, 156, 103, 54, 179, 157, 140], [148, 85, 92, 91, 33, 163, 165, 115, 53, 186, 139], [81, 56, 164, 20, 109, 39, 151, 17], [137, 173, 105, 141, 197, 122, 28, 116, 76, 64, 154, 58, 7, 188, 150, 101], [77, 128, 172, 37, 29, 184, 196, 136, 143, 170], [142, 127, 149, 98, 99, 10], [112, 90, 95, 102, 110, 57, 135, 66, 41, 45, 46], [74, 31, 52, 120, 168, 131, 190, 68, 61], [161, 49, 26, 134, 55, 35, 70, 12, 44, 160, 43, 83, 94, 198], [132, 88, 19, 2, 78, 9, 22, 126, 69, 169, 147], [124, 176, 138, 155, 193, 153, 13, 199, 16, 133, 38], [1, 180, 118, 111, 72, 75, 145, 86, 117, 114], [129, 34, 60, 40, 158], [152, 125, 119, 100, 32, 63], [15, 82, 162, 177, 36, 4, 62, 18, 65, 87, 47, 121], [71, 67, 25, 181, 194, 3, 80, 27, 171, 79], [192, 6, 178, 14, 187, 24, 96, 175, 48]]",true
22,1489,5825,OR-opt,CMT5.vrp,"[[93, 42, 21, 166, 59, 84, 8, 189, 107, 104], [123, 167, 51, 146, 73, 144], [5, 108, 50, 130, 97, 106, 182, 185, 113, 30], [23, 191, 89, 174, 183, 195, 159, 103, 54, 179, 11, 156, 157, 140], [148, 85, 92, 91, 33, 163, 165, 115, 53, 186, 139], [81, 56, 164, 20, 109, 39, 151, 17], [137, 173, 105, 141, 197, 122, 28, 116, 76, 64, 154, 58, 7, 188, 150, 101], [77, 128, 172, 37, 29, 184, 196, 136, 143, 170], [142, 127, 149, 98, 99, 10], [112, 90, 95, 102, 110, 57, 135, 66, 41, 45, 46], [74, 31, 52, 120, 168, 131, 190, 68, 61], [161, 49, 26, 134, 55, 35, 70, 12, 44, 160, 43, 83, 94, 198], [132, 88, 19, 2, 78, 9, 22, 126, 69, 169, 147], [124, 176, 138, 155, 193, 153, 13, 199, 16, 133, 38], [1, 180, 118, 111, 72, 75, 145, 86, 117, 114], [129, 34, 60, 40, 158], [152, 125, 119, 100, 32, 63], [15, 82, 162, 177, 36, 4, 62, 18, 65, 87, 47, 121], [71, 67, 25, 181, 194, 3, 80, 27, 171, 79], [192, 6, 178, 14, 187, 24, 96, 175, 48]]",true
23,1525,5803,OR-opt,CMT5.vrp,"[[93, 42, 21, 166, 59, 84, 8, 189, 107, 104], [123, 167, 51, 146, 73, 144], [5, 108, 50, 130, 97, 106, 182, 185, 113, 30], [11, 191, 89, 174, 156, 23, 183, 195, 159, 103, 54, 179, 157, 140], [148, 85, 92, 91, 33, 163, 165, 115, 53, 186, 139], [81, 56, 164, 20, 109, 39, 151, 17], [137, 173, 105, 141, 197, 122, 28, 116, 76, 64, 154, 58, 7, 188, 150, 101], [77, 128, 172, 37, 29, 184, 196, 136, 143, 170], [142, 127, 149, 98, 99, 10], [112, 90, 95, 102, 110, 57, 135, 66, 41, 45, 46], [74, 31, 52, 120, 168, 131, 190, 68, 61], [161, 49, 26, 134, 55, 35, 70, 12, 44, 160, 43, 83, 94, 198], [132, 88, 19, 2, 78, 9, 22, 126, 69, 169, 147], [124, 176, 138, 155, 193, 153, 13, 199, 16, 133, 38], [1, 180, 118, 111, 72, 75, 145, 86, 117, 114], [129, 34, 60, 40, 158], [152, 125, 119, 100, 32, 63], [15, 82, 162, 177, 36, 4, 62, 18, 65, 87, 47, 121], [71, 67, 25, 181, 194, 3, 80, 27, 171, 79], [192, 6, 178, 14, 187, 24, 96, 175, 48]]",true
24,1595,5791,OR-opt,CMT5.vrp,"[[93, 42, 21, 166, 59, 84, 8, 189, 107, 104], [123, 167, 51, 146, 73, 144], [5, 108, 50, 130, 97, 106, 182, 185, 113, 30], [11, 156, 23, 191, 183, 195, 159, 89, 174, 103, 54, 179, 157, 140], [148, 85, 92, 91, 33, 163, 165, 115, 53, 186, 139], [81, 56, 164, 20, 109, 39, 151, 17], [137, 173, 105, 141, 197, 122, 28, 116, 76, 64, 154, 58, 7, 188, 150, 101], [77, 128, 172, 37, 29, 184, 196, 136, 143, 170], [142, 127, 149, 98, 99, 10], [112, 90, 95, 102, 110, 57, 135, 66, 41, 45, 46], [74, 31, 52, 120, 168, 131, 190, 68, 61], [161, 49, 26, 134, 55, 35, 70, 12, 44, 160, 43, 83, 94, 198], [132, 88, 19, 2, 78, 9, 22, 126, 69, 169, 147], [124, 176, 138, 155, 193, 153, 13, 199, 16, 133, 38], [1, 180, 118, 111, 72, 75, 145, 86, 117, 114], [129, 34, 60, 40, 158], [152, 125, 119, 100, 32, 63], [15, 82, 162, 177, 36, 4, 62, 18, 65, 87, 47, 121], [71, 67, 25, 181, 194, 3, 80, 27, 171, 79], [192, 6, 178, 14, 187, 24, 96, 175, 48]]",true
25,1746,5773,OR-opt,CMT5.vrp,"[[93, 42, 21, 166, 59, 84, 8, 189, 107, 104], [123, 167, 51, 146, 73, 144], [5, 108, 50, 130, 97, 106, 182, 185, 113, 30], [23, 191, 183, 195, 159, 89, 174, 103, 54, 179, 11, 156, 157, 140], [148, 85, 92, 91, 33, 163, 165, 115, 53, 186, 139], [81, 56, 164, 20, 109, 39, 151, 17], [137, 173, 105, 141, 197, 122, 28, 116, 76, 64, 154, 58, 7, 188, 150, 101], [77, 128, 172, 37, 29, 184, 196, 136, 143, 170], [142, 127, 149, 98, 99, 10], [112, 90, 95, 102, 110, 57, 135, 66, 41, 45, 46], [74, 31, 52, 120, 168, 131, 190, 68, 61], [161, 49, 26, 134, 55, 35, 70, 12, 44, 160, 43, 83, 94, 198], [132, 88, 19, 2, 78, 9, 22, 126, 69, 169, 147], [124, 176, 138, 155, 193, 153, 13, 199, 16, 133, 38], [1, 180, 118, 111, 72, 75, 145, 86, 117, 114], [129, 34, 60, 40, 158], [152, 125, 119, 100, 32, 63], [15, 82, 162, 177, 36, 4, 62, 18, 65, 87, 47, 121], [71, 67, 25, 181, 194, 3, 80, 27, 171, 79], [192, 6, 178, 14, 187, 24, 96, 175, 48]]",true
26,1812,5769,OR-opt,CMT5.vrp,"[[93, 42, 21, 166, 59, 84, 8, 189, 107, 104], [123, 167, 51, 146, 73, 144], [5, 108, 50, 130, 97, 106, 182, 185, 113, 30], [11, 156, 191, 183, 23, 195, 159, 89, 174, 103, 54, 179, 157, 140], [148, 85, 92, 91, 33, 163, 165, 115, 53, 186, 139], [81, 56, 164, 20, 109, 39, 151, 17], [137, 173, 105, 141, 197, 122, 28, 116, 76, 64, 154, 58, 7, 188, 150, 101], [77, 128, 172, 37, 29, 184, 196, 136, 143, 170], [142, 127, 149, 98, 99, 10], [112, 90, 95, 102, 110, 57, 135, 66, 41, 45, 46], [74, 31, 52, 120, 168, 131, 190, 68, 61], [161, 49, 26, 134, 55, 35, 70, 12, 44, 160, 43, 83, 94, 198], [132, 88, 19, 2, 78, 9, 22, 126, 69, 169, 147], [124, 176, 138, 155, 193, 153, 13, 199, 16, 133, 38], [1, 180, 118, 111, 72, 75, 145, 86, 117, 114], [129, 34, 60, 40, 158], [152, 125, 119, 100, 32, 63], [15, 82, 162, 177, 36, 4, 62, 18, 65, 87, 47, 121], [71, 67, 25, 181, 194, 3, 80, 27, 171, 79], [192, 6, 178, 14, 187, 24, 96, 175, 48]]",true
27,1945,5762,OR-opt,CMT5.vrp,"[[93, 42, 21, 166, 59, 84, 8, 189, 107, 104], [123, 167, 51, 146, 73, 144], [5, 108, 50, 130, 97, 106, 182, 185, 113, 30], [11, 179, 157, 156, 23, 191, 183, 195, 159, 89, 174, 103, 54, 140], [148, 85, 92, 91, 33, 163, 165, 115, 53, 186, 139], [81, 56, 164, 20, 109, 39, 151, 17], [137, 173, 105, 141, 197, 122, 28, 116, 76, 64, 154, 58, 7, 188, 150, 101], [77, 128, 172, 37, 29, 184, 196, 136, 143, 170], [142, 127, 149, 98, 99, 10], [112, 90, 95, 102, 110, 57, 135, 66, 41, 45, 46], [74, 31, 52, 120, 168, 131, 190, 68, 61], [161, 49, 26, 134, 55, 35, 70, 12, 44, 160, 43, 83, 94, 198], [132, 88, 19, 2, 78, 9, 22, 126, 69, 169, 147], [124, 176, 138, 155, 193, 153, 13, 199, 16, 133, 38], [1, 180, 118, 111, 72, 75, 145, 86, 117, 114], [129, 34, 60, 40, 158], [152, 125, 119, 100, 32, 63], [15, 82, 162, 177, 36, 4, 62, 18, 65, 87, 47, 121], [71, 67, 25, 181, 194, 3, 80, 27, 171, 79], [192, 6, 178, 14, 187, 24, 96, 175, 48]]",true
28,1987,5757,OR-opt,CMT5.vrp,"[[93, 42, 21, 166, 59, 84, 8, 189, 107, 104], [123, 167, 51, 146, 73, 144], [5, 108, 50, 130, 97, 106, 182, 185, 113, 30], [11, 157, 140, 156, 23, 191, 183, 195, 159, 89, 174, 103, 54, 179], [148, 85, 92, 91, 33, 163, 165, 115, 53, 186, 139], [81, 56, 164, 20, 109, 39, 151, 17], [137, 173, 105, 141, 197, 122, 28, 116, 76, 64, 154, 58, 7, 188, 150, 101], [77, 128, 172, 37, 29, 184, 196, 136, 143, 170], [142, 127, 149, 98, 99, 10], [112, 90, 95, 102, 110, 57, 135, 66, 41, 45, 46], [74, 31, 52, 120, 168, 131, 190, 68, 61], [161, 49, 26, 134, 55, 35, 70, 12, 44, 160, 43, 83, 94, 198], [132, 88, 19, 2, 78, 9, 22, 126, 69, 169, 147], [124, 176, 138, 155, 193, 153, 13, 199, 16, 133, 38], [1, 180, 118, 111, 72, 75, 145, 86, 117, 114], [129, 34, 60, 40, 158], [152, 125, 119, 100, 32, 63], [15, 82, 162, 177, 36, 4, 62, 18, 65, 87, 47, 121], [71, 67, 25, 181, 194, 3, 80, 27, 171, 79], [192, 6, 178, 14, 187, 24, 96, 175, 48]]",true
29,2037,5746,OR-opt,CMT5.vrp,"[[93, 42, 21, 166, 59, 84, 8, 189, 107, 104], [123, 167, 51, 146, 73, 144], [5, 108, 50, 130, 97, 106, 182, 185, 113, 30], [140, 156, 23, 191, 183, 195, 159, 89, 174, 103, 54, 179, 11, 157], [148, 85, 92, 91, 33, 163, 165, 115, 53, 186, 139], [81, 56, 164, 20, 109, 39, 151, 17], [137, 173, 105, 141, 197, 122, 28, 116, 76, 64, 154, 58, 7, 188, 150, 101], [77, 128, 172, 37, 29, 184, 196, 136, 143, 170], [142, 127, 149, 98, 99, 10], [112, 90, 95, 102, 110, 57, 135, 66, 41, 45, 46], [74, 31, 52, 120, 168, 131, 190, 68, 61], [161, 49, 26, 134, 55, 35, 70, 12, 44, 160, 43, 83, 94, 198], [132, 88, 19, 2, 78, 9, 22, 126, 69, 169, 147], [124, 176, 138, 155, 193, 153, 13, 199, 16, 133, 38], [1, 180, 118, 111, 72, 75, 145, 86, 117, 114], [129, 34, 60, 40, 158], [152, 125, 119, 100, 32, 63], [15, 82, 162, 177, 36, 4, 62, 18, 65, 87, 47, 121], [71, 67, 25, 181, 194, 3, 80, 27, 171, 79], [192, 6, 178, 14, 187, 24, 96, 175, 48]]",true
30,2093,5746,OR-opt,CMT5.vrp,"[[93, 42, 21, 166, 59, 84, 8, 189, 107, 104], [123, 167, 51, 146, 73, 144], [5, 108, 50, 130, 97, 106, 182, 185, 113, 30], [11, 157, 23, 191, 183, 195, 159, 89, 140, 156, 174, 103, 54, 179], [148, 85, 92, 91, 33, 163, 165, 115, 53, 186, 139], [81, 56, 164, 20, 109, 39, 151, 17], [137, 173, 105, 141, 197, 122, 28, 116, 76, 64, 154, 58, 7, 188, 150, 101], [77, 128, 172, 37, 29, 184, 196, 136, 143, 170], [142, 127, 149, 98, 99, 10], [112, 90, 95, 102, 110, 57, 135, 66, 41, 45, 46], [74, 31, 52, 120, 168, 131, 190, 68, 61], [161, 49, 26, 134, 55, 35, 70, 12, 44, 160, 43, 83, 94, 198], [132, 88, 19, 2, 78, 9, 22, 126, 69, 169, 147], [124, 176, 138, 155, 193, 153, 13, 199, 16, 133, 38], [1, 180, 118, 111, 72, 75, 145, 86, 117, 114], [129, 34, 60, 40, 158], [152, 125, 119, 100, 32, 63], [15, 82, 162, 177, 36, 4, 62, 18, 65, 87, 47, 121], [71, 67, 25, 181, 194, 3, 80, 27, 171, 79], [192, 6, 178, 14, 187, 24, 96, 175, 48]]",true
31,2146,5741,OR-opt,CMT5.vrp,"[[93, 42, 21, 166, 59, 84, 8, 189, 107, 104], [123, 167, 51, 146, 73, 144], [5, 108, 50, 130, 97, 106, 182, 185, 113, 30], [11, 157, 140, 156, 183, 23, 191, 195, 159, 89, 174, 103, 54, 179], [148, 85, 92, 91, 33, 163, 165, 115, 53, 186, 139], [81, 56, 164, 20, 109, 39, 151, 17], [137, 173, 105, 141, 197, 122, 28, 116, 76, 64, 154, 58, 7, 188, 150, 101], [77, 128, 172, 37, 29, 184, 196, 136, 143, 170], [142, 127, 149, 98, 99, 10], [112, 90, 95, 102, 110, 57, 135, 66, 41, 45, 46], [74, 31, 52, 120, 168, 131, 190, 68, 61], [161, 49, 26, 134, 55, 35, 70, 12, 44, 160, 43, 83, 94, 198], [132, 88, 19, 2, 78, 9, 22, 126, 69, 169, 147], [124, 176, 138, 155, 193, 153, 13, 199, 16, 133, 38], [1, 180, 118, 111, 72, 75, 145, 86, 117, 114], [129, 34, 60, 40, 158], [152, 125, 119, 100, 32, 63], [15, 82, 162, 177, 36, 4, 62, 18, 65, 87, 47, 121], [71, 67, 25, 181, 194, 3, 80, 27, 171, 79], [192, 6, 178, 14, 187, 24, 96, 175, 48]]",true
32,2191,5735,OR-opt,CMT5.vrp,"[[93, 42, 21, 166, 59, 84, 8, 189, 107, 104], [123, 167, 51, 146, 73, 144], [5, 108, 50, 130, 97, 106, 182, 185, 113, 30], [11, 157, 140, 156, 191, 183, 23, 195, 159, 89, 174, 103, 54, 179], [148, 85, 92, 91, 33, 163, 165, 115, 53, 186, 139], [81, 56, 164, 20, 109, 39, 151, 17], [137, 173, 105, 141, 197, 122, 28, 116, 76, 64, 154, 58, 7, 188, 150, 101], [77, 128, 172, 37, 29, 184, 196, 136, 143, 170], [142, 127, 149, 98, 99, 10], [112, 90, 95, 102, 110, 57, 135, 66, 41, 45, 46], [74, 31, 52, 120, 168, 131, 190, 68, 61], [161, 49, 26, 134, 55, 35, 70, 12, 44, 160, 43, 83, 94, 198], [132, 88, 19, 2, 78, 9, 22, 126, 69, 169, 147], [124, 176, 138, 155, 193, 153, 13, 199, 16, 133, 38], [1, 180, 118, 111, 72, 75, 145, 86, 117, 114], [129, 34, 60, 40, 158], [152, 125, 119, 100, 32, 63], [15, 82, 162, 177, 36, 4, 62, 18, 65, 87, 47, 121], [71, 67, 25, 181, 194, 3, 80, 27, 171, 79], [192, 6, 178, 14, 187, 24, 96, 175, 48]]",true
33,2334,5724,OR-opt,CMT5.vrp,"[[93, 42, 21, 166, 59, 84, 8, 189, 107, 104], [123, 167, 51, 146, 73, 144], [5, 108, 50, 130, 97, 106, 182, 185, 113, 30], [140, 156, 191, 183, 23, 195, 159, 89, 174, 103, 54, 179, 11, 157], [148, 85, 92, 91, 33, 163, 165, 115, 53, 186, 139], [81, 56, 164, 20, 109, 39, 151, 17], [137, 173, 105, 141, 197, 122, 28, 116, 76, 64, 154, 58, 7, 188, 150, 101], [77, 128, 172, 37, 29, 184, 196, 136, 143, 170], [142, 127, 149, 98, 99, 10], [112, 90, 95, 102, 110, 57, 135, 66, 41, 45, 46], [74, 31, 52, 120, 168, 131, 190, 68, 61], [161, 49, 26, 134, 55, 35, 70, 12, 44, 160, 43, 83, 94, 198], [132, 88, 19, 2, 78, 9, 22, 126, 69, 169, 147], [124, 176, 138, 155, 193, 153, 13, 199, 16, 133, 38], [1, 180, 118, 111, 72, 75, 145, 86, 117, 114], [129, 34, 60, 40, 158], [152, 125, 119, 100, 32, 63], [15, 82, 162, 177, 36, 4, 62, 18, 65, 87, 47, 121], [71, 67, 25, 181, 194, 3, 80, 27, 171, 79], [192, 6, 178, 14, 187, 24, 96, 175, 48]]",true
34,2431,5714,OR-opt,CMT5.vrp,"[[93, 42, 21, 166, 59, 84, 8, 189, 107, 104], [123, 167, 51, 146, 73, 144], [5, 108, 50, 130, 97, 106, 182, 185, 113, 30], [11, 157, 140, 156, 191, 195, 159, 183, 23, 89, 174, 103, 54, 179], [148, 85, 92, 91, 33, 163, 165, 115, 53, 186, 139], [81, 56, 164, 20, 109, 39, 151, 17], [137, 173, 105, 141, 197, 122, 28, 116, 76, 64, 154, 58, 7, 188, 150, 101], [77, 128, 172, 37, 29, 184, 196, 136, 143, 170], [142, 127, 149, 98, 99, 10], [112, 90, 95, 102, 110, 57, 135, 66, 41, 45, 46], [74, 31, 52, 120, 168, 131, 190, 68, 61], [161, 49, 26, 134, 55, 35, 70, 12, 44, 160, 43, 83, 94, 198], [132, 88, 19, 2, 78, 9, 22, 126, 69, 169, 147], [124, 176, 138, 155, 193, 153, 13, 199, 16, 133, 38], [1, 180, 118, 111, 72, 75, 145, 86, 117, 114], [129, 34, 60, 40, 158], [152, 125, 119, 100, 32, 63], [15, 82, 162, 177, 36, 4, 62, 18, 65, 87, 47, 121], [71, 67, 25, 181, 194, 3, 80, 27, 171, 79], [192, 6, 178, 14, 187, 24, 96, 175, 48]]",true
35,2570,5702,OR-opt,CMT5.vrp,"[[93, 42, 21, 166, 59, 84, 8, 189, 107, 104], [123, 167, 51, 146, 73, 144], [5, 108, 50, 130, 97, 106, 182, 185, 113, 30], [140, 156, 191, 195, 159, 183, 23, 89, 174, 103, 54, 179, 11, 157], [148, 85, 92, 91, 33, 163, 165, 115, 53, 186, 139], [81, 56, 164, 20, 109, 39, 151, 17], [137, 173, 105, 141, 197, 122, 28, 116, 76, 64, 154, 58, 7, 188, 150, 101], [77, 128, 172, 37, 29, 184, 196, 136, 143, 170], [142, 127, 149, 98, 99, 10], [112, 90, 95, 102, 110, 57, 135, 66, 41, 45, 46], [74, 31, 52, 120, 168, 131, 190, 68, 61], [161, 49, 26, 134, 55, 35, 70, 12, 44, 160, 43, 83, 94, 198], [132, 88, 19, 2, 78, 9, 22, 126, 69, 169, 147], [124, 176, 138, 155, 193, 153, 13, 199, 16, 133, 38], [1, 180, 118, 111, 72, 75, 145, 86, 117, 114], [129, 34, 60, 40, 158], [152, 125, 119, 100, 32, 63], [15, 82, 162, 177, 36, 4, 62, 18, 65, 87, 47, 121], [71, 67, 25, 181, 194, 3, 80, 27, 171, 79], [192, 6, 178, 14, 187, 24, 96, 175, 48]]",true
36,2749,5698,OR-opt,CMT5.vrp,"[[93, 42, 21, 166, 59, 84, 8, 189, 107, 104], [123, 167, 51, 146, 73, 144], [5, 108, 50, 130, 97, 106, 182, 185, 113, 30], [54, 179, 11, 157, 140, 156, 191, 195, 159, 183, 23, 89, 174, 103], [148, 85, 92, 91, 33, 163, 165, 115, 53, 186, 139], [81, 56, 164, 20, 109, 39, 151, 17], [137, 173, 105, 141, 197, 122, 28, 116, 76, 64, 154, 58, 7, 188, 150, 101], [77, 128, 172, 37, 29, 184, 196, 136, 143, 170], [142, 127, 149, 98, 99, 10], [112, 90, 95, 102, 110, 57, 135, 66, 41, 45, 46], [74, 31, 52, 120, 168, 131, 190, 68, 61], [161, 49, 26, 134, 55, 35, 70, 12, 44, 160, 43, 83, 94, 198], [132, 88, 19, 2, 78, 9, 22, 126, 69, 169, 147], [124, 176, 138, 155, 193, 153, 13, 199, 16, 133, 38], [1, 180, 118, 111, 72, 75, 145, 86, 117, 114], [129, 34, 60, 40, 158], [152, 125, 119, 100, 32, 63], [15, 82, 162, 177, 36, 4, 62, 18, 65, 87, 47, 121], [71, 67, 25, 181, 194, 3, 80, 27, 171, 79], [192, 6, 178, 14, 187, 24, 96, 175, 48]]",true
37,2808,5695,OR-opt,CMT5.vrp,"[[93, 42, 21, 166, 59, 84, 8, 189, 107, 104], [123, 167, 51, 146, 73, 144], [5, 108, 50, 130, 97, 106, 182, 185, 113, 30], [179, 11, 54, 157, 140, 156, 191, 195, 159, 183, 23, 89, 174, 103], [148, 85, 92, 91, 33, 163, 165, 115, 53, 186, 139], [81, 56, 164, 20, 109, 39, 151, 17], [137, 173, 105, 141, 197, 122, 28, 116, 76, 64, 154, 58, 7, 188, 150, 101], [77, 128, 172, 37, 29, 184, 196, 136, 143, 170], [142, 127, 149, 98, 99, 10], [112, 90, 95, 102, 110, 57, 135, 66, 41, 45, 46], [74, 31, 52, 120, 168, 131, 190, 68, 61], [161, 49, 26, 134, 55, 35, 70, 12, 44, 160, 43, 83, 94, 198], [132, 88, 19, 2, 78, 9, 22, 126, 69, 169, 147], [124, 176, 138, 155, 193, 153, 13, 199, 16, 133, 38], [1, 180, 118, 111, 72, 75, 145, 86, 117, 114], [129, 34, 60, 40, 158], [152, 125, 119, 100, 32, 63], [15, 82, 162, 177, 36, 4, 62, 18, 65, 87, 47, 121], [71, 67, 25, 181, 194, 3, 80, 27, 171, 79], [192, 6, 178, 14, 187, 24, 96, 175, 48]]",true
38,2854,5671,OR-opt,CMT5.vrp,"[[93, 42, 21, 166, 59, 84, 8, 189, 107, 104], [123, 167, 51, 146, 73, 144], [5, 108, 50, 130, 97, 106, 182, 185, 113, 30], [54, 157, 140, 156, 191, 195, 159, 183, 23, 89, 174, 103, 179, 11], [148, 85, 92, 91, 33, 163, 165, 115, 53, 186, 139], [81, 56, 164, 20, 109, 39, 151, 17], [137, 173, 105, 141, 197, 122, 28, 116, 76, 64, 154, 58, 7, 188, 150, 101], [77, 128, 172, 37, 29, 184, 196, 136, 143, 170], [142, 127, 149, 98, 99, 10], [112, 90, 95, 102, 110, 57, 135, 66, 41, 45, 46], [74, 31, 52, 120, 168, 131, 190, 68, 61], [161, 49, 26, 134, 55, 35, 70, 12, 44, 160, 43, 83, 94, 198], [132, 88, 19, 2, 78, 9, 22, 126, 69, 169, 147], [124, 176, 138, 155, 193, 153, 13, 199, 16, 133, 38], [1, 180, 118, 111, 72, 75, 145, 86, 117, 114], [129, 34, 60, 40, 158], [152, 125, 119, 100, 32, 63], [15, 82, 162, 177, 36, 4, 62, 18, 65, 87, 47, 121], [71, 67, 25, 181, 194, 3, 80, 27, 171, 79], [192, 6, 178, 14, 187, 24, 96, 175, 48]]",true
39,3067,5662,OR-opt,CMT5.vrp,"[[93, 42, 21, 166, 59, 84, 8, 189, 107, 104], [123, 167, 51, 146, 73, 144], [5, 108, 50, 130, 97, 106, 182, 185, 113, 30], [54, 157, 191, 195, 159, 183, 23, 89, 140, 156, 174, 103, 179, 11], [148, 85, 92, 91, 33, 163, 165, 115, 53, 186, 139], [81, 56, 164, 20, 109, 39, 151, 17], [137, 173, 105, 141, 197, 122, 28, 116, 76, 64, 154, 58, 7, 188, 150, 101], [77, 128, 172, 37, 29, 184, 196, 136, 143, 170], [142, 127, 149, 98, 99, 10], [112, 90, 95, 102, 110, 57, 135, 66, 41, 45, 46], [74, 31, 52, 120, 168, 131, 190, 68, 61], [161, 49, 26, 134, 55, 35, 70, 12, 44, 160, 43, 83, 94, 198], [132, 88, 19, 2, 78, 9, 22, 126, 69, 169, 147], [124, 176, 138, 155, 193, 153, 13, 199, 16, 133, 38], [1, 180, 118, 111, 72, 75, 145, 86, 117, 114], [129, 34, 60, 40, 158], [152, 125, 119, 100, 32, 63], [15, 82, 162, 177, 36, 4, 62, 18, 65, 87, 47, 121], [71, 67, 25, 181, 194, 3, 80, 27, 171, 79], [192, 6, 178, 14, 187, 24, 96, 175, 48]]",true
40,3364,5657,OR-opt,CMT5.vrp,"[[93, 42, 21, 166, 59, 84, 8, 189, 107, 104], [123, 167, 51, 146, 73, 144], [5, 108, 50, 130, 97, 106, 182, 185, 113, 30], [54, 157, 191, 195, 159, 183, 23, 89, 156, 174, 140, 103, 179, 11], [148, 85, 92, 91, 33, 163, 165, 115, 53, 186, 139], [81, 56, 164, 20, 109, 39, 151, 17], [137, 173, 105, 141, 197, 122, 28, 116, 76, 64, 154, 58, 7, 188, 150, 101], [77, 128, 172, 37, 29, 184, 196, 136, 143, 170], [142, 127, 149, 98, 99, 10], [112, 90, 95, 102, 110, 57, 135, 66, 41, 45, 46], [74, 31, 52, 120, 168, 131, 190, 68, 61], [161, 49, 26, 134, 55, 35, 70, 12, 44, 160, 43, 83, 94, 198], [132, 88, 19, 2, 78, 9, 22, 126, 69, 169, 147], [124, 176, 138, 155, 193, 153, 13, 199, 16, 133, 38], [1, 180, 118, 111, 72, 75, 145, 86, 117, 114], [129, 34, 60, 40, 158], [152, 125, 119, 100, 32, 63], [15, 82, 162, 177, 36, 4, 62, 18, 65, 87, 47, 121], [71, 67, 25, 181, 194, 3, 80, 27, 171, 79], [192, 6, 178, 14, 187, 24, 96, 175, 48]]",true
41,3598,5617,OR-opt,CMT5.vrp,"[[93, 42, 21, 166, 59, 84, 8, 189, 107, 104], [123, 167, 51, 146, 73, 144], [5, 108, 50, 130, 97, 106, 182, 185, 113, 30], [54, 157, 191, 195, 159, 183, 23, 89, 156, 174, 140, 103, 179, 11], [92, 148, 85, 91, 33, 163, 165, 115, 53, 186, 139], [81, 56, 164, 20, 109, 39, 151, 17], [137, 173, 105, 141, 197, 122, 28, 116, 76, 64, 154, 58, 7, 188, 150, 101], [77, 128, 172, 37, 29, 184, 196, 136, 143, 170], [142, 127, 149, 98, 99, 10], [112, 90, 95, 102, 110, 57, 135, 66, 41, 45, 46], [74, 31, 52, 120, 168, 131, 190, 68, 61], [161, 49, 26, 134, 55, 35, 70, 12, 44, 160, 43, 83, 94, 198], [132, 88, 19, 2, 78, 9, 22, 126, 69, 169, 147], [124, 176, 138, 155, 193, 153, 13, 199, 16, 133, 38], [1, 180, 118, 111, 72, 75, 145, 86, 117, 114], [129, 34, 60, 40, 158], [152, 125, 119, 100, 32, 63], [15, 82, 162, 177, 36, 4, 62, 18, 65, 87, 47, 121], [71, 67, 25, 181, 194, 3, 80, 27, 171, 79], [192, 6, 178, 14, 187, 24, 96, 175, 48]]",true
42,3631,5589,OR-opt,CMT5.vrp,"[[93, 42, 21, 166, 59, 84, 8, 189, 107, 104], [123, 167, 51, 146, 73, 144], [5, 108, 50, 130, 97, 106, 182, 185, 113, 30], [54, 157, 191, 195, 159, 183, 23, 89, 156, 174, 140, 103, 179, 11], [92, 91, 33, 163, 148, 85, 165, 115, 53, 186, 139], [81, 56, 164, 20, 109, 39, 151, 17], [137, 173, 105, 141, 197, 122, 28, 116, 76, 64, 154, 58, 7, 188, 150, 101], [77, 128, 172, 37, 29, 184, 196, 136, 143, 170], [142, 127, 149, 98, 99, 10], [112, 90, 95, 102, 110, 57, 135, 66, 41, 45, 46], [74, 31, 52, 120, 168, 131, 190, 68, 61], [161, 49, 26, 134, 55, 35, 70, 12, 44, 160, 43, 83, 94, 198], [132, 88, 19, 2, 78, 9, 22, 126, 69, 169, 147], [124, 176, 138, 155, 193, 153, 13, 199, 16, 133, 38], [1, 180, 118, 111, 72, 75, 145, 86, 117, 114], [129, 34, 60, 40, 158], [152, 125, 119, 100, 32, 63], [15, 82, 162, 177, 36, 4, 62, 18, 65, 87, 47, 121], [71, 67, 25, 181, 194, 3, 80, 27, 171, 79], [192, 6, 178, 14, 187, 24, 96, 175, 48]]",true
43,3690,5589,OR-opt,CMT5.vrp,"[[93, 42, 21, 166, 59, 84, 8, 189, 107, 104], [123, 167, 51, 146, 73, 144], [5, 108, 50, 130, 97, 106, 182, 185, 113, 30], [54, 157, 191, 195, 159, 183, 23, 89, 156, 174, 140, 103, 179, 11], [148, 85, 92, 163, 165, 91, 33, 115, 53, 186, 139], [81, 56, 164, 20, 109, 39, 151, 17], [137, 173, 105, 141, 197, 122, 28, 116, 76, 64, 154, 58, 7, 188, 150, 101], [77, 128, 172, 37, 29, 184, 196, 136, 143, 170], [142, 127, 149, 98, 99, 10], [112, 90, 95, 102, 110, 57, 135, 66, 41, 45, 46], [74, 31, 52, 120, 168, 131, 190, 68, 61], [161, 49, 26, 134, 55, 35, 70, 12, 44, 160, 43, 83, 94, 198], [132, 88, 19, 2, 78, 9, 22, 126, 69, 169, 147], [124, 176, 138, 155, 193, 153, 13, 199, 16, 133, 38], [1, 180, 118, 111, 72, 75, 145, 86, 117, 114], [129, 34, 60, 40, 158], [152, 125, 119, 100, 32, 63], [15, 82, 162, 177, 36, 4, 62, 18, 65, 87, 47, 121], [71, 67, 25, 181, 194, 3, 80, 27, 171, 79], [192, 6, 178, 14, 187, 24, 96, 175, 48]]",true
44,3718,5577,OR-opt,CMT5.vrp,"[[93, 42, 21, 166, 59, 84, 8, 189, 107, 104], [123, 167, 51, 146, 73, 144], [5, 108, 50, 130, 97, 106, 182, 185, 113, 30], [54, 157, 191, 195, 159, 183, 23, 89, 156, 174, 140, 103, 179, 11], [148, 85, 92, 163, 165, 115, 91, 33, 53, 186, 139], [81, 56, 164, 20, 109, 39, 151, 17], [137, 173, 105, 141, 197, 122, 28, 116, 76, 64, 154, 58, 7, 188, 150, 101], [77, 128, 172, 37, 29, 184, 196, 136, 143, 170], [142, 127, 149, 98, 99, 10], [112, 90, 95, 102, 110, 57, 135, 66, 41, 45, 46], [74, 31, 52, 120, 168, 131, 190, 68, 61], [161, 49, 26, 134, 55, 35, 70, 12, 44, 160, 43, 83, 94, 198], [132, 88, 19, 2, 78, 9, 22, 126, 69, 169, 147], [124, 176, 138, 155, 193, 153, 13, 199, 16, 133, 38], [1, 180, 118, 111, 72, 75, 145, 86, 117, 114], [129, 34, 60, 40, 158], [152, 125, 119, 100, 32, 63], [15, 82, 162, 177, 36, 4, 62, 18, 65, 87, 47, 121], [71, 67, 25, 181, 194, 3, 80, 27, 171, 79], [192, 6, 178, 14, 187, 24, 96, 175, 48]]",true
45,3763,5530,OR-opt,CMT5.vrp,"[[93, 42, 21, 166, 59, 84, 8, 189, 107, 104], [123, 167, 51, 146, 73, 144], [5, 108, 50, 130, 97, 106, 182, 185, 113, 30], [54, 157, 191, 195, 159, 183, 23, 89, 156, 174, 140, 103, 179, 11], [148, 163, 165, 85, 92, 91, 33, 115, 53, 186, 139], [81, 56, 164, 20, 109, 39, 151, 17], [137, 173, 105, 141, 197, 122, 28, 116, 76, 64, 154, 58, 7, 188, 150, 101], [77, 128, 172, 37, 29, 184, 196, 136, 143, 170], [142, 127, 149, 98, 99, 10], [112, 90, 95, 102, 110, 57, 135, 66, 41, 45, 46], [74, 31, 52, 120, 168, 131, 190, 68, 61], [161, 49, 26, 134, 55, 35, 70, 12, 44, 160, 43, 83, 94, 198], [132, 88, 19, 2, 78, 9, 22, 126, 69, 169, 147], [124, 176, 138, 155, 193, 153, 13, 199, 16, 133, 38], [1, 180, 118, 111, 72, 75, 145, 86, 117, 114], [129, 34, 60, 40, 158], [152, 125, 119, 100, 32, 63], [15, 82, 162, 177, 36, 4, 62, 18, 65, 87, 47, 121], [71, 67, 25, 181, 194, 3, 80, 27, 171, 79], [192, 6, 178, 14, 187, 24, 96, 175, 48]]",true
46,3839,5508,OR-opt,CMT5.vrp,"[[93, 42, 21, 166, 59, 84, 8, 189, 107, 104], [123, 167, 51, 146, 73, 144], [5, 108, 50, 130, 97, 106, 182, 185, 113, 30], [54, 157, 191, 195, 159, 183, 23, 89, 156, 174, 140, 103, 179, 11], [165, 85, 148, 163, 92, 91, 33, 115, 53, 186, 139], [81, 56, 164, 20, 109, 39, 151, 17], [137, 173, 105, 141, 197, 122, 28, 116, 76, 64, 154, 58, 7, 188, 150, 101], [77, 128, 172, 37, 29, 184, 196, 136, 143, 170], [142, 127, 149, 98, 99, 10], [112, 90, 95, 102, 110, 57, 135, 66, 41, 45, 46], [74, 31, 52, 120, 168, 131, 190, 68, 61], [161, 49, 26, 134, 55, 35, 70, 12, 44, 160, 43, 83, 94, 198], [132, 88, 19, 2, 78, 9, 22, 126, 69, 169, 147], [124, 176, 138, 155, 193, 153, 13, 199, 16, 133, 38], [1, 180, 118, 111, 72, 75, 145, 86, 117, 114], [129, 34, 60, 40, 158], [152, 125, 119, 100, 32, 63], [15, 82, 162, 177, 36, 4, 62, 18, 65, 87, 47, 121], [71, 67, 25, 181, 194, 3, 80, 27, 171, 79], [192, 6, 178, 14, 187, 24, 96, 175, 48]]",true
47,3870,5508,OR-opt,CMT5.vrp,"[[93, 42, 21, 166, 59, 84, 8, 189, 107, 104], [123, 167, 51, 146, 73, 144], [5, 108, 50, 130, 97, 106, 182, 185, 113, 30], [54, 157, 191, 195, 159, 183, 23, 89, 156, 174, 140, 103, 179, 11], [165, 85, 92, 148, 163, 91, 33, 115, 53, 186, 139], [81, 56, 164, 20, 109, 39, 151, 17], [137, 173, 105, 141, 197, 122, 28, 116, 76, 64, 154, 58, 7, 188, 150, 101], [77, 128, 172, 37, 29, 184, 196, 136, 143, 170], [142, 127, 149, 98, 99, 10], [112, 90, 95, 102, 110, 57, 135, 66, 41, 45, 46], [74, 31, 52, 120, 168, 131, 190, 68, 61], [161, 49, 26, 134, 55, 35, 70, 12, 44, 160, 43, 83, 94, 198], [132, 88, 19, 2, 78, 9, 22, 126, 69, 169, 147], [124, 176, 138, 155, 193, 153, 13, 199, 16, 133, 38], [1, 180, 118, 111, 72, 75, 145, 86, 117, 114], [129, 34, 60, 40, 158], [152, 125, 119, 100, 32, 63], [15, 82, 162, 177, 36, 4, 62, 18, 65, 87, 47, 121], [71, 67, 25, 181, 194, 3, 80, 27, 171, 79], [192, 6, 178, 14, 187, 24, 96, 175, 48]]",true
48,3986,5490,OR-opt,CMT5.vrp,"[[93, 42, 21, 166, 59, 84, 8, 189, 107, 104], [123, 167, 51, 146, 73, 144], [5, 108, 50, 130, 97, 106, 182, 185, 113, 30], [54, 157, 191, 195, 159, 183, 23, 89, 156, 174, 140, 103, 179, 11], [92, 148, 163, 165, 85, 91, 33, 115, 53, 186, 139], [81, 56, 164, 20, 109, 39, 151, 17], [137, 173, 105, 141, 197, 122, 28, 116, 76, 64, 154, 58, 7, 188, 150, 101], [77, 128, 172, 37, 29, 184, 196, 136, 143, 170], [142, 127, 149, 98, 99, 10], [112, 90, 95, 102, 110, 57, 135, 66, 41, 45, 46], [74, 31, 52, 120, 168, 131, 190, 68, 61], [161, 49, 26, 134, 55, 35, 70, 12, 44, 160, 43, 83, 94, 198], [132, 88, 19, 2, 78, 9, 22, 126, 69, 169, 147], [124, 176, 138, 155, 193, 153, 13, 199, 16, 133, 38], [1, 180, 118, 111, 72, 75, 145, 86, 117, 114], [129, 34, 60, 40, 158], [152, 125, 119, 100, 32, 63], [15, 82, 162, 177, 36, 4, 62, 18, 65, 87, 47, 121], [71, 67, 25, 181, 194, 3, 80, 27, 171, 79], [192, 6, 178, 14, 187, 24, 96, 175, 48]]",true
49,4061,5489,OR-opt,CMT5.vrp,"[[93, 42, 21, 166, 59, 84, 8, 189, 107, 104], [123, 167, 51, 146, 73, 144], [5, 108, 50, 130, 97, 106, 182, 185, 113, 30], [54, 157, 191, 195, 159, 183, 23, 89, 156, 174, 140, 103, 179, 11], [165, 85, 92, 148, 163, 115, 91, 33, 53, 186, 139], [81, 56, 164, 20, 109, 39, 151, 17], [137, 173, 105, 141, 197, 122, 28, 116, 76, 64, 154, 58, 7, 188, 150, 101], [77, 128, 172, 37, 29, 184, 196, 136, 143, 170], [142, 127, 149, 98, 99, 10], [112, 90, 95, 102, 110, 57, 135, 66, 41, 45, 46], [74, 31, 52, 120, 168, 131, 190, 68, 61], [161, 49, 26, 134, 55, 35, 70, 12, 44, 160, 43, 83, 94, 198], [132, 88, 19, 2, 78, 9, 22, 126, 69, 169, 147], [124, 176, 138, 155, 193, 153, 13, 199, 16, 133, 38], [1, 180, 118, 111, 72, 75, 145, 86, 117, 114], [129, 34, 60, 40, 158], [152, 125, 119, 100, 32, 63], [15, 82, 162, 177, 36, 4, 62, 18, 65, 87, 47, 121], [71, 67, 25, 181, 194, 3, 80, 27, 171, 79], [192, 6, 178, 14, 187, 24, 96, 175, 48]]",true
50,4136,5481,OR-opt,CMT5.vrp,"[[93, 42, 21, 166, 59, 84, 8, 189, 107, 104], [123, 167, 51, 146, 73, 144], [5, 108, 50, 130, 97, 106, 182, 185, 113, 30], [54, 157, 191, 195, 159, 183, 23, 89, 156, 174, 140, 103, 179, 11], [92, 148, 163, 165, 85, 115, 91, 33, 53, 186, 139], [81, 56, 164, 20, 109, 39, 151, 17], [137, 173, 105, 141, 197, 122, 28, 116, 76, 64, 154, 58, 7, 188, 150, 101], [77, 128, 172, 37, 29, 184, 196, 136, 143, 170], [142, 127, 149, 98, 99, 10], [112, 90, 95, 102, 110, 57, 135, 66, 41, 45, 46], [74, 31, 52, 120, 168, 131, 190, 68, 61], [161, 49, 26, 134, 55, 35, 70, 12, 44, 160, 43, 83, 94, 198], [132, 88, 19, 2, 78, 9, 22, 126, 69, 169, 147], [124, 176, 138, 155, 193, 153, 13, 199, 16, 133, 38], [1, 180, 118, 111, 72, 75, 145, 86, 117, 114], [129, 34, 60, 40, 158], [152, 125, 119, 100, 32, 63], [15, 82, 162, 177, 36, 4, 62, 18, 65, 87, 47, 121], [71, 67, 25, 181, 194, 3, 80, 27, 171, 79], [192, 6, 178, 14, 187, 24, 96, 175, 48]]",true
51,4188,5474,OR-opt,CMT5.vrp,"[[93, 42, 21, 166, 59, 84, 8, 189, 107, 104], [123, 167, 51, 146, 73, 144], [5, 108, 50, 130, 97, 106, 182, 185, 113, 30], [54, 157, 191, 195, 159, 183, 23, 89, 156, 174, 140, 103, 179, 11], [165, 85, 163, 92, 148, 115, 91, 33, 53, 186, 139], [81, 56, 164, 20, 109, 39, 151, 17], [137, 173, 105, 141, 197, 122, 28, 116, 76, 64, 154, 58, 7, 188, 150, 101], [77, 128, 172, 37, 29, 184, 196, 136, 143, 170], [142, 127, 149, 98, 99, 10], [112, 90, 95, 102, 110, 57, 135, 66, 41, 45, 46], [74, 31, 52, 120, 168, 131, 190, 68, 61], [161, 49, 26, 134, 55, 35, 70, 12, 44, 160, 43, 83, 94, 198], [132, 88, 19, 2, 78, 9, 22, 126, 69, 169, 147], [124, 176, 138, 155, 193, 153, 13, 199, 16, 133, 38], [1, 180, 118, 111, 72, 75, 145, 86, 117, 114], [129, 34, 60, 40, 158], [152, 125, 119, 100, 32, 63], [15, 82, 162, 177, 36, 4, 62, 18, 65, 87, 47, 121], [71, 67, 25, 181, 194, 3, 80, 27, 171, 79], [192, 6, 178, 14, 187, 24, 96, 175, 48]]",true
52,4250,5473,OR-opt,CMT5.vrp,"[[93, 42, 21, 166, 59, 84, 8, 189, 107, 104], [123, 167, 51, 146, 73, 144], [5, 108, 50, 130, 97, 106, 182, 185, 113, 30], [54, 157, 191, 195, 159, 183, 23, 89, 156, 174, 140, 103, 179, 11], [165, 85, 92, 148, 163, 33, 53, 115, 91, 186, 139], [81, 56, 164, 20, 109, 39, 151, 17], [137, 173, 105, 141, 197, 122, 28, 116, 76, 64, 154, 58, 7, 188, 150, 101], [77, 128, 172, 37, 29, 184, 196, 136, 143, 170], [142, 127, 149, 98, 99, 10], [112, 90, 95, 102, 110, 57, 135, 66, 41, 45, 46], [74, 31, 52, 120, 168, 131, 190, 68, 61], [161, 49, 26, 134, 55, 35, 70, 12, 44, 160, 43, 83, 94, 198], [132, 88, 19, 2, 78, 9, 22, 126, 69, 169, 147], [124, 176, 138, 155, 193, 153, 13, 199, 16, 133, 38], [1, 180, 118, 111, 72, 75, 145, 86, 117, 114], [129, 34, 60, 40, 158], [152, 125, 119, 100, 32, 63], [15, 82, 162, 177, 36, 4, 62, 18, 65, 87, 47, 121], [71, 67, 25, 181, 194, 3, 80, 27, 171, 79], [192, 6, 178, 14, 187, 24, 96, 175, 48]]",true
53,4322,5455,OR-opt,CMT5.vrp,"[[93, 42, 21, 166, 59, 84, 8, 189, 107, 104], [123, 167, 51, 146, 73, 144], [5, 108, 50, 130, 97, 106, 182, 185, 113, 30], [54, 157, 191, 195, 159, 183, 23, 89, 156, 174, 140, 103, 179, 11], [92, 148, 163, 165, 85, 33, 53, 115, 91, 186, 139], [81, 56, 164, 20, 109, 39, 151, 17], [137, 173, 105, 141, 197, 122, 28, 116, 76, 64, 154, 58, 7, 188, 150, 101], [77, 128, 172, 37, 29, 184, 196, 136, 143, 170], [142, 127, 149, 98, 99, 10], [112, 90, 95, 102, 110, 57, 135, 66, 41, 45, 46], [74, 31, 52, 120, 168, 131, 190, 68, 61], [161, 49, 26, 134, 55, 35, 70, 12, 44, 160, 43, 83, 94, 198], [132, 88, 19, 2, 78, 9, 22, 126, 69, 169, 147], [124, 176, 138, 155, 193, 153, 13, 199, 16, 133, 38], [1, 180, 118, 111, 72, 75, 145, 86, 117, 114], [129, 34, 60, 40, 158], [152, 125, 119, 100, 32, 63], [15, 82, 162, 177, 36, 4, 62, 18, 65, 87, 47, 121], [71, 67, 25, 181, 194, 3, 80, 27, 171, 79], [192, 6, 178, 14, 187, 24, 96, 175, 48]]",true
54,4541,5444,OR-opt,CMT5.vrp,"[[93, 42, 21, 166, 59, 84, 8, 189, 107, 104], [123, 167, 51, 146, 73, 144], [5, 108, 50, 130, 97, 106, 182, 185, 113, 30], [54, 157, 191, 195, 159, 183, 23, 89, 156, 174, 140, 103, 179, 11], [92, 148, 163, 165, 85, 33, 53, 115, 91, 186, 139], [164, 20, 81, 56, 109, 39, 151, 17], [137, 173, 105, 141, 197, 122, 28, 116, 76, 64, 154, 58, 7, 188, 150, 101], [77, 128, 172, 37, 29, 184, 196, 136, 143, 170], [142, 127, 149, 98, 99, 10], [112, 90, 95, 102, 110, 57, 135, 66, 41, 45, 46], [74, 31, 52, 120, 168, 131, 190, 68, 61], [161, 49, 26, 134, 55, 35, 70, 12, 44, 160, 43, 83, 94, 198], [132, 88, 19, 2, 78, 9, 22, 126, 69, 169, 147], [124, 176, 138, 155, 193, 153, 13, 199, 16, 133, 38], [1, 180, 118, 111, 72, 75, 145, 86, 117, 114], [129, 34, 60, 40, 158], [152, 125, 119, 100, 32, 63], [15, 82, 162, 177, 36, 4, 62, 18, 65, 87, 47, 121], [71, 67, 25, 181, 194, 3, 80, 27, 171, 79], [192, 6, 178, 14, 187, 24, 96, 175, 48]]",true
55,4590,5430,OR-opt,CMT5.vrp,"[[93, 42, 21, 166, 59, 84, 8, 189, 107, 104], [123, 167, 51, 146, 73, 144], [5, 108, 50, 130, 97, 106, 182, 185, 113, 30], [54, 157, 191, 195, 159, 183, 23, 89, 156, 174, 140, 103, 179, 11], [92, 148, 163, 165, 85, 33, 53, 115, 91, 186, 139], [81, 56, 109, 39, 164, 20, 151, 17], [137, 173, 105, 141, 197, 122, 28, 116, 76, 64, 154, 58, 7, 188, 150, 101], [77, 128, 172, 37, 29, 184, 196, 136, 143, 170], [142, 127, 149, 98, 99, 10], [112, 90, 95, 102, 110, 57, 135, 66, 41, 45, 46], [74, 31, 52, 120, 168, 131, 190, 68, 61], [161, 49, 26, 134, 55, 35, 70, 12, 44, 160, 43, 83, 94, 198], [132, 88, 19, 2, 78, 9, 22, 126, 69, 169, 147], [124, 176, 138, 155, 193, 153, 13, 199, 16, 133, 38], [1, 180, 118, 111, 72, 75, 145, 86, 117, 114], [129, 34, 60, 40, 158], [152, 125, 119, 100, 32, 63], [15, 82, 162, 177, 36, 4, 62, 18, 65, 87, 47, 121], [71, 67, 25, 181, 194, 3, 80, 27, 171, 79], [192, 6, 178, 14, 187, 24, 96, 175, 48]]",true
56,4632,5430,OR-opt,CMT5.vrp,"[[93, 42, 21, 166, 59, 84, 8, 189, 107, 104], [123, 167, 51, 146, 73, 144], [5, 108, 50, 130, 97, 106, 182, 185, 113, 30], [54, 157, 191, 195, 159, 183, 23, 89, 156, 174, 140, 103, 179, 11], [92, 148, 163, 165, 85, 33, 53, 115, 91, 186, 139], [81, 109, 39, 56, 164, 20, 151, 17], [137, 173, 105, 141, 197, 122, 28, 116, 76, 64, 154, 58, 7, 188, 150, 101], [77, 128, 172, 37, 29, 184, 196, 136, 143, 170], [142, 127, 149, 98, 99, 10], [112, 90, 95, 102, 110, 57, 135, 66, 41, 45, 46], [74, 31, 52, 120, 168, 131, 190, 68, 61], [161, 49, 26, 134, 55, 35, 70, 12, 44, 160, 43, 83, 94, 198], [132, 88, 19, 2, 78, 9, 22, 126, 69, 169, 147], [124, 176, 138, 155, 193, 153, 13, 199, 16, 133, 38], [1, 180, 118, 111, 72, 75, 145, 86, 117, 114], [129, 34, 60, 40, 158], [152, 125, 119, 100, 32, 63], [15, 82, 162, 177, 36, 4, 62, 18, 65, 87, 47, 121], [71, 67, 25, 181, 194, 3, 80, 27, 171, 79], [192, 6, 178, 14, 187, 24, 96, 175, 48]]",true
57,4710,5429,OR-opt,CMT5.vrp,"[[93, 42, 21, 166, 59, 84, 8, 189, 107, 104], [123, 167, 51, 146, 73, 144], [5, 108, 50, 130, 97, 106, 182, 185, 113, 30], [54, 157, 191, 195, 159, 183, 23, 89, 156, 174, 140, 103, 179, 11], [92, 148, 163, 165, 85, 33, 53, 115, 91, 186, 139], [81, 109, 39, 56, 151, 17, 164, 20], [137, 173, 105, 141, 197, 122, 28, 116, 76, 64, 154, 58, 7, 188, 150, 101], [77, 128, 172, 37, 29, 184, 196, 136, 143, 170], [142, 127, 149, 98, 99, 10], [112, 90, 95, 102, 110, 57, 135, 66, 41, 45, 46], [74, 31, 52, 120, 168, 131, 190, 68, 61], [161, 49, 26, 134, 55, 35, 70, 12, 44, 160, 43, 83, 94, 198], [132, 88, 19, 2, 78, 9, 22, 126, 69, 169, 147], [124, 176, 138, 155, 193, 153, 13, 199, 16, 133, 38], [1, 180, 118, 111, 72, 75, 145, 86, 117, 114], [129, 34, 60, 40, 158], [152, 125, 119, 100, 32, 63], [15, 82, 162, 177, 36, 4, 62, 18, 65, 87, 47, 121], [71, 67, 25, 181, 194, 3, 80, 27, 171, 79], [192, 6, 178, 14, 187, 24, 96, 175, 48]]",true
58,4751,5415,OR-opt,CMT5.vrp,"[[93, 42, 21, 166, 59, 84, 8, 189, 107, 104], [123, 167, 51, 146, 73, 144], [5, 108, 50, 130, 97, 106, 182, 185, 113, 30], [54, 157, 191, 195, 159, 183, 23, 89, 156, 174, 140, 103, 179, 11], [92, 148, 163, 165, 85, 33, 53, 115, 91, 186, 139], [151, 17, 81, 109, 39, 56, 164, 20], [137, 173, 105, 141, 197, 122, 28, 116, 76, 64, 154, 58, 7, 188, 150, 101], [77, 128, 172, 37, 29, 184, 196, 136, 143, 170], [142, 127, 149, 98, 99, 10], [112, 90, 95, 102, 110, 57, 135, 66, 41, 45, 46], [74, 31, 52, 120, 168, 131, 190, 68, 61], [161, 49, 26, 134, 55, 35, 70, 12, 44, 160, 43, 83, 94, 198], [132, 88, 19, 2, 78, 9, 22, 126, 69, 169, 147], [124, 176, 138, 155, 193, 153, 13, 199, 16, 133, 38], [1, 180, 118, 111, 72, 75, 145, 86, 117, 114], [129, 34, 60, 40, 158], [152, 125, 119, 100, 32, 63], [15, 82, 162, 177, 36, 4, 62, 18, 65, 87, 47, 121], [71, 67, 25, 181, 194, 3, 80, 27, 171, 79], [192, 6, 178, 14, 187, 24, 96, 175, 48]]",true
59,4835,5393,OR-opt,CMT5.vrp,"[[93, 42, 21, 166, 59, 84, 8, 189, 107, 104], [123, 167, 51, 146, 73, 144], [5, 108, 50, 130, 97, 106, 182, 185, 113, 30], [54, 157, 191, 195, 159, 183, 23, 89, 156, 174, 140, 103, 179, 11], [92, 148, 163, 165, 85, 33, 53, 115, 91, 186, 139], [151, 17, 81, 109, 39, 56, 164, 20], [105, 137, 173, 141, 197, 122, 28, 116, 76, 64, 154, 58, 7, 188, 150, 101], [77, 128, 172, 37, 29, 184, 196, 136, 143, 170], [142, 127, 149, 98, 99, 10], [112, 90, 95, 102, 110, 57, 135, 66, 41, 45, 46], [74, 31, 52, 120, 168, 131, 190, 68, 61], [161, 49, 26, 134, 55, 35, 70, 12, 44, 160, 43, 83, 94, 198], [132, 88, 19, 2, 78, 9, 22, 126, 69, 169, 147], [124, 176, 138, 155, 193, 153, 13, 199, 16, 133, 38], [1, 180, 118, 111, 72, 75, 145, 86, 117, 114], [129, 34, 60, 40, 158], [152, 125, 119, 100, 32, 63], [15, 82, 162, 177, 36, 4, 62, 18, 65, 87, 47, 121], [71, 67, 25, 181, 194, 3, 80, 27, 171, 79], [192, 6, 178, 14, 187, 24, 96, 175, 48]]",true
60,4872,5351,OR-opt,CMT5.vrp,"[[93, 42, 21, 166, 59, 84, 8, 189, 107, 104], [123, 167, 51, 146, 73, 144], [5, 108, 50, 130, 97, 106, 182, 185, 113, 30], [54, 157, 191, 195, 159, 183, 23, 89, 156, 174, 140, 103, 179, 11], [92, 148, 163, 165, 85, 33, 53, 115, 91, 186, 139], [151, 17, 81, 109, 39, 56, 164, 20], [105, 141, 197, 137, 173, 122, 28, 116, 76, 64, 154, 58, 7, 188, 150, 101], [77, 128, 172, 37, 29, 184, 196, 136, 143, 170], [142, 127, 149, 98, 99, 10], [112, 90, 95, 102, 110, 57, 135, 66, 41, 45, 46], [74, 31, 52, 120, 168, 131, 190, 68, 61], [161, 49, 26, 134, 55, 35, 70, 12, 44, 160, 43, 83, 94, 198], [132, 88, 19, 2, 78, 9, 22, 126, 69, 169, 147], [124, 176, 138, 155, 193, 153, 13, 199, 16, 133, 38], [1, 180, 118, 111, 72, 75, 145, 86, 117, 114], [129, 34, 60, 40, 158], [152, 125, 119, 100, 32, 63], [15, 82, 162, 177, 36, 4, 62, 18, 65, 87, 47, 121], [71, 67, 25, 181, 194, 3, 80, 27, 171, 79], [192, 6, 178, 14, 187, 24, 96, 175, 48]]",true
61,5153,5350,OR-opt,CMT5.vrp,"[[93, 42, 21, 166, 59, 84, 8, 189, 107, 104], [123, 167, 51, 146, 73, 144], [5, 108, 50, 130, 97, 106, 182, 185, 113, 30], [54, 157, 191, 195, 159, 183, 23, 89, 156, 174, 140, 103, 179, 11], [92, 148, 163, 165, 85, 33, 53, 115, 91, 186, 139], [151, 17, 81, 109, 39, 56, 164, 20], [197, 137, 173, 122, 28, 116, 76, 105, 141, 64, 154, 58, 7, 188, 150, 101], [77, 128, 172, 37, 29, 184, 196, 136, 143, 170], [142, 127, 149, 98, 99, 10], [112, 90, 95, 102, 110, 57, 135, 66, 41, 45, 46], [74, 31, 52, 120, 168, 131, 190, 68, 61], [161, 49, 26, 134, 55, 35, 70, 12, 44, 160, 43, 83, 94, 198], [132, 88, 19, 2, 78, 9, 22, 126, 69, 169, 147], [124, 176, 138, 155, 193, 153, 13, 199, 16, 133, 38], [1, 180, 118, 111, 72, 75, 145, 86, 117, 114], [129, 34, 60, 40, 158], [152, 125, 119, 100, 32, 63], [15, 82, 162, 177, 36, 4, 62, 18, 65, 87, 47, 121], [71, 67, 25, 181, 194, 3, 80, 27, 171, 79], [192, 6, 178, 14, 187, 24, 96, 175, 48]]",true
62,5200,5339,OR-opt,CMT5.vrp,"[[93, 42, 21, 166, 59, 84, 8, 189, 107, 104], [123, 167, 51, 146, 73, 144], [5, 108, 50, 130, 97, 106, 182, 185, 113, 30], [54, 157, 191, 195, 159, 183, 23, 89, 156, 174, 140, 103, 179, 11], [92, 148, 163, 165, 85, 33, 53, 115, 91, 186, 139], [151, 17, 81, 109, 39, 56, 164, 20], [105, 137, 173, 122, 28, 141, 197, 116, 76, 64, 154, 58, 7, 188, 150, 101], [77, 128, 172, 37, 29, 184, 196, 136, 143, 170], [142, 127, 149, 98, 99, 10], [112, 90, 95, 102, 110, 57, 135, 66, 41, 45, 46], [74, 31, 52, 120, 168, 131, 190, 68, 61], [161, 49, 26, 134, 55, 35, 70, 12, 44, 160, 43, 83, 94, 198], [132, 88, 19, 2, 78, 9, 22, 126, 69, 169, 147], [124, 176, 138, 155, 193, 153, 13, 199, 16, 133, 38], [1, 180, 118, 111, 72, 75, 145, 86, 117, 114], [129, 34, 60, 40, 158], [152, 125, 119, 100, 32, 63], [15, 82, 162, 177, 36, 4, 62, 18, 65, 87, 47, 121], [71, 67, 25, 181, 194, 3, 80, 27, 171, 79], [192, 6, 178, 14, 187, 24, 96, 175, 48]]",true
63,5240,5334,OR-opt,CMT5.vrp,"[[93, 42, 21, 166, 59, 84, 8, 189, 107, 104], [123, 167, 51, 146, 73, 144], [5, 108, 50, 130, 97, 106, 182, 185, 113, 30], [54, 157, 191, 195, 159, 183, 23, 89, 156, 174, 140, 103, 179, 11], [92, 148, 163, 165, 85, 33, 53, 115, 91, 186, 139], [151, 17, 81, 109, 39, 56, 164, 20], [105, 197, 137, 141, 173, 122, 28, 116, 76, 64, 154, 58, 7, 188, 150, 101], [77, 128, 172, 37, 29, 184, 196, 136, 143, 170], [142, 127, 149, 98, 99, 10], [112, 90, 95, 102, 110, 57, 135, 66, 41, 45, 46], [74, 31, 52, 120, 168, 131, 190, 68, 61], [161, 49, 26, 134, 55, 35, 70, 12, 44, 160, 43, 83, 94, 198], [132, 88, 19, 2, 78, 9, 22, 126, 69, 169, 147], [124, 176, 138, 155, 193, 153, 13, 199, 16, 133, 38], [1, 180, 118, 111, 72, 75, 145, 86, 117, 114], [129, 34, 60, 40, 158], [152, 125, 119, 100, 32, 63], [15, 82, 162, 177, 36, 4, 62, 18, 65, 87, 47, 121], [71, 67, 25, 181, 194, 3, 80, 27, 171, 79], [192, 6, 178, 14, 187, 24, 96, 175, 48]]",true
64,5272,5330,OR-opt,CMT5.vrp,"[[93, 42, 21, 166, 59, 84, 8, 189, 107, 104], [123, 167, 51, 146, 73, 144], [5, 108, 50, 130, 97, 106, 182, 185, 113, 30], [54, 157, 191, 195, 159, 183, 23, 89, 156, 174, 140, 103, 179, 11], [92, 148, 163, 165, 85, 33, 53, 115, 91, 186, 139], [151, 17, 81, 109, 39, 56, 164, 20], [105, 141, 173, 122, 28, 197, 137, 116, 76, 64, 154, 58, 7, 188, 150, 101], [77, 128, 172, 37, 29, 184, 196, 136, 143, 170], [142, 127, 149, 98, 99, 10], [112, 90, 95, 102, 110, 57, 135, 66, 41, 45, 46], [74, 31, 52, 120, 168, 131, 190, 68, 61], [161, 49, 26, 134, 55, 35, 70, 12, 44, 160, 43, 83, 94, 198], [132, 88, 19, 2, 78, 9, 22, 126, 69, 169, 147], [124, 176, 138, 155, 193, 153, 13, 199, 16, 133, 38], [1, 180, 118, 111, 72, 75, 145, 86, 117, 114], [129, 34, 60, 40, 158], [152, 125, 119, 100, 32, 63], [15, 82, 162, 177, 36, 4, 62, 18, 65, 87, 47, 121], [71, 67, 25, 181, 194, 3, 80, 27, 171, 79], [192, 6, 178, 14, 187, 24, 96, 175, 48]]",true
65,5335,5321,OR-opt,CMT5.vrp,"[[93, 42, 21, 166, 59, 84, 8, 189, 107, 104], [123, 167, 51, 146, 73, 144], [5, 108, 50, 130, 97, 106, 182, 185, 113, 30], [54, 157, 191, 195, 159, 183, 23, 89, 156, 174, 140, 103, 179, 11], [92, 148, 163, 165, 85, 33, 53, 115, 91, 186, 139], [151, 17, 81, 109, 39, 56, 164, 20], [105, 141, 197, 137, 28, 116, 76, 64, 173, 122, 154, 58, 7, 188, 150, 101], [77, 128, 172, 37, 29, 184, 196, 136, 143, 170], [142, 127, 149, 98, 99, 10], [112, 90, 95, 102, 110, 57, 135, 66, 41, 45, 46], [74, 31, 52, 120, 168, 131, 190, 68, 61], [161, 49, 26, 134, 55, 35, 70, 12, 44, 160, 43, 83, 94, 198], [132, 88, 19, 2, 78, 9, 22, 126, 69, 169, 147], [124, 176, 138, 155, 193, 153, 13, 199, 16, 133, 38], [1, 180, 118, 111, 72, 75, 145, 86, 117, 114], [129, 34, 60, 40, 158], [152, 125, 119, 100, 32, 63], [15, 82, 162, 177, 36, 4, 62, 18, 65, 87, 47, 121], [71, 67, 25, 181, 194, 3, 80, 27, 171, 79], [192, 6, 178, 14, 187, 24, 96, 175, 48]]",true
66,5410,5308,OR-opt,CMT5.vrp,"[[93, 42, 21, 166, 59, 84, 8, 189, 107, 104], [123, 167, 51, 146, 73, 144], [5, 108, 50, 130, 97, 106, 182, 185, 113, 30], [54, 157, 191, 195, 159, 183, 23, 89, 156, 174, 140, 103, 179, 11], [92, 148, 163, 165, 85, 33, 53, 115, 91, 186, 139], [151, 17, 81, 109, 39, 56, 164, 20], [105, 141, 197, 137, 116, 76, 173, 122, 28, 64, 154, 58, 7, 188, 150, 101], [77, 128, 172, 37, 29, 184, 196, 136, 143, 170], [142, 127, 149, 98, 99, 10], [112, 90, 95, 102, 110, 57, 135, 66, 41, 45, 46], [74, 31, 52, 120, 168, 131, 190, 68, 61], [161, 49, 26, 134, 55, 35, 70, 12, 44, 160, 43, 83, 94, 198], [132, 88, 19, 2, 78, 9, 22, 126, 69, 169, 147], [124, 176, 138, 155, 193, 153, 13, 199, 16, 133, 38], [1, 180, 118, 111, 72, 75, 145, 86, 117, 114], [129, 34, 60, 40, 158], [152, 125, 119, 100, 32, 63], [15, 82, 162, 177, 36, 4, 62, 18, 65, 87, 47, 121], [71, 67, 25, 181, 194, 3, 80, 27, 171, 79], [192, 6, 178, 14, 187, 24, 96, 175, 48]]",true
67,5446,5297,OR-opt,CMT5.vrp,"[[93, 42, 21, 166, 59, 84, 8, 189, 107, 104], [123, 167, 51, 146, 73, 144], [5, 108, 50, 130, 97, 106, 182, 185, 113, 30], [54, 157, 191, 195, 159, 183, 23, 89, 156, 174, 140, 103, 179, 11], [92, 148, 163, 165, 85, 33, 53, 115, 91, 186, 139], [151, 17, 81, 109, 39, 56, 164, 20], [105, 141, 197, 137, 173, 122, 28, 64, 154, 58, 7, 188, 116, 76, 150, 101], [77, 128, 172, 37, 29, 184, 196, 136, 143, 170], [142, 127, 149, 98, 99, 10], [112, 90, 95, 102, 110, 57, 135, 66, 41, 45, 46], [74, 31, 52, 120, 168, 131, 190, 68, 61], [161, 49, 26, 134, 55, 35, 70, 12, 44, 160, 43, 83, 94, 198], [132, 88, 19, 2, 78, 9, 22, 126, 69, 169, 147], [124, 176, 138, 155, 193, 153, 13, 199, 16, 133, 38], [1, 180, 118, 111, 72, 75, 145, 86, 117, 114], [129, 34, 60, 40, 158], [152, 125, 119, 100, 32, 63], [15, 82, 162, 177, 36, 4, 62, 18, 65, 87, 47, 121], [71, 67, 25, 181, 194, 3, 80, 27, 171, 79], [192, 6, 178, 14, 187, 24, 96, 175, 48]]",true
68,5598,5296,OR-opt,CMT5.vrp,"[[93, 42, 21, 166, 59, 84, 8, 189, 107, 104], [123, 167, 51, 146, 73, 144], [5, 108, 50, 130, 97, 106, 182, 185, 113, 30], [54, 157, 191, 195, 159, 183, 23, 89, 156, 174, 140, 103, 179, 11], [92, 148, 163, 165, 85, 33, 53, 115, 91, 186, 139], [151, 17, 81, 109, 39, 56, 164, 20], [105, 137, 141, 197, 173, 122, 28, 64, 154, 58, 7, 188, 116, 76, 150, 101], [77, 128, 172, 37, 29, 184, 196, 136, 143, 170], [142, 127, 149, 98, 99, 10], [112, 90, 95, 102, 110, 57, 135, 66, 41, 45, 46], [74, 31, 52, 120, 168, 131, 190, 68, 61], [161, 49, 26, 134, 55, 35, 70, 12, 44, 160, 43, 83, 94, 198], [132, 88, 19, 2, 78, 9, 22, 126, 69, 169, 147], [124, 176, 138, 155, 193, 153, 13, 199, 16, 133, 38], [1, 180, 118, 111, 72, 75, 145, 86, 117, 114], [129, 34, 60, 40, 158], [152, 125, 119, 100, 32, 63], [15, 82, 162, 177, 36, 4, 62, 18, 65, 87, 47, 121], [71, 67, 25, 181, 194, 3, 80, 27, 171, 79], [192, 6, 178, 14, 187, 24, 96, 175, 48]]",true
69,5642,5280,OR-opt,CMT5.vrp,"[[93, 42, 21, 166, 59, 84, 8, 189, 107, 104], [123, 167, 51, 146, 73, 144], [5, 108, 50, 130, 97, 106, 182, 185, 113, 30], [54, 157, 191, 195, 159, 183, 23, 89, 156, 174, 140, 103, 179, 11], [92, 148, 163, 165, 85, 33, 53, 115, 91, 186, 139], [151, 17, 81, 109, 39, 56, 164, 20], [105, 197, 137, 141, 173, 122, 28, 64, 154, 58, 7, 188, 116, 76, 150, 101], [77, 128, 172, 37, 29, 184, 196, 136, 143, 170], [142, 127, 149, 98, 99, 10], [112, 90, 95, 102, 110, 57, 135, 66, 41, 45, 46], [74, 31, 52, 120, 168, 131, 190, 68, 61], [161, 49, 26, 134, 55, 35, 70, 12, 44, 160, 43, 83, 94, 198], [132, 88, 19, 2, 78, 9, 22, 126, 69, 169, 147], [124, 176, 138, 155, 193, 153, 13, 199, 16, 133, 38], [1, 180, 118, 111, 72, 75, 145, 86, 117, 114], [129, 34, 60, 40, 158], [152, 125, 119, 100, 32, 63], [15, 82, 162, 177, 36, 4, 62, 18, 65, 87, 47, 121], [71, 67, 25, 181, 194, 3, 80, 27, 171, 79], [192, 6, 178, 14, 187, 24, 96, 175, 48]]",true
70,5712,5266,OR-opt,CMT5.vrp,"[[93, 42, 21, 166, 59, 84, 8, 189, 107, 104], [123, 167, 51, 146, 73, 144], [5, 108, 50, 130, 97, 106, 182, 185, 113, 30], [54, 157, 191, 195, 159, 183, 23, 89, 156, 174, 140, 103, 179, 11], [92, 148, 163, 165, 85, 33, 53, 115, 91, 186, 139], [151, 17, 81, 109, 39, 56, 164, 20], [105, 141, 197, 137, 28, 64, 173, 122, 154, 58, 7, 188, 116, 76, 150, 101], [77, 128, 172, 37, 29, 184, 196, 136, 143, 170], [142, 127, 149, 98, 99, 10], [112, 90, 95, 102, 110, 57, 135, 66, 41, 45, 46], [74, 31, 52, 120, 168, 131, 190, 68, 61], [161, 49, 26, 134, 55, 35, 70, 12, 44, 160, 43, 83, 94, 198], [132, 88, 19, 2, 78, 9, 22, 126, 69, 169, 147], [124, 176, 138, 155, 193, 153, 13, 199, 16, 133, 38], [1, 180, 118, 111, 72, 75, 145, 86, 117, 114], [129, 34, 60, 40, 158], [152, 125, 119, 100, 32, 63], [15, 82, 162, 177, 36, 4, 62, 18, 65, 87, 47, 121], [71, 67, 25, 181, 194, 3, 80, 27, 171, 79], [192, 6, 178, 14, 187, 24, 96, 175, 48]]",true
71,6073,5264,OR-opt,CMT5.vrp,"[[93, 42, 21, 166, 59, 84, 8, 189, 107, 104], [123, 167, 51, 146, 73, 144], [5, 108, 50, 130, 97, 106, 182, 185, 113, 30], [54, 157, 191, 195, 159, 183, 23, 89, 156, 174, 140, 103, 179, 11], [92, 148, 163, 165, 85, 33, 53, 115, 91, 186, 139], [151, 17, 81, 109, 39, 56, 164, 20], [105, 137, 141, 197, 28, 64, 173, 122, 154, 58, 7, 188, 116, 76, 150, 101], [77, 128, 172, 37, 29, 184, 196, 136, 143, 170], [142, 127, 149, 98, 99, 10], [112, 90, 95, 102, 110, 57, 135, 66, 41, 45, 46], [74, 31, 52, 120, 168, 131, 190, 68, 61], [161, 49, 26, 134, 55, 35, 70, 12, 44, 160, 43, 83, 94, 198], [132, 88, 19, 2, 78, 9, 22, 126, 69, 169, 147], [124, 176, 138, 155, 193, 153, 13, 199, 16, 133, 38], [1, 180, 118, 111, 72, 75, 145, 86, 117, 114], [129, 34, 60, 40, 158], [152, 125, 119, 100, 32, 63], [15, 82, 162, 177, 36, 4, 62, 18, 65, 87, 47, 121], [71, 67, 25, 181, 194, 3, 80, 27, 171, 79], [192, 6, 178, 14, 187, 24, 96, 175, 48]]",true
72,6126,5249,OR-opt,CMT5.vrp,"[[93, 42, 21, 166, 59, 84, 8, 189, 107, 104], [123, 167, 51, 146, 73, 144], [5, 108, 50, 130, 97, 106, 182, 185, 113, 30], [54, 157, 191, 195, 159, 183, 23, 89, 156, 174, 140, 103, 179, 11], [92, 148, 163, 165, 85, 33, 53, 115, 91, 186, 139], [151, 17, 81, 109, 39, 56, 164, 20], [105, 197, 137, 141, 28, 64, 173, 122, 154, 58, 7, 188, 116, 76, 150, 101], [77, 128, 172, 37, 29, 184, 196, 136, 143, 170], [142, 127, 149, 98, 99, 10], [112, 90, 95, 102, 110, 57, 135, 66, 41, 45, 46], [74, 31, 52, 120, 168, 131, 190, 68, 61], [161, 49, 26, 134, 55, 35, 70, 12, 44, 160, 43, 83, 94, 198], [132, 88, 19, 2, 78, 9, 22, 126, 69, 169, 147], [124, 176, 138, 155, 193, 153, 13, 199, 16, 133, 38], [1, 180, 118, 111, 72, 75, 145, 86, 117, 114], [129, 34, 60, 40, 158], [152, 125, 119, 100, 32, 63], [15, 82, 162, 177, 36, 4, 62, 18, 65, 87, 47, 121], [71, 67, 25, 181, 194, 3, 80, 27, 171, 79], [192, 6, 178, 14, 187, 24, 96, 175, 48]]",true
73,6361,5245,OR-opt,CMT5.vrp,"[[93, 42, 21, 166, 59, 84, 8, 189, 107, 104], [123, 167, 51, 146, 73, 144], [5, 108, 50, 130, 97, 106, 182, 185, 113, 30], [54, 157, 191, 195, 159, 183, 23, 89, 156, 174, 140, 103, 179, 11], [92, 148, 163, 165, 85, 33, 53, 115, 91, 186, 139], [151, 17, 81, 109, 39, 56, 164, 20], [188, 116, 105, 141, 197, 137, 28, 64, 173, 122, 154, 58, 7, 76, 150, 101], [77, 128, 172, 37, 29, 184, 196, 136, 143, 170], [142, 127, 149, 98, 99, 10], [112, 90, 95, 102, 110, 57, 135, 66, 41, 45, 46], [74, 31, 52, 120, 168, 131, 190, 68, 61], [161, 49, 26, 134, 55, 35, 70, 12, 44, 160, 43, 83, 94, 198], [132, 88, 19, 2, 78, 9, 22, 126, 69, 169, 147], [124, 176, 138, 155, 193, 153, 13, 199, 16, 133, 38], [1, 180, 118, 111, 72, 75, 145, 86, 117, 114], [129, 34, 60, 40, 158], [152, 125, 119, 100, 32, 63], [15, 82, 162, 177, 36, 4, 62, 18, 65, 87, 47, 121], [71, 67, 25, 181, 194, 3, 80, 27, 171, 79], [192, 6, 178, 14, 187, 24, 96, 175, 48]]",true
74,6450,5241,OR-opt,CMT5.vrp,"[[93, 42, 21, 166, 59, 84, 8, 189, 107, 104], [123, 167, 51, 146, 73, 144], [5, 108, 50, 130, 97, 106, 182, 185, 113, 30], [54, 157, 191, 195, 159, 183, 23, 89, 156, 174, 140, 103, 179, 11], [92, 148, 163, 165, 85, 33, 53, 115, 91, 186, 139], [151, 17, 81, 109, 39, 56, 164, 20], [105, 188, 116, 141, 197, 137, 28, 64, 173, 122, 154, 58, 7, 76, 150, 101], [77, 128, 172, 37, 29, 184, 196, 136, 143, 170], [142, 127, 149, 98, 99, 10], [112, 90, 95, 102, 110, 57, 135, 66, 41, 45, 46], [74, 31, 52, 120, 168, 131, 190, 68, 61], [161, 49, 26, 134, 55, 35, 70, 12, 44, 160, 43, 83, 94, 198], [132, 88, 19, 2, 78, 9, 22, 126, 69, 169, 147], [124, 176, 138, 155, 193, 153, 13, 199, 16, 133, 38], [1, 180, 118, 111, 72, 75, 145, 86, 117, 114], [129, 34, 60, 40, 158], [152, 125, 119, 100, 32, 63], [15, 82, 162, 177, 36, 4, 62, 18, 65, 87, 47, 121], [71, 67, 25, 181, 194, 3, 80, 27, 171, 79], [192, 6, 178, 14, 187, 24, 96, 175, 48]]",true
75,6578,5240,OR-opt,CMT5.vrp,"[[93, 42, 21, 166, 59, 84, 8, 189, 107, 104], [123, 167, 51, 146, 73, 144], [5, 108, 50, 130, 97, 106, 182, 185, 113, 30], [54, 157, 191, 195, 159, 183, 23, 89, 156, 174, 140, 103, 179, 11], [92, 148, 163, 165, 85, 33, 53, 115, 91, 186, 139], [151, 17, 81, 109, 39, 56, 164, 20], [105, 188, 197, 116, 141, 137, 28, 64, 173, 122, 154, 58, 7, 76, 150, 101], [77, 128, 172, 37, 29, 184, 196, 136, 143, 170], [142, 127, 149, 98, 99, 10], [112, 90, 95, 102, 110, 57, 135, 66, 41, 45, 46], [74, 31, 52, 120, 168, 131, 190, 68, 61], [161, 49, 26, 134, 55, 35, 70, 12, 44, 160, 43, 83, 94, 198], [132, 88, 19, 2, 78, 9, 22, 126, 69, 169, 147], [124, 176, 138, 155, 193, 153, 13, 199, 16, 133, 38], [1, 180, 118, 111, 72, 75, 145, 86, 117, 114], [129, 34, 60, 40, 158], [152, 125, 119, 100, 32, 63], [15, 82, 162, 177, 36, 4, 62, 18, 65, 87, 47, 121], [71, 67, 25, 181, 194, 3, 80, 27, 171, 79], [192, 6, 178, 14, 187, 24, 96, 175, 48]]",true
76,6610,5229,OR-opt,CMT5.vrp,"[[93, 42, 21, 166, 59, 84, 8, 189, 107, 104], [123, 167, 51, 146, 73, 144], [5, 108, 50, 130, 97, 106, 182, 185, 113, 30], [54, 157, 191, 195, 159, 183, 23, 89, 156, 174, 140, 103, 179, 11], [92, 148, 163, 165, 85, 33, 53, 115, 91, 186, 139], [151, 17, 81, 109, 39, 56, 164, 20], [105, 188, 197, 137, 116, 141, 28, 64, 173, 122, 154, 58, 7, 76, 150, 101], [77, 128, 172, 37, 29, 184, 196, 136, 143, 170], [142, 127, 149, 98, 99, 10], [112, 90, 95, 102, 110, 57, 135, 66, 41, 45, 46], [74, 31, 52, 120, 168, 131, 190, 68, 61], [161, 49, 26, 134, 55, 35, 70, 12, 44, 160, 43, 83, 94, 198], [132, 88, 19, 2, 78, 9, 22, 126, 69, 169, 147], [124, 176, 138, 155, 193, 153, 13, 199, 16, 133, 38], [1, 180, 118, 111, 72, 75, 145, 86, 117, 114], [129, 34, 60, 40, 158], [152, 125, 119, 100, 32, 63], [15, 82, 162, 177, 36, 4, 62, 18, 65, 87, 47, 121], [71, 67, 25, 181, 194, 3, 80, 27, 171, 79], [192, 6, 178, 14, 187, 24, 96, 175, 48]]",true
77,6698,5223,OR-opt,CMT5.vrp,"[[93, 42, 21, 166, 59, 84, 8, 189, 107, 104], [123, 167, 51, 146, 73, 144], [5, 108, 50, 130, 97, 106, 182, 185, 113, 30], [54, 157, 191, 195, 159, 183, 23, 89, 156, 174, 140, 103, 179, 11], [92, 148, 163, 165, 85, 33, 53, 115, 91, 186, 139], [151, 17, 81, 109, 39, 56, 164, 20], [105, 188, 116, 137, 141, 197, 28, 64, 173, 122, 154, 58, 7, 76, 150, 101], [77, 128, 172, 37, 29, 184, 196, 136, 143, 170], [142, 127, 149, 98, 99, 10], [112, 90, 95, 102, 110, 57, 135, 66, 41, 45, 46], [74, 31, 52, 120, 168, 131, 190, 68, 61], [161, 49, 26, 134, 55, 35, 70, 12, 44, 160, 43, 83, 94, 198], [132, 88, 19, 2, 78, 9, 22, 126, 69, 169, 147], [124, 176, 138, 155, 193, 153, 13, 199, 16, 133, 38], [1, 180, 118, 111, 72, 75, 145, 86, 117, 114], [129, 34, 60, 40, 158], [152, 125, 119, 100, 32, 63], [15, 82, 162, 177, 36, 4, 62, 18, 65, 87, 47, 121], [71, 67, 25, 181, 194, 3, 80, 27, 171, 79], [192, 6, 178, 14, 187, 24, 96, 175, 48]]",true
78,6747,5221,OR-opt,CMT5.vrp,"[[93, 42, 21, 166, 59, 84, 8, 189, 107, 104], [123, 167, 51, 146, 73, 144], [5, 108, 50, 130, 97, 106, 182, 185, 113, 30], [54, 157, 191, 195, 159, 183, 23, 89, 156, 174, 140, 103, 179, 11], [92, 148, 163, 165, 85, 33, 53, 115, 91, 186, 139], [151, 17, 81, 109, 39, 56, 164, 20], [105, 188, 116, 197, 137, 141, 28, 64, 173, 122, 154, 58, 7, 76, 150, 101], [77, 128, 172, 37, 29, 184, 196, 136, 143, 170], [142, 127, 149, 98, 99, 10], [112, 90, 95, 102, 110, 57, 135, 66, 41, 45, 46], [74, 31, 52, 120, 168, 131, 190, 68, 61], [161, 49, 26, 134, 55, 35, 70, 12, 44, 160, 43, 83, 94, 198], [132, 88, 19, 2, 78, 9, 22, 126, 69, 169, 147], [124, 176, 138, 155, 193, 153, 13, 199, 16, 133, 38], [1, 180, 118, 111, 72, 75, 145, 86, 117, 114], [129, 34, 60, 40, 158], [152, 125, 119, 100, 32, 63], [15, 82, 162, 177, 36, 4, 62, 18, 65, 87, 47, 121], [71, 67, 25, 181, 194, 3, 80, 27, 171, 79], [192, 6, 178, 14, 187, 24, 96, 175, 48]]",true
79,7189,5204,OR-opt,CMT5.vrp,"[[93, 42, 21, 166, 59, 84, 8, 189, 107, 104], [123, 167, 51, 146, 73, 144], [5, 108, 50, 130, 97, 106, 182, 185, 113, 30], [54, 157, 191, 195, 159, 183, 23, 89, 156, 174, 140, 103, 179, 11], [92, 148, 163, 165, 85, 33, 53, 115, 91, 186, 139], [151, 17, 81, 109, 39, 56, 164, 20], [105, 188, 116, 197, 137, 141, 28, 64, 173, 122, 154, 58, 150, 7, 76, 101], [77, 128, 172, 37, 29, 184, 196, 136, 143, 170], [142, 127, 149, 98, 99, 10], [112, 90, 95, 102, 110, 57, 135, 66, 41, 45, 46], [74, 31, 52, 120, 168, 131, 190, 68, 61], [161, 49, 26, 134, 55, 35, 70, 12, 44, 160, 43, 83, 94, 198], [132, 88, 19, 2, 78, 9, 22, 126, 69, 169, 147], [124, 176, 138, 155, 193, 153, 13, 199, 16, 133, 38], [1, 180, 118, 111, 72, 75, 145, 86, 117, 114], [129, 34, 60, 40, 158], [152, 125, 119, 100, 32, 63], [15, 82, 162, 177, 36, 4, 62, 18, 65, 87, 47, 121], [71, 67, 25, 181, 194, 3, 80, 27, 171, 79], [192, 6, 178, 14, 187, 24, 96, 175, 48]]",true
80,7463,5177,OR-opt,CMT5.vrp,"[[93, 42, 21, 166, 59, 84, 8, 189, 107, 104], [123, 167, 51, 146, 73, 144], [5, 108, 50, 130, 97, 106, 182, 185, 113, 30], [54, 157, 191, 195, 159, 183, 23, 89, 156, 174, 140, 103, 179, 11], [92, 148, 163, 165, 85, 33, 53, 115, 91, 186, 139], [151, 17, 81, 109, 39, 56, 164, 20], [105, 188, 116, 197, 137, 141, 28, 64, 173, 122, 154, 58, 150, 7, 76, 101], [172, 37, 29, 184, 196, 136, 143, 77, 128, 170], [142, 127, 149, 98, 99, 10], [112, 90, 95, 102, 110, 57, 135, 66, 41, 45, 46], [74, 31, 52, 120, 168, 131, 190, 68, 61], [161, 49, 26, 134, 55, 35, 70, 12, 44, 160, 43, 83, 94, 198], [132, 88, 19, 2, 78, 9, 22, 126, 69, 169, 147], [124, 176, 138, 155, 193, 153, 13, 199, 16, 133, 38], [1, 180, 118, 111, 72, 75, 145, 86, 117, 114], [129, 34, 60, 40, 158], [152, 125, 119, 100, 32, 63], [15, 82, 162, 177, 36, 4, 62, 18, 65, 87, 47, 121], [71, 67, 25, 181, 194, 3, 80, 27, 171, 79], [192, 6, 178, 14, 187, 24, 96, 175, 48]]",true
81,7493,5163,OR-opt,CMT5.vrp,"[[93, 42, 21, 166, 59, 84, 8, 189, 107, 104], [123, 167, 51, 146, 73, 144], [5, 108, 50, 130, 97, 106, 182, 185, 113, 30], [54, 157, 191, 195, 159, 183, 23, 89, 156, 174, 140, 103, 179, 11], [92, 148, 163, 165, 85, 33, 53, 115, 91, 186, 139], [151, 17, 81, 109, 39, 56, 164, 20], [105, 188, 116, 197, 137, 141, 28, 64, 173, 122, 154, 58, 150, 7, 76, 101], [172, 37, 29, 184, 196, 136, 143, 170, 77, 128], [142, 127, 149, 98, 99, 10], [112, 90, 95, 102, 110, 57, 135, 66, 41, 45, 46], [74, 31, 52, 120, 168, 131, 190, 68, 61], [161, 49, 26, 134, 55, 35, 70, 12, 44, 160, 43, 83, 94, 198], [132, 88, 19, 2, 78, 9, 22, 126, 69, 169, 147], [124, 176, 138, 155, 193, 153, 13, 199, 16, 133, 38], [1, 180, 118, 111, 72, 75, 145, 86, 117, 114], [129, 34, 60, 40, 158], [152, 125, 119, 100, 32, 63], [15, 82, 162, 177, 36, 4, 62, 18, 65, 87, 47, 121], [71, 67, 25, 181, 194, 3, 80, 27, 171, 79], [192, 6, 178, 14, 187, 24, 96, 175, 48]]",true
82,7593,5159,OR-opt,CMT5.vrp,"[[93, 42, 21, 166, 59, 84, 8, 189, 107, 104], [123, 167, 51, 146, 73, 144], [5, 108, 50, 130, 97, 106, 182, 185, 113, 30], [54, 157, 191, 195, 159, 183, 23, 89, 156, 174, 140, 103, 179, 11], [92, 148, 163, 165, 85, 33, 53, 115, 91, 186, 139], [151, 17, 81, 109, 39, 56, 164, 20], [105, 188, 116, 197, 137, 141, 28, 64, 173, 122, 154, 58, 150, 7, 76, 101], [172, 184, 196, 136, 143, 37, 29, 170, 77, 128], [142, 127, 149, 98, 99, 10], [112, 90, 95, 102, 110, 57, 135, 66, 41, 45, 46], [74, 31, 52, 120, 168, 131, 190, 68, 61], [161, 49, 26, 134, 55, 35, 70, 12, 44, 160, 43, 83, 94, 198], [132, 88, 19, 2, 78, 9, 22, 126, 69, 169, 147], [124, 176, 138, 155, 193, 153, 13, 199, 16, 133, 38], [1, 180, 118, 111, 72, 75, 145, 86, 117, 114], [129, 34, 60, 40, 158], [152, 125, 119, 100, 32, 63], [15, 82, 162, 177, 36, 4, 62, 18, 65, 87, 47, 121], [71, 67, 25, 181, 194, 3, 80, 27, 171, 79], [192, 6, 178, 14, 187, 24, 96, 175, 48]]",true
83,7624,5156,OR-opt,CMT5.vrp,"[[93, 42, 21, 166, 59, 84, 8, 189, 107, 104], [123, 167, 51, 146, 73, 144], [5, 108, 50, 130, 97, 106, 182, 185, 113, 30], [54, 157, 191, 195, 159, 183, 23, 89, 156, 174, 140, 103, 179, 11], [92, 148, 163, 165, 85, 33, 53, 115, 91, 186, 139], [151, 17, 81, 109, 39, 56, 164, 20], [105, 188, 116, 197, 137, 141, 28, 64, 173, 122, 154, 58, 150, 7, 76, 101], [172, 184, 196, 136, 143, 170, 77, 128, 37, 29], [142, 127, 149, 98, 99, 10], [112, 90, 95, 102, 110, 57, 135, 66, 41, 45, 46], [74, 31, 52, 120, 168, 131, 190, 68, 61], [161, 49, 26, 134, 55, 35, 70, 12, 44, 160, 43, 83, 94, 198], [132, 88, 19, 2, 78, 9, 22, 126, 69, 169, 147], [124, 176, 138, 155, 193, 153, 13, 199, 16, 133, 38], [1, 180, 118, 111, 72, 75, 145, 86, 117, 114], [129, 34, 60, 40, 158], [152, 125, 119, 100, 32, 63], [15, 82, 162, 177, 36, 4, 62, 18, 65, 87, 47, 121], [71, 67, 25, 181, 194, 3, 80, 27, 171, 79], [192, 6, 178, 14, 187, 24, 96, 175, 48]]",true
84,7660,5150,OR-opt,CMT5.vrp,"[[93, 42, 21, 166, 59, 84, 8, 189, 107, 104], [123, 167, 51, 146, 73, 144], [5, 108, 50, 130, 97, 106, 182, 185, 113, 30], [54, 157, 191, 195, 159, 183, 23, 89, 156, 174, 140, 103, 179, 11], [92, 148, 163, 165, 85, 33, 53, 115, 91, 186, 139], [151, 17, 81, 109, 39, 56, 164, 20], [105, 188, 116, 197, 137, 141, 28, 64, 173, 122, 154, 58, 150, 7, 76, 101], [172, 37, 29, 136, 143, 184, 196, 170, 77, 128], [142, 127, 149, 98, 99, 10], [112, 90, 95, 102, 110, 57, 135, 66, 41, 45, 46], [74, 31, 52, 120, 168, 131, 190, 68, 61], [161, 49, 26, 134, 55, 35, 70, 12, 44, 160, 43, 83, 94, 198], [132, 88, 19, 2, 78, 9, 22, 126, 69, 169, 147], [124, 176, 138, 155, 193, 153, 13, 199, 16, 133, 38], [1, 180, 118, 111, 72, 75, 145, 86, 117, 114], [129, 34, 60, 40, 158], [152, 125, 119, 100, 32, 63], [15, 82, 162, 177, 36, 4, 62, 18, 65, 87, 47, 121], [71, 67, 25, 181, 194, 3, 80, 27, 171, 79], [192, 6, 178, 14, 187, 24, 96, 175, 48]]",true
85,7693,5148,OR-opt,CMT5.vrp,"[[93, 42, 21, 166, 59, 84, 8, 189, 107, 104], [123, 167, 51, 146, 73, 144], [5, 108, 50, 130, 97, 106, 182, 185, 113, 30], [54, 157, 191, 195, 159, 183, 23, 89, 156, 174, 140, 103, 179, 11], [92, 148, 163, 165, 85, 33, 53, 115, 91, 186, 139], [151, 17, 81, 109, 39, 56, 164, 20], [105, 188, 116, 197, 137, 141, 28, 64, 173, 122, 154, 58, 150, 7, 76, 101], [172, 37, 29, 196, 136, 184, 143, 170, 77, 128], [142, 127, 149, 98, 99, 10], [112, 90, 95, 102, 110, 57, 135, 66, 41, 45, 46], [74, 31, 52, 120, 168, 131, 190, 68, 61], [161, 49, 26, 134, 55, 35, 70, 12, 44, 160, 43, 83, 94, 198], [132, 88, 19, 2, 78, 9, 22, 126, 69, 169, 147], [124, 176, 138, 155, 193, 153, 13, 199, 16, 133, 38], [1, 180, 118, 111, 72, 75, 145, 86, 117, 114], [129, 34, 60, 40, 158], [152, 125, 119, 100, 32, 63], [15, 82, 162, 177, 36, 4, 62, 18, 65, 87, 47, 121], [71, 67, 25, 181, 194, 3, 80, 27, 171, 79], [192, 6, 178, 14, 187, 24, 96, 175, 48]]",true
86,7763,5148,OR-opt,CMT5.vrp,"[[93, 42, 21, 166, 59, 84, 8, 189, 107, 104], [123, 167, 51, 146, 73, 144], [5, 108, 50, 130, 97, 106, 182, 185, 113, 30], [54, 157, 191, 195, 159, 183, 23, 89, 156, 174, 140, 103, 179, 11], [92, 148, 163, 165, 85, 33, 53, 115, 91, 186, 139], [151, 17, 81, 109, 39, 56, 164, 20], [105, 188, 116, 197, 137, 141, 28, 64, 173, 122, 154, 58, 150, 7, 76, 101], [37, 29, 172, 196, 136, 184, 143, 170, 77, 128], [142, 127, 149, 98, 99, 10], [112, 90, 95, 102, 110, 57, 135, 66, 41, 45, 46], [74, 31, 52, 120, 168, 131, 190, 68, 61], [161, 49, 26, 134, 55, 35, 70, 12, 44, 160, 43, 83, 94, 198], [132, 88, 19, 2, 78, 9, 22, 126, 69, 169, 147], [124, 176, 138, 155, 193, 153, 13, 199, 16, 133, 38], [1, 180, 118, 111, 72, 75, 145, 86, 117, 114], [129, 34, 60, 40, 158], [152, 125, 119, 100, 32, 63], [15, 82, 162, 177, 36, 4, 62, 18, 65, 87, 47, 121], [71, 67, 25, 181, 194, 3, 80, 27, 171, 79], [192, 6, 178, 14, 187, 24, 96, 175, 48]]",true
87,7796,5144,OR-opt,CMT5.vrp,"[[93, 42, 21, 166, 59, 84, 8, 189, 107, 104], [123, 167, 51, 146, 73, 144], [5, 108, 50, 130, 97, 106, 182, 185, 113, 30], [54, 157, 191, 195, 159, 183, 23, 89, 156, 174, 140, 103, 179, 11], [92, 148, 163, 165, 85, 33, 53, 115, 91, 186, 139], [151, 17, 81, 109, 39, 56, 164, 20], [105, 188, 116, 197, 137, 141, 28, 64, 173, 122, 154, 58, 150, 7, 76, 101], [172, 196, 136, 184, 143, 37, 29, 170, 77, 128], [142, 127, 149, 98, 99, 10], [112, 90, 95, 102, 110, 57, 135, 66, 41, 45, 46], [74, 31, 52, 120, 168, 131, 190, 68, 61], [161, 49, 26, 134, 55, 35, 70, 12, 44, 160, 43, 83, 94, 198], [132, 88, 19, 2, 78, 9, 22, 126, 69, 169, 147], [124, 176, 138, 155, 193, 153, 13, 199, 16, 133, 38], [1, 180, 118, 111, 72, 75, 145, 86, 117, 114], [129, 34, 60, 40, 158], [152, 125, 119, 100, 32, 63], [15, 82, 162, 177, 36, 4, 62, 18, 65, 87, 47, 121], [71, 67, 25, 181, 194, 3, 80, 27, 171, 79], [192, 6, 178, 14, 187, 24, 96, 175, 48]]",true
88,7827,5141,OR-opt,CMT5.vrp,"[[93, 42, 21, 166, 59, 84, 8, 189, 107, 104], [123, 167, 51, 146, 73, 144], [5, 108, 50, 130, 97, 106, 182, 185, 113, 30], [54, 157, 191, 195, 159, 183, 23, 89, 156, 174, 140, 103, 179, 11], [92, 148, 163, 165, 85, 33, 53, 115, 91, 186, 139], [151, 17, 81, 109, 39, 56, 164, 20], [105, 188, 116, 197, 137, 141, 28, 64, 173, 122, 154, 58, 150, 7, 76, 101], [172, 196, 136, 184, 143, 170, 77, 128, 37, 29], [142, 127, 149, 98, 99, 10], [112, 90, 95, 102, 110, 57, 135, 66, 41, 45, 46], [74, 31, 52, 120, 168, 131, 190, 68, 61], [161, 49, 26, 134, 55, 35, 70, 12, 44, 160, 43, 83, 94, 198], [132, 88, 19, 2, 78, 9, 22, 126, 69, 169, 147], [124, 176, 138, 155, 193, 153, 13, 199, 16, 133, 38], [1, 180, 118, 111, 72, 75, 145, 86, 117, 114], [129, 34, 60, 40, 158], [152, 125, 119, 100, 32, 63], [15, 82, 162, 177, 36, 4, 62, 18, 65, 87, 47, 121], [71, 67, 25, 181, 194, 3, 80, 27, 171, 79], [192, 6, 178, 14, 187, 24, 96, 175, 48]]",true
89,7899,5135,OR-opt,CMT5.vrp,"[[93, 42, 21, 166, 59, 84, 8, 189, 107, 104], [123, 167, 51, 146, 73, 144], [5, 108, 50, 130, 97, 106, 182, 185, 113, 30], [54, 157, 191, 195, 159, 183, 23, 89, 156, 174, 140, 103, 179, 11], [92, 148, 163, 165, 85, 33, 53, 115, 91, 186, 139], [151, 17, 81, 109, 39, 56, 164, 20], [105, 188, 116, 197, 137, 141, 28, 64, 173, 122, 154, 58, 150, 7, 76, 101], [172, 37, 29, 196, 136, 184, 143, 128, 170, 77], [142, 127, 149, 98, 99, 10], [112, 90, 95, 102, 110, 57, 135, 66, 41, 45, 46], [74, 31, 52, 120, 168, 131, 190, 68, 61], [161, 49, 26, 134, 55, 35, 70, 12, 44, 160, 43, 83, 94, 198], [132, 88, 19, 2, 78, 9, 22, 126, 69, 169, 147], [124, 176, 138, 155, 193, 153, 13, 199, 16, 133, 38], [1, 180, 118, 111, 72, 75, 145, 86, 117, 114], [129, 34, 60, 40, 158], [152, 125, 119, 100, 32, 63], [15, 82, 162, 177, 36, 4, 62, 18, 65, 87, 47, 121], [71, 67, 25, 181, 194, 3, 80, 27, 171, 79], [192, 6, 178, 14, 187, 24, 96, 175, 48]]",true
90,7939,5121,OR-opt,CMT5.vrp,"[[93, 42, 21, 166, 59, 84, 8, 189, 107, 104], [123, 167, 51, 146, 73, 144], [5, 108, 50, 130, 97, 106, 182, 185, 113, 30], [54, 157, 191, 195, 159, 183, 23, 89, 156, 174, 140, 103, 179, 11], [92, 148, 163, 165, 85, 33, 53, 115, 91, 186, 139], [151, 17, 81, 109, 39, 56, 164, 20], [105, 188, 116, 197, 137, 141, 28, 64, 173, 122, 154, 58, 150, 7, 76, 101], [29, 196, 136, 184, 143, 172, 37, 128, 170, 77], [142, 127, 149, 98, 99, 10], [112, 90, 95, 102, 110, 57, 135, 66, 41, 45, 46], [74, 31, 52, 120, 168, 131, 190, 68, 61], [161, 49, 26, 134, 55, 35, 70, 12, 44, 160, 43, 83, 94, 198], [132, 88, 19, 2, 78, 9, 22, 126, 69, 169, 147], [124, 176, 138, 155, 193, 153, 13, 199, 16, 133, 38], [1, 180, 118, 111, 72, 75, 145, 86, 117, 114], [129, 34, 60, 40, 158], [152, 125, 119, 100, 32, 63], [15, 82, 162, 177, 36, 4, 62, 18, 65, 87, 47, 121], [71, 67, 25, 181, 194, 3, 80, 27, 171, 79], [192, 6, 178, 14, 187, 24, 96, 175, 48]]",true
91,7974,5120,OR-opt,CMT5.vrp,"[[93, 42, 21, 166, 59, 84, 8, 189, 107, 104], [123, 167, 51, 146, 73, 144], [5, 108, 50, 130, 97, 106, 182, 185, 113, 30], [54, 157, 191, 195, 159, 183, 23, 89, 156, 174, 140, 103, 179, 11], [92, 148, 163, 165, 85, 33, 53, 115, 91, 186, 139], [151, 17, 81, 109, 39, 56, 164, 20], [105, 188, 116, 197, 137, 141, 28, 64, 173, 122, 154, 58, 150, 7, 76, 101], [172, 196, 136, 184, 143, 37, 29, 128, 170, 77], [142, 127, 149, 98, 99, 10], [112, 90, 95, 102, 110, 57, 135, 66, 41, 45, 46], [74, 31, 52, 120, 168, 131, 190, 68, 61], [161, 49, 26, 134, 55, 35, 70, 12, 44, 160, 43, 83, 94, 198], [132, 88, 19, 2, 78, 9, 22, 126, 69, 169, 147], [124, 176, 138, 155, 193, 153, 13, 199, 16, 133, 38], [1, 180, 118, 111, 72, 75, 145, 86, 117, 114], [129, 34, 60, 40, 158], [152, 125, 119, 100, 32, 63], [15, 82, 162, 177, 36, 4, 62, 18, 65, 87, 47, 121], [71, 67, 25, 181, 194, 3, 80, 27, 171, 79], [192, 6, 178, 14, 187, 24, 96, 175, 48]]",true
92,8134,5110,OR-opt,CMT5.vrp,"[[93, 42, 21, 166, 59, 84, 8, 189, 107, 104], [123, 167, 51, 146, 73, 144], [5, 108, 50, 130, 97, 106, 182, 185, 113, 30], [54, 157, 191, 195, 159, 183, 23, 89, 156, 174, 140, 103, 179, 11], [92, 148, 163, 165, 85, 33, 53, 115, 91, 186, 139], [151, 17, 81, 109, 39, 56, 164, 20], [105, 188, 116, 197, 137, 141, 28, 64, 173, 122, 154, 58, 150, 7, 76, 101], [172, 196, 136, 184, 143, 37, 29, 128, 170, 77], [142, 98, 127, 149, 99, 10], [112, 90, 95, 102, 110, 57, 135, 66, 41, 45, 46], [74, 31, 52, 120, 168, 131, 190, 68, 61], [161, 49, 26, 134, 55, 35, 70, 12, 44, 160, 43, 83, 94, 198], [132, 88, 19, 2, 78, 9, 22, 126, 69, 169, 147], [124, 176, 138, 155, 193, 153, 13, 199, 16, 133, 38], [1, 180, 118, 111, 72, 75, 145, 86, 117, 114], [129, 34, 60, 40, 158], [152, 125, 119, 100, 32, 63], [15, 82, 162, 177, 36, 4, 62, 18, 65, 87, 47, 121], [71, 67, 25, 181, 194, 3, 80, 27, 171, 79], [192, 6, 178, 14, 187, 24, 96, 175, 48]]",true
93,8184,5100,OR-opt,CMT5.vrp,"[[93, 42, 21, 166, 59, 84, 8, 189, 107, 104], [123, 167, 51, 146, 73, 144], [5, 108, 50, 130, 97, 106, 182, 185, 113, 30], [54, 157, 191, 195, 159, 183, 23, 89, 156, 174, 140, 103, 179, 11], [92, 148, 163, 165, 85, 33, 53, 115, 91, 186, 139], [151, 17, 81, 109, 39, 56, 164, 20], [105, 188, 116, 197, 137, 141, 28, 64, 173, 122, 154, 58, 150, 7, 76, 101], [172, 196, 136, 184, 143, 37, 29, 128, 170, 77], [142, 98, 99, 127, 149, 10], [112, 90, 95, 102, 110, 57, 135, 66, 41, 45, 46], [74, 31, 52, 120, 168, 131, 190, 68, 61], [161, 49, 26, 134, 55, 35, 70, 12, 44, 160, 43, 83, 94, 198], [132, 88, 19, 2, 78, 9, 22, 126, 69, 169, 147], [124, 176, 138, 155, 193, 153, 13, 199, 16, 133, 38], [1, 180, 118, 111, 72, 75, 145, 86, 117, 114], [129, 34, 60, 40, 158], [152, 125, 119, 100, 32, 63], [15, 82, 162, 177, 36, 4, 62, 18, 65, 87, 47, 121], [71, 67, 25, 181, 194, 3, 80, 27, 171, 79], [192, 6, 178, 14, 187, 24, 96, 175, 48]]",true
94,8245,5090,OR-opt,CMT5.vrp,"[[93, 42, 21, 166, 59, 84, 8, 189, 107, 104], [123, 167, 51, 146, 73, 144], [5, 108, 50, 130, 97, 106, 182, 185, 113, 30], [54, 157, 191, 195, 159, 183, 23, 89, 156, 174, 140, 103, 179, 11], [92, 148, 163, 165, 85, 33, 53, 115, 91, 186, 139], [151, 17, 81, 109, 39, 56, 164, 20], [105, 188, 116, 197, 137, 141, 28, 64, 173, 122, 154, 58, 150, 7, 76, 101], [172, 196, 136, 184, 143, 37, 29, 128, 170, 77], [142, 98, 99, 149, 10, 127], [112, 90, 95, 102, 110, 57, 135, 66, 41, 45, 46], [74, 31, 52, 120, 168, 131, 190, 68, 61], [161, 49, 26, 134, 55, 35, 70, 12, 44, 160, 43, 83, 94, 198], [132, 88, 19, 2, 78, 9, 22, 126, 69, 169, 147], [124, 176, 138, 155, 193, 153, 13, 199, 16, 133, 38], [1, 180, 118, 111, 72, 75, 145, 86, 117, 114], [129, 34, 60, 40, 158], [152, 125, 119, 100, 32, 63], [15, 82, 162, 177, 36, 4, 62, 18, 65, 87, 47, 121], [71, 67, 25, 181, 194, 3, 80, 27, 171, 79], [192, 6, 178, 14, 187, 24, 96, 175, 48]]",true
95,8300,5071,OR-opt,CMT5.vrp,"[[93, 42, 21, 166, 59, 84, 8, 189, 107, 104], [123, 167, 51, 146, 73, 144], [5, 108, 50, 130, 97, 106, 182, 185, 113, 30], [54, 157, 191, 195, 159, 183, 23, 89, 156, 174, 140, 103, 179, 11], [92, 148, 163, 165, 85, 33, 53, 115, 91, 186, 139], [151, 17, 81, 109, 39, 56, 164, 20], [105, 188, 116, 197, 137, 141, 28, 64, 173, 122, 154, 58, 150, 7, 76, 101], [172, 196, 136, 184, 143, 37, 29, 128, 170, 77], [142, 98, 99, 149, 10, 127], [95, 102, 110, 57, 135, 112, 90, 66, 41, 45, 46], [74, 31, 52, 120, 168, 131, 190, 68, 61], [161, 49, 26, 134, 55, 35, 70, 12, 44, 160, 43, 83, 94, 198], [132, 88, 19, 2, 78, 9, 22, 126, 69, 169, 147], [124, 176, 138, 155, 193, 153, 13, 199, 16, 133, 38], [1, 180, 118, 111, 72, 75, 145, 86, 117, 114], [129, 34, 60, 40, 158], [152, 125, 119, 100, 32, 63], [15, 82, 162, 177, 36, 4, 62, 18, 65, 87, 47, 121], [71, 67, 25, 181, 194, 3, 80, 27, 171, 79], [192, 6, 178, 14, 187, 24, 96, 175, 48]]",true
96,8331,5042,OR-opt,CMT5.vrp,"[[93, 42, 21, 166, 59, 84, 8, 189, 107, 104], [123, 167, 51, 146, 73, 144], [5, 108, 50, 130, 97, 106, 182, 185, 113, 30], [54, 157, 191, 195, 159, 183, 23, 89, 156, 174, 140, 103, 179, 11], [92, 148, 163, 165, 85, 33, 53, 115, 91, 186, 139], [151, 17, 81, 109, 39, 56, 164, 20], [105, 188, 116, 197, 137, 141, 28, 64, 173, 122, 154, 58, 150, 7, 76, 101], [172, 196, 136, 184, 143, 37, 29, 128, 170, 77], [142, 98, 99, 149, 10, 127], [95, 102, 110, 57, 135, 66, 112, 90, 41, 45, 46], [74, 31, 52, 120, 168, 131, 190, 68, 61], [161, 49, 26, 134, 55, 35, 70, 12, 44, 160, 43, 83, 94, 198], [132, 88, 19, 2, 78, 9, 22, 126, 69, 169, 147], [124, 176, 138, 155, 193, 153, 13, 199, 16, 133, 38], [1, 180, 118, 111, 72, 75, 145, 86, 117, 114], [129, 34, 60, 40, 158], [152, 125, 119, 100, 32, 63], [15, 82, 162, 177, 36, 4, 62, 18, 65, 87, 47, 121], [71, 67, 25, 181, 194, 3, 80, 27, 171, 79], [192, 6, 178, 14, 187, 24, 96, 175, 48]]",true
97,8473,5036,OR-opt,CMT5.vrp,"[[93, 42, 21, 166, 59, 84, 8, 189, 107, 104], [123, 167, 51, 146, 73, 144], [5, 108, 50, 130, 97, 106, 182, 185, 113, 30], [54, 157, 191, 195, 159, 183, 23, 89, 156, 174, 140, 103, 179, 11], [92, 148, 163, 165, 85, 33, 53, 115, 91, 186, 139], [151, 17, 81, 109, 39, 56, 164, 20], [105, 188, 116, 197, 137, 141, 28, 64, 173, 122, 154, 58, 150, 7, 76, 101], [172, 196, 136, 184, 143, 37, 29, 128, 170, 77], [142, 98, 99, 149, 10, 127], [110, 57, 135, 66, 112, 90, 41, 95, 102, 45, 46], [74, 31, 52, 120, 168, 131, 190, 68, 61], [161, 49, 26, 134, 55, 35, 70, 12, 44, 160, 43, 83, 94, 198], [132, 88, 19, 2, 78, 9, 22, 126, 69, 169, 147], [124, 176, 138, 155, 193, 153, 13, 199, 16, 133, 38], [1, 180, 118, 111, 72, 75, 145, 86, 117, 114], [129, 34, 60, 40, 158], [152, 125, 119, 100, 32, 63], [15, 82, 162, 177, 36, 4, 62, 18, 65, 87, 47, 121], [71, 67, 25, 181, 194, 3, 80, 27, 171, 79], [192, 6, 178, 14, 187, 24, 96, 175, 48]]",true
98,8563,5017,OR-opt,CMT5.vrp,"[[93, 42, 21, 166, 59, 84, 8, 189, 107, 104], [123, 167, 51, 146, 73, 144], [5, 108, 50, 130, 97, 106, 182, 185, 113, 30], [54, 157, 191, 195, 159, 183, 23, 89, 156, 174, 140, 103, 179, 11], [92, 148, 163, 165, 85, 33, 53, 115, 91, 186, 139], [151, 17, 81, 109, 39, 56, 164, 20], [105, 188, 116, 197, 137, 141, 28, 64, 173, 122, 154, 58, 150, 7, 76, 101], [172, 196, 136, 184, 143, 37, 29, 128, 170, 77], [142, 98, 99, 149, 10, 127], [95, 102, 110, 57, 135, 90, 41, 66, 112, 45, 46], [74, 31, 52, 120, 168, 131, 190, 68, 61], [161, 49, 26, 134, 55, 35, 70, 12, 44, 160, 43, 83, 94, 198], [132, 88, 19, 2, 78, 9, 22, 126, 69, 169, 147], [124, 176, 138, 155, 193, 153, 13, 199, 16, 133, 38], [1, 180, 118, 111, 72, 75, 145, 86, 117, 114], [129, 34, 60, 40, 158], [152, 125, 119, 100, 32, 63], [15, 82, 162, 177, 36, 4, 62, 18, 65, 87, 47, 121], [71, 67, 25, 181, 194, 3, 80, 27, 171, 79], [192, 6, 178, 14, 187, 24, 96, 175, 48]]",true
99,8628,5015,OR-opt,CMT5.vrp,"[[93, 42, 21, 166, 59, 84, 8, 189, 107, 104], [123, 167, 51, 146, 73, 144], [5, 108, 50, 130, 97, 106, 182, 185, 113, 30], [54, 157, 191, 195, 159, 183, 23, 89, 156, 174, 140, 103, 179, 11], [92, 148, 163, 165, 85, 33, 53, 115, 91, 186, 139], [151, 17, 81, 109, 39, 56, 164, 20], [105, 188, 116, 197, 137, 141, 28, 64, 173, 122, 154, 58, 150, 7, 76, 101], [172, 196, 136, 184, 143, 37, 29, 128, 170, 77], [142, 98, 99, 149, 10, 127], [95, 45, 46, 102, 110, 57, 135, 66, 112, 90, 41], [74, 31, 52, 120, 168, 131, 190, 68, 61], [161, 49, 26, 134, 55, 35, 70, 12, 44, 160, 43, 83, 94, 198], [132, 88, 19, 2, 78, 9, 22, 126, 69, 169, 147], [124, 176, 138, 155, 193, 153, 13, 199, 16, 133, 38], [1, 180, 118, 111, 72, 75, 145, 86, 117, 114], [129, 34, 60, 40, 158], [152, 125, 119, 100, 32, 63], [15, 82, 162, 177, 36, 4, 62, 18, 65, 87, 47, 121], [71, 67, 25, 181, 194, 3, 80, 27, 171, 79], [192, 6, 178, 14, 187, 24, 96, 175, 48]]",true
100,8763,5014,OR-opt,CMT5.vrp,"[[93, 42, 21, 166, 59, 84, 8, 189, 107, 104], [123, 167, 51, 146, 73, 144], [5, 108, 50, 130, 97, 106, 182, 185, 113, 30], [54, 157, 191, 195, 159, 183, 23, 89, 156, 174, 140, 103, 179, 11], [92, 148, 163, 165, 85, 33, 53, 115, 91, 186, 139], [151, 17, 81, 109, 39, 56, 164, 20], [105, 188, 116, 197, 137, 141, 28, 64, 173, 122, 154, 58, 150, 7, 76, 101], [172, 196, 136, 184, 143, 37, 29, 128, 170, 77], [142, 98, 99, 149, 10, 127], [95, 45, 46, 102, 135, 110, 57, 66, 112, 90, 41], [74, 31, 52, 120, 168, 131, 190, 68, 61], [161, 49, 26, 134, 55, 35, 70, 12, 44, 160, 43, 83, 94, 198], [132, 88, 19, 2, 78, 9, 22, 126, 69, 169, 147], [124, 176, 138, 155, 193, 153, 13, 199, 16, 133, 38], [1, 180, 118, 111, 72, 75, 145, 86, 117, 114], [129, 34, 60, 40, 158], [152, 125, 119, 100, 32, 63], [15, 82, 162, 177, 36, 4, 62, 18, 65, 87, 47, 121], [71, 67, 25, 181, 194, 3, 80, 27, 171, 79], [192, 6, 178, 14, 187, 24, 96, 175, 48]]",true
101,8800,5010,OR-opt,CMT5.vrp,"[[93, 42, 21, 166, 59, 84, 8, 189, 107, 104], [123, 167, 51, 146, 73, 144], [5, 108, 50, 130, 97, 106, 182, 185, 113, 30], [54, 157, 191, 195, 159, 183, 23, 89, 156, 174, 140, 103, 179, 11], [92, 148, 163, 165, 85, 33, 53, 115, 91, 186, 139], [151, 17, 81, 109, 39, 56, 164, 20], [105, 188, 116, 197, 137, 141, 28, 64, 173, 122, 154, 58, 150, 7, 76, 101], [172, 196, 136, 184, 143, 37, 29, 128, 170, 77], [142, 98, 99, 149, 10, 127], [95, 45, 46, 102, 57, 135, 110, 66, 112, 90, 41], [74, 31, 52, 120, 168, 131, 190, 68, 61], [161, 49, 26, 134, 55, 35, 70, 12, 44, 160, 43, 83, 94, 198], [132, 88, 19, 2, 78, 9, 22, 126, 69, 169, 147], [124, 176, 138, 155, 193, 153, 13, 199, 16, 133, 38], [1, 180, 118, 111, 72, 75, 145, 86, 117, 114], [129, 34, 60, 40, 158], [152, 125, 119, 100, 32, 63], [15, 82, 162, 177, 36, 4, 62, 18, 65, 87, 47, 121], [71, 67, 25, 181, 194, 3, 80, 27, 171, 79], [192, 6, 178, 14, 187, 24, 96, 175, 48]]",true
102,8850,4991,OR-opt,CMT5.vrp,"[[93, 42, 21, 166, 59, 84, 8, 189, 107, 104], [123, 167, 51, 146, 73, 144], [5, 108, 50, 130, 97, 106, 182, 185, 113, 30], [54, 157, 191, 195, 159, 183, 23, 89, 156, 174, 140, 103, 179, 11], [92, 148, 163, 165, 85, 33, 53, 115, 91, 186, 139], [151, 17, 81, 109, 39, 56, 164, 20], [105, 188, 116, 197, 137, 141, 28, 64, 173, 122, 154, 58, 150, 7, 76, 101], [172, 196, 136, 184, 143, 37, 29, 128, 170, 77], [142, 98, 99, 149, 10, 127], [95, 45, 46, 102, 110, 57, 135, 90, 41, 66, 112], [74, 31, 52, 120, 168, 131, 190, 68, 61], [161, 49, 26, 134, 55, 35, 70, 12, 44, 160, 43, 83, 94, 198], [132, 88, 19, 2, 78, 9, 22, 126, 69, 169, 147], [124, 176, 138, 155, 193, 153, 13, 199, 16, 133, 38], [1, 180, 118, 111, 72, 75, 145, 86, 117, 114], [129, 34, 60, 40, 158], [152, 125, 119, 100, 32, 63], [15, 82, 162, 177, 36, 4, 62, 18, 65, 87, 47, 121], [71, 67, 25, 181, 194, 3, 80, 27, 171, 79], [192, 6, 178, 14, 187, 24, 96, 175, 48]]",true
103,8980,4990,OR-opt,CMT5.vrp,"[[93, 42, 21, 166, 59, 84, 8, 189, 107, 104], [123, 167, 51, 146, 73, 144], [5, 108, 50, 130, 97, 106, 182, 185, 113, 30], [54, 157, 191, 195, 159, 183, 23, 89, 156, 174, 140, 103, 179, 11], [92, 148, 163, 165, 85, 33, 53, 115, 91, 186, 139], [151, 17, 81, 109, 39, 56, 164, 20], [105, 188, 116, 197, 137, 141, 28, 64, 173, 122, 154, 58, 150, 7, 76, 101], [172, 196, 136, 184, 143, 37, 29, 128, 170, 77], [142, 98, 99, 149, 10, 127], [95, 45, 46, 102, 110, 57, 135, 90, 41, 66, 112], [52, 120, 168, 74, 31, 131, 190, 68, 61], [161, 49, 26, 134, 55, 35, 70, 12, 44, 160, 43, 83, 94, 198], [132, 88, 19, 2, 78, 9, 22, 126, 69, 169, 147], [124, 176, 138, 155, 193, 153, 13, 199, 16, 133, 38], [1, 180, 118, 111, 72, 75, 145, 86, 117, 114], [129, 34, 60, 40, 158], [152, 125, 119, 100, 32, 63], [15, 82, 162, 177, 36, 4, 62, 18, 65, 87, 47, 121], [71, 67, 25, 181, 194, 3, 80, 27, 171, 79], [192, 6, 178, 14, 187, 24, 96, 175, 48]]",true
104,9016,4969,OR-opt,CMT5.vrp,"[[93, 42, 21, 166, 59, 84, 8, 189, 107, 104], [123, 167, 51, 146, 73, 144], [5, 108, 50, 130, 97, 106, 182, 185, 113, 30], [54, 157, 191, 195, 159, 183, 23, 89, 156, 174, 140, 103, 179, 11], [92, 148, 163, 165, 85, 33, 53, 115, 91, 186, 139], [151, 17, 81, 109, 39, 56, 164, 20], [105, 188, 116, 197, 137, 141, 28, 64, 173, 122, 154, 58, 150, 7, 76, 101], [172, 196, 136, 184, 143, 37, 29, 128, 170, 77], [142, 98, 99, 149, 10, 127], [95, 45, 46, 102, 110, 57, 135, 90, 41, 66, 112], [74, 120, 168, 31, 52, 131, 190, 68, 61], [161, 49, 26, 134, 55, 35, 70, 12, 44, 160, 43, 83, 94, 198], [132, 88, 19, 2, 78, 9, 22, 126, 69, 169, 147], [124, 176, 138, 155, 193, 153, 13, 199, 16, 133, 38], [1, 180, 118, 111, 72, 75, 145, 86, 117, 114], [129, 34, 60, 40, 158], [152, 125, 119, 100, 32, 63], [15, 82, 162, 177, 36, 4, 62, 18, 65, 87, 47, 121], [71, 67, 25, 181, 194, 3, 80, 27, 171, 79], [192, 6, 178, 14, 187, 24, 96, 175, 48]]",true
105,9044,4956,OR-opt,CMT5.vrp,"[[93, 42, 21, 166, 59, 84, 8, 189, 107, 104], [123, 167, 51, 146, 73, 144], [5, 108, 50, 130, 97, 106, 182, 185, 113, 30], [54, 157, 191, 195, 159, 183, 23, 89, 156, 174, 140, 103, 179, 11], [92, 148, 163, 165, 85, 33, 53, 115, 91, 186, 139], [151, 17, 81, 109, 39, 56, 164, 20], [105, 188, 116, 197, 137, 141, 28, 64, 173, 122, 154, 58, 150, 7, 76, 101], [172, 196, 136, 184, 143, 37, 29, 128, 170, 77], [142, 98, 99, 149, 10, 127], [95, 45, 46, 102, 110, 57, 135, 90, 41, 66, 112], [74, 120, 168, 131, 31, 52, 190, 68, 61], [161, 49, 26, 134, 55, 35, 70, 12, 44, 160, 43, 83, 94, 198], [132, 88, 19, 2, 78, 9, 22, 126, 69, 169, 147], [124, 176, 138, 155, 193, 153, 13, 199, 16, 133, 38], [1, 180, 118, 111, 72, 75, 145, 86, 117, 114], [129, 34, 60, 40, 158], [152, 125, 119, 100, 32, 63], [15, 82, 162, 177, 36, 4, 62, 18, 65, 87, 47, 121], [71, 67, 25, 181, 194, 3, 80, 27, 171, 79], [192, 6, 178, 14, 187, 24, 96, 175, 48]]",true
106,9090,4933,OR-opt,CMT5.vrp,"[[93, 42, 21, 166, 59, 84, 8, 189, 107, 104], [123, 167, 51, 146, 73, 144], [5, 108, 50, 130, 97, 106, 182, 185, 113, 30], [54, 157, 191, 195, 159, 183, 23, 89, 156, 174, 140, 103, 179, 11], [92, 148, 163, 165, 85, 33, 53, 115, 91, 186, 139], [151, 17, 81, 109, 39, 56, 164, 20], [105, 188, 116, 197, 137, 141, 28, 64, 173, 122, 154, 58, 150, 7, 76, 101], [172, 196, 136, 184, 143, 37, 29, 128, 170, 77], [142, 98, 99, 149, 10, 127], [95, 45, 46, 102, 110, 57, 135, 90, 41, 66, 112], [74, 168, 131, 31, 52, 120, 190, 68, 61], [161, 49, 26, 134, 55, 35, 70, 12, 44, 160, 43, 83, 94, 198], [132, 88, 19, 2, 78, 9, 22, 126, 69, 169, 147], [124, 176, 138, 155, 193, 153, 13, 199, 16, 133, 38], [1, 180, 118, 111, 72, 75, 145, 86, 117, 114], [129, 34, 60, 40, 158], [152, 125, 119, 100, 32, 63], [15, 82, 162, 177, 36, 4, 62, 18, 65, 87, 47, 121], [71, 67, 25, 181, 194, 3, 80, 27, 171, 79], [192, 6, 178, 14, 187, 24, 96, 175, 48]]",true
107,9153,4933,OR-opt,CMT5.vrp,"[[93, 42, 21, 166, 59, 84, 8, 189, 107, 104], [123, 167, 51, 146, 73, 144], [5, 108, 50, 130, 97, 106, 182, 185, 113, 30], [54, 157, 191, 195, 159, 183, 23, 89, 156, 174, 140, 103, 179, 11], [92, 148, 163, 165, 85, 33, 53, 115, 91, 186, 139], [151, 17, 81, 109, 39, 56, 164, 20], [105, 188, 116, 197, 137, 141, 28, 64, 173, 122, 154, 58, 150, 7, 76, 101], [172, 196, 136, 184, 143, 37, 29, 128, 170, 77], [142, 98, 99, 149, 10, 127], [95, 45, 46, 102, 110, 57, 135, 90, 41, 66, 112], [131, 31, 52, 120, 190, 68, 74, 168, 61], [161, 49, 26, 134, 55, 35, 70, 12, 44, 160, 43, 83, 94, 198], [132, 88, 19, 2, 78, 9, 22, 126, 69, 169, 147], [124, 176, 138, 155, 193, 153, 13, 199, 16, 133, 38], [1, 180, 118, 111, 72, 75, 145, 86, 117, 114], [129, 34, 60, 40, 158], [152, 125, 119, 100, 32, 63], [15, 82, 162, 177, 36, 4, 62, 18, 65, 87, 47, 121], [71, 67, 25, 181, 194, 3, 80, 27, 171, 79], [192, 6, 178, 14, 187, 24, 96, 175, 48]]",true
108,9219,4919,OR-opt,CMT5.vrp,"[[93, 42, 21, 166, 59, 84, 8, 189, 107, 104], [123, 167, 51, 146, 73, 144], [5, 108, 50, 130, 97, 106, 182, 185, 113, 30], [54, 157, 191, 195, 159, 183, 23, 89, 156, 174, 140, 103, 179, 11], [92, 148, 163, 165, 85, 33, 53, 115, 91, 186, 139], [151, 17, 81, 109, 39, 56, 164, 20], [105, 188, 116, 197, 137, 141, 28, 64, 173, 122, 154, 58, 150, 7, 76, 101], [172, 196, 136, 184, 143, 37, 29, 128, 170, 77], [142, 98, 99, 149, 10, 127], [95, 45, 46, 102, 110, 57, 135, 90, 41, 66, 112], [190, 68, 74, 168, 131, 31, 52, 120, 61], [161, 49, 26, 134, 55, 35, 70, 12, 44, 160, 43, 83, 94, 198], [132, 88, 19, 2, 78, 9, 22, 126, 69, 169, 147], [124, 176, 138, 155, 193, 153, 13, 199, 16, 133, 38], [1, 180, 118, 111, 72, 75, 145, 86, 117, 114], [129, 34, 60, 40, 158], [152, 125, 119, 100, 32, 63], [15, 82, 162, 177, 36, 4, 62, 18, 65, 87, 47, 121], [71, 67, 25, 181, 194, 3, 80, 27, 171, 79], [192, 6, 178, 14, 187, 24, 96, 175, 48]]",true
109,9305,4916,OR-opt,CMT5.vrp,"[[93, 42, 21, 166, 59, 84, 8, 189, 107, 104], [123, 167, 51, 146, 73, 144], [5, 108, 50, 130, 97, 106, 182, 185, 113, 30], [54, 157, 191, 195, 159, 183, 23, 89, 156, 174, 140, 103, 179, 11], [92, 148, 163, 165, 85, 33, 53, 115, 91, 186, 139], [151, 17, 81, 109, 39, 56, 164, 20], [105, 188, 116, 197, 137, 141, 28, 64, 173, 122, 154, 58, 150, 7, 76, 101], [172, 196, 136, 184, 143, 37, 29, 128, 170, 77], [142, 98, 99, 149, 10, 127], [95, 45, 46, 102, 110, 57, 135, 90, 41, 66, 112], [120, 61, 190, 68, 74, 168, 131, 31, 52], [161, 49, 26, 134, 55, 35, 70, 12, 44, 160, 43, 83, 94, 198], [132, 88, 19, 2, 78, 9, 22, 126, 69, 169, 147], [124, 176, 138, 155, 193, 153, 13, 199, 16, 133, 38], [1, 180, 118, 111, 72, 75, 145, 86, 117, 114], [129, 34, 60, 40, 158], [152, 125, 119, 100, 32, 63], [15, 82, 162, 177, 36, 4, 62, 18, 65, 87, 47, 121], [71, 67, 25, 181, 194, 3, 80, 27, 171, 79], [192, 6, 178, 14, 187, 24, 96, 175, 48]]",true
110,9400,4880,OR-opt,CMT5.vrp,"[[93, 42, 21, 166, 59, 84, 8, 189, 107, 104], [123, 167, 51, 146, 73, 144], [5, 108, 50, 130, 97, 106, 182, 185, 113, 30], [54, 157, 191, 195, 159, 183, 23, 89, 156, 174, 140, 103, 179, 11], [92, 148, 163, 165, 85, 33, 53, 115, 91, 186, 139], [151, 17, 81, 109, 39, 56, 164, 20], [105, 188, 116, 197, 137, 141, 28, 64, 173, 122, 154, 58, 150, 7, 76, 101], [172, 196, 136, 184, 143, 37, 29, 128, 170, 77], [142, 98, 99, 149, 10, 127], [95, 45, 46, 102, 110, 57, 135, 90, 41, 66, 112], [120, 61, 190, 68, 74, 168, 131, 31, 52], [26, 134, 161, 49, 55, 35, 70, 12, 44, 160, 43, 83, 94, 198], [132, 88, 19, 2, 78, 9, 22, 126, 69, 169, 147], [124, 176, 138, 155, 193, 153, 13, 199, 16, 133, 38], [1, 180, 118, 111, 72, 75, 145, 86, 117, 114], [129, 34, 60, 40, 158], [152, 125, 119, 100, 32, 63], [15, 82, 162, 177, 36, 4, 62, 18, 65, 87, 47, 121], [71, 67, 25, 181, 194, 3, 80, 27, 171, 79], [192, 6, 178, 14, 187, 24, 96, 175, 48]]",true
111,9437,4872,OR-opt,CMT5.vrp,"[[93, 42, 21, 166, 59, 84, 8, 189, 107, 104], [123, 167, 51, 146, 73, 144], [5, 108, 50, 130, 97, 106, 182, 185, 113, 30], [54, 157, 191, 195, 159, 183, 23, 89, 156, 174, 140, 103, 179, 11], [92, 148, 163, 165, 85, 33, 53, 115, 91, 186, 139], [151, 17, 81, 109, 39, 56, 164, 20], [105, 188, 116, 197, 137, 141, 28, 64, 173, 122, 154, 58, 150, 7, 76, 101], [172, 196, 136, 184, 143, 37, 29, 128, 170, 77], [142, 98, 99, 149, 10, 127], [95, 45, 46, 102, 110, 57, 135, 90, 41, 66, 112], [120, 61, 190, 68, 74, 168, 131, 31, 52], [26, 134, 55, 35, 70, 12, 44, 161, 49, 160, 43, 83, 94, 198], [132, 88, 19, 2, 78, 9, 22, 126, 69, 169, 147], [124, 176, 138, 155, 193, 153, 13, 199, 16, 133, 38], [1, 180, 118, 111, 72, 75, 145, 86, 117, 114], [129, 34, 60, 40, 158], [152, 125, 119, 100, 32, 63], [15, 82, 162, 177, 36, 4, 62, 18, 65, 87, 47, 121], [71, 67, 25, 181, 194, 3, 80, 27, 171, 79], [192, 6, 178, 14, 187, 24, 96, 175, 48]]",true
112,9492,4856,OR-opt,CMT5.vrp,"[[93, 42, 21, 166, 59, 84, 8, 189, 107, 104], [123, 167, 51, 146, 73, 144], [5, 108, 50, 130, 97, 106, 182, 185, 113, 30], [54, 157, 191, 195, 159, 183, 23, 89, 156, 174, 140, 103, 179, 11], [92, 148, 163, 165, 85, 33, 53, 115, 91, 186, 139], [151, 17, 81, 109, 39, 56, 164, 20], [105, 188, 116, 197, 137, 141, 28, 64, 173, 122, 154, 58, 150, 7, 76, 101], [172, 196, 136, 184, 143, 37, 29, 128, 170, 77], [142, 98, 99, 149, 10, 127], [95, 45, 46, 102, 110, 57, 135, 90, 41, 66, 112], [120, 61, 190, 68, 74, 168, 131, 31, 52], [161, 49, 55, 26, 134, 35, 70, 12, 44, 160, 43, 83, 94, 198], [132, 88, 19, 2, 78, 9, 22, 126, 69, 169, 147], [124, 176, 138, 155, 193, 153, 13, 199, 16, 133, 38], [1, 180, 118, 111, 72, 75, 145, 86, 117, 114], [129, 34, 60, 40, 158], [152, 125, 119, 100, 32, 63], [15, 82, 162, 177, 36, 4, 62, 18, 65, 87, 47, 121], [71, 67, 25, 181, 194, 3, 80, 27, 171, 79], [192, 6, 178, 14, 187, 24, 96, 175, 48]]",true
113,9734,4848,OR-opt,CMT5.vrp,"[[93, 42, 21, 166, 59, 84, 8, 189, 107, 104], [123, 167, 51, 146, 73, 144], [5, 108, 50, 130, 97, 106, 182, 185, 113, 30], [54, 157, 191, 195, 159, 183, 23, 89, 156, 174, 140, 103, 179, 11], [92, 148, 163, 165, 85, 33, 53, 115, 91, 186, 139], [151, 17, 81, 109, 39, 56, 164, 20], [105, 188, 116, 197, 137, 141, 28, 64, 173, 122, 154, 58, 150, 7, 76, 101], [172, 196, 136, 184, 143, 37, 29, 128, 170, 77], [142, 98, 99, 149, 10, 127], [95, 45, 46, 102, 110, 57, 135, 90, 41, 66, 112], [120, 61, 190, 68, 74, 168, 131, 31, 52], [55, 26, 134, 35, 70, 12, 161, 49, 44, 160, 43, 83, 94, 198], [132, 88, 19, 2, 78, 9, 22, 126, 69, 169, 147], [124, 176, 138, 155, 193, 153, 13, 199, 16, 133, 38], [1, 180, 118, 111, 72, 75, 145, 86, 117, 114], [129, 34, 60, 40, 158], [152, 125, 119, 100, 32, 63], [15, 82, 162, 177, 36, 4, 62, 18, 65, 87, 47, 121], [71, 67, 25, 181, 194, 3, 80, 27, 171, 79], [192, 6, 178, 14, 187, 24, 96, 175, 48]]",true
114,9786,4835,OR-opt,CMT5.vrp,"[[93, 42, 21, 166, 59, 84, 8, 189, 107, 104], [123, 167, 51, 146, 73, 144], [5, 108, 50, 130, 97, 106, 182, 185, 113, 30], [54, 157, 191, 195, 159, 183, 23, 89, 156, 174, 140, 103, 179, 11], [92, 148, 163, 165, 85, 33, 53, 115, 91, 186, 139], [151, 17, 81, 109, 39, 56, 164, 20], [105, 188, 116, 197, 137, 141, 28, 64, 173, 122, 154, 58, 150, 7, 76, 101], [172, 196, 136, 184, 143, 37, 29, 128, 170, 77], [142, 98, 99, 149, 10, 127], [95, 45, 46, 102, 110, 57, 135, 90, 41, 66, 112], [120, 61, 190, 68, 74, 168, 131, 31, 52], [55, 26, 134, 35, 70, 12, 44, 161, 49, 160, 43, 83, 94, 198], [132, 88, 19, 2, 78, 9, 22, 126, 69, 169, 147], [124, 176, 138, 155, 193, 153, 13, 199, 16, 133, 38], [1, 180, 118, 111, 72, 75, 145, 86, 117, 114], [129, 34, 60, 40, 158], [152, 125, 119, 100, 32, 63], [15, 82, 162, 177, 36, 4, 62, 18, 65, 87, 47, 121], [71, 67, 25, 181, 194, 3, 80, 27, 171, 79], [192, 6, 178, 14, 187, 24, 96, 175, 48]]",true
115,9972,4814,OR-opt,CMT5.vrp,"[[93, 42, 21, 166, 59, 84, 8, 189, 107, 104], [123, 167, 51, 146, 73, 144], [5, 108, 50, 130, 97, 106, 182, 185, 113, 30], [54, 157, 191, 195, 159, 183, 23, 89, 156, 174, 140, 103, 179, 11], [92, 148, 163, 165, 85, 33, 53, 115, 91, 186, 139], [151, 17, 81, 109, 39, 56, 164, 20], [105, 188, 116, 197, 137, 141, 28, 64, 173, 122, 154, 58, 150, 7, 76, 101], [172, 196, 136, 184, 143, 37, 29, 128, 170, 77], [142, 98, 99, 149, 10, 127], [95, 45, 46, 102, 110, 57, 135, 90, 41, 66, 112], [120, 61, 190, 68, 74, 168, 131, 31, 52], [161, 49, 55, 26, 134, 35, 70, 83, 94, 12, 44, 160, 43, 198], [132, 88, 19, 2, 78, 9, 22, 126, 69, 169, 147], [124, 176, 138, 155, 193, 153, 13, 199, 16, 133, 38], [1, 180, 118, 111, 72, 75, 145, 86, 117, 114], [129, 34, 60, 40, 158], [152, 125, 119, 100, 32, 63], [15, 82, 162, 177, 36, 4, 62, 18, 65, 87, 47, 121], [71, 67, 25, 181, 194, 3, 80, 27, 171, 79], [192, 6, 178, 14, 187, 24, 96, 175, 48]]",true
116,10032,4806,OR-opt,CMT5.vrp,"[[93, 42, 21, 166, 59, 84, 8, 189, 107, 104], [123, 167, 51, 146, 73, 144], [5, 108, 50, 130, 97, 106, 182, 185, 113, 30], [54, 157, 191, 195, 159, 183, 23, 89, 156, 174, 140, 103, 179, 11], [92, 148, 163, 165, 85, 33, 53, 115, 91, 186, 139], [151, 17, 81, 109, 39, 56, 164, 20], [105, 188, 116, 197, 137, 141, 28, 64, 173, 122, 154, 58, 150, 7, 76, 101], [172, 196, 136, 184, 143, 37, 29, 128, 170, 77], [142, 98, 99, 149, 10, 127], [95, 45, 46, 102, 110, 57, 135, 90, 41, 66, 112], [120, 61, 190, 68, 74, 168, 131, 31, 52], [55, 26, 134, 35, 70, 83, 94, 12, 161, 49, 44, 160, 43, 198], [132, 88, 19, 2, 78, 9, 22, 126, 69, 169, 147], [124, 176, 138, 155, 193, 153, 13, 199, 16, 133, 38], [1, 180, 118, 111, 72, 75, 145, 86, 117, 114], [129, 34, 60, 40, 158], [152, 125, 119, 100, 32, 63], [15, 82, 162, 177, 36, 4, 62, 18, 65, 87, 47, 121], [71, 67, 25, 181, 194, 3, 80, 27, 171, 79], [192, 6, 178, 14, 187, 24, 96, 175, 48]]",true
117,10063,4793,OR-opt,CMT5.vrp,"[[93, 42, 21, 166, 59, 84, 8, 189, 107, 104], [123, 167, 51, 146, 73, 144], [5, 108, 50, 130, 97, 106, 182, 185, 113, 30], [54, 157, 191, 195, 159, 183, 23, 89, 156, 174, 140, 103, 179, 11], [92, 148, 163, 165, 85, 33, 53, 115, 91, 186, 139], [151, 17, 81, 109, 39, 56, 164, 20], [105, 188, 116, 197, 137, 141, 28, 64, 173, 122, 154, 58, 150, 7, 76, 101], [172, 196, 136, 184, 143, 37, 29, 128, 170, 77], [142, 98, 99, 149, 10, 127], [95, 45, 46, 102, 110, 57, 135, 90, 41, 66, 112], [120, 61, 190, 68, 74, 168, 131, 31, 52], [55, 26, 134, 35, 70, 83, 94, 12, 44, 161, 49, 160, 43, 198], [132, 88, 19, 2, 78, 9, 22, 126, 69, 169, 147], [124, 176, 138, 155, 193, 153, 13, 199, 16, 133, 38], [1, 180, 118, 111, 72, 75, 145, 86, 117, 114], [129, 34, 60, 40, 158], [152, 125, 119, 100, 32, 63], [15, 82, 162, 177, 36, 4, 62, 18, 65, 87, 47, 121], [71, 67, 25, 181, 194, 3, 80, 27, 171, 79], [192, 6, 178, 14, 187, 24, 96, 175, 48]]",true
118,10208,4778,OR-opt,CMT5.vrp,"[[93, 42, 21, 166, 59, 84, 8, 189, 107, 104], [123, 167, 51, 146, 73, 144], [5, 108, 50, 130, 97, 106, 182, 185, 113, 30], [54, 157, 191, 195, 159, 183, 23, 89, 156, 174, 140, 103, 179, 11], [92, 148, 163, 165, 85, 33, 53, 115, 91, 186, 139], [151, 17, 81, 109, 39, 56, 164, 20], [105, 188, 116, 197, 137, 141, 28, 64, 173, 122, 154, 58, 150, 7, 76, 101], [172, 196, 136, 184, 143, 37, 29, 128, 170, 77], [142, 98, 99, 149, 10, 127], [95, 45, 46, 102, 110, 57, 135, 90, 41, 66, 112], [120, 61, 190, 68, 74, 168, 131, 31, 52], [12, 44, 161, 49, 55, 26, 134, 35, 70, 83, 94, 160, 43, 198], [132, 88, 19, 2, 78, 9, 22, 126, 69, 169, 147], [124, 176, 138, 155, 193, 153, 13, 199, 16, 133, 38], [1, 180, 118, 111, 72, 75, 145, 86, 117, 114], [129, 34, 60, 40, 158], [152, 125, 119, 100, 32, 63], [15, 82, 162, 177, 36, 4, 62, 18, 65, 87, 47, 121], [71, 67, 25, 181, 194, 3, 80, 27, 171, 79], [192, 6, 178, 14, 187, 24, 96, 175, 48]]",true
119,10305,4769,OR-opt,CMT5.vrp,"[[93, 42, 21, 166, 59, 84, 8, 189, 107, 104], [123, 167, 51, 146, 73, 144], [5, 108, 50, 130, 97, 106, 182, 185, 113, 30], [54, 157, 191, 195, 159, 183, 23, 89, 156, 174, 140, 103, 179, 11], [92, 148, 163, 165, 85, 33, 53, 115, 91, 186, 139], [151, 17, 81, 109, 39, 56, 164, 20], [105, 188, 116, 197, 137, 141, 28, 64, 173, 122, 154, 58, 150, 7, 76, 101], [172, 196, 136, 184, 143, 37, 29, 128, 170, 77], [142, 98, 99, 149, 10, 127], [95, 45, 46, 102, 110, 57, 135, 90, 41, 66, 112], [120, 61, 190, 68, 74, 168, 131, 31, 52], [12, 49, 55, 44, 161, 26, 134, 35, 70, 83, 94, 160, 43, 198], [132, 88, 19, 2, 78, 9, 22, 126, 69, 169, 147], [124, 176, 138, 155, 193, 153, 13, 199, 16, 133, 38], [1, 180, 118, 111, 72, 75, 145, 86, 117, 114], [129, 34, 60, 40, 158], [152, 125, 119, 100, 32, 63], [15, 82, 162, 177, 36, 4, 62, 18, 65, 87, 47, 121], [71, 67, 25, 181, 194, 3, 80, 27, 171, 79], [192, 6, 178, 14, 187, 24, 96, 175, 48]]",true
120,10345,4768,OR-opt,CMT5.vrp,"[[93, 42, 21, 166, 59, 84, 8, 189, 107, 104], [123, 167, 51, 146, 73, 144], [5, 108, 50, 130, 97, 106, 182, 185, 113, 30], [54, 157, 191, 195, 159, 183, 23, 89, 156, 174, 140, 103, 179, 11], [92, 148, 163, 165, 85, 33, 53, 115, 91, 186, 139], [151, 17, 81, 109, 39, 56, 164, 20], [105, 188, 116, 197, 137, 141, 28, 64, 173, 122, 154, 58, 150, 7, 76, 101], [172, 196, 136, 184, 143, 37, 29, 128, 170, 77], [142, 98, 99, 149, 10, 127], [95, 45, 46, 102, 110, 57, 135, 90, 41, 66, 112], [120, 61, 190, 68, 74, 168, 131, 31, 52], [12, 161, 49, 44, 55, 26, 134, 35, 70, 83, 94, 160, 43, 198], [132, 88, 19, 2, 78, 9, 22, 126, 69, 169, 147], [124, 176, 138, 155, 193, 153, 13, 199, 16, 133, 38], [1, 180, 118, 111, 72, 75, 145, 86, 117, 114], [129, 34, 60, 40, 158], [152, 125, 119, 100, 32, 63], [15, 82, 162, 177, 36, 4, 62, 18, 65, 87, 47, 121], [71, 67, 25, 181, 194, 3, 80, 27, 171, 79], [192, 6, 178, 14, 187, 24, 96, 175, 48]]",true
121,10500,4767,OR-opt,CMT5.vrp,"[[93, 42, 21, 166, 59, 84, 8, 189, 107, 104], [123, 167, 51, 146, 73, 144], [5, 108, 50, 130, 97, 106, 182, 185, 113, 30], [54, 157, 191, 195, 159, 183, 23, 89, 156, 174, 140, 103, 179, 11], [92, 148, 163, 165, 85, 33, 53, 115, 91, 186, 139], [151, 17, 81, 109, 39, 56, 164, 20], [105, 188, 116, 197, 137, 141, 28, 64, 173, 122, 154, 58, 150, 7, 76, 101], [172, 196, 136, 184, 143, 37, 29, 128, 170, 77], [142, 98, 99, 149, 10, 127], [95, 45, 46, 102, 110, 57, 135, 90, 41, 66, 112], [120, 61, 190, 68, 74, 168, 131, 31, 52], [49, 44, 55, 12, 161, 26, 134, 35, 70, 83, 94, 160, 43, 198], [132, 88, 19, 2, 78, 9, 22, 126, 69, 169, 147], [124, 176, 138, 155, 193, 153, 13, 199, 16, 133, 38], [1, 180, 118, 111, 72, 75, 145, 86, 117, 114], [129, 34, 60, 40, 158], [152, 125, 119, 100, 32, 63], [15, 82, 162, 177, 36, 4, 62, 18, 65, 87, 47, 121], [71, 67, 25, 181, 194, 3, 80, 27, 171, 79], [192, 6, 178, 14, 187, 24, 96, 175, 48]]",true
122,10563,4765,OR-opt,CMT5.vrp,"[[93, 42, 21, 166, 59, 84, 8, 189, 107, 104], [123, 167, 51, 146, 73, 144], [5, 108, 50, 130, 97, 106, 182, 185, 113, 30], [54, 157, 191, 195, 159, 183, 23, 89, 156, 174, 140, 103, 179, 11], [92, 148, 163, 165, 85, 33, 53, 115, 91, 186, 139], [151, 17, 81, 109, 39, 56, 164, 20], [105, 188, 116, 197, 137, 141, 28, 64, 173, 122, 154, 58, 150, 7, 76, 101], [172, 196, 136, 184, 143, 37, 29, 128, 170, 77], [142, 98, 99, 149, 10, 127], [95, 45, 46, 102, 110, 57, 135, 90, 41, 66, 112], [120, 61, 190, 68, 74, 168, 131, 31, 52], [12, 161, 44, 55, 49, 26, 134, 35, 70, 83, 94, 160, 43, 198], [132, 88, 19, 2, 78, 9, 22, 126, 69, 169, 147], [124, 176, 138, 155, 193, 153, 13, 199, 16, 133, 38], [1, 180, 118, 111, 72, 75, 145, 86, 117, 114], [129, 34, 60, 40, 158], [152, 125, 119, 100, 32, 63], [15, 82, 162, 177, 36, 4, 62, 18, 65, 87, 47, 121], [71, 67, 25, 181, 194, 3, 80, 27, 171, 79], [192, 6, 178, 14, 187, 24, 96, 175, 48]]",true
123,10882,4738,OR-opt,CMT5.vrp,"[[93, 42, 21, 166, 59, 84, 8, 189, 107, 104], [123, 167, 51, 146, 73, 144], [5, 108, 50, 130, 97, 106, 182, 185, 113, 30], [54, 157, 191, 195, 159, 183, 23, 89, 156, 174, 140, 103, 179, 11], [92, 148, 163, 165, 85, 33, 53, 115, 91, 186, 139], [151, 17, 81, 109, 39, 56, 164, 20], [105, 188, 116, 197, 137, 141, 28, 64, 173, 122, 154, 58, 150, 7, 76, 101], [172, 196, 136, 184, 143, 37, 29, 128, 170, 77], [142, 98, 99, 149, 10, 127], [95, 45, 46, 102, 110, 57, 135, 90, 41, 66, 112], [120, 61, 190, 68, 74, 168, 131, 31, 52], [12, 161, 44, 55, 49, 26, 134, 35, 70, 83, 94, 160, 43, 198], [19, 132, 88, 2, 78, 9, 22, 126, 69, 169, 147], [124, 176, 138, 155, 193, 153, 13, 199, 16, 133, 38], [1, 180, 118, 111, 72, 75, 145, 86, 117, 114], [129, 34, 60, 40, 158], [152, 125, 119, 100, 32, 63], [15, 82, 162, 177, 36, 4, 62, 18, 65, 87, 47, 121], [71, 67, 25, 181, 194, 3, 80, 27, 171, 79], [192, 6, 178, 14, 187, 24, 96, 175, 48]]",true
124,10926,4723,OR-opt,CMT5.vrp,"[[93, 42, 21, 166, 59, 84, 8, 189, 107, 104], [123, 167, 51, 146, 73, 144], [5, 108, 50, 130, 97, 106, 182, 185, 113, 30], [54, 157, 191, 195, 159, 183, 23, 89, 156, 174, 140, 103, 179, 11], [92, 148, 163, 165, 85, 33, 53, 115, 91, 186, 139], [151, 17, 81, 109, 39, 56, 164, 20], [105, 188, 116, 197, 137, 141, 28, 64, 173, 122, 154, 58, 150, 7, 76, 101], [172, 196, 136, 184, 143, 37, 29, 128, 170, 77], [142, 98, 99, 149, 10, 127], [95, 45, 46, 102, 110, 57, 135, 90, 41, 66, 112], [120, 61, 190, 68, 74, 168, 131, 31, 52], [12, 161, 44, 55, 49, 26, 134, 35, 70, 83, 94, 160, 43, 198], [132, 2, 88, 19, 78, 9, 22, 126, 69, 169, 147], [124, 176, 138, 155, 193, 153, 13, 199, 16, 133, 38], [1, 180, 118, 111, 72, 75, 145, 86, 117, 114], [129, 34, 60, 40, 158], [152, 125, 119, 100, 32, 63], [15, 82, 162, 177, 36, 4, 62, 18, 65, 87, 47, 121], [71, 67, 25, 181, 194, 3, 80, 27, 171, 79], [192, 6, 178, 14, 187, 24, 96, 175, 48]]",true
125,10982,4708,OR-opt,CMT5.vrp,"[[93, 42, 21, 166, 59, 84, 8, 189, 107, 104], [123, 167, 51, 146, 73, 144], [5, 108, 50, 130, 97, 106, 182, 185, 113, 30], [54, 157, 191, 195, 159, 183, 23, 89, 156, 174, 140, 103, 179, 11], [92, 148, 163, 165, 85, 33, 53, 115, 91, 186, 139], [151, 17, 81, 109, 39, 56, 164, 20], [105, 188, 116, 197, 137, 141, 28, 64, 173, 122, 154, 58, 150, 7, 76, 101], [172, 196, 136, 184, 143, 37, 29, 128, 170, 77], [142, 98, 99, 149, 10, 127], [95, 45, 46, 102, 110, 57, 135, 90, 41, 66, 112], [120, 61, 190, 68, 74, 168, 131, 31, 52], [12, 161, 44, 55, 49, 26, 134, 35, 70, 83, 94, 160, 43, 198], [132, 88, 19, 78, 9, 2, 22, 126, 69, 169, 147], [124, 176, 138, 155, 193, 153, 13, 199, 16, 133, 38], [1, 180, 118, 111, 72, 75, 145, 86, 117, 114], [129, 34, 60, 40, 158], [152, 125, 119, 100, 32, 63], [15, 82, 162, 177, 36, 4, 62, 18, 65, 87, 47, 121], [71, 67, 25, 181, 194, 3, 80, 27, 171, 79], [192, 6, 178, 14, 187, 24, 96, 175, 48]]",true
126,11016,4705,OR-opt,CMT5.vrp,"[[93, 42, 21, 166, 59, 84, 8, 189, 107, 104], [123, 167, 51, 146, 73, 144], [5, 108, 50, 130, 97, 106, 182, 185, 113, 30], [54, 157, 191, 195, 159, 183, 23, 89, 156, 174, 140, 103, 179, 11], [92, 148, 163, 165, 85, 33, 53, 115, 91, 186, 139], [151, 17, 81, 109, 39, 56, 164, 20], [105, 188, 116, 197, 137, 141, 28, 64, 173, 122, 154, 58, 150, 7, 76, 101], [172, 196, 136, 184, 143, 37, 29, 128, 170, 77], [142, 98, 99, 149, 10, 127], [95, 45, 46, 102, 110, 57, 135, 90, 41, 66, 112], [120, 61, 190, 68, 74, 168, 131, 31, 52], [12, 161, 44, 55, 49, 26, 134, 35, 70, 83, 94, 160, 43, 198], [132, 88, 19, 2, 22, 126, 69, 78, 9, 169, 147], [124, 176, 138, 155, 193, 153, 13, 199, 16, 133, 38], [1, 180, 118, 111, 72, 75, 145, 86, 117, 114], [129, 34, 60, 40, 158], [152, 125, 119, 100, 32, 63], [15, 82, 162, 177, 36, 4, 62, 18, 65, 87, 47, 121], [71, 67, 25, 181, 194, 3, 80, 27, 171, 79], [192, 6, 178, 14, 187, 24, 96, 175, 48]]",true
127,11090,4679,OR-opt,CMT5.vrp,"[[93, 42, 21, 166, 59, 84, 8, 189, 107, 104], [123, 167, 51, 146, 73, 144], [5, 108, 50, 130, 97, 106, 182, 185, 113, 30], [54, 157, 191, 195, 159, 183, 23, 89, 156, 174, 140, 103, 179, 11], [92, 148, 163, 165, 85, 33, 53, 115, 91, 186, 139], [151, 17, 81, 109, 39, 56, 164, 20], [105, 188, 116, 197, 137, 141, 28, 64, 173, 122, 154, 58, 150, 7, 76, 101], [172, 196, 136, 184, 143, 37, 29, 128, 170, 77], [142, 98, 99, 149, 10, 127], [95, 45, 46, 102, 110, 57, 135, 90, 41, 66, 112], [120, 61, 190, 68, 74, 168, 131, 31, 52], [12, 161, 44, 55, 49, 26, 134, 35, 70, 83, 94, 160, 43, 198], [19, 132, 88, 2, 22, 126, 69, 78, 9, 169, 147], [124, 176, 138, 155, 193, 153, 13, 199, 16, 133, 38], [1, 180, 118, 111, 72, 75, 145, 86, 117, 114], [129, 34, 60, 40, 158], [152, 125, 119, 100, 32, 63], [15, 82, 162, 177, 36, 4, 62, 18, 65, 87, 47, 121], [71, 67, 25, 181, 194, 3, 80, 27, 171, 79], [192, 6, 178, 14, 187, 24, 96, 175, 48]]",true
128,11177,4678,OR-opt,CMT5.vrp,"[[93, 42, 21, 166, 59, 84, 8, 189, 107, 104], [123, 167, 51, 146, 73, 144], [5, 108, 50, 130, 97, 106, 182, 185, 113, 30], [54, 157, 191, 195, 159, 183, 23, 89, 156, 174, 140, 103, 179, 11], [92, 148, 163, 165, 85, 33, 53, 115, 91, 186, 139], [151, 17, 81, 109, 39, 56, 164, 20], [105, 188, 116, 197, 137, 141, 28, 64, 173, 122, 154, 58, 150, 7, 76, 101], [172, 196, 136, 184, 143, 37, 29, 128, 170, 77], [142, 98, 99, 149, 10, 127], [95, 45, 46, 102, 110, 57, 135, 90, 41, 66, 112], [120, 61, 190, 68, 74, 168, 131, 31, 52], [12, 161, 44, 55, 49, 26, 134, 35, 70, 83, 94, 160, 43, 198], [69, 78, 132, 88, 19, 2, 22, 126, 9, 169, 147], [124, 176, 138, 155, 193, 153, 13, 199, 16, 133, 38], [1, 180, 118, 111, 72, 75, 145, 86, 117, 114], [129, 34, 60, 40, 158], [152, 125, 119, 100, 32, 63], [15, 82, 162, 177, 36, 4, 62, 18, 65, 87, 47, 121], [71, 67, 25, 181, 194, 3, 80, 27, 171, 79], [192, 6, 178, 14, 187, 24, 96, 175, 48]]",true
129,11212,4667,OR-opt,CMT5.vrp,"[[93, 42, 21, 166, 59, 84, 8, 189, 107, 104], [123, 167, 51, 146, 73, 144], [5, 108, 50, 130, 97, 106, 182, 185, 113, 30], [54, 157, 191, 195, 159, 183, 23, 89, 156, 174, 140, 103, 179, 11], [92, 148, 163, 165, 85, 33, 53, 115, 91, 186, 139], [151, 17, 81, 109, 39, 56, 164, 20], [105, 188, 116, 197, 137, 141, 28, 64, 173, 122, 154, 58, 150, 7, 76, 101], [172, 196, 136, 184, 143, 37, 29, 128, 170, 77], [142, 98, 99, 149, 10, 127], [95, 45, 46, 102, 110, 57, 135, 90, 41, 66, 112], [120, 61, 190, 68, 74, 168, 131, 31, 52], [12, 161, 44, 55, 49, 26, 134, 35, 70, 83, 94, 160, 43, 198], [132, 69, 78, 88, 19, 2, 22, 126, 9, 169, 147], [124, 176, 138, 155, 193, 153, 13, 199, 16, 133, 38], [1, 180, 118, 111, 72, 75, 145, 86, 117, 114], [129, 34, 60, 40, 158], [152, 125, 119, 100, 32, 63], [15, 82, 162, 177, 36, 4, 62, 18, 65, 87, 47, 121], [71, 67, 25, 181, 194, 3, 80, 27, 171, 79], [192, 6, 178, 14, 187, 24, 96, 175, 48]]",true
130,11291,4630,OR-opt,CMT5.vrp,"[[93, 42, 21, 166, 59, 84, 8, 189, 107, 104], [123, 167, 51, 146, 73, 144], [5, 108, 50, 130, 97, 106, 182, 185, 113, 30], [54, 157, 191, 195, 159, 183, 23, 89, 156, 174, 140, 103, 179, 11], [92, 148, 163, 165, 85, 33, 53, 115, 91, 186, 139], [151, 17, 81, 109, 39, 56, 164, 20], [105, 188, 116, 197, 137, 141, 28, 64, 173, 122, 154, 58, 150, 7, 76, 101], [172, 196, 136, 184, 143, 37, 29, 128, 170, 77], [142, 98, 99, 149, 10, 127], [95, 45, 46, 102, 110, 57, 135, 90, 41, 66, 112], [120, 61, 190, 68, 74, 168, 131, 31, 52], [12, 161, 44, 55, 49, 26, 134, 35, 70, 83, 94, 160, 43, 198], [132, 69, 19, 78, 88, 2, 22, 126, 9, 169, 147], [124, 176, 138, 155, 193, 153, 13, 199, 16, 133, 38], [1, 180, 118, 111, 72, 75, 145, 86, 117, 114], [129, 34, 60, 40, 158], [152, 125, 119, 100, 32, 63], [15, 82, 162, 177, 36, 4, 62, 18, 65, 87, 47, 121], [71, 67, 25, 181, 194, 3, 80, 27, 171, 79], [192, 6, 178, 14, 187, 24, 96, 175, 48]]",true
131,11454,4627,OR-opt,CMT5.vrp,"[[93, 42, 21, 166, 59, 84, 8, 189, 107, 104], [123, 167, 51, 146, 73, 144], [5, 108, 50, 130, 97, 106, 182, 185, 113, 30], [54, 157, 191, 195, 159, 183, 23, 89, 156, 174, 140, 103, 179, 11], [92, 148, 163, 165, 85, 33, 53, 115, 91, 186, 139], [151, 17, 81, 109, 39, 56, 164, 20], [105, 188, 116, 197, 137, 141, 28, 64, 173, 122, 154, 58, 150, 7, 76, 101], [172, 196, 136, 184, 143, 37, 29, 128, 170, 77], [142, 98, 99, 149, 10, 127], [95, 45, 46, 102, 110, 57, 135, 90, 41, 66, 112], [120, 61, 190, 68, 74, 168, 131, 31, 52], [12, 161, 44, 55, 49, 26, 134, 35, 70, 83, 94, 160, 43, 198], [9, 169, 132, 69, 19, 78, 88, 2, 22, 126, 147], [124, 176, 138, 155, 193, 153, 13, 199, 16, 133, 38], [1, 180, 118, 111, 72, 75, 145, 86, 117, 114], [129, 34, 60, 40, 158], [152, 125, 119, 100, 32, 63], [15, 82, 162, 177, 36, 4, 62, 18, 65, 87, 47, 121], [71, 67, 25, 181, 194, 3, 80, 27, 171, 79], [192, 6, 178, 14, 187, 24, 96, 175, 48]]",true
132,11494,4618,OR-opt,CMT5.vrp,"[[93, 42, 21, 166, 59, 84, 8, 189, 107, 104], [123, 167, 51, 146, 73, 144], [5, 108, 50, 130, 97, 106, 182, 185, 113, 30], [54, 157, 191, 195, 159, 183, 23, 89, 156, 174, 140, 103, 179, 11], [92, 148, 163, 165, 85, 33, 53, 115, 91, 186, 139], [151, 17, 81, 109, 39, 56, 164, 20], [105, 188, 116, 197, 137, 141, 28, 64, 173, 122, 154, 58, 150, 7, 76, 101], [172, 196, 136, 184, 143, 37, 29, 128, 170, 77], [142, 98, 99, 149, 10, 127], [95, 45, 46, 102, 110, 57, 135, 90, 41, 66, 112], [120, 61, 190, 68, 74, 168, 131, 31, 52], [12, 161, 44, 55, 49, 26, 134, 35, 70, 83, 94, 160, 43, 198], [132, 69, 19, 78, 88, 2, 22, 126, 147, 9, 169], [124, 176, 138, 155, 193, 153, 13, 199, 16, 133, 38], [1, 180, 118, 111, 72, 75, 145, 86, 117, 114], [129, 34, 60, 40, 158], [152, 125, 119, 100, 32, 63], [15, 82, 162, 177, 36, 4, 62, 18, 65, 87, 47, 121], [71, 67, 25, 181, 194, 3, 80, 27, 171, 79], [192, 6, 178, 14, 187, 24, 96, 175, 48]]",true
133,11622,4602,OR-opt,CMT5.vrp,"[[93, 42, 21, 166, 59, 84, 8, 189, 107, 104], [123, 167, 51, 146, 73, 144], [5, 108, 50, 130, 97, 106, 182, 185, 113, 30], [54, 157, 191, 195, 159, 183, 23, 89, 156, 174, 140, 103, 179, 11], [92, 148, 163, 165, 85, 33, 53, 115, 91, 186, 139], [151, 17, 81, 109, 39, 56, 164, 20], [105, 188, 116, 197, 137, 141, 28, 64, 173, 122, 154, 58, 150, 7, 76, 101], [172, 196, 136, 184, 143, 37, 29, 128, 170, 77], [142, 98, 99, 149, 10, 127], [95, 45, 46, 102, 110, 57, 135, 90, 41, 66, 112], [120, 61, 190, 68, 74, 168, 131, 31, 52], [12, 161, 44, 55, 49, 26, 134, 35, 70, 83, 94, 160, 43, 198], [132, 69, 19, 78, 88, 2, 22, 126, 147, 9, 169], [138, 155, 124, 176, 193, 153, 13, 199, 16, 133, 38], [1, 180, 118, 111, 72, 75, 145, 86, 117, 114], [129, 34, 60, 40, 158], [152, 125, 119, 100, 32, 63], [15, 82, 162, 177, 36, 4, 62, 18, 65, 87, 47, 121], [71, 67, 25, 181, 194, 3, 80, 27, 171, 79], [192, 6, 178, 14, 187, 24, 96, 175, 48]]",true
134,11652,4598,OR-opt,CMT5.vrp,"[[93, 42, 21, 166, 59, 84, 8, 189, 107, 104], [123, 167, 51, 146, 73, 144], [5, 108, 50, 130, 97, 106, 182, 185, 113, 30], [54, 157, 191, 195, 159, 183, 23, 89, 156, 174, 140, 103, 179, 11], [92, 148, 163, 165, 85, 33, 53, 115, 91, 186, 139], [151, 17, 81, 109, 39, 56, 164, 20], [105, 188, 116, 197, 137, 141, 28, 64, 173, 122, 154, 58, 150, 7, 76, 101], [172, 196, 136, 184, 143, 37, 29, 128, 170, 77], [142, 98, 99, 149, 10, 127], [95, 45, 46, 102, 110, 57, 135, 90, 41, 66, 112], [120, 61, 190, 68, 74, 168, 131, 31, 52], [12, 161, 44, 55, 49, 26, 134, 35, 70, 83, 94, 160, 43, 198], [132, 69, 19, 78, 88, 2, 22, 126, 147, 9, 169], [138, 155, 193, 153, 13, 124, 176, 199, 16, 133, 38], [1, 180, 118, 111, 72, 75, 145, 86, 117, 114], [129, 34, 60, 40, 158], [152, 125, 119, 100, 32, 63], [15, 82, 162, 177, 36, 4, 62, 18, 65, 87, 47, 121], [71, 67, 25, 181, 194, 3, 80, 27, 171, 79], [192, 6, 178, 14, 187, 24, 96, 175, 48]]",true
135,11686,4595,OR-opt,CMT5.vrp,"[[93, 42, 21, 166, 59, 84, 8, 189, 107, 104], [123, 167, 51, 146, 73, 144], [5, 108, 50, 130, 97, 106, 182, 185, 113, 30], [54, 157, 191, 195, 159, 183, 23, 89, 156, 174, 140, 103, 179, 11], [92, 148, 163, 165, 85, 33, 53, 115, 91, 186, 139], [151, 17, 81, 109, 39, 56, 164, 20], [105, 188, 116, 197, 137, 141, 28, 64, 173, 122, 154, 58, 150, 7, 76, 101], [172, 196, 136, 184, 143, 37, 29, 128, 170, 77], [142, 98, 99, 149, 10, 127], [95, 45, 46, 102, 110, 57, 135, 90, 41, 66, 112], [120, 61, 190, 68, 74, 168, 131, 31, 52], [12, 161, 44, 55, 49, 26, 134, 35, 70, 83, 94, 160, 43, 198], [132, 69, 19, 78, 88, 2, 22, 126, 147, 9, 169], [176, 138, 124, 155, 193, 153, 13, 199, 16, 133, 38], [1, 180, 118, 111, 72, 75, 145, 86, 117, 114], [129, 34, 60, 40, 158], [152, 125, 119, 100, 32, 63], [15, 82, 162, 177, 36, 4, 62, 18, 65, 87, 47, 121], [71, 67, 25, 181, 194, 3, 80, 27, 171, 79], [192, 6, 178, 14, 187, 24, 96, 175, 48]]",true
136,11738,4587,OR-opt,CMT5.vrp,"[[93, 42, 21, 166, 59, 84, 8, 189, 107, 104], [123, 167, 51, 146, 73, 144], [5, 108, 50, 130, 97, 106, 182, 185, 113, 30], [54, 157, 191, 195, 159, 183, 23, 89, 156, 174, 140, 103, 179, 11], [92, 148, 163, 165, 85, 33, 53, 115, 91, 186, 139], [151, 17, 81, 109, 39, 56, 164, 20], [105, 188, 116, 197, 137, 141, 28, 64, 173, 122, 154, 58, 150, 7, 76, 101], [172, 196, 136, 184, 143, 37, 29, 128, 170, 77], [142, 98, 99, 149, 10, 127], [95, 45, 46, 102, 110, 57, 135, 90, 41, 66, 112], [120, 61, 190, 68, 74, 168, 131, 31, 52], [12, 161, 44, 55, 49, 26, 134, 35, 70, 83, 94, 160, 43, 198], [132, 69, 19, 78, 88, 2, 22, 126, 147, 9, 169], [124, 176, 138, 153, 13, 155, 193, 199, 16, 133, 38], [1, 180, 118, 111, 72, 75, 145, 86, 117, 114], [129, 34, 60, 40, 158], [152, 125, 119, 100, 32, 63], [15, 82, 162, 177, 36, 4, 62, 18, 65, 87, 47, 121], [71, 67, 25, 181, 194, 3, 80, 27, 171, 79], [192, 6, 178, 14, 187, 24, 96, 175, 48]]",true
137,11779,4556,OR-opt,CMT5.vrp,"[[93, 42, 21, 166, 59, 84, 8, 189, 107, 104], [123, 167, 51, 146, 73, 144], [5, 108, 50, 130, 97, 106, 182, 185, 113, 30], [54, 157, 191, 195, 159, 183, 23, 89, 156, 174, 140, 103, 179, 11], [92, 148, 163, 165, 85, 33, 53, 115, 91, 186, 139], [151, 17, 81, 109, 39, 56, 164, 20], [105, 188, 116, 197, 137, 141, 28, 64, 173, 122, 154, 58, 150, 7, 76, 101], [172, 196, 136, 184, 143, 37, 29, 128, 170, 77], [142, 98, 99, 149, 10, 127], [95, 45, 46, 102, 110, 57, 135, 90, 41, 66, 112], [120, 61, 190, 68, 74, 168, 131, 31, 52], [12, 161, 44, 55, 49, 26, 134, 35, 70, 83, 94, 160, 43, 198], [132, 69, 19, 78, 88, 2, 22, 126, 147, 9, 169], [153, 13, 124, 176, 138, 155, 193, 199, 16, 133, 38], [1, 180, 118, 111, 72, 75, 145, 86, 117, 114], [129, 34, 60, 40, 158], [152, 125, 119, 100, 32, 63], [15, 82, 162, 177, 36, 4, 62, 18, 65, 87, 47, 121], [71, 67, 25, 181, 194, 3, 80, 27, 171, 79], [192, 6, 178, 14, 187, 24, 96, 175, 48]]",true
138,11808,4550,OR-opt,CMT5.vrp,"[[93, 42, 21, 166, 59, 84, 8, 189, 107, 104], [123, 167, 51, 146, 73, 144], [5, 108, 50, 130, 97, 106, 182, 185, 113, 30], [54, 157, 191, 195, 159, 183, 23, 89, 156, 174, 140, 103, 179, 11], [92, 148, 163, 165, 85, 33, 53, 115, 91, 186, 139], [151, 17, 81, 109, 39, 56, 164, 20], [105, 188, 116, 197, 137, 141, 28, 64, 173, 122, 154, 58, 150, 7, 76, 101], [172, 196, 136, 184, 143, 37, 29, 128, 170, 77], [142, 98, 99, 149, 10, 127], [95, 45, 46, 102, 110, 57, 135, 90, 41, 66, 112], [120, 61, 190, 68, 74, 168, 131, 31, 52], [12, 161, 44, 55, 49, 26, 134, 35, 70, 83, 94, 160, 43, 198], [132, 69, 19, 78, 88, 2, 22, 126, 147, 9, 169], [124, 153, 13, 176, 138, 155, 193, 199, 16, 133, 38], [1, 180, 118, 111, 72, 75, 145, 86, 117, 114], [129, 34, 60, 40, 158], [152, 125, 119, 100, 32, 63], [15, 82, 162, 177, 36, 4, 62, 18, 65, 87, 47, 121], [71, 67, 25, 181, 194, 3, 80, 27, 171, 79], [192, 6, 178, 14, 187, 24, 96, 175, 48]]",true
139,11879,4547,OR-opt,CMT5.vrp,"[[93, 42, 21, 166, 59, 84, 8, 189, 107, 104], [123, 167, 51, 146, 73, 144], [5, 108, 50, 130, 97, 106, 182, 185, 113, 30], [54, 157, 191, 195, 159, 183, 23, 89, 156, 174, 140, 103, 179, 11], [92, 148, 163, 165, 85, 33, 53, 115, 91, 186, 139], [151, 17, 81, 109, 39, 56, 164, 20], [105, 188, 116, 197, 137, 141, 28, 64, 173, 122, 154, 58, 150, 7, 76, 101], [172, 196, 136, 184, 143, 37, 29, 128, 170, 77], [142, 98, 99, 149, 10, 127], [95, 45, 46, 102, 110, 57, 135, 90, 41, 66, 112], [120, 61, 190, 68, 74, 168, 131, 31, 52], [12, 161, 44, 55, 49, 26, 134, 35, 70, 83, 94, 160, 43, 198], [132, 69, 19, 78, 88, 2, 22, 126, 147, 9, 169], [13, 176, 124, 153, 138, 155, 193, 199, 16, 133, 38], [1, 180, 118, 111, 72, 75, 145, 86, 117, 114], [129, 34, 60, 40, 158], [152, 125, 119, 100, 32, 63], [15, 82, 162, 177, 36, 4, 62, 18, 65, 87, 47, 121], [71, 67, 25, 181, 194, 3, 80, 27, 171, 79], [192, 6, 178, 14, 187, 24, 96, 175, 48]]",true
140,11922,4545,OR-opt,CMT5.vrp,"[[93, 42, 21, 166, 59, 84, 8, 189, 107, 104], [123, 167, 51, 146, 73, 144], [5, 108, 50, 130, 97, 106, 182, 185, 113, 30], [54, 157, 191, 195, 159, 183, 23, 89, 156, 174, 140, 103, 179, 11], [92, 148, 163, 165, 85, 33, 53, 115, 91, 186, 139], [151, 17, 81, 109, 39, 56, 164, 20], [105, 188, 116, 197, 137, 141, 28, 64, 173, 122, 154, 58, 150, 7, 76, 101], [172, 196, 136, 184, 143, 37, 29, 128, 170, 77], [142, 98, 99, 149, 10, 127], [95, 45, 46, 102, 110, 57, 135, 90, 41, 66, 112], [120, 61, 190, 68, 74, 168, 131, 31, 52], [12, 161, 44, 55, 49, 26, 134, 35, 70, 83, 94, 160, 43, 198], [132, 69, 19, 78, 88, 2, 22, 126, 147, 9, 169], [124, 13, 176, 153, 138, 155, 193, 199, 16, 133, 38], [1, 180, 118, 111, 72, 75, 145, 86, 117, 114], [129, 34, 60, 40, 158], [152, 125, 119, 100, 32, 63], [15, 82, 162, 177, 36, 4, 62, 18, 65, 87, 47, 121], [71, 67, 25, 181, 194, 3, 80, 27, 171, 79], [192, 6, 178, 14, 187, 24, 96, 175, 48]]",true
141,11951,4538,OR-opt,CMT5.vrp,"[[93, 42, 21, 166, 59, 84, 8, 189, 107, 104], [123, 167, 51, 146, 73, 144], [5, 108, 50, 130, 97, 106, 182, 185, 113, 30], [54, 157, 191, 195, 159, 183, 23, 89, 156, 174, 140, 103, 179, 11], [92, 148, 163, 165, 85, 33, 53, 115, 91, 186, 139], [151, 17, 81, 109, 39, 56, 164, 20], [105, 188, 116, 197, 137, 141, 28, 64, 173, 122, 154, 58, 150, 7, 76, 101], [172, 196, 136, 184, 143, 37, 29, 128, 170, 77], [142, 98, 99, 149, 10, 127], [95, 45, 46, 102, 110, 57, 135, 90, 41, 66, 112], [120, 61, 190, 68, 74, 168, 131, 31, 52], [12, 161, 44, 55, 49, 26, 134, 35, 70, 83, 94, 160, 43, 198], [132, 69, 19, 78, 88, 2, 22, 126, 147, 9, 169], [124, 153, 138, 155, 193, 199, 16, 13, 176, 133, 38], [1, 180, 118, 111, 72, 75, 145, 86, 117, 114], [129, 34, 60, 40, 158], [152, 125, 119, 100, 32, 63], [15, 82, 162, 177, 36, 4, 62, 18, 65, 87, 47, 121], [71, 67, 25, 181, 194, 3, 80, 27, 171, 79], [192, 6, 178, 14, 187, 24, 96, 175, 48]]",true
142,11986,4534,OR-opt,CMT5.vrp,"[[93, 42, 21, 166, 59, 84, 8, 189, 107, 104], [123, 167, 51, 146, 73, 144], [5, 108, 50, 130, 97, 106, 182, 185, 113, 30], [54, 157, 191, 195, 159, 183, 23, 89, 156, 174, 140, 103, 179, 11], [92, 148, 163, 165, 85, 33, 53, 115, 91, 186, 139], [151, 17, 81, 109, 39, 56, 164, 20], [105, 188, 116, 197, 137, 141, 28, 64, 173, 122, 154, 58, 150, 7, 76, 101], [172, 196, 136, 184, 143, 37, 29, 128, 170, 77], [142, 98, 99, 149, 10, 127], [95, 45, 46, 102, 110, 57, 135, 90, 41, 66, 112], [120, 61, 190, 68, 74, 168, 131, 31, 52], [12, 161, 44, 55, 49, 26, 134, 35, 70, 83, 94, 160, 43, 198], [132, 69, 19, 78, 88, 2, 22, 126, 147, 9, 169], [138, 155, 124, 153, 13, 176, 193, 199, 16, 133, 38], [1, 180, 118, 111, 72, 75, 145, 86, 117, 114], [129, 34, 60, 40, 158], [152, 125, 119, 100, 32, 63], [15, 82, 162, 177, 36, 4, 62, 18, 65, 87, 47, 121], [71, 67, 25, 181, 194, 3, 80, 27, 171, 79], [192, 6, 178, 14, 187, 24, 96, 175, 48]]",true
143,12054,4515,OR-opt,CMT5.vrp,"[[93, 42, 21, 166, 59, 84, 8, 189, 107, 104], [123, 167, 51, 146, 73, 144], [5, 108, 50, 130, 97, 106, 182, 185, 113, 30], [54, 157, 191, 195, 159, 183, 23, 89, 156, 174, 140, 103, 179, 11], [92, 148, 163, 165, 85, 33, 53, 115, 91, 186, 139], [151, 17, 81, 109, 39, 56, 164, 20], [105, 188, 116, 197, 137, 141, 28, 64, 173, 122, 154, 58, 150, 7, 76, 101], [172, 196, 136, 184, 143, 37, 29, 128, 170, 77], [142, 98, 99, 149, 10, 127], [95, 45, 46, 102, 110, 57, 135, 90, 41, 66, 112], [120, 61, 190, 68, 74, 168, 131, 31, 52], [12, 161, 44, 55, 49, 26, 134, 35, 70, 83, 94, 160, 43, 198], [132, 69, 19, 78, 88, 2, 22, 126, 147, 9, 169], [124, 153, 13, 133, 38, 176, 138, 155, 193, 199, 16], [1, 180, 118, 111, 72, 75, 145, 86, 117, 114], [129, 34, 60, 40, 158], [152, 125, 119, 100, 32, 63], [15, 82, 162, 177, 36, 4, 62, 18, 65, 87, 47, 121], [71, 67, 25, 181, 194, 3, 80, 27, 171, 79], [192, 6, 178, 14, 187, 24, 96, 175, 48]]",true
144,12087,4512,OR-opt,CMT5.vrp,"[[93, 42, 21, 166, 59, 84, 8, 189, 107, 104], [123, 167, 51, 146, 73, 144], [5, 108, 50, 130, 97, 106, 182, 185, 113, 30], [54, 157, 191, 195, 159, 183, 23, 89, 156, 174, 140, 103, 179, 11], [92, 148, 163, 165, 85, 33, 53, 115, 91, 186, 139], [151, 17, 81, 109, 39, 56, 164, 20], [105, 188, 116, 197, 137, 141, 28, 64, 173, 122, 154, 58, 150, 7, 76, 101], [172, 196, 136, 184, 143, 37, 29, 128, 170, 77], [142, 98, 99, 149, 10, 127], [95, 45, 46, 102, 110, 57, 135, 90, 41, 66, 112], [120, 61, 190, 68, 74, 168, 131, 31, 52], [12, 161, 44, 55, 49, 26, 134, 35, 70, 83, 94, 160, 43, 198], [132, 69, 19, 78, 88, 2, 22, 126, 147, 9, 169], [13, 133, 38, 176, 124, 153, 138, 155, 193, 199, 16], [1, 180, 118, 111, 72, 75, 145, 86, 117, 114], [129, 34, 60, 40, 158], [152, 125, 119, 100, 32, 63], [15, 82, 162, 177, 36, 4, 62, 18, 65, 87, 47, 121], [71, 67, 25, 181, 194, 3, 80, 27, 171, 79], [192, 6, 178, 14, 187, 24, 96, 175, 48]]",true
145,12165,4498,OR-opt,CMT5.vrp,"[[93, 42, 21, 166, 59, 84, 8, 189, 107, 104], [123, 167, 51, 146, 73, 144], [5, 108, 50, 130, 97, 106, 182, 185, 113, 30], [54, 157, 191, 195, 159, 183, 23, 89, 156, 174, 140, 103, 179, 11], [92, 148, 163, 165, 85, 33, 53, 115, 91, 186, 139], [151, 17, 81, 109, 39, 56, 164, 20], [105, 188, 116, 197, 137, 141, 28, 64, 173, 122, 154, 58, 150, 7, 76, 101], [172, 196, 136, 184, 143, 37, 29, 128, 170, 77], [142, 98, 99, 149, 10, 127], [95, 45, 46, 102, 110, 57, 135, 90, 41, 66, 112], [120, 61, 190, 68, 74, 168, 131, 31, 52], [12, 161, 44, 55, 49, 26, 134, 35, 70, 83, 94, 160, 43, 198], [132, 69, 19, 78, 88, 2, 22, 126, 147, 9, 169], [138, 155, 124, 153, 13, 133, 38, 176, 193, 199, 16], [1, 180, 118, 111, 72, 75, 145, 86, 117, 114], [129, 34, 60, 40, 158], [152, 125, 119, 100, 32, 63], [15, 82, 162, 177, 36, 4, 62, 18, 65, 87, 47, 121], [71, 67, 25, 181, 194, 3, 80, 27, 171, 79], [192, 6, 178, 14, 187, 24, 96, 175, 48]]",true
146,12265,4496,OR-opt,CMT5.vrp,"[[93, 42, 21, 166, 59, 84, 8, 189, 107, 104], [123, 167, 51, 146, 73, 144], [5, 108, 50, 130, 97, 106, 182, 185, 113, 30], [54, 157, 191, 195, 159, 183, 23, 89, 156, 174, 140, 103, 179, 11], [92, 148, 163, 165, 85, 33, 53, 115, 91, 186, 139], [151, 17, 81, 109, 39, 56, 164, 20], [105, 188, 116, 197, 137, 141, 28, 64, 173, 122, 154, 58, 150, 7, 76, 101], [172, 196, 136, 184, 143, 37, 29, 128, 170, 77], [142, 98, 99, 149, 10, 127], [95, 45, 46, 102, 110, 57, 135, 90, 41, 66, 112], [120, 61, 190, 68, 74, 168, 131, 31, 52], [12, 161, 44, 55, 49, 26, 134, 35, 70, 83, 94, 160, 43, 198], [132, 69, 19, 78, 88, 2, 22, 126, 147, 9, 169], [138, 155, 124, 153, 13, 176, 133, 38, 193, 199, 16], [1, 180, 118, 111, 72, 75, 145, 86, 117, 114], [129, 34, 60, 40, 158], [152, 125, 119, 100, 32, 63], [15, 82, 162, 177, 36, 4, 62, 18, 65, 87, 47, 121], [71, 67, 25, 181, 194, 3, 80, 27, 171, 79], [192, 6, 178, 14, 187, 24, 96, 175, 48]]",true
147,12400,4494,OR-opt,CMT5.vrp,"[[93, 42, 21, 166, 59, 84, 8, 189, 107, 104], [123, 167, 51, 146, 73, 144], [5, 108, 50, 130, 97, 106, 182, 185, 113, 30], [54, 157, 191, 195, 159, 183, 23, 89, 156, 174, 140, 103, 179, 11], [92, 148, 163, 165, 85, 33, 53, 115, 91, 186, 139], [151, 17, 81, 109, 39, 56, 164, 20], [105, 188, 116, 197, 137, 141, 28, 64, 173, 122, 154, 58, 150, 7, 76, 101], [172, 196, 136, 184, 143, 37, 29, 128, 170, 77], [142, 98, 99, 149, 10, 127], [95, 45, 46, 102, 110, 57, 135, 90, 41, 66, 112], [120, 61, 190, 68, 74, 168, 131, 31, 52], [12, 161, 44, 55, 49, 26, 134, 35, 70, 83, 94, 160, 43, 198], [132, 69, 19, 78, 88, 2, 22, 126, 147, 9, 169], [193, 199, 138, 155, 124, 153, 13, 176, 133, 38, 16], [1, 180, 118, 111, 72, 75, 145, 86, 117, 114], [129, 34, 60, 40, 158], [152, 125, 119, 100, 32, 63], [15, 82, 162, 177, 36, 4, 62, 18, 65, 87, 47, 121], [71, 67, 25, 181, 194, 3, 80, 27, 171, 79], [192, 6, 178, 14, 187, 24, 96, 175, 48]]",true
148,12436,4494,OR-opt,CMT5.vrp,"[[93, 42, 21, 166, 59, 84, 8, 189, 107, 104], [123, 167, 51, 146, 73, 144], [5, 108, 50, 130, 97, 106, 182, 185, 113, 30], [54, 157, 191, 195, 159, 183, 23, 89, 156, 174, 140, 103, 179, 11], [92, 148, 163, 165, 85, 33, 53, 115, 91, 186, 139], [151, 17, 81, 109, 39, 56, 164, 20], [105, 188, 116, 197, 137, 141, 28, 64, 173, 122, 154, 58, 150, 7, 76, 101], [172, 196, 136, 184, 143, 37, 29, 128, 170, 77], [142, 98, 99, 149, 10, 127], [95, 45, 46, 102, 110, 57, 135, 90, 41, 66, 112], [120, 61, 190, 68, 74, 168, 131, 31, 52], [12, 161, 44, 55, 49, 26, 134, 35, 70, 83, 94, 160, 43, 198], [132, 69, 19, 78, 88, 2, 22, 126, 147, 9, 169], [138, 155, 124, 153, 13, 176, 133, 38, 16, 193, 199], [1, 180, 118, 111, 72, 75, 145, 86, 117, 114], [129, 34, 60, 40, 158], [152, 125, 119, 100, 32, 63], [15, 82, 162, 177, 36, 4, 62, 18, 65, 87, 47, 121], [71, 67, 25, 181, 194, 3, 80, 27, 171, 79], [192, 6, 178, 14, 187, 24, 96, 175, 48]]",true
149,12566,4482,OR-opt,CMT5.vrp,"[[93, 42, 21, 166, 59, 84, 8, 189, 107, 104], [123, 167, 51, 146, 73, 144], [5, 108, 50, 130, 97, 106, 182, 185, 113, 30], [54, 157, 191, 195, 159, 183, 23, 89, 156, 174, 140, 103, 179, 11], [92, 148, 163, 165, 85, 33, 53, 115, 91, 186, 139], [151, 17, 81, 109, 39, 56, 164, 20], [105, 188, 116, 197, 137, 141, 28, 64, 173, 122, 154, 58, 150, 7, 76, 101], [172, 196, 136, 184, 143, 37, 29, 128, 170, 77], [142, 98, 99, 149, 10, 127], [95, 45, 46, 102, 110, 57, 135, 90, 41, 66, 112], [120, 61, 190, 68, 74, 168, 131, 31, 52], [12, 161, 44, 55, 49, 26, 134, 35, 70, 83, 94, 160, 43, 198], [132, 69, 19, 78, 88, 2, 22, 126, 147, 9, 169], [138, 155, 124, 153, 13, 176, 133, 38, 16, 193, 199], [118, 1, 180, 111, 72, 75, 145, 86, 117, 114], [129, 34, 60, 40, 158], [152, 125, 119, 100, 32, 63], [15, 82, 162, 177, 36, 4, 62, 18, 65, 87, 47, 121], [71, 67, 25, 181, 194, 3, 80, 27, 171, 79], [192, 6, 178, 14, 187, 24, 96, 175, 48]]",true
150,12608,4418,OR-opt,CMT5.vrp,"[[93, 42, 21, 166, 59, 84, 8, 189, 107, 104], [123, 167, 51, 146, 73, 144], [5, 108, 50, 130, 97, 106, 182, 185, 113, 30], [54, 157, 191, 195, 159, 183, 23, 89, 156, 174, 140, 103, 179, 11], [92, 148, 163, 165, 85, 33, 53, 115, 91, 186, 139], [151, 17, 81, 109, 39, 56, 164, 20], [105, 188, 116, 197, 137, 141, 28, 64, 173, 122, 154, 58, 150, 7, 76, 101], [172, 196, 136, 184, 143, 37, 29, 128, 170, 77], [142, 98, 99, 149, 10, 127], [95, 45, 46, 102, 110, 57, 135, 90, 41, 66, 112], [120, 61, 190, 68, 74, 168, 131, 31, 52], [12, 161, 44, 55, 49, 26, 134, 35, 70, 83, 94, 160, 43, 198], [132, 69, 19, 78, 88, 2, 22, 126, 147, 9, 169], [138, 155, 124, 153, 13, 176, 133, 38, 16, 193, 199], [1, 111, 180, 118, 72, 75, 145, 86, 117, 114], [129, 34, 60, 40, 158], [152, 125, 119, 100, 32, 63], [15, 82, 162, 177, 36, 4, 62, 18, 65, 87, 47, 121], [71, 67, 25, 181, 194, 3, 80, 27, 171, 79], [192, 6, 178, 14, 187, 24, 96, 175, 48]]",true
151,12717,4411,OR-opt,CMT5.vrp,"[[93, 42, 21, 166, 59, 84, 8, 189, 107, 104], [123, 167, 51, 146, 73, 144], [5, 108, 50, 130, 97, 106, 182, 185, 113, 30], [54, 157, 191, 195, 159, 183, 23, 89, 156, 174, 140, 103, 179, 11], [92, 148, 163, 165, 85, 33, 53, 115, 91, 186, 139], [151, 17, 81, 109, 39, 56, 164, 20], [105, 188, 116, 197, 137, 141, 28, 64, 173, 122, 154, 58, 150, 7, 76, 101], [172, 196, 136, 184, 143, 37, 29, 128, 170, 77], [142, 98, 99, 149, 10, 127], [95, 45, 46, 102, 110, 57, 135, 90, 41, 66, 112], [120, 61, 190, 68, 74, 168, 131, 31, 52], [12, 161, 44, 55, 49, 26, 134, 35, 70, 83, 94, 160, 43, 198], [132, 69, 19, 78, 88, 2, 22, 126, 147, 9, 169], [138, 155, 124, 153, 13, 176, 133, 38, 16, 193, 199], [180, 118, 72, 75, 145, 86, 117, 114, 1, 111], [129, 34, 60, 40, 158], [152, 125, 119, 100, 32, 63], [15, 82, 162, 177, 36, 4, 62, 18, 65, 87, 47, 121], [71, 67, 25, 181, 194, 3, 80, 27, 171, 79], [192, 6, 178, 14, 187, 24, 96, 175, 48]]",true
152,12767,4392,OR-opt,CMT5.vrp,"[[93, 42, 21, 166, 59, 84, 8, 189, 107, 104], [123, 167, 51, 146, 73, 144], [5, 108, 50, 130, 97, 106, 182, 185, 113, 30], [54, 157, 191, 195, 159, 183, 23, 89, 156, 174, 140, 103, 179, 11], [92, 148, 163, 165, 85, 33, 53, 115, 91, 186, 139], [151, 17, 81, 109, 39, 56, 164, 20], [105, 188, 116, 197, 137, 141, 28, 64, 173, 122, 154, 58, 150, 7, 76, 101], [172, 196, 136, 184, 143, 37, 29, 128, 170, 77], [142, 98, 99, 149, 10, 127], [95, 45, 46, 102, 110, 57, 135, 90, 41, 66, 112], [120, 61, 190, 68, 74, 168, 131, 31, 52], [12, 161, 44, 55, 49, 26, 134, 35, 70, 83, 94, 160, 43, 198], [132, 69, 19, 78, 88, 2, 22, 126, 147, 9, 169], [138, 155, 124, 153, 13, 176, 133, 38, 16, 193, 199], [1, 111, 180, 75, 118, 72, 145, 86, 117, 114], [129, 34, 60, 40, 158], [152, 125, 119, 100, 32, 63], [15, 82, 162, 177, 36, 4, 62, 18, 65, 87, 47, 121], [71, 67, 25, 181, 194, 3, 80, 27, 171, 79], [192, 6, 178, 14, 187, 24, 96, 175, 48]]",true
153,12829,4376,OR-opt,CMT5.vrp,"[[93, 42, 21, 166, 59, 84, 8, 189, 107, 104], [123, 167, 51, 146, 73, 144], [5, 108, 50, 130, 97, 106, 182, 185, 113, 30], [54, 157, 191, 195, 159, 183, 23, 89, 156, 174, 140, 103, 179, 11], [92, 148, 163, 165, 85, 33, 53, 115, 91, 186, 139], [151, 17, 81, 109, 39, 56, 164, 20], [105, 188, 116, 197, 137, 141, 28, 64, 173, 122, 154, 58, 150, 7, 76, 101], [172, 196, 136, 184, 143, 37, 29, 128, 170, 77], [142, 98, 99, 149, 10, 127], [95, 45, 46, 102, 110, 57, 135, 90, 41, 66, 112], [120, 61, 190, 68, 74, 168, 131, 31, 52], [12, 161, 44, 55, 49, 26, 134, 35, 70, 83, 94, 160, 43, 198], [132, 69, 19, 78, 88, 2, 22, 126, 147, 9, 169], [138, 155, 124, 153, 13, 176, 133, 38, 16, 193, 199], [1, 111, 180, 118, 72, 75, 145, 117, 114, 86], [129, 34, 60, 40, 158], [152, 125, 119, 100, 32, 63], [15, 82, 162, 177, 36, 4, 62, 18, 65, 87, 47, 121], [71, 67, 25, 181, 194, 3, 80, 27, 171, 79], [192, 6, 178, 14, 187, 24, 96, 175, 48]]",true
154,12878,4351,OR-opt,CMT5.vrp,"[[93, 42, 21, 166, 59, 84, 8, 189, 107, 104], [123, 167, 51, 146, 73, 144], [5, 108, 50, 130, 97, 106, 182, 185, 113, 30], [54, 157, 191, 195, 159, 183, 23, 89, 156, 174, 140, 103, 179, 11], [92, 148, 163, 165, 85, 33, 53, 115, 91, 186, 139], [151, 17, 81, 109, 39, 56, 164, 20], [105, 188, 116, 197, 137, 141, 28, 64, 173, 122, 154, 58, 150, 7, 76, 101], [172, 196, 136, 184, 143, 37, 29, 128, 170, 77], [142, 98, 99, 149, 10, 127], [95, 45, 46, 102, 110, 57, 135, 90, 41, 66, 112], [120, 61, 190, 68, 74, 168, 131, 31, 52], [12, 161, 44, 55, 49, 26, 134, 35, 70, 83, 94, 160, 43, 198], [132, 69, 19, 78, 88, 2, 22, 126, 147, 9, 169], [138, 155, 124, 153, 13, 176, 133, 38, 16, 193, 199], [1, 111, 180, 75, 118, 72, 145, 117, 114, 86], [129, 34, 60, 40, 158], [152, 125, 119, 100, 32, 63], [15, 82, 162, 177, 36, 4, 62, 18, 65, 87, 47, 121], [71, 67, 25, 181, 194, 3, 80, 27, 171, 79], [192, 6, 178, 14, 187, 24, 96, 175, 48]]",true
155,12994,4339,OR-opt,CMT5.vrp,"[[93, 42, 21, 166, 59, 84, 8, 189, 107, 104], [123, 167, 51, 146, 73, 144], [5, 108, 50, 130, 97, 106, 182, 185, 113, 30], [54, 157, 191, 195, 159, 183, 23, 89, 156, 174, 140, 103, 179, 11], [92, 148, 163, 165, 85, 33, 53, 115, 91, 186, 139], [151, 17, 81, 109, 39, 56, 164, 20], [105, 188, 116, 197, 137, 141, 28, 64, 173, 122, 154, 58, 150, 7, 76, 101], [172, 196, 136, 184, 143, 37, 29, 128, 170, 77], [142, 98, 99, 149, 10, 127], [95, 45, 46, 102, 110, 57, 135, 90, 41, 66, 112], [120, 61, 190, 68, 74, 168, 131, 31, 52], [12, 161, 44, 55, 49, 26, 134, 35, 70, 83, 94, 160, 43, 198], [132, 69, 19, 78, 88, 2, 22, 126, 147, 9, 169], [138, 155, 124, 153, 13, 176, 133, 38, 16, 193, 199], [114, 86, 1, 111, 180, 75, 118, 72, 145, 117], [129, 34, 60, 40, 158], [152, 125, 119, 100, 32, 63], [15, 82, 162, 177, 36, 4, 62, 18, 65, 87, 47, 121], [71, 67, 25, 181, 194, 3, 80, 27, 171, 79], [192, 6, 178, 14, 187, 24, 96, 175, 48]]",true
156,13022,4327,OR-opt,CMT5.vrp,"[[93, 42, 21, 166, 59, 84, 8, 189, 107, 104], [123, 167, 51, 146, 73, 144], [5, 108, 50, 130, 97, 106, 182, 185, 113, 30], [54, 157, 191, 195, 159, 183, 23, 89, 156, 174, 140, 103, 179, 11], [92, 148, 163, 165, 85, 33, 53, 115, 91, 186, 139], [151, 17, 81, 109, 39, 56, 164, 20], [105, 188, 116, 197, 137, 141, 28, 64, 173, 122, 154, 58, 150, 7, 76, 101], [172, 196, 136, 184, 143, 37, 29, 128, 170, 77], [142, 98, 99, 149, 10, 127], [95, 45, 46, 102, 110, 57, 135, 90, 41, 66, 112], [120, 61, 190, 68, 74, 168, 131, 31, 52], [12, 161, 44, 55, 49, 26, 134, 35, 70, 83, 94, 160, 43, 198], [132, 69, 19, 78, 88, 2, 22, 126, 147, 9, 169], [138, 155, 124, 153, 13, 176, 133, 38, 16, 193, 199], [1, 114, 86, 111, 180, 75, 118, 72, 145, 117], [129, 34, 60, 40, 158], [152, 125, 119, 100, 32, 63], [15, 82, 162, 177, 36, 4, 62, 18, 65, 87, 47, 121], [71, 67, 25, 181, 194, 3, 80, 27, 171, 79], [192, 6, 178, 14, 187, 24, 96, 175, 48]]",true
157,13133,4322,OR-opt,CMT5.vrp,"[[93, 42, 21, 166, 59, 84, 8, 189, 107, 104], [123, 167, 51, 146, 73, 144], [5, 108, 50, 130, 97, 106, 182, 185, 113, 30], [54, 157, 191, 195, 159, 183, 23, 89, 156, 174, 140, 103, 179, 11], [92, 148, 163, 165, 85, 33, 53, 115, 91, 186, 139], [151, 17, 81, 109, 39, 56, 164, 20], [105, 188, 116, 197, 137, 141, 28, 64, 173, 122, 154, 58, 150, 7, 76, 101], [172, 196, 136, 184, 143, 37, 29, 128, 170, 77], [142, 98, 99, 149, 10, 127], [95, 45, 46, 102, 110, 57, 135, 90, 41, 66, 112], [120, 61, 190, 68, 74, 168, 131, 31, 52], [12, 161, 44, 55, 49, 26, 134, 35, 70, 83, 94, 160, 43, 198], [132, 69, 19, 78, 88, 2, 22, 126, 147, 9, 169], [138, 155, 124, 153, 13, 176, 133, 38, 16, 193, 199], [1, 114, 86, 111, 180, 75, 118, 72, 145, 117], [60, 40, 129, 34, 158], [152, 125, 119, 100, 32, 63], [15, 82, 162, 177, 36, 4, 62, 18, 65, 87, 47, 121], [71, 67, 25, 181, 194, 3, 80, 27, 171, 79], [192, 6, 178, 14, 187, 24, 96, 175, 48]]",true
158,13359,4313,OR-opt,CMT5.vrp,"[[93, 42, 21, 166, 59, 84, 8, 189, 107, 104], [123, 167, 51, 146, 73, 144], [5, 108, 50, 130, 97, 106, 182, 185, 113, 30], [54, 157, 191, 195, 159, 183, 23, 89, 156, 174, 140, 103, 179, 11], [92, 148, 163, 165, 85, 33, 53, 115, 91, 186, 139], [151, 17, 81, 109, 39, 56, 164, 20], [105, 188, 116, 197, 137, 141, 28, 64, 173, 122, 154, 58, 150, 7, 76, 101], [172, 196, 136, 184, 143, 37, 29, 128, 170, 77], [142, 98, 99, 149, 10, 127], [95, 45, 46, 102, 110, 57, 135, 90, 41, 66, 112], [120, 61, 190, 68, 74, 168, 131, 31, 52], [12, 161, 44, 55, 49, 26, 134, 35, 70, 83, 94, 160, 43, 198], [132, 69, 19, 78, 88, 2, 22, 126, 147, 9, 169], [138, 155, 124, 153, 13, 176, 133, 38, 16, 193, 199], [1, 114, 86, 111, 180, 75, 118, 72, 145, 117], [34, 60, 129, 40, 158], [152, 125, 119, 100, 32, 63], [15, 82, 162, 177, 36, 4, 62, 18, 65, 87, 47, 121], [71, 67, 25, 181, 194, 3, 80, 27, 171, 79], [192, 6, 178, 14, 187, 24, 96, 175, 48]]",true
159,13445,4250,OR-opt,CMT5.vrp,"[[93, 42, 21, 166, 59, 84, 8, 189, 107, 104], [123, 167, 51, 146, 73, 144], [5, 108, 50, 130, 97, 106, 182, 185, 113, 30], [54, 157, 191, 195, 159, 183, 23, 89, 156, 174, 140, 103, 179, 11], [92, 148, 163, 165, 85, 33, 53, 115, 91, 186, 139], [151, 17, 81, 109, 39, 56, 164, 20], [105, 188, 116, 197, 137, 141, 28, 64, 173, 122, 154, 58, 150, 7, 76, 101], [172, 196, 136, 184, 143, 37, 29, 128, 170, 77], [142, 98, 99, 149, 10, 127], [95, 45, 46, 102, 110, 57, 135, 90, 41, 66, 112], [120, 61, 190, 68, 74, 168, 131, 31, 52], [12, 161, 44, 55, 49, 26, 134, 35, 70, 83, 94, 160, 43, 198], [132, 69, 19, 78, 88, 2, 22, 126, 147, 9, 169], [138, 155, 124, 153, 13, 176, 133, 38, 16, 193, 199], [1, 114, 86, 111, 180, 75, 118, 72, 145, 117], [34, 60, 129, 40, 158], [152, 125, 119, 100, 32, 63], [162, 177, 15, 82, 36, 4, 62, 18, 65, 87, 47, 121], [71, 67, 25, 181, 194, 3, 80, 27, 171, 79], [192, 6, 178, 14, 187, 24, 96, 175, 48]]",true
160,13509,4207,OR-opt,CMT5.vrp,"[[93, 42, 21, 166, 59, 84, 8, 189, 107, 104], [123, 167, 51, 146, 73, 144], [5, 108, 50, 130, 97, 106, 182, 185, 113, 30], [54, 157, 191, 195, 159, 183, 23, 89, 156, 174, 140, 103, 179, 11], [92, 148, 163, 165, 85, 33, 53, 115, 91, 186, 139], [151, 17, 81, 109, 39, 56, 164, 20], [105, 188, 116, 197, 137, 141, 28, 64, 173, 122, 154, 58, 150, 7, 76, 101], [172, 196, 136, 184, 143, 37, 29, 128, 170, 77], [142, 98, 99, 149, 10, 127], [95, 45, 46, 102, 110, 57, 135, 90, 41, 66, 112], [120, 61, 190, 68, 74, 168, 131, 31, 52], [12, 161, 44, 55, 49, 26, 134, 35, 70, 83, 94, 160, 43, 198], [132, 69, 19, 78, 88, 2, 22, 126, 147, 9, 169], [138, 155, 124, 153, 13, 176, 133, 38, 16, 193, 199], [1, 114, 86, 111, 180, 75, 118, 72, 145, 117], [34, 60, 129, 40, 158], [152, 125, 119, 100, 32, 63], [15, 82, 36, 4, 62, 18, 162, 177, 65, 87, 47, 121], [71, 67, 25, 181, 194, 3, 80, 27, 171, 79], [192, 6, 178, 14, 187, 24, 96, 175, 48]]",true
161,13646,4194,OR-opt,CMT5.vrp,"[[93, 42, 21, 166, 59, 84, 8, 189, 107, 104], [123, 167, 51, 146, 73, 144], [5, 108, 50, 130, 97, 106, 182, 185, 113, 30], [54, 157, 191, 195, 159, 183, 23, 89, 156, 174, 140, 103, 179, 11], [92, 148, 163, 165, 85, 33, 53, 115, 91, 186, 139], [151, 17, 81, 109, 39, 56, 164, 20], [105, 188, 116, 197, 137, 141, 28, 64, 173, 122, 154, 58, 150, 7, 76, 101], [172, 196, 136, 184, 143, 37, 29, 128, 170, 77], [142, 98, 99, 149, 10, 127], [95, 45, 46, 102, 110, 57, 135, 90, 41, 66, 112], [120, 61, 190, 68, 74, 168, 131, 31, 52], [12, 161, 44, 55, 49, 26, 134, 35, 70, 83, 94, 160, 43, 198], [132, 69, 19, 78, 88, 2, 22, 126, 147, 9, 169], [138, 155, 124, 153, 13, 176, 133, 38, 16, 193, 199], [1, 114, 86, 111, 180, 75, 118, 72, 145, 117], [34, 60, 129, 40, 158], [152, 125, 119, 100, 32, 63], [82, 36, 15, 4, 62, 18, 162, 177, 65, 87, 47, 121], [71, 67, 25, 181, 194, 3, 80, 27, 171, 79], [192, 6, 178, 14, 187, 24, 96, 175, 48]]",true
162,13687,4191,OR-opt,CMT5.vrp,"[[93, 42, 21, 166, 59, 84, 8, 189, 107, 104], [123, 167, 51, 146, 73, 144], [5, 108, 50, 130, 97, 106, 182, 185, 113, 30], [54, 157, 191, 195, 159, 183, 23, 89, 156, 174, 140, 103, 179, 11], [92, 148, 163, 165, 85, 33, 53, 115, 91, 186, 139], [151, 17, 81, 109, 39, 56, 164, 20], [105, 188, 116, 197, 137, 141, 28, 64, 173, 122, 154, 58, 150, 7, 76, 101], [172, 196, 136, 184, 143, 37, 29, 128, 170, 77], [142, 98, 99, 149, 10, 127], [95, 45, 46, 102, 110, 57, 135, 90, 41, 66, 112], [120, 61, 190, 68, 74, 168, 131, 31, 52], [12, 161, 44, 55, 49, 26, 134, 35, 70, 83, 94, 160, 43, 198], [132, 69, 19, 78, 88, 2, 22, 126, 147, 9, 169], [138, 155, 124, 153, 13, 176, 133, 38, 16, 193, 199], [1, 114, 86, 111, 180, 75, 118, 72, 145, 117], [34, 60, 129, 40, 158], [152, 125, 119, 100, 32, 63], [15, 4, 62, 18, 162, 177, 65, 87, 82, 36, 47, 121], [71, 67, 25, 181, 194, 3, 80, 27, 171, 79], [192, 6, 178, 14, 187, 24, 96, 175, 48]]",true
163,13717,4188,OR-opt,CMT5.vrp,"[[93, 42, 21, 166, 59, 84, 8, 189, 107, 104], [123, 167, 51, 146, 73, 144], [5, 108, 50, 130, 97, 106, 182, 185, 113, 30], [54, 157, 191, 195, 159, 183, 23, 89, 156, 174, 140, 103, 179, 11], [92, 148, 163, 165, 85, 33, 53, 115, 91, 186, 139], [151, 17, 81, 109, 39, 56, 164, 20], [105, 188, 116, 197, 137, 141, 28, 64, 173, 122, 154, 58, 150, 7, 76, 101], [172, 196, 136, 184, 143, 37, 29, 128, 170, 77], [142, 98, 99, 149, 10, 127], [95, 45, 46, 102, 110, 57, 135, 90, 41, 66, 112], [120, 61, 190, 68, 74, 168, 131, 31, 52], [12, 161, 44, 55, 49, 26, 134, 35, 70, 83, 94, 160, 43, 198], [132, 69, 19, 78, 88, 2, 22, 126, 147, 9, 169], [138, 155, 124, 153, 13, 176, 133, 38, 16, 193, 199], [1, 114, 86, 111, 180, 75, 118, 72, 145, 117], [34, 60, 129, 40, 158], [152, 125, 119, 100, 32, 63], [15, 4, 62, 18, 162, 177, 65, 87, 47, 82, 36, 121], [71, 67, 25, 181, 194, 3, 80, 27, 171, 79], [192, 6, 178, 14, 187, 24, 96, 175, 48]]",true
164,13746,4185,OR-opt,CMT5.vrp,"[[93, 42, 21, 166, 59, 84, 8, 189, 107, 104], [123, 167, 51, 146, 73, 144], [5, 108, 50, 130, 97, 106, 182, 185, 113, 30], [54, 157, 191, 195, 159, 183, 23, 89, 156, 174, 140, 103, 179, 11], [92, 148, 163, 165, 85, 33, 53, 115, 91, 186, 139], [151, 17, 81, 109, 39, 56, 164, 20], [105, 188, 116, 197, 137, 141, 28, 64, 173, 122, 154, 58, 150, 7, 76, 101], [172, 196, 136, 184, 143, 37, 29, 128, 170, 77], [142, 98, 99, 149, 10, 127], [95, 45, 46, 102, 110, 57, 135, 90, 41, 66, 112], [120, 61, 190, 68, 74, 168, 131, 31, 52], [12, 161, 44, 55, 49, 26, 134, 35, 70, 83, 94, 160, 43, 198], [132, 69, 19, 78, 88, 2, 22, 126, 147, 9, 169], [138, 155, 124, 153, 13, 176, 133, 38, 16, 193, 199], [1, 114, 86, 111, 180, 75, 118, 72, 145, 117], [34, 60, 129, 40, 158], [152, 125, 119, 100, 32, 63], [15, 4, 62, 18, 162, 177, 65, 87, 47, 121, 82, 36], [71, 67, 25, 181, 194, 3, 80, 27, 171, 79], [192, 6, 178, 14, 187, 24, 96, 175, 48]]",true
165,13885,4165,OR-opt,CMT5.vrp,"[[93, 42, 21, 166, 59, 84, 8, 189, 107, 104], [123, 167, 51, 146, 73, 144], [5, 108, 50, 130, 97, 106, 182, 185, 113, 30], [54, 157, 191, 195, 159, 183, 23, 89, 156, 174, 140, 103, 179, 11], [92, 148, 163, 165, 85, 33, 53, 115, 91, 186, 139], [151, 17, 81, 109, 39, 56, 164, 20], [105, 188, 116, 197, 137, 141, 28, 64, 173, 122, 154, 58, 150, 7, 76, 101], [172, 196, 136, 184, 143, 37, 29, 128, 170, 77], [142, 98, 99, 149, 10, 127], [95, 45, 46, 102, 110, 57, 135, 90, 41, 66, 112], [120, 61, 190, 68, 74, 168, 131, 31, 52], [12, 161, 44, 55, 49, 26, 134, 35, 70, 83, 94, 160, 43, 198], [132, 69, 19, 78, 88, 2, 22, 126, 147, 9, 169], [138, 155, 124, 153, 13, 176, 133, 38, 16, 193, 199], [1, 114, 86, 111, 180, 75, 118, 72, 145, 117], [34, 60, 129, 40, 158], [152, 125, 119, 100, 32, 63], [15, 47, 121, 82, 36, 4, 62, 18, 162, 177, 65, 87], [71, 67, 25, 181, 194, 3, 80, 27, 171, 79], [192, 6, 178, 14, 187, 24, 96, 175, 48]]",true
166,13955,4163,OR-opt,CMT5.vrp,"[[93, 42, 21, 166, 59, 84, 8, 189, 107, 104], [123, 167, 51, 146, 73, 144], [5, 108, 50, 130, 97, 106, 182, 185, 113, 30], [54, 157, 191, 195, 159, 183, 23, 89, 156, 174, 140, 103, 179, 11], [92, 148, 163, 165, 85, 33, 53, 115, 91, 186, 139], [151, 17, 81, 109, 39, 56, 164, 20], [105, 188, 116, 197, 137, 141, 28, 64, 173, 122, 154, 58, 150, 7, 76, 101], [172, 196, 136, 184, 143, 37, 29, 128, 170, 77], [142, 98, 99, 149, 10, 127], [95, 45, 46, 102, 110, 57, 135, 90, 41, 66, 112], [120, 61, 190, 68, 74, 168, 131, 31, 52], [12, 161, 44, 55, 49, 26, 134, 35, 70, 83, 94, 160, 43, 198], [132, 69, 19, 78, 88, 2, 22, 126, 147, 9, 169], [138, 155, 124, 153, 13, 176, 133, 38, 16, 193, 199], [1, 114, 86, 111, 180, 75, 118, 72, 145, 117], [34, 60, 129, 40, 158], [152, 125, 119, 100, 32, 63], [15, 47, 36, 121, 82, 4, 62, 18, 162, 177, 65, 87], [71, 67, 25, 181, 194, 3, 80, 27, 171, 79], [192, 6, 178, 14, 187, 24, 96, 175, 48]]",true
167,14324,4159,OR-opt,CMT5.vrp,"[[93, 42, 21, 166, 59, 84, 8, 189, 107, 104], [123, 167, 51, 146, 73, 144], [5, 108, 50, 130, 97, 106, 182, 185, 113, 30], [54, 157, 191, 195, 159, 183, 23, 89, 156, 174, 140, 103, 179, 11], [92, 148, 163, 165, 85, 33, 53, 115, 91, 186, 139], [151, 17, 81, 109, 39, 56, 164, 20], [105, 188, 116, 197, 137, 141, 28, 64, 173, 122, 154, 58, 150, 7, 76, 101], [172, 196, 136, 184, 143, 37, 29, 128, 170, 77], [142, 98, 99, 149, 10, 127], [95, 45, 46, 102, 110, 57, 135, 90, 41, 66, 112], [120, 61, 190, 68, 74, 168, 131, 31, 52], [12, 161, 44, 55, 49, 26, 134, 35, 70, 83, 94, 160, 43, 198], [132, 69, 19, 78, 88, 2, 22, 126, 147, 9, 169], [138, 155, 124, 153, 13, 176, 133, 38, 16, 193, 199], [1, 114, 86, 111, 180, 75, 118, 72, 145, 117], [34, 60, 129, 40, 158], [152, 125, 119, 100, 32, 63], [15, 47, 36, 121, 82, 4, 62, 18, 162, 177, 65, 87], [25, 181, 71, 67, 194, 3, 80, 27, 171, 79], [192, 6, 178, 14, 187, 24, 96, 175, 48]]",true
168,14366,4155,OR-opt,CMT5.vrp,"[[93, 42, 21, 166, 59, 84, 8, 189, 107, 104], [123, 167, 51, 146, 73, 144], [5, 108, 50, 130, 97, 106, 182, 185, 113, 30], [54, 157, 191, 195, 159, 183, 23, 89, 156, 174, 140, 103, 179, 11], [92, 148, 163, 165, 85, 33, 53, 115, 91, 186, 139], [151, 17, 81, 109, 39, 56, 164, 20], [105, 188, 116, 197, 137, 141, 28, 64, 173, 122, 154, 58, 150, 7, 76, 101], [172, 196, 136, 184, 143, 37, 29, 128, 170, 77], [142, 98, 99, 149, 10, 127], [95, 45, 46, 102, 110, 57, 135, 90, 41, 66, 112], [120, 61, 190, 68, 74, 168, 131, 31, 52], [12, 161, 44, 55, 49, 26, 134, 35, 70, 83, 94, 160, 43, 198], [132, 69, 19, 78, 88, 2, 22, 126, 147, 9, 169], [138, 155, 124, 153, 13, 176, 133, 38, 16, 193, 199], [1, 114, 86, 111, 180, 75, 118, 72, 145, 117], [34, 60, 129, 40, 158], [152, 125, 119, 100, 32, 63], [15, 47, 36, 121, 82, 4, 62, 18, 162, 177, 65, 87], [25, 181, 194, 3, 80, 71, 67, 27, 171, 79], [192, 6, 178, 14, 187, 24, 96, 175, 48]]",true
169,14403,4150,OR-opt,CMT5.vrp,"[[93, 42, 21, 166, 59, 84, 8, 189, 107, 104], [123, 167, 51, 146, 73, 144], [5, 108, 50, 130, 97, 106, 182, 185, 113, 30], [54, 157, 191, 195, 159, 183, 23, 89, 156, 174, 140, 103, 179, 11], [92, 148, 163, 165, 85, 33, 53, 115, 91, 186, 139], [151, 17, 81, 109, 39, 56, 164, 20], [105, 188, 116, 197, 137, 141, 28, 64, 173, 122, 154, 58, 150, 7, 76, 101], [172, 196, 136, 184, 143, 37, 29, 128, 170, 77], [142, 98, 99, 149, 10, 127], [95, 45, 46, 102, 110, 57, 135, 90, 41, 66, 112], [120, 61, 190, 68, 74, 168, 131, 31, 52], [12, 161, 44, 55, 49, 26, 134, 35, 70, 83, 94, 160, 43, 198], [132, 69, 19, 78, 88, 2, 22, 126, 147, 9, 169], [138, 155, 124, 153, 13, 176, 133, 38, 16, 193, 199], [1, 114, 86, 111, 180, 75, 118, 72, 145, 117], [34, 60, 129, 40, 158], [152, 125, 119, 100, 32, 63], [15, 47, 36, 121, 82, 4, 62, 18, 162, 177, 65, 87], [71, 181, 194, 67, 25, 3, 80, 27, 171, 79], [192, 6, 178, 14, 187, 24, 96, 175, 48]]",true
170,14436,4145,OR-opt,CMT5.vrp,"[[93, 42, 21, 166, 59, 84, 8, 189, 107, 104], [123, 167, 51, 146, 73, 144], [5, 108, 50, 130, 97, 106, 182, 185, 113, 30], [54, 157, 191, 195, 159, 183, 23, 89, 156, 174, 140, 103, 179, 11], [92, 148, 163, 165, 85, 33, 53, 115, 91, 186, 139], [151, 17, 81, 109, 39, 56, 164, 20], [105, 188, 116, 197, 137, 141, 28, 64, 173, 122, 154, 58, 150, 7, 76, 101], [172, 196, 136, 184, 143, 37, 29, 128, 170, 77], [142, 98, 99, 149, 10, 127], [95, 45, 46, 102, 110, 57, 135, 90, 41, 66, 112], [120, 61, 190, 68, 74, 168, 131, 31, 52], [12, 161, 44, 55, 49, 26, 134, 35, 70, 83, 94, 160, 43, 198], [132, 69, 19, 78, 88, 2, 22, 126, 147, 9, 169], [138, 155, 124, 153, 13, 176, 133, 38, 16, 193, 199], [1, 114, 86, 111, 180, 75, 118, 72, 145, 117], [34, 60, 129, 40, 158], [152, 125, 119, 100, 32, 63], [15, 47, 36, 121, 82, 4, 62, 18, 162, 177, 65, 87], [71, 181, 194, 3, 67, 25, 80, 27, 171, 79], [192, 6, 178, 14, 187, 24, 96, 175, 48]]",true
171,14473,4125,OR-opt,CMT5.vrp,"[[93, 42, 21, 166, 59, 84, 8, 189, 107, 104], [123, 167, 51, 146, 73, 144], [5, 108, 50, 130, 97, 106, 182, 185, 113, 30], [54, 157, 191, 195, 159, 183, 23, 89, 156, 174, 140, 103, 179, 11], [92, 148, 163, 165, 85, 33, 53, 115, 91, 186, 139], [151, 17, 81, 109, 39, 56, 164, 20], [105, 188, 116, 197, 137, 141, 28, 64, 173, 122, 154, 58, 150, 7, 76, 101], [172, 196, 136, 184, 143, 37, 29, 128, 170, 77], [142, 98, 99, 149, 10, 127], [95, 45, 46, 102, 110, 57, 135, 90, 41, 66, 112], [120, 61, 190, 68, 74, 168, 131, 31, 52], [12, 161, 44, 55, 49, 26, 134, 35, 70, 83, 94, 160, 43, 198], [132, 69, 19, 78, 88, 2, 22, 126, 147, 9, 169], [138, 155, 124, 153, 13, 176, 133, 38, 16, 193, 199], [1, 114, 86, 111, 180, 75, 118, 72, 145, 117], [34, 60, 129, 40, 158], [152, 125, 119, 100, 32, 63], [15, 47, 36, 121, 82, 4, 62, 18, 162, 177, 65, 87], [71, 25, 181, 67, 194, 3, 80, 27, 171, 79], [192, 6, 178, 14, 187, 24, 96, 175, 48]]",true
172,14570,4124,OR-opt,CMT5.vrp,"[[93, 42, 21, 166, 59, 84, 8, 189, 107, 104], [123, 167, 51, 146, 73, 144], [5, 108, 50, 130, 97, 106, 182, 185, 113, 30], [54, 157, 191, 195, 159, 183, 23, 89, 156, 174, 140, 103, 179, 11], [92, 148, 163, 165, 85, 33, 53, 115, 91, 186, 139], [151, 17, 81, 109, 39, 56, 164, 20], [105, 188, 116, 197, 137, 141, 28, 64, 173, 122, 154, 58, 150, 7, 76, 101], [172, 196, 136, 184, 143, 37, 29, 128, 170, 77], [142, 98, 99, 149, 10, 127], [95, 45, 46, 102, 110, 57, 135, 90, 41, 66, 112], [120, 61, 190, 68, 74, 168, 131, 31, 52], [12, 161, 44, 55, 49, 26, 134, 35, 70, 83, 94, 160, 43, 198], [132, 69, 19, 78, 88, 2, 22, 126, 147, 9, 169], [138, 155, 124, 153, 13, 176, 133, 38, 16, 193, 199], [1, 114, 86, 111, 180, 75, 118, 72, 145, 117], [34, 60, 129, 40, 158], [152, 125, 119, 100, 32, 63], [15, 47, 36, 121, 82, 4, 62, 18, 162, 177, 65, 87], [181, 67, 194, 3, 71, 25, 80, 27, 171, 79], [192, 6, 178, 14, 187, 24, 96, 175, 48]]",true
173,14647,4103,OR-opt,CMT5.vrp,"[[93, 42, 21, 166, 59, 84, 8, 189, 107, 104], [123, 167, 51, 146, 73, 144], [5, 108, 50, 130, 97, 106, 182, 185, 113, 30], [54, 157, 191, 195, 159, 183, 23, 89, 156, 174, 140, 103, 179, 11], [92, 148, 163, 165, 85, 33, 53, 115, 91, 186, 139], [151, 17, 81, 109, 39, 56, 164, 20], [105, 188, 116, 197, 137, 141, 28, 64, 173, 122, 154, 58, 150, 7, 76, 101], [172, 196, 136, 184, 143, 37, 29, 128, 170, 77], [142, 98, 99, 149, 10, 127], [95, 45, 46, 102, 110, 57, 135, 90, 41, 66, 112], [120, 61, 190, 68, 74, 168, 131, 31, 52], [12, 161, 44, 55, 49, 26, 134, 35, 70, 83, 94, 160, 43, 198], [132, 69, 19, 78, 88, 2, 22, 126, 147, 9, 169], [138, 155, 124, 153, 13, 176, 133, 38, 16, 193, 199], [1, 114, 86, 111, 180, 75, 118, 72, 145, 117], [34, 60, 129, 40, 158], [152, 125, 119, 100, 32, 63], [15, 47, 36, 121, 82, 4, 62, 18, 162, 177, 65, 87], [3, 80, 71, 25, 181, 67, 194, 27, 171, 79], [192, 6, 178, 14, 187, 24, 96, 175, 48]]",true
174,14718,4100,OR-opt,CMT5.vrp,"[[93, 42, 21, 166, 59, 84, 8, 189, 107, 104], [123, 167, 51, 146, 73, 144], [5, 108, 50, 130, 97, 106, 182, 185, 113, 30], [54, 157, 191, 195, 159, 183, 23, 89, 156, 174, 140, 103, 179, 11], [92, 148, 163, 165, 85, 33, 53, 115, 91, 186, 139], [151, 17, 81, 109, 39, 56, 164, 20], [105, 188, 116, 197, 137, 141, 28, 64, 173, 122, 154, 58, 150, 7, 76, 101], [172, 196, 136, 184, 143, 37, 29, 128, 170, 77], [142, 98, 99, 149, 10, 127], [95, 45, 46, 102, 110, 57, 135, 90, 41, 66, 112], [120, 61, 190, 68, 74, 168, 131, 31, 52], [12, 161, 44, 55, 49, 26, 134, 35, 70, 83, 94, 160, 43, 198], [132, 69, 19, 78, 88, 2, 22, 126, 147, 9, 169], [138, 155, 124, 153, 13, 176, 133, 38, 16, 193, 199], [1, 114, 86, 111, 180, 75, 118, 72, 145, 117], [34, 60, 129, 40, 158], [152, 125, 119, 100, 32, 63], [15, 47, 36, 121, 82, 4, 62, 18, 162, 177, 65, 87], [3, 25, 80, 71, 181, 67, 194, 27, 171, 79], [192, 6, 178, 14, 187, 24, 96, 175, 48]]",true
175,14813,4094,OR-opt,CMT5.vrp,"[[93, 42, 21, 166, 59, 84, 8, 189, 107, 104], [123, 167, 51, 146, 73, 144], [5, 108, 50, 130, 97, 106, 182, 185, 113, 30], [54, 157, 191, 195, 159, 183, 23, 89, 156, 174, 140, 103, 179, 11], [92, 148, 163, 165, 85, 33, 53, 115, 91, 186, 139], [151, 17, 81, 109, 39, 56, 164, 20], [105, 188, 116, 197, 137, 141, 28, 64, 173, 122, 154, 58, 150, 7, 76, 101], [172, 196, 136, 184, 143, 37, 29, 128, 170, 77], [142, 98, 99, 149, 10, 127], [95, 45, 46, 102, 110, 57, 135, 90, 41, 66, 112], [120, 61, 190, 68, 74, 168, 131, 31, 52], [12, 161, 44, 55, 49, 26, 134, 35, 70, 83, 94, 160, 43, 198], [132, 69, 19, 78, 88, 2, 22, 126, 147, 9, 169], [138, 155, 124, 153, 13, 176, 133, 38, 16, 193, 199], [1, 114, 86, 111, 180, 75, 118, 72, 145, 117], [34, 60, 129, 40, 158], [152, 125, 119, 100, 32, 63], [15, 47, 36, 121, 82, 4, 62, 18, 162, 177, 65, 87], [3, 80, 71, 25, 181, 67, 194, 79, 27, 171], [192, 6, 178, 14, 187, 24, 96, 175, 48]]",true
176,14847,4078,OR-opt,CMT5.vrp,"[[93, 42, 21, 166, 59, 84, 8, 189, 107, 104], [123, 167, 51, 146, 73, 144], [5, 108, 50, 130, 97, 106, 182, 185, 113, 30], [54, 157, 191, 195, 159, 183, 23, 89, 156, 174, 140, 103, 179, 11], [92, 148, 163, 165, 85, 33, 53, 115, 91, 186, 139], [151, 17, 81, 109, 39, 56, 164, 20], [105, 188, 116, 197, 137, 141, 28, 64, 173, 122, 154, 58, 150, 7, 76, 101], [172, 196, 136, 184, 143, 37, 29, 128, 170, 77], [142, 98, 99, 149, 10, 127], [95, 45, 46, 102, 110, 57, 135, 90, 41, 66, 112], [120, 61, 190, 68, 74, 168, 131, 31, 52], [12, 161, 44, 55, 49, 26, 134, 35, 70, 83, 94, 160, 43, 198], [132, 69, 19, 78, 88, 2, 22, 126, 147, 9, 169], [138, 155, 124, 153, 13, 176, 133, 38, 16, 193, 199], [1, 114, 86, 111, 180, 75, 118, 72, 145, 117], [34, 60, 129, 40, 158], [152, 125, 119, 100, 32, 63], [15, 47, 36, 121, 82, 4, 62, 18, 162, 177, 65, 87], [3, 80, 71, 25, 181, 67, 194, 171, 79, 27], [192, 6, 178, 14, 187, 24, 96, 175, 48]]",true
177,14883,4075,OR-opt,CMT5.vrp,"[[93, 42, 21, 166, 59, 84, 8, 189, 107, 104], [123, 167, 51, 146, 73, 144], [5, 108, 50, 130, 97, 106, 182, 185, 113, 30], [54, 157, 191, 195, 159, 183, 23, 89, 156, 174, 140, 103, 179, 11], [92, 148, 163, 165, 85, 33, 53, 115, 91, 186, 139], [151, 17, 81, 109, 39, 56, 164, 20], [105, 188, 116, 197, 137, 141, 28, 64, 173, 122, 154, 58, 150, 7, 76, 101], [172, 196, 136, 184, 143, 37, 29, 128, 170, 77], [142, 98, 99, 149, 10, 127], [95, 45, 46, 102, 110, 57, 135, 90, 41, 66, 112], [120, 61, 190, 68, 74, 168, 131, 31, 52], [12, 161, 44, 55, 49, 26, 134, 35, 70, 83, 94, 160, 43, 198], [132, 69, 19, 78, 88, 2, 22, 126, 147, 9, 169], [138, 155, 124, 153, 13, 176, 133, 38, 16, 193, 199], [1, 114, 86, 111, 180, 75, 118, 72, 145, 117], [34, 60, 129, 40, 158], [152, 125, 119, 100, 32, 63], [15, 47, 36, 121, 82, 4, 62, 18, 162, 177, 65, 87], [3, 25, 80, 71, 181, 67, 194, 171, 79, 27], [192, 6, 178, 14, 187, 24, 96, 175, 48]]",true
178,15056,4062,OR-opt,CMT5.vrp,"[[93, 42, 21, 166, 59, 84, 8, 189, 107, 104], [123, 167, 51, 146, 73, 144], [5, 108, 50, 130, 97, 106, 182, 185, 113, 30], [54, 157, 191, 195, 159, 183, 23, 89, 156, 174, 140, 103, 179, 11], [92, 148, 163, 165, 85, 33, 53, 115, 91, 186, 139], [151, 17, 81, 109, 39, 56, 164, 20], [105, 188, 116, 197, 137, 141, 28, 64, 173, 122, 154, 58, 150, 7, 76, 101], [172, 196, 136, 184, 143, 37, 29, 128, 170, 77], [142, 98, 99, 149, 10, 127], [95, 45, 46, 102, 110, 57, 135, 90, 41, 66, 112], [120, 61, 190, 68, 74, 168, 131, 31, 52], [12, 161, 44, 55, 49, 26, 134, 35, 70, 83, 94, 160, 43, 198], [132, 69, 19, 78, 88, 2, 22, 126, 147, 9, 169], [138, 155, 124, 153, 13, 176, 133, 38, 16, 193, 199], [1, 114, 86, 111, 180, 75, 118, 72, 145, 117], [34, 60, 129, 40, 158], [152, 125, 119, 100, 32, 63], [15, 47, 36, 121, 82, 4, 62, 18, 162, 177, 65, 87], [3, 25, 80, 71, 181, 67, 194, 171, 79, 27], [178, 14, 187, 24, 192, 6, 96, 175, 48]]",true
179,15106,4055,OR-opt,CMT5.vrp,"[[93, 42, 21, 166, 59, 84, 8, 189, 107, 104], [123, 167, 51, 146, 73, 144], [5, 108, 50, 130, 97, 106, 182, 185, 113, 30], [54, 157, 191, 195, 159, 183, 23, 89, 156, 174, 140, 103, 179, 11], [92, 148, 163, 165, 85, 33, 53, 115, 91, 186, 139], [151, 17, 81, 109, 39, 56, 164, 20], [105, 188, 116, 197, 137, 141, 28, 64, 173, 122, 154, 58, 150, 7, 76, 101], [172, 196, 136, 184, 143, 37, 29, 128, 170, 77], [142, 98, 99, 149, 10, 127], [95, 45, 46, 102, 110, 57, 135, 90, 41, 66, 112], [120, 61, 190, 68, 74, 168, 131, 31, 52], [12, 161, 44, 55, 49, 26, 134, 35, 70, 83, 94, 160, 43, 198], [132, 69, 19, 78, 88, 2, 22, 126, 147, 9, 169], [138, 155, 124, 153, 13, 176, 133, 38, 16, 193, 199], [1, 114, 86, 111, 180, 75, 118, 72, 145, 117], [34, 60, 129, 40, 158], [152, 125, 119, 100, 32, 63], [15, 47, 36, 121, 82, 4, 62, 18, 162, 177, 65, 87], [3, 25, 80, 71, 181, 67, 194, 171, 79, 27], [178, 14, 187, 24, 96, 192, 6, 175, 48]]",true
180,15204,4042,OR-opt,CMT5.vrp,"[[93, 42, 21, 166, 59, 84, 8, 189, 107, 104], [123, 167, 51, 146, 73, 144], [5, 108, 50, 130, 97, 106, 182, 185, 113, 30], [54, 157, 191, 195, 159, 183, 23, 89, 156, 174, 140, 103, 179, 11], [92, 148, 163, 165, 85, 33, 53, 115, 91, 186, 139], [151, 17, 81, 109, 39, 56, 164, 20], [105, 188, 116, 197, 137, 141, 28, 64, 173, 122, 154, 58, 150, 7, 76, 101], [172, 196, 136, 184, 143, 37, 29, 128, 170, 77], [142, 98, 99, 149, 10, 127], [95, 45, 46, 102, 110, 57, 135, 90, 41, 66, 112], [120, 61, 190, 68, 74, 168, 131, 31, 52], [12, 161, 44, 55, 49, 26, 134, 35, 70, 83, 94, 160, 43, 198], [132, 69, 19, 78, 88, 2, 22, 126, 147, 9, 169], [138, 155, 124, 153, 13, 176, 133, 38, 16, 193, 199], [1, 114, 86, 111, 180, 75, 118, 72, 145, 117], [34, 60, 129, 40, 158], [152, 125, 119, 100, 32, 63], [15, 47, 36, 121, 82, 4, 62, 18, 162, 177, 65, 87], [3, 25, 80, 71, 181, 67, 194, 171, 79, 27], [187, 24, 96, 192, 6, 178, 14, 175, 48]]",true
181,15236,4040,OR-opt,CMT5.vrp,"[[93, 42, 21, 166, 59, 84, 8, 189, 107, 104], [123, 167, 51, 146, 73, 144], [5, 108, 50, 130, 97, 106, 182, 185, 113, 30], [54, 157, 191, 195, 159, 183, 23, 89, 156, 174, 140, 103, 179, 11], [92, 148, 163, 165, 85, 33, 53, 115, 91, 186, 139], [151, 17, 81, 109, 39, 56, 164, 20], [105, 188, 116, 197, 137, 141, 28, 64, 173, 122, 154, 58, 150, 7, 76, 101], [172, 196, 136, 184, 143, 37, 29, 128, 170, 77], [142, 98, 99, 149, 10, 127], [95, 45, 46, 102, 110, 57, 135, 90, 41, 66, 112], [120, 61, 190, 68, 74, 168, 131, 31, 52], [12, 161, 44, 55, 49, 26, 134, 35, 70, 83, 94, 160, 43, 198], [132, 69, 19, 78, 88, 2, 22, 126, 147, 9, 169], [138, 155, 124, 153, 13, 176, 133, 38, 16, 193, 199], [1, 114, 86, 111, 180, 75, 118, 72, 145, 117], [34, 60, 129, 40, 158], [152, 125, 119, 100, 32, 63], [15, 47, 36, 121, 82, 4, 62, 18, 162, 177, 65, 87], [3, 25, 80, 71, 181, 67, 194, 171, 79, 27], [187, 24, 96, 192, 6, 175, 178, 14, 48]]",true
182,15305,4033,OR-opt,CMT5.vrp,"[[93, 42, 21, 166, 59, 84, 8, 189, 107, 104], [123, 167, 51, 146, 73, 144], [5, 108, 50, 130, 97, 106, 182, 185, 113, 30], [54, 157, 191, 195, 159, 183, 23, 89, 156, 174, 140, 103, 179, 11], [92, 148, 163, 165, 85, 33, 53, 115, 91, 186, 139], [151, 17, 81, 109, 39, 56, 164, 20], [105, 188, 116, 197, 137, 141, 28, 64, 173, 122, 154, 58, 150, 7, 76, 101], [172, 196, 136, 184, 143, 37, 29, 128, 170, 77], [142, 98, 99, 149, 10, 127], [95, 45, 46, 102, 110, 57, 135, 90, 41, 66, 112], [120, 61, 190, 68, 74, 168, 131, 31, 52], [12, 161, 44, 55, 49, 26, 134, 35, 70, 83, 94, 160, 43, 198], [132, 69, 19, 78, 88, 2, 22, 126, 147, 9, 169], [138, 155, 124, 153, 13, 176, 133, 38, 16, 193, 199], [1, 114, 86, 111, 180, 75, 118, 72, 145, 117], [34, 60, 129, 40, 158], [152, 125, 119, 100, 32, 63], [15, 47, 36, 121, 82, 4, 62, 18, 162, 177, 65, 87], [3, 25, 80, 71, 181, 67, 194, 171, 79, 27], [6, 175, 178, 14, 187, 24, 96, 192, 48]]",true

