iteracion,tiempo_us,coste,operador,instancia,ruta_actual,conSplit
0,0,6381,Combinacion,CMT5.vrp,"[[21, 84, 107, 93, 8, 189, 166, 104, 59, 42, 167], [73, 144, 51, 123, 146, 5, 108, 130, 97, 50, 182], [30, 106, 185, 113, 11, 156, 23, 191, 89, 174, 183, 195, 159, 103], [54, 179, 157, 140, 148, 85, 92, 91, 33, 163, 165, 115, 53], [186, 139, 81, 56, 164, 20, 109, 39, 151, 17, 137, 173, 105], [141, 197, 122, 28, 116, 76, 64, 154, 58, 7, 188, 150, 101, 77, 128, 172], [37, 29, 184, 196, 136, 143, 170, 142, 127, 149, 98, 99], [10, 112, 90, 95, 102, 110, 57, 135, 66, 41, 45, 46], [74, 31, 52, 120, 168, 131, 190, 68, 61, 161, 49, 26, 134], [55, 35, 70, 12, 44, 160, 43, 83, 94, 198, 132, 88, 19], [2, 78, 9, 22, 126, 69, 169, 147, 124, 176], [138, 155, 193, 153, 13, 199, 16, 133, 38, 1], [180, 118, 111, 72, 75, 145, 86, 117, 114, 129, 34, 60], [40, 158, 152, 125, 119, 100, 32, 63, 15, 82], [162, 177, 36, 4, 62, 18, 65, 87, 47, 121, 71], [67, 25, 181, 194, 3, 80, 27, 171, 79, 192], [6, 178, 14, 187, 24, 96, 175, 48]]",false
1,14192,6212,swap,CMT5.vrp,"[[21, 84, 107, 93, 8, 189, 166, 104, 59, 42, 167], [73, 144, 51, 123, 146, 5, 108, 130, 97, 50, 182], [30, 106, 185, 113, 11, 156, 23, 191, 89, 174, 183, 195, 159, 103], [54, 179, 157, 140, 148, 85, 92, 91, 33, 163, 165, 115, 53], [186, 139, 81, 56, 164, 20, 109, 39, 151, 17, 137, 173, 105], [141, 197, 122, 28, 116, 76, 64, 154, 58, 7, 188, 150, 170, 77, 128, 172], [37, 29, 184, 196, 136, 143, 101, 142, 127, 149, 98, 99], [10, 112, 90, 95, 102, 110, 57, 135, 66, 41, 45, 46], [74, 31, 52, 120, 168, 131, 190, 68, 61, 161, 49, 26, 134], [55, 35, 70, 12, 44, 160, 43, 83, 94, 198, 132, 88, 19], [2, 78, 9, 22, 126, 69, 169, 147, 124, 176], [138, 155, 193, 153, 13, 199, 16, 133, 38, 1], [180, 118, 111, 72, 75, 145, 86, 117, 114, 129, 34, 60], [40, 158, 152, 125, 119, 100, 32, 63, 15, 82], [162, 177, 36, 4, 62, 18, 65, 87, 47, 121, 71], [67, 25, 181, 194, 3, 80, 27, 171, 79, 192], [6, 178, 14, 187, 24, 96, 175, 48]]",false
2,24680,6056,swap,CMT5.vrp,"[[21, 84, 107, 93, 8, 189, 166, 104, 59, 42, 167], [73, 144, 51, 123, 111, 5, 108, 130, 97, 50, 182], [30, 106, 185, 113, 11, 156, 23, 191, 89, 174, 183, 195, 159, 103], [54, 179, 157, 140, 148, 85, 92, 91, 33, 163, 165, 115, 53], [186, 139, 81, 56, 164, 20, 109, 39, 151, 17, 137, 173, 105], [141, 197, 122, 28, 116, 76, 64, 154, 58, 7, 188, 150, 170, 77, 128, 172], [37, 29, 184, 196, 136, 143, 101, 142, 127, 149, 98, 99], [10, 112, 90, 95, 102, 110, 57, 135, 66, 41, 45, 46], [74, 31, 52, 120, 168, 131, 190, 68, 61, 161, 49, 26, 134], [55, 35, 70, 12, 44, 160, 43, 83, 94, 198, 132, 88, 19], [2, 78, 9, 22, 126, 69, 169, 147, 124, 176], [138, 155, 193, 153, 13, 199, 16, 133, 38, 1], [180, 118, 146, 72, 75, 145, 86, 117, 114, 129, 34, 60], [40, 158, 152, 125, 119, 100, 32, 63, 15, 82], [162, 177, 36, 4, 62, 18, 65, 87, 47, 121, 71], [67, 25, 181, 194, 3, 80, 27, 171, 79, 192], [6, 178, 14, 187, 24, 96, 175, 48]]",false
3,39336,5929,or-opt,CMT5.vrp,"[[21, 84, 107, 93, 8, 189, 166, 104, 59, 42, 167], [73, 144, 51, 123, 111, 5, 108, 130, 97, 50, 182], [30, 106, 185, 113, 11, 156, 23, 191, 89, 174, 183, 195, 159, 103], [54, 179, 157, 140, 148, 163, 165, 85, 92, 91, 33, 115, 53], [186, 139, 81, 56, 164, 20, 109, 39, 151, 17, 137, 173, 105], [141, 197, 122, 28, 116, 76, 64, 154, 58, 7, 188, 150, 170, 77, 128, 172], [37, 29, 184, 196, 136, 143, 101, 142, 127, 149, 98, 99], [10, 112, 90, 95, 102, 110, 57, 135, 66, 41, 45, 46], [74, 31, 52, 120, 168, 131, 190, 68, 61, 161, 49, 26, 134], [55, 35, 70, 12, 44, 160, 43, 83, 94, 198, 132, 88, 19], [2, 78, 9, 22, 126, 69, 169, 147, 124, 176], [138, 155, 193, 153, 13, 199, 16, 133, 38, 1], [180, 118, 146, 72, 75, 145, 86, 117, 114, 129, 34, 60], [40, 158, 152, 125, 119, 100, 32, 63, 15, 82], [162, 177, 36, 4, 62, 18, 65, 87, 47, 121, 71], [67, 25, 181, 194, 3, 80, 27, 171, 79, 192], [6, 178, 14, 187, 24, 96, 175, 48]]",false
4,46402,5820,swap,CMT5.vrp,"[[21, 84, 107, 93, 8, 189, 166, 104, 59, 42, 167], [73, 144, 51, 123, 111, 5, 108, 130, 97, 50, 182], [30, 106, 185, 113, 11, 156, 23, 191, 89, 137, 183, 195, 159, 103], [54, 179, 157, 140, 148, 163, 165, 85, 92, 91, 33, 115, 53], [186, 139, 81, 56, 164, 20, 109, 39, 151, 17, 174, 173, 105], [141, 197, 122, 28, 116, 76, 64, 154, 58, 7, 188, 150, 170, 77, 128, 172], [37, 29, 184, 196, 136, 143, 101, 142, 127, 149, 98, 99], [10, 112, 90, 95, 102, 110, 57, 135, 66, 41, 45, 46], [74, 31, 52, 120, 168, 131, 190, 68, 61, 161, 49, 26, 134], [55, 35, 70, 12, 44, 160, 43, 83, 94, 198, 132, 88, 19], [2, 78, 9, 22, 126, 69, 169, 147, 124, 176], [138, 155, 193, 153, 13, 199, 16, 133, 38, 1], [180, 118, 146, 72, 75, 145, 86, 117, 114, 129, 34, 60], [40, 158, 152, 125, 119, 100, 32, 63, 15, 82], [162, 177, 36, 4, 62, 18, 65, 87, 47, 121, 71], [67, 25, 181, 194, 3, 80, 27, 171, 79, 192], [6, 178, 14, 187, 24, 96, 175, 48]]",false
5,51910,5721,swap,CMT5.vrp,"[[21, 20, 107, 93, 8, 189, 166, 104, 59, 42, 167], [73, 144, 51, 123, 111, 5, 108, 130, 97, 50, 182], [30, 106, 185, 113, 11, 156, 23, 191, 89, 137, 183, 195, 159, 103], [54, 179, 157, 140, 148, 163, 165, 85, 92, 91, 33, 115, 53], [186, 139, 81, 56, 164, 84, 109, 39, 151, 17, 174, 173, 105], [141, 197, 122, 28, 116, 76, 64, 154, 58, 7, 188, 150, 170, 77, 128, 172], [37, 29, 184, 196, 136, 143, 101, 142, 127, 149, 98, 99], [10, 112, 90, 95, 102, 110, 57, 135, 66, 41, 45, 46], [74, 31, 52, 120, 168, 131, 190, 68, 61, 161, 49, 26, 134], [55, 35, 70, 12, 44, 160, 43, 83, 94, 198, 132, 88, 19], [2, 78, 9, 22, 126, 69, 169, 147, 124, 176], [138, 155, 193, 153, 13, 199, 16, 133, 38, 1], [180, 118, 146, 72, 75, 145, 86, 117, 114, 129, 34, 60], [40, 158, 152, 125, 119, 100, 32, 63, 15, 82], [162, 177, 36, 4, 62, 18, 65, 87, 47, 121, 71], [67, 25, 181, 194, 3, 80, 27, 171, 79, 192], [6, 178, 14, 187, 24, 96, 175, 48]]",false
6,57390,5622,or-opt,CMT5.vrp,"[[21, 20, 166, 104, 107, 93, 8, 189, 59, 42, 167], [73, 144, 51, 123, 111, 5, 108, 130, 97, 50, 182], [30, 106, 185, 113, 11, 156, 23, 191, 89, 137, 183, 195, 159, 103], [54, 179, 157, 140, 148, 163, 165, 85, 92, 91, 33, 115, 53], [186, 139, 81, 56, 164, 84, 109, 39, 151, 17, 174, 173, 105], [141, 197, 122, 28, 116, 76, 64, 154, 58, 7, 188, 150, 170, 77, 128, 172], [37, 29, 184, 196, 136, 143, 101, 142, 127, 149, 98, 99], [10, 112, 90, 95, 102, 110, 57, 135, 66, 41, 45, 46], [74, 31, 52, 120, 168, 131, 190, 68, 61, 161, 49, 26, 134], [55, 35, 70, 12, 44, 160, 43, 83, 94, 198, 132, 88, 19], [2, 78, 9, 22, 126, 69, 169, 147, 124, 176], [138, 155, 193, 153, 13, 199, 16, 133, 38, 1], [180, 118, 146, 72, 75, 145, 86, 117, 114, 129, 34, 60], [40, 158, 152, 125, 119, 100, 32, 63, 15, 82], [162, 177, 36, 4, 62, 18, 65, 87, 47, 121, 71], [67, 25, 181, 194, 3, 80, 27, 171, 79, 192], [6, 178, 14, 187, 24, 96, 175, 48]]",false
7,64263,5531,swap,CMT5.vrp,"[[21, 20, 166, 104, 107, 93, 8, 189, 59, 42, 167], [73, 144, 51, 123, 111, 5, 108, 130, 97, 50, 182], [30, 106, 185, 113, 11, 156, 23, 191, 89, 137, 183, 195, 159, 103], [54, 179, 157, 140, 148, 163, 165, 85, 92, 91, 33, 115, 53], [186, 139, 81, 56, 164, 84, 109, 39, 151, 17, 174, 173, 105], [141, 197, 122, 28, 116, 76, 64, 154, 58, 7, 188, 150, 170, 77, 128, 172], [37, 29, 184, 196, 136, 143, 101, 142, 127, 149, 98, 99], [10, 112, 90, 95, 102, 110, 57, 135, 66, 41, 45, 46], [74, 31, 52, 71, 168, 131, 190, 68, 61, 161, 49, 26, 134], [55, 35, 70, 12, 44, 160, 43, 83, 94, 198, 132, 88, 19], [2, 78, 9, 22, 126, 69, 169, 147, 124, 176], [138, 155, 193, 153, 13, 199, 16, 133, 38, 1], [180, 118, 146, 72, 75, 145, 86, 117, 114, 129, 34, 60], [40, 158, 152, 125, 119, 100, 32, 63, 15, 82], [162, 177, 36, 4, 62, 18, 65, 87, 47, 121, 120], [67, 25, 181, 194, 3, 80, 27, 171, 79, 192], [6, 178, 14, 187, 24, 96, 175, 48]]",false
8,70492,5443,swap,CMT5.vrp,"[[21, 20, 166, 104, 107, 93, 8, 189, 59, 42, 167], [73, 144, 51, 123, 111, 5, 108, 130, 97, 50, 182], [30, 106, 185, 113, 36, 156, 23, 191, 89, 137, 183, 195, 159, 103], [54, 179, 157, 140, 148, 163, 165, 85, 92, 91, 33, 115, 53], [186, 139, 81, 56, 164, 84, 109, 39, 151, 17, 174, 173, 105], [141, 197, 122, 28, 116, 76, 64, 154, 58, 7, 188, 150, 170, 77, 128, 172], [37, 29, 184, 196, 136, 143, 101, 142, 127, 149, 98, 99], [10, 112, 90, 95, 102, 110, 57, 135, 66, 41, 45, 46], [74, 31, 52, 71, 168, 131, 190, 68, 61, 161, 49, 26, 134], [55, 35, 70, 12, 44, 160, 43, 83, 94, 198, 132, 88, 19], [2, 78, 9, 22, 126, 69, 169, 147, 124, 176], [138, 155, 193, 153, 13, 199, 16, 133, 38, 1], [180, 118, 146, 72, 75, 145, 86, 117, 114, 129, 34, 60], [40, 158, 152, 125, 119, 100, 32, 63, 15, 82], [162, 177, 11, 4, 62, 18, 65, 87, 47, 121, 120], [67, 25, 181, 194, 3, 80, 27, 171, 79, 192], [6, 178, 14, 187, 24, 96, 175, 48]]",false
9,78262,5357,swap,CMT5.vrp,"[[21, 20, 166, 104, 107, 93, 8, 189, 59, 42, 167], [73, 144, 51, 123, 111, 5, 108, 130, 97, 50, 182], [30, 106, 185, 113, 36, 156, 23, 191, 89, 137, 183, 195, 159, 193], [54, 179, 157, 140, 148, 163, 165, 85, 92, 91, 33, 115, 53], [186, 139, 81, 56, 164, 84, 109, 39, 151, 17, 174, 173, 105], [141, 197, 122, 28, 116, 76, 64, 154, 58, 7, 188, 150, 170, 77, 128, 172], [37, 29, 184, 196, 136, 143, 101, 142, 127, 149, 98, 99], [10, 112, 90, 95, 102, 110, 57, 135, 66, 41, 45, 46], [74, 31, 52, 71, 168, 131, 190, 68, 61, 161, 49, 26, 134], [55, 35, 70, 12, 44, 160, 43, 83, 94, 198, 132, 88, 19], [2, 78, 9, 22, 126, 69, 169, 147, 124, 176], [138, 155, 103, 153, 13, 199, 16, 133, 38, 1], [180, 118, 146, 72, 75, 145, 86, 117, 114, 129, 34, 60], [40, 158, 152, 125, 119, 100, 32, 63, 15, 82], [162, 177, 11, 4, 62, 18, 65, 87, 47, 121, 120], [67, 25, 181, 194, 3, 80, 27, 171, 79, 192], [6, 178, 14, 187, 24, 96, 175, 48]]",false
10,85281,5272,swap,CMT5.vrp,"[[21, 20, 166, 104, 107, 93, 8, 189, 59, 36, 167], [73, 144, 51, 123, 111, 5, 108, 130, 97, 50, 182], [30, 106, 185, 113, 42, 156, 23, 191, 89, 137, 183, 195, 159, 193], [54, 179, 157, 140, 148, 163, 165, 85, 92, 91, 33, 115, 53], [186, 139, 81, 56, 164, 84, 109, 39, 151, 17, 174, 173, 105], [141, 197, 122, 28, 116, 76, 64, 154, 58, 7, 188, 150, 170, 77, 128, 172], [37, 29, 184, 196, 136, 143, 101, 142, 127, 149, 98, 99], [10, 112, 90, 95, 102, 110, 57, 135, 66, 41, 45, 46], [74, 31, 52, 71, 168, 131, 190, 68, 61, 161, 49, 26, 134], [55, 35, 70, 12, 44, 160, 43, 83, 94, 198, 132, 88, 19], [2, 78, 9, 22, 126, 69, 169, 147, 124, 176], [138, 155, 103, 153, 13, 199, 16, 133, 38, 1], [180, 118, 146, 72, 75, 145, 86, 117, 114, 129, 34, 60], [40, 158, 152, 125, 119, 100, 32, 63, 15, 82], [162, 177, 11, 4, 62, 18, 65, 87, 47, 121, 120], [67, 25, 181, 194, 3, 80, 27, 171, 79, 192], [6, 178, 14, 187, 24, 96, 175, 48]]",false
11,92310,5192,swap,CMT5.vrp,"[[21, 20, 166, 104, 107, 93, 8, 189, 59, 36, 167], [73, 144, 51, 123, 111, 5, 108, 130, 97, 50, 182], [30, 106, 185, 113, 42, 156, 23, 191, 89, 137, 183, 195, 159, 193], [54, 179, 157, 140, 148, 163, 165, 85, 92, 91, 33, 115, 53], [186, 139, 81, 56, 164, 84, 109, 39, 151, 17, 174, 173, 105], [141, 197, 122, 28, 116, 76, 64, 154, 58, 7, 132, 150, 170, 77, 128, 172], [37, 29, 184, 196, 136, 143, 101, 142, 127, 149, 98, 99], [10, 112, 90, 95, 102, 110, 57, 135, 66, 41, 45, 46], [74, 31, 52, 71, 168, 131, 190, 68, 61, 161, 49, 26, 134], [55, 35, 70, 12, 44, 160, 43, 83, 94, 198, 188, 88, 19], [2, 78, 9, 22, 126, 69, 169, 147, 124, 176], [138, 155, 103, 153, 13, 199, 16, 133, 38, 1], [180, 118, 146, 72, 75, 145, 86, 117, 114, 129, 34, 60], [40, 158, 152, 125, 119, 100, 32, 63, 15, 82], [162, 177, 11, 4, 62, 18, 65, 87, 47, 121, 120], [67, 25, 181, 194, 3, 80, 27, 171, 79, 192], [6, 178, 14, 187, 24, 96, 175, 48]]",false
12,98725,5113,swap,CMT5.vrp,"[[21, 20, 166, 104, 107, 93, 8, 189, 59, 36, 167], [73, 144, 51, 123, 111, 5, 108, 130, 97, 50, 182], [30, 106, 185, 113, 42, 156, 23, 191, 89, 137, 183, 195, 159, 193], [54, 179, 157, 140, 148, 163, 165, 85, 92, 91, 33, 115, 53], [186, 139, 81, 56, 164, 84, 109, 39, 151, 17, 174, 173, 105], [141, 197, 122, 28, 116, 114, 64, 154, 58, 7, 132, 150, 170, 77, 128, 172], [37, 29, 184, 196, 136, 143, 101, 142, 127, 149, 98, 99], [10, 112, 90, 95, 102, 110, 57, 135, 66, 41, 45, 46], [74, 31, 52, 71, 168, 131, 190, 68, 61, 161, 49, 26, 134], [55, 35, 70, 12, 44, 160, 43, 83, 94, 198, 188, 88, 19], [2, 78, 9, 22, 126, 69, 169, 147, 124, 176], [138, 155, 103, 153, 13, 199, 16, 133, 38, 1], [180, 118, 146, 72, 75, 145, 86, 117, 76, 129, 34, 60], [40, 158, 152, 125, 119, 100, 32, 63, 15, 82], [162, 177, 11, 4, 62, 18, 65, 87, 47, 121, 120], [67, 25, 181, 194, 3, 80, 27, 171, 79, 192], [6, 178, 14, 187, 24, 96, 175, 48]]",false
13,104012,5036,swap,CMT5.vrp,"[[21, 20, 166, 104, 107, 93, 8, 189, 59, 36, 167], [73, 144, 51, 123, 111, 5, 108, 130, 97, 50, 182], [30, 106, 185, 113, 42, 156, 23, 191, 89, 137, 183, 195, 159, 193], [54, 179, 157, 140, 148, 163, 165, 85, 92, 91, 33, 115, 53], [186, 139, 81, 56, 164, 84, 109, 39, 151, 17, 174, 173, 105], [141, 197, 122, 28, 116, 114, 64, 154, 58, 7, 132, 150, 170, 77, 128, 172], [37, 29, 184, 196, 136, 143, 101, 142, 127, 149, 98, 99], [10, 112, 90, 95, 102, 110, 57, 135, 66, 41, 45, 46], [74, 31, 52, 71, 168, 131, 190, 68, 61, 161, 49, 26, 134], [55, 35, 70, 12, 44, 160, 43, 199, 94, 198, 188, 88, 19], [2, 78, 9, 22, 126, 69, 169, 147, 124, 176], [138, 155, 103, 153, 13, 83, 16, 133, 38, 1], [180, 118, 146, 72, 75, 145, 86, 117, 76, 129, 34, 60], [40, 158, 152, 125, 119, 100, 32, 63, 15, 82], [162, 177, 11, 4, 62, 18, 65, 87, 47, 121, 120], [67, 25, 181, 194, 3, 80, 27, 171, 79, 192], [6, 178, 14, 187, 24, 96, 175, 48]]",false
14,112979,4949,swap,CMT5.vrp,"[[21, 20, 166, 104, 107, 93, 8, 189, 59, 36, 167], [73, 144, 51, 123, 111, 5, 108, 130, 97, 50, 182], [30, 106, 185, 113, 42, 156, 23, 191, 89, 137, 183, 195, 159, 193], [54, 179, 157, 140, 148, 163, 165, 85, 92, 91, 33, 115, 53], [186, 139, 81, 56, 164, 84, 109, 39, 151, 17, 174, 173, 105], [141, 197, 122, 28, 116, 114, 64, 154, 58, 7, 132, 150, 170, 77, 128, 172], [37, 29, 184, 196, 136, 143, 101, 142, 127, 149, 98, 99], [10, 112, 90, 95, 102, 110, 57, 135, 66, 41, 45, 46], [74, 31, 52, 71, 168, 131, 190, 68, 61, 161, 49, 26, 134], [55, 35, 70, 12, 44, 160, 43, 199, 94, 198, 188, 88, 19], [2, 16, 9, 22, 126, 69, 169, 147, 124, 176], [138, 155, 103, 153, 13, 83, 78, 133, 38, 1], [180, 118, 146, 72, 75, 145, 86, 117, 76, 129, 34, 60], [40, 158, 152, 125, 119, 100, 32, 63, 15, 82], [162, 177, 11, 4, 62, 18, 65, 87, 47, 121, 120], [67, 25, 181, 194, 3, 80, 27, 171, 79, 192], [6, 178, 14, 187, 24, 96, 175, 48]]",false
15,118509,4872,swap,CMT5.vrp,"[[21, 20, 166, 104, 107, 93, 8, 189, 59, 36, 167], [73, 144, 51, 123, 111, 5, 108, 130, 97, 50, 182], [30, 106, 185, 113, 42, 156, 23, 191, 89, 137, 183, 195, 159, 193], [54, 179, 157, 140, 148, 163, 165, 85, 92, 91, 33, 115, 53], [186, 139, 81, 56, 164, 84, 109, 39, 151, 17, 174, 173, 105], [141, 197, 122, 28, 116, 114, 64, 154, 58, 7, 132, 150, 170, 77, 128, 172], [37, 29, 184, 196, 136, 143, 101, 142, 127, 149, 98, 99], [1, 112, 90, 95, 102, 110, 57, 135, 66, 41, 45, 46], [74, 31, 52, 71, 168, 131, 190, 68, 61, 161, 49, 26, 134], [55, 35, 70, 12, 44, 160, 43, 199, 94, 198, 188, 88, 19], [2, 16, 9, 22, 126, 69, 169, 147, 124, 176], [138, 155, 103, 153, 13, 83, 78, 133, 38, 10], [180, 118, 146, 72, 75, 145, 86, 117, 76, 129, 34, 60], [40, 158, 152, 125, 119, 100, 32, 63, 15, 82], [162, 177, 11, 4, 62, 18, 65, 87, 47, 121, 120], [67, 25, 181, 194, 3, 80, 27, 171, 79, 192], [6, 178, 14, 187, 24, 96, 175, 48]]",false
16,127193,4798,swap,CMT5.vrp,"[[21, 20, 166, 104, 107, 93, 8, 189, 59, 36, 167], [73, 144, 51, 123, 111, 5, 108, 130, 97, 50, 182], [30, 106, 185, 113, 42, 116, 23, 191, 89, 137, 183, 195, 159, 193], [54, 179, 157, 140, 148, 163, 165, 85, 92, 91, 33, 115, 53], [186, 139, 81, 56, 164, 84, 109, 39, 151, 17, 174, 173, 105], [141, 197, 122, 28, 156, 114, 64, 154, 58, 7, 132, 150, 170, 77, 128, 172], [37, 29, 184, 196, 136, 143, 101, 142, 127, 149, 98, 99], [1, 112, 90, 95, 102, 110, 57, 135, 66, 41, 45, 46], [74, 31, 52, 71, 168, 131, 190, 68, 61, 161, 49, 26, 134], [55, 35, 70, 12, 44, 160, 43, 199, 94, 198, 188, 88, 19], [2, 16, 9, 22, 126, 69, 169, 147, 124, 176], [138, 155, 103, 153, 13, 83, 78, 133, 38, 10], [180, 118, 146, 72, 75, 145, 86, 117, 76, 129, 34, 60], [40, 158, 152, 125, 119, 100, 32, 63, 15, 82], [162, 177, 11, 4, 62, 18, 65, 87, 47, 121, 120], [67, 25, 181, 194, 3, 80, 27, 171, 79, 192], [6, 178, 14, 187, 24, 96, 175, 48]]",false
17,131846,4727,swap,CMT5.vrp,"[[21, 20, 166, 104, 107, 93, 8, 189, 59, 36, 167], [73, 144, 51, 123, 111, 5, 108, 130, 97, 50, 182], [30, 22, 185, 113, 42, 116, 23, 191, 89, 137, 183, 195, 159, 193], [54, 179, 157, 140, 148, 163, 165, 85, 92, 91, 33, 115, 53], [186, 139, 81, 56, 164, 84, 109, 39, 151, 17, 174, 173, 105], [141, 197, 122, 28, 156, 114, 64, 154, 58, 7, 132, 150, 170, 77, 128, 172], [37, 29, 184, 196, 136, 143, 101, 142, 127, 149, 98, 99], [1, 112, 90, 95, 102, 110, 57, 135, 66, 41, 45, 46], [74, 31, 52, 71, 168, 131, 190, 68, 61, 161, 49, 26, 134], [55, 35, 70, 12, 44, 160, 43, 199, 94, 198, 188, 88, 19], [2, 16, 9, 106, 126, 69, 169, 147, 124, 176], [138, 155, 103, 153, 13, 83, 78, 133, 38, 10], [180, 118, 146, 72, 75, 145, 86, 117, 76, 129, 34, 60], [40, 158, 152, 125, 119, 100, 32, 63, 15, 82], [162, 177, 11, 4, 62, 18, 65, 87, 47, 121, 120], [67, 25, 181, 194, 3, 80, 27, 171, 79, 192], [6, 178, 14, 187, 24, 96, 175, 48]]",false
18,139174,4660,swap,CMT5.vrp,"[[21, 20, 166, 104, 107, 93, 8, 189, 59, 36, 167], [73, 144, 51, 123, 111, 5, 108, 130, 97, 50, 182], [30, 22, 185, 113, 42, 116, 23, 191, 89, 137, 183, 195, 159, 193], [54, 179, 157, 140, 148, 163, 165, 85, 92, 91, 33, 115, 53], [186, 139, 81, 56, 164, 84, 109, 39, 151, 17, 174, 173, 105], [141, 197, 122, 28, 156, 114, 64, 154, 58, 7, 132, 150, 170, 77, 128, 172], [37, 29, 184, 196, 136, 143, 101, 142, 127, 149, 98, 99], [1, 112, 90, 95, 162, 110, 57, 135, 66, 41, 45, 46], [74, 31, 52, 71, 168, 131, 190, 68, 61, 161, 49, 26, 134], [55, 35, 70, 12, 44, 160, 43, 199, 94, 198, 188, 88, 19], [2, 16, 9, 106, 126, 69, 169, 147, 124, 176], [138, 155, 103, 153, 13, 83, 78, 133, 38, 10], [180, 118, 146, 72, 75, 145, 86, 117, 76, 129, 34, 60], [40, 158, 152, 125, 119, 100, 32, 63, 15, 82], [102, 177, 11, 4, 62, 18, 65, 87, 47, 121, 120], [67, 25, 181, 194, 3, 80, 27, 171, 79, 192], [6, 178, 14, 187, 24, 96, 175, 48]]",false
19,148224,4596,swap,CMT5.vrp,"[[21, 20, 166, 104, 107, 93, 8, 189, 59, 36, 167], [73, 144, 51, 123, 111, 5, 108, 130, 97, 50, 182], [30, 22, 185, 113, 42, 116, 23, 191, 89, 137, 183, 195, 159, 193], [54, 179, 157, 140, 148, 163, 165, 85, 92, 91, 33, 115, 53], [186, 139, 81, 56, 164, 84, 109, 39, 151, 17, 174, 173, 105], [141, 197, 122, 28, 156, 114, 64, 154, 58, 7, 132, 150, 170, 77, 128, 172], [37, 29, 184, 196, 136, 143, 101, 142, 127, 149, 98, 99], [1, 112, 90, 95, 162, 110, 57, 135, 66, 41, 45, 46], [74, 31, 52, 71, 168, 131, 190, 68, 61, 161, 49, 26, 134], [55, 35, 70, 12, 44, 160, 43, 199, 94, 198, 188, 88, 19], [2, 16, 9, 106, 126, 69, 169, 180, 124, 176], [138, 155, 103, 153, 13, 83, 78, 133, 38, 10], [147, 118, 146, 72, 75, 145, 86, 117, 76, 129, 34, 60], [40, 158, 152, 125, 119, 100, 32, 63, 15, 82], [102, 177, 11, 4, 62, 18, 65, 87, 47, 121, 120], [67, 25, 181, 194, 3, 80, 27, 171, 79, 192], [6, 178, 14, 187, 24, 96, 175, 48]]",false
20,153664,4532,swap,CMT5.vrp,"[[21, 20, 166, 104, 86, 93, 8, 189, 59, 36, 167], [73, 144, 51, 123, 111, 5, 108, 130, 97, 50, 182], [30, 22, 185, 113, 42, 116, 23, 191, 89, 137, 183, 195, 159, 193], [54, 179, 157, 140, 148, 163, 165, 85, 92, 91, 33, 115, 53], [186, 139, 81, 56, 164, 84, 109, 39, 151, 17, 174, 173, 105], [141, 197, 122, 28, 156, 114, 64, 154, 58, 7, 132, 150, 170, 77, 128, 172], [37, 29, 184, 196, 136, 143, 101, 142, 127, 149, 98, 99], [1, 112, 90, 95, 162, 110, 57, 135, 66, 41, 45, 46], [74, 31, 52, 71, 168, 131, 190, 68, 61, 161, 49, 26, 134], [55, 35, 70, 12, 44, 160, 43, 199, 94, 198, 188, 88, 19], [2, 16, 9, 106, 126, 69, 169, 180, 124, 176], [138, 155, 103, 153, 13, 83, 78, 133, 38, 10], [147, 118, 146, 72, 75, 145, 107, 117, 76, 129, 34, 60], [40, 158, 152, 125, 119, 100, 32, 63, 15, 82], [102, 177, 11, 4, 62, 18, 65, 87, 47, 121, 120], [67, 25, 181, 194, 3, 80, 27, 171, 79, 192], [6, 178, 14, 187, 24, 96, 175, 48]]",false
21,163410,4469,swap,CMT5.vrp,"[[21, 20, 166, 104, 86, 93, 8, 189, 59, 36, 167], [73, 144, 51, 123, 111, 5, 108, 130, 97, 50, 182], [30, 22, 185, 113, 42, 116, 23, 191, 89, 137, 183, 195, 159, 193], [54, 179, 157, 140, 148, 163, 165, 85, 92, 91, 33, 115, 53], [186, 139, 81, 56, 164, 84, 109, 39, 151, 17, 174, 173, 105], [141, 197, 122, 28, 156, 114, 64, 154, 58, 7, 132, 150, 170, 77, 128, 172], [37, 29, 184, 196, 136, 143, 101, 142, 127, 149, 98, 99], [1, 112, 90, 95, 162, 110, 57, 135, 66, 41, 45, 46], [74, 31, 52, 71, 168, 131, 190, 68, 61, 161, 49, 26, 134], [55, 35, 70, 12, 44, 160, 43, 199, 94, 198, 188, 88, 124], [2, 16, 9, 106, 126, 69, 169, 180, 19, 176], [138, 155, 103, 153, 13, 83, 78, 133, 38, 10], [147, 118, 146, 72, 75, 145, 107, 117, 76, 129, 34, 60], [40, 158, 152, 125, 119, 100, 32, 63, 15, 82], [102, 177, 11, 4, 62, 18, 65, 87, 47, 121, 120], [67, 25, 181, 194, 3, 80, 27, 171, 79, 192], [6, 178, 14, 187, 24, 96, 175, 48]]",false
22,169127,4406,swap,CMT5.vrp,"[[21, 20, 166, 94, 86, 93, 8, 189, 59, 36, 167], [73, 144, 51, 123, 111, 5, 108, 130, 97, 50, 182], [30, 22, 185, 113, 42, 116, 23, 191, 89, 137, 183, 195, 159, 193], [54, 179, 157, 140, 148, 163, 165, 85, 92, 91, 33, 115, 53], [186, 139, 81, 56, 164, 84, 109, 39, 151, 17, 174, 173, 105], [141, 197, 122, 28, 156, 114, 64, 154, 58, 7, 132, 150, 170, 77, 128, 172], [37, 29, 184, 196, 136, 143, 101, 142, 127, 149, 98, 99], [1, 112, 90, 95, 162, 110, 57, 135, 66, 41, 45, 46], [74, 31, 52, 71, 168, 131, 190, 68, 61, 161, 49, 26, 134], [55, 35, 70, 12, 44, 160, 43, 199, 104, 198, 188, 88, 124], [2, 16, 9, 106, 126, 69, 169, 180, 19, 176], [138, 155, 103, 153, 13, 83, 78, 133, 38, 10], [147, 118, 146, 72, 75, 145, 107, 117, 76, 129, 34, 60], [40, 158, 152, 125, 119, 100, 32, 63, 15, 82], [102, 177, 11, 4, 62, 18, 65, 87, 47, 121, 120], [67, 25, 181, 194, 3, 80, 27, 171, 79, 192], [6, 178, 14, 187, 24, 96, 175, 48]]",false
23,175226,4347,2-opt,CMT5.vrp,"[[21, 20, 166, 94, 86, 93, 8, 189, 59, 36, 167], [73, 144, 51, 123, 111, 5, 108, 130, 97, 50, 182], [30, 22, 185, 113, 42, 116, 23, 191, 89, 137, 183, 195, 159, 193], [54, 179, 157, 140, 85, 165, 163, 148, 92, 91, 33, 115, 53], [186, 139, 81, 56, 164, 84, 109, 39, 151, 17, 174, 173, 105], [141, 197, 122, 28, 156, 114, 64, 154, 58, 7, 132, 150, 170, 77, 128, 172], [37, 29, 184, 196, 136, 143, 101, 142, 127, 149, 98, 99], [1, 112, 90, 95, 162, 110, 57, 135, 66, 41, 45, 46], [74, 31, 52, 71, 168, 131, 190, 68, 61, 161, 49, 26, 134], [55, 35, 70, 12, 44, 160, 43, 199, 104, 198, 188, 88, 124], [2, 16, 9, 106, 126, 69, 169, 180, 19, 176], [138, 155, 103, 153, 13, 83, 78, 133, 38, 10], [147, 118, 146, 72, 75, 145, 107, 117, 76, 129, 34, 60], [40, 158, 152, 125, 119, 100, 32, 63, 15, 82], [102, 177, 11, 4, 62, 18, 65, 87, 47, 121, 120], [67, 25, 181, 194, 3, 80, 27, 171, 79, 192], [6, 178, 14, 187, 24, 96, 175, 48]]",false
24,180568,4288,or-opt,CMT5.vrp,"[[21, 20, 166, 94, 86, 93, 8, 189, 59, 36, 167], [73, 144, 51, 123, 111, 5, 108, 130, 97, 50, 182], [30, 22, 185, 113, 42, 116, 23, 191, 89, 137, 183, 195, 159, 193], [54, 179, 157, 140, 85, 165, 163, 148, 92, 91, 33, 115, 53], [186, 139, 81, 56, 164, 84, 109, 39, 151, 17, 174, 173, 105], [141, 197, 122, 28, 156, 114, 64, 154, 58, 7, 132, 150, 170, 77, 128, 172], [37, 29, 184, 196, 136, 143, 101, 142, 127, 149, 98, 99], [1, 112, 90, 95, 162, 110, 57, 135, 66, 41, 45, 46], [74, 31, 52, 71, 168, 131, 161, 49, 190, 68, 61, 26, 134], [55, 35, 70, 12, 44, 160, 43, 199, 104, 198, 188, 88, 124], [2, 16, 9, 106, 126, 69, 169, 180, 19, 176], [138, 155, 103, 153, 13, 83, 78, 133, 38, 10], [147, 118, 146, 72, 75, 145, 107, 117, 76, 129, 34, 60], [40, 158, 152, 125, 119, 100, 32, 63, 15, 82], [102, 177, 11, 4, 62, 18, 65, 87, 47, 121, 120], [67, 25, 181, 194, 3, 80, 27, 171, 79, 192], [6, 178, 14, 187, 24, 96, 175, 48]]",false
25,187453,4230,swap,CMT5.vrp,"[[21, 20, 166, 94, 86, 93, 8, 27, 59, 36, 167], [73, 144, 51, 123, 111, 5, 108, 130, 97, 50, 182], [30, 22, 185, 113, 42, 116, 23, 191, 89, 137, 183, 195, 159, 193], [54, 179, 157, 140, 85, 165, 163, 148, 92, 91, 33, 115, 53], [186, 139, 81, 56, 164, 84, 109, 39, 151, 17, 174, 173, 105], [141, 197, 122, 28, 156, 114, 64, 154, 58, 7, 132, 150, 170, 77, 128, 172], [37, 29, 184, 196, 136, 143, 101, 142, 127, 149, 98, 99], [1, 112, 90, 95, 162, 110, 57, 135, 66, 41, 45, 46], [74, 31, 52, 71, 168, 131, 161, 49, 190, 68, 61, 26, 134], [55, 35, 70, 12, 44, 160, 43, 199, 104, 198, 188, 88, 124], [2, 16, 9, 106, 126, 69, 169, 180, 19, 176], [138, 155, 103, 153, 13, 83, 78, 133, 38, 10], [147, 118, 146, 72, 75, 145, 107, 117, 76, 129, 34, 60], [40, 158, 152, 125, 119, 100, 32, 63, 15, 82], [102, 177, 11, 4, 62, 18, 65, 87, 47, 121, 120], [67, 25, 181, 194, 3, 80, 189, 171, 79, 192], [6, 178, 14, 187, 24, 96, 175, 48]]",false
26,196957,4173,swap,CMT5.vrp,"[[21, 20, 166, 94, 86, 93, 8, 27, 59, 36, 167], [73, 144, 51, 123, 111, 5, 108, 130, 97, 50, 182], [30, 22, 185, 113, 42, 116, 23, 191, 89, 137, 183, 195, 159, 193], [54, 179, 157, 140, 85, 165, 163, 148, 92, 91, 90, 115, 53], [186, 139, 81, 56, 164, 84, 109, 39, 151, 17, 174, 173, 105], [141, 197, 122, 28, 156, 114, 64, 154, 58, 7, 132, 150, 170, 77, 128, 172], [37, 29, 184, 196, 136, 143, 101, 142, 127, 149, 98, 99], [1, 112, 33, 95, 162, 110, 57, 135, 66, 41, 45, 46], [74, 31, 52, 71, 168, 131, 161, 49, 190, 68, 61, 26, 134], [55, 35, 70, 12, 44, 160, 43, 199, 104, 198, 188, 88, 124], [2, 16, 9, 106, 126, 69, 169, 180, 19, 176], [138, 155, 103, 153, 13, 83, 78, 133, 38, 10], [147, 118, 146, 72, 75, 145, 107, 117, 76, 129, 34, 60], [40, 158, 152, 125, 119, 100, 32, 63, 15, 82], [102, 177, 11, 4, 62, 18, 65, 87, 47, 121, 120], [67, 25, 181, 194, 3, 80, 189, 171, 79, 192], [6, 178, 14, 187, 24, 96, 175, 48]]",false
27,203791,4119,swap,CMT5.vrp,"[[21, 20, 166, 94, 86, 93, 8, 27, 59, 36, 167], [73, 144, 51, 123, 111, 5, 108, 130, 97, 50, 182], [30, 22, 185, 113, 42, 116, 23, 191, 89, 137, 183, 195, 159, 193], [54, 179, 157, 140, 85, 165, 163, 148, 92, 91, 90, 115, 53], [186, 139, 81, 56, 164, 84, 109, 39, 151, 17, 174, 173, 105], [141, 197, 122, 28, 156, 114, 64, 154, 58, 7, 132, 150, 170, 77, 128, 172], [37, 29, 184, 196, 136, 143, 101, 142, 127, 149, 98, 99], [1, 112, 33, 95, 162, 110, 57, 135, 66, 41, 45, 46], [74, 31, 52, 71, 168, 131, 161, 49, 190, 68, 61, 26, 169], [55, 35, 70, 12, 44, 160, 43, 199, 104, 198, 188, 88, 124], [2, 16, 9, 106, 126, 69, 134, 180, 19, 176], [138, 155, 103, 153, 13, 83, 78, 133, 38, 10], [147, 118, 146, 72, 75, 145, 107, 117, 76, 129, 34, 60], [40, 158, 152, 125, 119, 100, 32, 63, 15, 82], [102, 177, 11, 4, 62, 18, 65, 87, 47, 121, 120], [67, 25, 181, 194, 3, 80, 189, 171, 79, 192], [6, 178, 14, 187, 24, 96, 175, 48]]",false
28,212197,4071,swap,CMT5.vrp,"[[21, 20, 166, 94, 86, 93, 8, 27, 59, 36, 167], [73, 144, 51, 123, 111, 5, 108, 130, 97, 50, 182], [30, 22, 185, 113, 42, 116, 23, 191, 89, 137, 183, 195, 159, 193], [54, 179, 157, 140, 85, 165, 163, 148, 92, 91, 90, 115, 53], [186, 139, 81, 56, 164, 84, 109, 39, 151, 17, 174, 173, 105], [141, 197, 122, 28, 156, 114, 64, 154, 58, 7, 132, 150, 170, 77, 128, 172], [37, 29, 184, 196, 136, 143, 41, 142, 127, 149, 98, 99], [1, 112, 33, 95, 162, 110, 57, 135, 66, 101, 45, 46], [74, 31, 52, 71, 168, 131, 161, 49, 190, 68, 61, 26, 169], [55, 35, 70, 12, 44, 160, 43, 199, 104, 198, 188, 88, 124], [2, 16, 9, 106, 126, 69, 134, 180, 19, 176], [138, 155, 103, 153, 13, 83, 78, 133, 38, 10], [147, 118, 146, 72, 75, 145, 107, 117, 76, 129, 34, 60], [40, 158, 152, 125, 119, 100, 32, 63, 15, 82], [102, 177, 11, 4, 62, 18, 65, 87, 47, 121, 120], [67, 25, 181, 194, 3, 80, 189, 171, 79, 192], [6, 178, 14, 187, 24, 96, 175, 48]]",false
29,217217,4024,or-opt,CMT5.vrp,"[[21, 20, 166, 94, 86, 93, 8, 27, 59, 36, 167], [51, 123, 111, 5, 108, 130, 97, 50, 73, 144, 182], [30, 22, 185, 113, 42, 116, 23, 191, 89, 137, 183, 195, 159, 193], [54, 179, 157, 140, 85, 165, 163, 148, 92, 91, 90, 115, 53], [186, 139, 81, 56, 164, 84, 109, 39, 151, 17, 174, 173, 105], [141, 197, 122, 28, 156, 114, 64, 154, 58, 7, 132, 150, 170, 77, 128, 172], [37, 29, 184, 196, 136, 143, 41, 142, 127, 149, 98, 99], [1, 112, 33, 95, 162, 110, 57, 135, 66, 101, 45, 46], [74, 31, 52, 71, 168, 131, 161, 49, 190, 68, 61, 26, 169], [55, 35, 70, 12, 44, 160, 43, 199, 104, 198, 188, 88, 124], [2, 16, 9, 106, 126, 69, 134, 180, 19, 176], [138, 155, 103, 153, 13, 83, 78, 133, 38, 10], [147, 118, 146, 72, 75, 145, 107, 117, 76, 129, 34, 60], [40, 158, 152, 125, 119, 100, 32, 63, 15, 82], [102, 177, 11, 4, 62, 18, 65, 87, 47, 121, 120], [67, 25, 181, 194, 3, 80, 189, 171, 79, 192], [6, 178, 14, 187, 24, 96, 175, 48]]",false
30,221602,3976,swap,CMT5.vrp,"[[21, 20, 166, 94, 86, 93, 8, 27, 59, 36, 167], [51, 123, 111, 5, 108, 130, 97, 56, 73, 144, 182], [30, 22, 185, 113, 42, 116, 23, 191, 89, 137, 183, 195, 159, 193], [54, 179, 157, 140, 85, 165, 163, 148, 92, 91, 90, 115, 53], [186, 139, 81, 50, 164, 84, 109, 39, 151, 17, 174, 173, 105], [141, 197, 122, 28, 156, 114, 64, 154, 58, 7, 132, 150, 170, 77, 128, 172], [37, 29, 184, 196, 136, 143, 41, 142, 127, 149, 98, 99], [1, 112, 33, 95, 162, 110, 57, 135, 66, 101, 45, 46], [74, 31, 52, 71, 168, 131, 161, 49, 190, 68, 61, 26, 169], [55, 35, 70, 12, 44, 160, 43, 199, 104, 198, 188, 88, 124], [2, 16, 9, 106, 126, 69, 134, 180, 19, 176], [138, 155, 103, 153, 13, 83, 78, 133, 38, 10], [147, 118, 146, 72, 75, 145, 107, 117, 76, 129, 34, 60], [40, 158, 152, 125, 119, 100, 32, 63, 15, 82], [102, 177, 11, 4, 62, 18, 65, 87, 47, 121, 120], [67, 25, 181, 194, 3, 80, 189, 171, 79, 192], [6, 178, 14, 187, 24, 96, 175, 48]]",false
31,227405,3930,swap,CMT5.vrp,"[[21, 20, 166, 94, 86, 93, 8, 27, 59, 36, 167], [51, 123, 111, 5, 108, 130, 97, 56, 73, 144, 182], [30, 22, 185, 113, 42, 116, 23, 191, 89, 137, 183, 195, 159, 193], [54, 179, 157, 140, 85, 165, 163, 148, 92, 91, 90, 115, 53], [186, 139, 81, 50, 164, 84, 109, 39, 151, 17, 174, 173, 105], [141, 197, 122, 28, 156, 114, 64, 154, 58, 7, 132, 150, 170, 77, 128, 172], [37, 29, 184, 196, 136, 143, 41, 142, 127, 149, 98, 99], [1, 112, 33, 95, 162, 110, 57, 135, 66, 101, 45, 46], [25, 31, 52, 71, 168, 131, 161, 49, 190, 68, 61, 26, 169], [55, 35, 70, 12, 44, 160, 43, 199, 104, 198, 188, 88, 124], [2, 16, 9, 106, 126, 69, 134, 180, 19, 176], [138, 155, 103, 153, 13, 83, 78, 133, 38, 10], [147, 118, 146, 72, 75, 145, 107, 117, 76, 129, 34, 60], [40, 158, 152, 125, 119, 100, 32, 63, 15, 82], [102, 177, 11, 4, 62, 18, 65, 87, 47, 121, 120], [67, 74, 181, 194, 3, 80, 189, 171, 79, 192], [6, 178, 14, 187, 24, 96, 175, 48]]",false
32,233276,3888,swap,CMT5.vrp,"[[21, 20, 166, 94, 86, 93, 8, 27, 59, 36, 167], [51, 123, 111, 5, 108, 130, 97, 56, 73, 144, 182], [30, 22, 185, 113, 42, 116, 23, 191, 89, 137, 183, 195, 159, 193], [54, 179, 157, 140, 85, 165, 163, 148, 92, 91, 90, 115, 53], [186, 139, 81, 50, 164, 84, 109, 39, 151, 17, 174, 173, 105], [141, 197, 122, 28, 156, 114, 64, 154, 58, 7, 132, 150, 170, 77, 128, 172], [37, 29, 184, 196, 136, 143, 41, 142, 127, 149, 98, 99], [1, 112, 33, 95, 162, 110, 57, 75, 66, 101, 45, 46], [25, 31, 52, 71, 168, 131, 161, 49, 190, 68, 61, 26, 169], [55, 35, 70, 12, 44, 160, 43, 199, 104, 198, 188, 88, 124], [2, 16, 9, 106, 126, 69, 134, 180, 19, 176], [138, 155, 103, 153, 13, 83, 78, 133, 38, 10], [147, 118, 146, 72, 135, 145, 107, 117, 76, 129, 34, 60], [40, 158, 152, 125, 119, 100, 32, 63, 15, 82], [102, 177, 11, 4, 62, 18, 65, 87, 47, 121, 120], [67, 74, 181, 194, 3, 80, 189, 171, 79, 192], [6, 178, 14, 187, 24, 96, 175, 48]]",false
33,240798,3845,swap,CMT5.vrp,"[[21, 20, 166, 94, 86, 93, 8, 27, 59, 36, 167], [51, 123, 111, 5, 108, 130, 97, 56, 73, 144, 182], [30, 22, 185, 113, 42, 116, 23, 191, 89, 137, 183, 195, 159, 193], [54, 179, 157, 140, 85, 165, 163, 148, 92, 91, 90, 115, 53], [186, 139, 81, 50, 164, 84, 109, 39, 151, 17, 174, 173, 105], [141, 197, 122, 28, 156, 114, 64, 154, 58, 7, 132, 150, 170, 77, 128, 172], [37, 29, 184, 196, 136, 143, 41, 142, 127, 149, 98, 99], [1, 112, 33, 95, 162, 110, 57, 75, 66, 101, 45, 46], [25, 31, 52, 71, 119, 131, 161, 49, 190, 68, 61, 26, 169], [55, 35, 70, 12, 44, 160, 43, 199, 104, 198, 188, 88, 124], [2, 16, 9, 106, 126, 69, 134, 180, 19, 176], [138, 155, 103, 153, 13, 83, 78, 133, 38, 10], [147, 118, 146, 72, 135, 145, 107, 117, 76, 129, 34, 60], [40, 158, 152, 125, 168, 100, 32, 63, 15, 82], [102, 177, 11, 4, 62, 18, 65, 87, 47, 121, 120], [67, 74, 181, 194, 3, 80, 189, 171, 79, 192], [6, 178, 14, 187, 24, 96, 175, 48]]",false
34,246142,3804,or-opt,CMT5.vrp,"[[21, 20, 166, 94, 86, 93, 8, 27, 59, 36, 167], [51, 123, 111, 5, 108, 130, 97, 56, 73, 144, 182], [30, 22, 185, 113, 42, 116, 23, 191, 89, 137, 183, 195, 159, 193], [54, 179, 85, 165, 163, 148, 92, 157, 140, 91, 90, 115, 53], [186, 139, 81, 50, 164, 84, 109, 39, 151, 17, 174, 173, 105], [141, 197, 122, 28, 156, 114, 64, 154, 58, 7, 132, 150, 170, 77, 128, 172], [37, 29, 184, 196, 136, 143, 41, 142, 127, 149, 98, 99], [1, 112, 33, 95, 162, 110, 57, 75, 66, 101, 45, 46], [25, 31, 52, 71, 119, 131, 161, 49, 190, 68, 61, 26, 169], [55, 35, 70, 12, 44, 160, 43, 199, 104, 198, 188, 88, 124], [2, 16, 9, 106, 126, 69, 134, 180, 19, 176], [138, 155, 103, 153, 13, 83, 78, 133, 38, 10], [147, 118, 146, 72, 135, 145, 107, 117, 76, 129, 34, 60], [40, 158, 152, 125, 168, 100, 32, 63, 15, 82], [102, 177, 11, 4, 62, 18, 65, 87, 47, 121, 120], [67, 74, 181, 194, 3, 80, 189, 171, 79, 192], [6, 178, 14, 187, 24, 96, 175, 48]]",false
35,251033,3765,swap,CMT5.vrp,"[[21, 20, 166, 94, 86, 93, 8, 27, 59, 36, 167], [51, 123, 111, 5, 108, 130, 97, 56, 73, 144, 182], [30, 22, 185, 113, 42, 116, 23, 191, 89, 137, 183, 195, 159, 193], [54, 179, 85, 165, 163, 148, 92, 157, 140, 91, 90, 115, 53], [186, 139, 81, 50, 164, 84, 109, 39, 151, 17, 174, 173, 105], [141, 197, 122, 28, 156, 114, 64, 154, 58, 7, 132, 150, 170, 77, 128, 172], [37, 192, 184, 196, 136, 143, 41, 142, 127, 149, 98, 99], [1, 112, 33, 95, 162, 110, 57, 75, 66, 101, 45, 46], [25, 31, 52, 71, 119, 131, 161, 49, 190, 68, 61, 26, 169], [55, 35, 70, 12, 44, 160, 43, 199, 104, 198, 188, 88, 124], [2, 16, 9, 106, 126, 69, 134, 180, 19, 176], [138, 155, 103, 153, 13, 83, 78, 133, 38, 10], [147, 118, 146, 72, 135, 145, 107, 117, 76, 129, 34, 60], [40, 158, 152, 125, 168, 100, 32, 63, 15, 82], [102, 177, 11, 4, 62, 18, 65, 87, 47, 121, 120], [67, 74, 181, 194, 3, 80, 189, 171, 79, 29], [6, 178, 14, 187, 24, 96, 175, 48]]",false
36,257840,3706,swap,CMT5.vrp,"[[21, 20, 166, 94, 86, 93, 8, 27, 59, 36, 167], [51, 123, 111, 5, 108, 130, 97, 56, 73, 144, 182], [30, 22, 185, 113, 42, 116, 23, 191, 89, 137, 183, 195, 159, 193], [54, 179, 85, 165, 163, 148, 92, 157, 140, 91, 90, 115, 53], [186, 139, 81, 50, 164, 84, 109, 39, 151, 17, 174, 173, 105], [141, 197, 122, 28, 156, 114, 64, 154, 58, 7, 132, 150, 170, 77, 128, 172], [188, 192, 184, 196, 136, 143, 41, 142, 127, 149, 98, 99], [1, 112, 33, 95, 162, 110, 57, 75, 66, 101, 45, 46], [25, 31, 52, 71, 119, 131, 161, 49, 190, 68, 61, 26, 169], [55, 35, 70, 12, 44, 160, 43, 199, 104, 198, 37, 88, 124], [2, 16, 9, 106, 126, 69, 134, 180, 19, 176], [138, 155, 103, 153, 13, 83, 78, 133, 38, 10], [147, 118, 146, 72, 135, 145, 107, 117, 76, 129, 34, 60], [40, 158, 152, 125, 168, 100, 32, 63, 15, 82], [102, 177, 11, 4, 62, 18, 65, 87, 47, 121, 120], [67, 74, 181, 194, 3, 80, 189, 171, 79, 29], [6, 178, 14, 187, 24, 96, 175, 48]]",false
37,266708,3660,swap,CMT5.vrp,"[[21, 20, 166, 94, 86, 93, 8, 27, 59, 36, 167], [51, 123, 111, 5, 108, 130, 97, 56, 73, 144, 182], [30, 22, 185, 113, 42, 116, 23, 191, 89, 137, 183, 195, 159, 193], [54, 179, 85, 165, 163, 148, 92, 157, 140, 91, 90, 115, 53], [186, 139, 81, 50, 164, 84, 109, 39, 151, 17, 174, 173, 105], [141, 197, 122, 28, 156, 114, 64, 154, 58, 7, 132, 150, 170, 77, 128, 172], [188, 192, 184, 196, 136, 143, 41, 142, 127, 149, 98, 99], [1, 112, 33, 95, 162, 110, 57, 75, 66, 101, 45, 46], [25, 31, 52, 71, 119, 131, 161, 49, 190, 68, 61, 26, 169], [55, 35, 70, 12, 44, 160, 43, 199, 104, 198, 37, 88, 124], [2, 16, 9, 106, 126, 69, 134, 180, 19, 176], [138, 155, 103, 153, 13, 83, 78, 133, 38, 10], [147, 118, 146, 72, 135, 145, 107, 117, 76, 129, 34, 60], [194, 158, 152, 125, 168, 100, 32, 63, 15, 82], [102, 177, 11, 4, 62, 18, 65, 87, 47, 121, 120], [67, 74, 181, 40, 3, 80, 189, 171, 79, 29], [6, 178, 14, 187, 24, 96, 175, 48]]",false
38,274768,3622,swap,CMT5.vrp,"[[21, 20, 166, 94, 86, 93, 8, 27, 59, 36, 167], [51, 123, 111, 5, 108, 130, 97, 56, 73, 144, 182], [30, 22, 185, 113, 42, 116, 23, 191, 89, 137, 183, 195, 159, 193], [54, 179, 85, 165, 163, 148, 92, 157, 140, 91, 90, 115, 53], [186, 139, 81, 50, 164, 84, 109, 39, 151, 17, 174, 173, 105], [141, 197, 122, 28, 156, 114, 64, 154, 58, 7, 132, 150, 170, 77, 128, 175], [188, 192, 184, 196, 136, 143, 41, 142, 127, 149, 98, 99], [1, 112, 33, 95, 162, 110, 57, 75, 66, 101, 45, 46], [25, 31, 52, 71, 119, 131, 161, 49, 190, 68, 61, 26, 169], [55, 35, 70, 12, 44, 160, 43, 199, 104, 198, 37, 88, 124], [2, 16, 9, 106, 126, 69, 134, 180, 19, 176], [138, 155, 103, 153, 13, 83, 78, 133, 38, 10], [147, 118, 146, 72, 135, 145, 107, 117, 76, 129, 34, 60], [194, 158, 152, 125, 168, 100, 32, 63, 15, 82], [102, 177, 11, 4, 62, 18, 65, 87, 47, 121, 120], [67, 74, 181, 40, 3, 80, 189, 171, 79, 29], [6, 178, 14, 187, 24, 96, 172, 48]]",false
39,280108,3584,swap,CMT5.vrp,"[[21, 20, 166, 94, 86, 93, 8, 27, 59, 36, 167], [51, 123, 111, 5, 108, 130, 97, 56, 73, 144, 182], [30, 22, 185, 113, 42, 116, 23, 191, 89, 137, 183, 195, 159, 193], [54, 179, 85, 165, 163, 148, 92, 157, 140, 91, 90, 115, 53], [186, 139, 81, 50, 164, 84, 109, 39, 151, 17, 174, 173, 105], [141, 197, 122, 28, 156, 114, 64, 154, 58, 7, 132, 150, 170, 77, 128, 175], [188, 192, 184, 196, 136, 143, 41, 142, 127, 149, 98, 99], [1, 112, 33, 95, 162, 110, 57, 75, 66, 101, 45, 46], [25, 31, 52, 71, 119, 131, 161, 49, 190, 68, 61, 26, 169], [65, 35, 70, 12, 44, 160, 43, 199, 104, 198, 37, 88, 124], [2, 16, 9, 106, 126, 69, 134, 180, 19, 176], [138, 155, 103, 153, 13, 83, 78, 133, 38, 10], [147, 118, 146, 72, 135, 145, 107, 117, 76, 129, 34, 60], [194, 158, 152, 125, 168, 100, 32, 63, 15, 82], [102, 177, 11, 4, 62, 18, 55, 87, 47, 121, 120], [67, 74, 181, 40, 3, 80, 189, 171, 79, 29], [6, 178, 14, 187, 24, 96, 172, 48]]",false
40,285003,3546,2-opt,CMT5.vrp,"[[21, 20, 166, 94, 86, 93, 36, 59, 27, 8, 167], [51, 123, 111, 5, 108, 130, 97, 56, 73, 144, 182], [30, 22, 185, 113, 42, 116, 23, 191, 89, 137, 183, 195, 159, 193], [54, 179, 85, 165, 163, 148, 92, 157, 140, 91, 90, 115, 53], [186, 139, 81, 50, 164, 84, 109, 39, 151, 17, 174, 173, 105], [141, 197, 122, 28, 156, 114, 64, 154, 58, 7, 132, 150, 170, 77, 128, 175], [188, 192, 184, 196, 136, 143, 41, 142, 127, 149, 98, 99], [1, 112, 33, 95, 162, 110, 57, 75, 66, 101, 45, 46], [25, 31, 52, 71, 119, 131, 161, 49, 190, 68, 61, 26, 169], [65, 35, 70, 12, 44, 160, 43, 199, 104, 198, 37, 88, 124], [2, 16, 9, 106, 126, 69, 134, 180, 19, 176], [138, 155, 103, 153, 13, 83, 78, 133, 38, 10], [147, 118, 146, 72, 135, 145, 107, 117, 76, 129, 34, 60], [194, 158, 152, 125, 168, 100, 32, 63, 15, 82], [102, 177, 11, 4, 62, 18, 55, 87, 47, 121, 120], [67, 74, 181, 40, 3, 80, 189, 171, 79, 29], [6, 178, 14, 187, 24, 96, 172, 48]]",false
41,291323,3510,swap,CMT5.vrp,"[[21, 20, 166, 94, 86, 93, 36, 59, 27, 8, 167], [51, 123, 111, 5, 108, 130, 97, 56, 73, 144, 182], [30, 22, 185, 113, 42, 116, 23, 191, 89, 137, 183, 195, 159, 193], [54, 179, 85, 165, 163, 148, 92, 157, 140, 91, 90, 115, 53], [186, 139, 81, 50, 164, 84, 109, 39, 151, 17, 174, 173, 105], [141, 197, 122, 28, 156, 114, 64, 154, 58, 7, 132, 150, 170, 77, 128, 175], [188, 192, 184, 196, 136, 143, 41, 142, 127, 149, 98, 99], [1, 112, 33, 95, 162, 110, 57, 75, 66, 101, 45, 46], [25, 31, 52, 71, 119, 131, 161, 49, 190, 68, 61, 26, 169], [65, 35, 70, 12, 44, 160, 43, 199, 104, 198, 37, 88, 124], [2, 16, 9, 106, 126, 69, 134, 180, 19, 176], [138, 155, 103, 153, 13, 83, 78, 133, 38, 10], [147, 118, 146, 72, 135, 145, 107, 117, 76, 129, 34, 60], [194, 158, 152, 125, 168, 100, 32, 63, 171, 82], [102, 177, 11, 4, 62, 18, 55, 87, 47, 121, 120], [67, 74, 181, 40, 3, 80, 189, 15, 79, 29], [6, 178, 14, 187, 24, 96, 172, 48]]",false
42,295593,3477,or-opt,CMT5.vrp,"[[21, 20, 166, 94, 86, 93, 36, 59, 27, 8, 167], [51, 123, 111, 5, 108, 130, 97, 56, 73, 144, 182], [30, 22, 185, 113, 42, 116, 23, 191, 89, 137, 183, 195, 159, 193], [54, 179, 85, 165, 163, 148, 92, 157, 140, 91, 90, 115, 53], [186, 139, 81, 50, 164, 84, 109, 39, 151, 17, 174, 173, 105], [141, 197, 122, 28, 156, 114, 64, 154, 58, 7, 132, 150, 170, 77, 128, 175], [188, 192, 184, 196, 136, 143, 41, 142, 127, 149, 98, 99], [1, 112, 33, 95, 162, 110, 57, 75, 66, 101, 45, 46], [26, 169, 25, 31, 52, 71, 119, 131, 161, 49, 190, 68, 61], [65, 35, 70, 12, 44, 160, 43, 199, 104, 198, 37, 88, 124], [2, 16, 9, 106, 126, 69, 134, 180, 19, 176], [138, 155, 103, 153, 13, 83, 78, 133, 38, 10], [147, 118, 146, 72, 135, 145, 107, 117, 76, 129, 34, 60], [194, 158, 152, 125, 168, 100, 32, 63, 171, 82], [102, 177, 11, 4, 62, 18, 55, 87, 47, 121, 120], [67, 74, 181, 40, 3, 80, 189, 15, 79, 29], [6, 178, 14, 187, 24, 96, 172, 48]]",false
43,300403,3445,swap,CMT5.vrp,"[[21, 20, 166, 94, 86, 93, 36, 59, 27, 8, 167], [51, 123, 111, 5, 126, 130, 97, 56, 73, 144, 182], [30, 22, 185, 113, 42, 116, 23, 191, 89, 137, 183, 195, 159, 193], [54, 179, 85, 165, 163, 148, 92, 157, 140, 91, 90, 115, 53], [186, 139, 81, 50, 164, 84, 109, 39, 151, 17, 174, 173, 105], [141, 197, 122, 28, 156, 114, 64, 154, 58, 7, 132, 150, 170, 77, 128, 175], [188, 192, 184, 196, 136, 143, 41, 142, 127, 149, 98, 99], [1, 112, 33, 95, 162, 110, 57, 75, 66, 101, 45, 46], [26, 169, 25, 31, 52, 71, 119, 131, 161, 49, 190, 68, 61], [65, 35, 70, 12, 44, 160, 43, 199, 104, 198, 37, 88, 124], [2, 16, 9, 106, 108, 69, 134, 180, 19, 176], [138, 155, 103, 153, 13, 83, 78, 133, 38, 10], [147, 118, 146, 72, 135, 145, 107, 117, 76, 129, 34, 60], [194, 158, 152, 125, 168, 100, 32, 63, 171, 82], [102, 177, 11, 4, 62, 18, 55, 87, 47, 121, 120], [67, 74, 181, 40, 3, 80, 189, 15, 79, 29], [6, 178, 14, 187, 24, 96, 172, 48]]",false
44,304326,3415,2-opt,CMT5.vrp,"[[21, 20, 166, 94, 86, 93, 36, 59, 27, 8, 167], [51, 123, 111, 5, 126, 130, 97, 56, 73, 144, 182], [30, 22, 185, 113, 42, 116, 23, 191, 89, 137, 183, 195, 159, 193], [54, 179, 85, 165, 163, 148, 92, 157, 140, 91, 90, 115, 53], [186, 139, 81, 50, 164, 84, 109, 39, 151, 17, 174, 173, 105], [141, 197, 64, 114, 156, 28, 122, 154, 58, 7, 132, 150, 170, 77, 128, 175], [188, 192, 184, 196, 136, 143, 41, 142, 127, 149, 98, 99], [1, 112, 33, 95, 162, 110, 57, 75, 66, 101, 45, 46], [26, 169, 25, 31, 52, 71, 119, 131, 161, 49, 190, 68, 61], [65, 35, 70, 12, 44, 160, 43, 199, 104, 198, 37, 88, 124], [2, 16, 9, 106, 108, 69, 134, 180, 19, 176], [138, 155, 103, 153, 13, 83, 78, 133, 38, 10], [147, 118, 146, 72, 135, 145, 107, 117, 76, 129, 34, 60], [194, 158, 152, 125, 168, 100, 32, 63, 171, 82], [102, 177, 11, 4, 62, 18, 55, 87, 47, 121, 120], [67, 74, 181, 40, 3, 80, 189, 15, 79, 29], [6, 178, 14, 187, 24, 96, 172, 48]]",false
45,311117,3389,swap,CMT5.vrp,"[[21, 20, 166, 94, 86, 93, 36, 59, 27, 8, 167], [51, 123, 111, 5, 126, 130, 97, 56, 73, 144, 182], [186, 22, 185, 113, 42, 116, 23, 191, 89, 137, 183, 195, 159, 193], [54, 179, 85, 165, 163, 148, 92, 157, 140, 91, 90, 115, 53], [30, 139, 81, 50, 164, 84, 109, 39, 151, 17, 174, 173, 105], [141, 197, 64, 114, 156, 28, 122, 154, 58, 7, 132, 150, 170, 77, 128, 175], [188, 192, 184, 196, 136, 143, 41, 142, 127, 149, 98, 99], [1, 112, 33, 95, 162, 110, 57, 75, 66, 101, 45, 46], [26, 169, 25, 31, 52, 71, 119, 131, 161, 49, 190, 68, 61], [65, 35, 70, 12, 44, 160, 43, 199, 104, 198, 37, 88, 124], [2, 16, 9, 106, 108, 69, 134, 180, 19, 176], [138, 155, 103, 153, 13, 83, 78, 133, 38, 10], [147, 118, 146, 72, 135, 145, 107, 117, 76, 129, 34, 60], [194, 158, 152, 125, 168, 100, 32, 63, 171, 82], [102, 177, 11, 4, 62, 18, 55, 87, 47, 121, 120], [67, 74, 181, 40, 3, 80, 189, 15, 79, 29], [6, 178, 14, 187, 24, 96, 172, 48]]",false
46,316594,3362,swap,CMT5.vrp,"[[21, 20, 166, 94, 86, 93, 36, 59, 27, 8, 167], [51, 123, 111, 5, 126, 130, 97, 56, 73, 144, 182], [186, 22, 185, 113, 42, 116, 23, 191, 89, 137, 183, 195, 159, 193], [54, 179, 85, 165, 163, 148, 92, 157, 140, 91, 90, 115, 53], [30, 139, 81, 50, 164, 84, 109, 39, 151, 17, 174, 173, 105], [141, 197, 64, 114, 156, 28, 122, 154, 58, 7, 132, 150, 170, 52, 128, 175], [188, 192, 184, 196, 136, 143, 41, 142, 127, 149, 98, 99], [1, 112, 33, 95, 162, 110, 57, 75, 66, 101, 45, 46], [26, 169, 25, 31, 77, 71, 119, 131, 161, 49, 190, 68, 61], [65, 35, 70, 12, 44, 160, 43, 199, 104, 198, 37, 88, 124], [2, 16, 9, 106, 108, 69, 134, 180, 19, 176], [138, 155, 103, 153, 13, 83, 78, 133, 38, 10], [147, 118, 146, 72, 135, 145, 107, 117, 76, 129, 34, 60], [194, 158, 152, 125, 168, 100, 32, 63, 171, 82], [102, 177, 11, 4, 62, 18, 55, 87, 47, 121, 120], [67, 74, 181, 40, 3, 80, 189, 15, 79, 29], [6, 178, 14, 187, 24, 96, 172, 48]]",false
47,321846,3336,or-opt,CMT5.vrp,"[[21, 20, 166, 94, 86, 93, 36, 59, 27, 8, 167], [51, 123, 111, 5, 126, 130, 97, 56, 73, 144, 182], [186, 22, 185, 89, 137, 113, 42, 116, 23, 191, 183, 195, 159, 193], [54, 179, 85, 165, 163, 148, 92, 157, 140, 91, 90, 115, 53], [30, 139, 81, 50, 164, 84, 109, 39, 151, 17, 174, 173, 105], [141, 197, 64, 114, 156, 28, 122, 154, 58, 7, 132, 150, 170, 52, 128, 175], [188, 192, 184, 196, 136, 143, 41, 142, 127, 149, 98, 99], [1, 112, 33, 95, 162, 110, 57, 75, 66, 101, 45, 46], [26, 169, 25, 31, 77, 71, 119, 131, 161, 49, 190, 68, 61], [65, 35, 70, 12, 44, 160, 43, 199, 104, 198, 37, 88, 124], [2, 16, 9, 106, 108, 69, 134, 180, 19, 176], [138, 155, 103, 153, 13, 83, 78, 133, 38, 10], [147, 118, 146, 72, 135, 145, 107, 117, 76, 129, 34, 60], [194, 158, 152, 125, 168, 100, 32, 63, 171, 82], [102, 177, 11, 4, 62, 18, 55, 87, 47, 121, 120], [67, 74, 181, 40, 3, 80, 189, 15, 79, 29], [6, 178, 14, 187, 24, 96, 172, 48]]",false
48,327683,3312,2-opt,CMT5.vrp,"[[21, 20, 166, 94, 86, 93, 36, 59, 27, 8, 167], [51, 123, 111, 5, 126, 130, 97, 56, 73, 144, 182], [186, 22, 185, 89, 137, 113, 42, 116, 23, 191, 183, 195, 159, 193], [54, 179, 85, 165, 163, 148, 92, 157, 140, 91, 90, 115, 53], [30, 139, 81, 50, 164, 84, 109, 39, 151, 17, 174, 173, 105], [141, 197, 64, 114, 156, 28, 122, 154, 58, 7, 132, 150, 170, 52, 128, 175], [188, 192, 184, 196, 136, 143, 41, 142, 127, 149, 98, 99], [75, 57, 110, 162, 95, 33, 112, 1, 66, 101, 45, 46], [26, 169, 25, 31, 77, 71, 119, 131, 161, 49, 190, 68, 61], [65, 35, 70, 12, 44, 160, 43, 199, 104, 198, 37, 88, 124], [2, 16, 9, 106, 108, 69, 134, 180, 19, 176], [138, 155, 103, 153, 13, 83, 78, 133, 38, 10], [147, 118, 146, 72, 135, 145, 107, 117, 76, 129, 34, 60], [194, 158, 152, 125, 168, 100, 32, 63, 171, 82], [102, 177, 11, 4, 62, 18, 55, 87, 47, 121, 120], [67, 74, 181, 40, 3, 80, 189, 15, 79, 29], [6, 178, 14, 187, 24, 96, 172, 48]]",false
49,332533,3288,swap,CMT5.vrp,"[[21, 20, 166, 94, 86, 93, 36, 59, 27, 8, 167], [51, 123, 111, 5, 126, 130, 97, 56, 73, 144, 182], [186, 22, 185, 89, 137, 113, 42, 116, 23, 191, 183, 195, 159, 193], [54, 179, 85, 165, 163, 148, 92, 157, 140, 91, 90, 115, 53], [30, 139, 81, 50, 164, 84, 109, 39, 151, 17, 174, 173, 105], [141, 197, 64, 114, 156, 28, 122, 154, 58, 7, 132, 150, 170, 52, 128, 175], [188, 192, 184, 196, 136, 143, 41, 142, 127, 149, 98, 99], [75, 57, 110, 162, 95, 33, 112, 1, 66, 101, 45, 46], [26, 169, 25, 31, 77, 71, 119, 131, 161, 49, 190, 68, 61], [65, 35, 70, 12, 62, 160, 43, 199, 104, 198, 37, 88, 124], [2, 16, 9, 106, 108, 69, 134, 180, 19, 176], [138, 155, 103, 153, 13, 83, 78, 133, 38, 10], [147, 118, 146, 72, 135, 145, 107, 117, 76, 129, 34, 60], [194, 158, 152, 125, 168, 100, 32, 63, 171, 82], [102, 177, 11, 4, 44, 18, 55, 87, 47, 121, 120], [67, 74, 181, 40, 3, 80, 189, 15, 79, 29], [6, 178, 14, 187, 24, 96, 172, 48]]",false
50,340140,3263,swap,CMT5.vrp,"[[21, 20, 166, 94, 86, 93, 36, 59, 27, 8, 167], [51, 123, 111, 87, 126, 130, 97, 56, 73, 144, 182], [186, 22, 185, 89, 137, 113, 42, 116, 23, 191, 183, 195, 159, 193], [54, 179, 85, 165, 163, 148, 92, 157, 140, 91, 90, 115, 53], [30, 139, 81, 50, 164, 84, 109, 39, 151, 17, 174, 173, 105], [141, 197, 64, 114, 156, 28, 122, 154, 58, 7, 132, 150, 170, 52, 128, 175], [188, 192, 184, 196, 136, 143, 41, 142, 127, 149, 98, 99], [75, 57, 110, 162, 95, 33, 112, 1, 66, 101, 45, 46], [26, 169, 25, 31, 77, 71, 119, 131, 161, 49, 190, 68, 61], [65, 35, 70, 12, 62, 160, 43, 199, 104, 198, 37, 88, 124], [2, 16, 9, 106, 108, 69, 134, 180, 19, 176], [138, 155, 103, 153, 13, 83, 78, 133, 38, 10], [147, 118, 146, 72, 135, 145, 107, 117, 76, 129, 34, 60], [194, 158, 152, 125, 168, 100, 32, 63, 171, 82], [102, 177, 11, 4, 44, 18, 55, 5, 47, 121, 120], [67, 74, 181, 40, 3, 80, 189, 15, 79, 29], [6, 178, 14, 187, 24, 96, 172, 48]]",false
51,348187,3238,swap,CMT5.vrp,"[[21, 20, 166, 94, 86, 93, 36, 59, 27, 8, 167], [4, 123, 111, 87, 126, 130, 97, 56, 73, 144, 182], [186, 22, 185, 89, 137, 113, 42, 116, 23, 191, 183, 195, 159, 193], [54, 179, 85, 165, 163, 148, 92, 157, 140, 91, 90, 115, 53], [30, 139, 81, 50, 164, 84, 109, 39, 151, 17, 174, 173, 105], [141, 197, 64, 114, 156, 28, 122, 154, 58, 7, 132, 150, 170, 52, 128, 175], [188, 192, 184, 196, 136, 143, 41, 142, 127, 149, 98, 99], [75, 57, 110, 162, 95, 33, 112, 1, 66, 101, 45, 46], [26, 169, 25, 31, 77, 71, 119, 131, 161, 49, 190, 68, 61], [65, 35, 70, 12, 62, 160, 43, 199, 104, 198, 37, 88, 124], [2, 16, 9, 106, 108, 69, 134, 180, 19, 176], [138, 155, 103, 153, 13, 83, 78, 133, 38, 10], [147, 118, 146, 72, 135, 145, 107, 117, 76, 129, 34, 60], [194, 158, 152, 125, 168, 100, 32, 63, 171, 82], [102, 177, 11, 51, 44, 18, 55, 5, 47, 121, 120], [67, 74, 181, 40, 3, 80, 189, 15, 79, 29], [6, 178, 14, 187, 24, 96, 172, 48]]",false
52,356002,3214,2-opt,CMT5.vrp,"[[21, 20, 166, 94, 86, 93, 36, 59, 27, 8, 167], [4, 123, 111, 87, 126, 130, 97, 56, 73, 144, 182], [186, 22, 185, 89, 137, 113, 42, 116, 23, 191, 183, 195, 159, 193], [54, 179, 85, 165, 163, 148, 92, 157, 140, 91, 90, 115, 53], [30, 139, 81, 50, 164, 84, 109, 39, 151, 17, 174, 173, 105], [141, 197, 64, 114, 156, 28, 122, 154, 58, 7, 132, 150, 170, 52, 128, 175], [188, 192, 184, 196, 136, 143, 41, 142, 127, 149, 98, 99], [75, 57, 110, 162, 95, 33, 112, 1, 66, 101, 45, 46], [26, 169, 25, 31, 77, 71, 119, 131, 161, 49, 190, 68, 61], [65, 35, 70, 124, 88, 37, 198, 104, 199, 43, 160, 62, 12], [2, 16, 9, 106, 108, 69, 134, 180, 19, 176], [138, 155, 103, 153, 13, 83, 78, 133, 38, 10], [147, 118, 146, 72, 135, 145, 107, 117, 76, 129, 34, 60], [194, 158, 152, 125, 168, 100, 32, 63, 171, 82], [102, 177, 11, 51, 44, 18, 55, 5, 47, 121, 120], [67, 74, 181, 40, 3, 80, 189, 15, 79, 29], [6, 178, 14, 187, 24, 96, 172, 48]]",false
53,362544,3185,swap,CMT5.vrp,"[[21, 20, 166, 94, 86, 93, 36, 59, 27, 8, 167], [4, 123, 111, 87, 126, 130, 97, 56, 73, 144, 182], [186, 22, 185, 89, 137, 113, 42, 116, 23, 191, 183, 195, 159, 193], [54, 179, 85, 165, 163, 148, 92, 157, 140, 91, 90, 115, 53], [30, 139, 81, 50, 164, 84, 109, 39, 151, 17, 174, 173, 105], [141, 197, 64, 114, 156, 28, 122, 154, 58, 7, 132, 150, 170, 52, 128, 175], [188, 192, 184, 196, 136, 143, 41, 142, 127, 149, 98, 99], [75, 57, 110, 162, 95, 33, 112, 1, 66, 101, 45, 46], [26, 169, 25, 31, 77, 71, 119, 131, 161, 49, 190, 68, 61], [65, 35, 70, 124, 88, 37, 198, 104, 199, 43, 160, 62, 3], [2, 16, 9, 106, 108, 69, 134, 180, 19, 176], [138, 155, 103, 153, 13, 83, 78, 133, 38, 10], [147, 118, 146, 72, 135, 145, 107, 117, 76, 129, 34, 60], [194, 158, 152, 125, 168, 100, 32, 63, 171, 82], [102, 177, 11, 51, 44, 18, 55, 5, 47, 121, 120], [67, 74, 181, 40, 12, 80, 189, 15, 79, 29], [6, 178, 14, 187, 24, 96, 172, 48]]",false
54,366557,3162,swap,CMT5.vrp,"[[21, 20, 166, 94, 86, 93, 36, 59, 27, 8, 167], [4, 58, 111, 87, 126, 130, 97, 56, 73, 144, 182], [186, 22, 185, 89, 137, 113, 42, 116, 23, 191, 183, 195, 159, 193], [54, 179, 85, 165, 163, 148, 92, 157, 140, 91, 90, 115, 53], [30, 139, 81, 50, 164, 84, 109, 39, 151, 17, 174, 173, 105], [141, 197, 64, 114, 156, 28, 122, 154, 123, 7, 132, 150, 170, 52, 128, 175], [188, 192, 184, 196, 136, 143, 41, 142, 127, 149, 98, 99], [75, 57, 110, 162, 95, 33, 112, 1, 66, 101, 45, 46], [26, 169, 25, 31, 77, 71, 119, 131, 161, 49, 190, 68, 61], [65, 35, 70, 124, 88, 37, 198, 104, 199, 43, 160, 62, 3], [2, 16, 9, 106, 108, 69, 134, 180, 19, 176], [138, 155, 103, 153, 13, 83, 78, 133, 38, 10], [147, 118, 146, 72, 135, 145, 107, 117, 76, 129, 34, 60], [194, 158, 152, 125, 168, 100, 32, 63, 171, 82], [102, 177, 11, 51, 44, 18, 55, 5, 47, 121, 120], [67, 74, 181, 40, 12, 80, 189, 15, 79, 29], [6, 178, 14, 187, 24, 96, 172, 48]]",false
55,370538,3139,2-opt,CMT5.vrp,"[[21, 20, 166, 94, 86, 93, 36, 59, 27, 8, 167], [4, 58, 111, 87, 126, 130, 97, 56, 73, 144, 182], [186, 22, 185, 89, 137, 113, 42, 116, 23, 191, 183, 195, 159, 193], [54, 179, 85, 165, 163, 148, 92, 157, 140, 91, 90, 115, 53], [17, 151, 39, 109, 84, 164, 50, 81, 139, 30, 174, 173, 105], [141, 197, 64, 114, 156, 28, 122, 154, 123, 7, 132, 150, 170, 52, 128, 175], [188, 192, 184, 196, 136, 143, 41, 142, 127, 149, 98, 99], [75, 57, 110, 162, 95, 33, 112, 1, 66, 101, 45, 46], [26, 169, 25, 31, 77, 71, 119, 131, 161, 49, 190, 68, 61], [65, 35, 70, 124, 88, 37, 198, 104, 199, 43, 160, 62, 3], [2, 16, 9, 106, 108, 69, 134, 180, 19, 176], [138, 155, 103, 153, 13, 83, 78, 133, 38, 10], [147, 118, 146, 72, 135, 145, 107, 117, 76, 129, 34, 60], [194, 158, 152, 125, 168, 100, 32, 63, 171, 82], [102, 177, 11, 51, 44, 18, 55, 5, 47, 121, 120], [67, 74, 181, 40, 12, 80, 189, 15, 79, 29], [6, 178, 14, 187, 24, 96, 172, 48]]",false
56,377147,3116,2-opt,CMT5.vrp,"[[21, 20, 166, 94, 86, 93, 36, 59, 27, 8, 167], [4, 58, 111, 87, 126, 130, 97, 56, 73, 144, 182], [186, 22, 185, 89, 137, 113, 42, 116, 23, 191, 183, 195, 159, 193], [54, 179, 85, 165, 163, 148, 92, 157, 140, 91, 90, 115, 53], [17, 151, 39, 109, 84, 164, 50, 81, 139, 30, 174, 173, 105], [141, 197, 64, 114, 156, 28, 122, 154, 123, 7, 132, 150, 170, 52, 128, 175], [188, 192, 184, 196, 136, 143, 41, 142, 127, 149, 98, 99], [75, 57, 110, 162, 95, 33, 112, 1, 66, 101, 45, 46], [26, 169, 25, 31, 77, 71, 119, 131, 161, 49, 190, 68, 61], [65, 35, 70, 124, 88, 37, 198, 104, 199, 43, 160, 62, 3], [2, 16, 9, 106, 108, 69, 134, 180, 19, 176], [138, 155, 103, 153, 13, 83, 78, 133, 38, 10], [147, 118, 146, 72, 135, 145, 107, 117, 76, 129, 34, 60], [194, 158, 63, 32, 100, 168, 125, 152, 171, 82], [102, 177, 11, 51, 44, 18, 55, 5, 47, 121, 120], [67, 74, 181, 40, 12, 80, 189, 15, 79, 29], [6, 178, 14, 187, 24, 96, 172, 48]]",false
57,385724,3093,2-opt,CMT5.vrp,"[[21, 20, 166, 94, 86, 93, 36, 59, 27, 8, 167], [4, 58, 111, 87, 126, 130, 97, 56, 73, 144, 182], [186, 22, 185, 89, 137, 113, 42, 116, 23, 191, 183, 195, 159, 193], [54, 179, 85, 165, 163, 148, 92, 157, 140, 91, 90, 115, 53], [17, 151, 39, 109, 84, 164, 50, 81, 139, 30, 174, 173, 105], [141, 197, 64, 114, 156, 28, 122, 154, 123, 7, 132, 150, 170, 52, 128, 175], [188, 192, 184, 196, 136, 143, 41, 142, 127, 149, 98, 99], [75, 57, 110, 162, 95, 33, 112, 1, 66, 101, 45, 46], [26, 169, 25, 31, 77, 71, 119, 131, 161, 49, 190, 68, 61], [65, 35, 70, 124, 88, 37, 198, 104, 199, 43, 160, 62, 3], [2, 16, 9, 106, 108, 69, 134, 180, 19, 176], [138, 155, 103, 153, 13, 83, 78, 133, 38, 10], [147, 118, 146, 72, 135, 145, 107, 117, 76, 129, 34, 60], [194, 158, 63, 32, 100, 168, 125, 152, 171, 82], [55, 18, 44, 51, 11, 177, 102, 5, 47, 121, 120], [67, 74, 181, 40, 12, 80, 189, 15, 79, 29], [6, 178, 14, 187, 24, 96, 172, 48]]",false
58,392770,3071,swap,CMT5.vrp,"[[21, 20, 166, 94, 86, 93, 36, 59, 27, 8, 167], [4, 58, 111, 87, 126, 130, 97, 56, 73, 144, 182], [186, 22, 185, 89, 137, 113, 42, 116, 23, 191, 183, 195, 159, 193], [54, 179, 85, 165, 163, 148, 92, 157, 140, 91, 90, 115, 53], [17, 151, 39, 109, 84, 164, 50, 81, 139, 30, 174, 173, 105], [141, 197, 64, 114, 156, 28, 122, 154, 123, 7, 132, 150, 170, 52, 128, 175], [188, 192, 184, 196, 136, 143, 41, 142, 127, 149, 98, 99], [75, 25, 110, 162, 95, 33, 112, 1, 66, 101, 45, 46], [26, 169, 57, 31, 77, 71, 119, 131, 161, 49, 190, 68, 61], [65, 35, 70, 124, 88, 37, 198, 104, 199, 43, 160, 62, 3], [2, 16, 9, 106, 108, 69, 134, 180, 19, 176], [138, 155, 103, 153, 13, 83, 78, 133, 38, 10], [147, 118, 146, 72, 135, 145, 107, 117, 76, 129, 34, 60], [194, 158, 63, 32, 100, 168, 125, 152, 171, 82], [55, 18, 44, 51, 11, 177, 102, 5, 47, 121, 120], [67, 74, 181, 40, 12, 80, 189, 15, 79, 29], [6, 178, 14, 187, 24, 96, 172, 48]]",false
59,399234,3049,swap,CMT5.vrp,"[[21, 20, 166, 94, 86, 93, 36, 59, 27, 8, 167], [4, 58, 111, 87, 126, 130, 97, 56, 73, 144, 182], [186, 22, 185, 89, 137, 113, 42, 116, 23, 191, 183, 195, 159, 193], [54, 179, 85, 165, 163, 148, 92, 157, 140, 91, 90, 115, 53], [17, 151, 39, 109, 84, 164, 50, 81, 139, 30, 174, 173, 105], [141, 197, 64, 114, 156, 28, 122, 154, 123, 7, 132, 150, 170, 52, 35, 175], [188, 192, 184, 196, 136, 143, 41, 142, 127, 149, 98, 99], [75, 25, 110, 162, 95, 33, 112, 1, 66, 101, 45, 46], [26, 169, 57, 31, 77, 71, 119, 131, 161, 49, 190, 68, 61], [65, 128, 70, 124, 88, 37, 198, 104, 199, 43, 160, 62, 3], [2, 16, 9, 106, 108, 69, 134, 180, 19, 176], [138, 155, 103, 153, 13, 83, 78, 133, 38, 10], [147, 118, 146, 72, 135, 145, 107, 117, 76, 129, 34, 60], [194, 158, 63, 32, 100, 168, 125, 152, 171, 82], [55, 18, 44, 51, 11, 177, 102, 5, 47, 121, 120], [67, 74, 181, 40, 12, 80, 189, 15, 79, 29], [6, 178, 14, 187, 24, 96, 172, 48]]",false
60,405375,3028,swap,CMT5.vrp,"[[21, 20, 166, 94, 86, 93, 36, 59, 27, 8, 167], [4, 58, 111, 87, 126, 130, 97, 56, 73, 144, 182], [186, 22, 185, 89, 137, 113, 42, 116, 23, 191, 183, 195, 159, 193], [54, 179, 85, 165, 163, 148, 92, 157, 140, 91, 90, 115, 53], [17, 151, 39, 109, 84, 164, 50, 81, 139, 30, 174, 173, 105], [141, 142, 64, 114, 156, 28, 122, 154, 123, 7, 132, 150, 170, 52, 35, 175], [188, 192, 184, 196, 136, 143, 41, 197, 127, 149, 98, 99], [75, 25, 110, 162, 95, 33, 112, 1, 66, 101, 45, 46], [26, 169, 57, 31, 77, 71, 119, 131, 161, 49, 190, 68, 61], [65, 128, 70, 124, 88, 37, 198, 104, 199, 43, 160, 62, 3], [2, 16, 9, 106, 108, 69, 134, 180, 19, 176], [138, 155, 103, 153, 13, 83, 78, 133, 38, 10], [147, 118, 146, 72, 135, 145, 107, 117, 76, 129, 34, 60], [194, 158, 63, 32, 100, 168, 125, 152, 171, 82], [55, 18, 44, 51, 11, 177, 102, 5, 47, 121, 120], [67, 74, 181, 40, 12, 80, 189, 15, 79, 29], [6, 178, 14, 187, 24, 96, 172, 48]]",false
61,413392,3006,or-opt,CMT5.vrp,"[[21, 20, 166, 94, 86, 93, 36, 59, 27, 8, 167], [4, 58, 111, 87, 126, 130, 97, 56, 73, 144, 182], [186, 22, 185, 89, 137, 113, 42, 116, 23, 191, 183, 195, 159, 193], [54, 179, 85, 165, 163, 148, 92, 157, 140, 91, 90, 115, 53], [17, 151, 39, 109, 84, 164, 50, 81, 139, 30, 174, 173, 105], [141, 142, 114, 156, 64, 28, 122, 154, 123, 7, 132, 150, 170, 52, 35, 175], [188, 192, 184, 196, 136, 143, 41, 197, 127, 149, 98, 99], [75, 25, 110, 162, 95, 33, 112, 1, 66, 101, 45, 46], [26, 169, 57, 31, 77, 71, 119, 131, 161, 49, 190, 68, 61], [65, 128, 70, 124, 88, 37, 198, 104, 199, 43, 160, 62, 3], [2, 16, 9, 106, 108, 69, 134, 180, 19, 176], [138, 155, 103, 153, 13, 83, 78, 133, 38, 10], [147, 118, 146, 72, 135, 145, 107, 117, 76, 129, 34, 60], [194, 158, 63, 32, 100, 168, 125, 152, 171, 82], [55, 18, 44, 51, 11, 177, 102, 5, 47, 121, 120], [67, 74, 181, 40, 12, 80, 189, 15, 79, 29], [6, 178, 14, 187, 24, 96, 172, 48]]",false
62,422033,2984,swap,CMT5.vrp,"[[21, 20, 166, 94, 86, 93, 36, 59, 27, 8, 167], [4, 58, 111, 87, 126, 130, 97, 56, 73, 144, 182], [186, 22, 185, 89, 137, 113, 42, 116, 23, 191, 183, 195, 159, 193], [54, 179, 85, 165, 163, 148, 92, 157, 140, 91, 90, 115, 53], [17, 151, 39, 109, 84, 164, 50, 81, 139, 30, 174, 173, 2], [141, 142, 114, 156, 64, 28, 122, 154, 123, 7, 132, 150, 170, 52, 35, 175], [188, 192, 184, 196, 136, 143, 41, 197, 127, 149, 98, 99], [75, 25, 110, 162, 95, 33, 112, 1, 66, 101, 45, 46], [26, 169, 57, 31, 77, 71, 119, 131, 161, 49, 190, 68, 61], [65, 128, 70, 124, 88, 37, 198, 104, 199, 43, 160, 62, 3], [105, 16, 9, 106, 108, 69, 134, 180, 19, 176], [138, 155, 103, 153, 13, 83, 78, 133, 38, 10], [147, 118, 146, 72, 135, 145, 107, 117, 76, 129, 34, 60], [194, 158, 63, 32, 100, 168, 125, 152, 171, 82], [55, 18, 44, 51, 11, 177, 102, 5, 47, 121, 120], [67, 74, 181, 40, 12, 80, 189, 15, 79, 29], [6, 178, 14, 187, 24, 96, 172, 48]]",false
63,427428,2963,swap,CMT5.vrp,"[[21, 20, 166, 94, 86, 93, 36, 59, 27, 8, 167], [4, 58, 111, 87, 126, 130, 97, 56, 73, 144, 182], [186, 22, 185, 89, 137, 113, 42, 116, 23, 191, 183, 195, 159, 193], [54, 179, 85, 165, 163, 148, 92, 157, 140, 91, 90, 115, 53], [17, 151, 39, 109, 84, 164, 50, 81, 139, 30, 174, 173, 2], [141, 142, 114, 156, 64, 28, 122, 154, 123, 7, 132, 150, 170, 52, 35, 175], [188, 192, 184, 196, 136, 143, 41, 197, 127, 149, 98, 99], [75, 25, 110, 162, 95, 33, 112, 1, 66, 101, 45, 46], [26, 169, 57, 31, 77, 71, 119, 131, 161, 49, 190, 68, 61], [65, 128, 70, 124, 88, 37, 198, 104, 199, 43, 160, 62, 3], [105, 16, 9, 106, 108, 69, 134, 180, 19, 176], [138, 155, 103, 153, 13, 83, 78, 133, 38, 10], [147, 118, 146, 18, 135, 145, 107, 117, 76, 129, 34, 60], [194, 158, 63, 32, 100, 168, 125, 152, 171, 82], [55, 72, 44, 51, 11, 177, 102, 5, 47, 121, 120], [67, 74, 181, 40, 12, 80, 189, 15, 79, 29], [6, 178, 14, 187, 24, 96, 172, 48]]",false
64,434058,2942,or-opt,CMT5.vrp,"[[21, 94, 86, 93, 36, 20, 166, 59, 27, 8, 167], [4, 58, 111, 87, 126, 130, 97, 56, 73, 144, 182], [186, 22, 185, 89, 137, 113, 42, 116, 23, 191, 183, 195, 159, 193], [54, 179, 85, 165, 163, 148, 92, 157, 140, 91, 90, 115, 53], [17, 151, 39, 109, 84, 164, 50, 81, 139, 30, 174, 173, 2], [141, 142, 114, 156, 64, 28, 122, 154, 123, 7, 132, 150, 170, 52, 35, 175], [188, 192, 184, 196, 136, 143, 41, 197, 127, 149, 98, 99], [75, 25, 110, 162, 95, 33, 112, 1, 66, 101, 45, 46], [26, 169, 57, 31, 77, 71, 119, 131, 161, 49, 190, 68, 61], [65, 128, 70, 124, 88, 37, 198, 104, 199, 43, 160, 62, 3], [105, 16, 9, 106, 108, 69, 134, 180, 19, 176], [138, 155, 103, 153, 13, 83, 78, 133, 38, 10], [147, 118, 146, 18, 135, 145, 107, 117, 76, 129, 34, 60], [194, 158, 63, 32, 100, 168, 125, 152, 171, 82], [55, 72, 44, 51, 11, 177, 102, 5, 47, 121, 120], [67, 74, 181, 40, 12, 80, 189, 15, 79, 29], [6, 178, 14, 187, 24, 96, 172, 48]]",false
65,440192,2923,or-opt,CMT5.vrp,"[[86, 93, 21, 94, 36, 20, 166, 59, 27, 8, 167], [4, 58, 111, 87, 126, 130, 97, 56, 73, 144, 182], [186, 22, 185, 89, 137, 113, 42, 116, 23, 191, 183, 195, 159, 193], [54, 179, 85, 165, 163, 148, 92, 157, 140, 91, 90, 115, 53], [17, 151, 39, 109, 84, 164, 50, 81, 139, 30, 174, 173, 2], [141, 142, 114, 156, 64, 28, 122, 154, 123, 7, 132, 150, 170, 52, 35, 175], [188, 192, 184, 196, 136, 143, 41, 197, 127, 149, 98, 99], [75, 25, 110, 162, 95, 33, 112, 1, 66, 101, 45, 46], [26, 169, 57, 31, 77, 71, 119, 131, 161, 49, 190, 68, 61], [65, 128, 70, 124, 88, 37, 198, 104, 199, 43, 160, 62, 3], [105, 16, 9, 106, 108, 69, 134, 180, 19, 176], [138, 155, 103, 153, 13, 83, 78, 133, 38, 10], [147, 118, 146, 18, 135, 145, 107, 117, 76, 129, 34, 60], [194, 158, 63, 32, 100, 168, 125, 152, 171, 82], [55, 72, 44, 51, 11, 177, 102, 5, 47, 121, 120], [67, 74, 181, 40, 12, 80, 189, 15, 79, 29], [6, 178, 14, 187, 24, 96, 172, 48]]",false
66,446386,2904,swap,CMT5.vrp,"[[86, 93, 21, 94, 36, 20, 166, 59, 27, 8, 167], [4, 58, 111, 87, 126, 130, 97, 56, 73, 144, 182], [186, 22, 185, 89, 137, 113, 42, 116, 23, 191, 183, 104, 159, 193], [54, 179, 85, 165, 163, 148, 92, 157, 140, 91, 90, 115, 53], [17, 151, 39, 109, 84, 164, 50, 81, 139, 30, 174, 173, 2], [141, 142, 114, 156, 64, 28, 122, 154, 123, 7, 132, 150, 170, 52, 35, 175], [188, 192, 184, 196, 136, 143, 41, 197, 127, 149, 98, 99], [75, 25, 110, 162, 95, 33, 112, 1, 66, 101, 45, 46], [26, 169, 57, 31, 77, 71, 119, 131, 161, 49, 190, 68, 61], [65, 128, 70, 124, 88, 37, 198, 195, 199, 43, 160, 62, 3], [105, 16, 9, 106, 108, 69, 134, 180, 19, 176], [138, 155, 103, 153, 13, 83, 78, 133, 38, 10], [147, 118, 146, 18, 135, 145, 107, 117, 76, 129, 34, 60], [194, 158, 63, 32, 100, 168, 125, 152, 171, 82], [55, 72, 44, 51, 11, 177, 102, 5, 47, 121, 120], [67, 74, 181, 40, 12, 80, 189, 15, 79, 29], [6, 178, 14, 187, 24, 96, 172, 48]]",false
67,452487,2886,2-opt,CMT5.vrp,"[[86, 93, 21, 94, 36, 20, 166, 59, 27, 8, 167], [4, 58, 111, 87, 126, 130, 97, 56, 73, 144, 182], [186, 22, 42, 113, 137, 89, 185, 116, 23, 191, 183, 104, 159, 193], [54, 179, 85, 165, 163, 148, 92, 157, 140, 91, 90, 115, 53], [17, 151, 39, 109, 84, 164, 50, 81, 139, 30, 174, 173, 2], [141, 142, 114, 156, 64, 28, 122, 154, 123, 7, 132, 150, 170, 52, 35, 175], [188, 192, 184, 196, 136, 143, 41, 197, 127, 149, 98, 99], [75, 25, 110, 162, 95, 33, 112, 1, 66, 101, 45, 46], [26, 169, 57, 31, 77, 71, 119, 131, 161, 49, 190, 68, 61], [65, 128, 70, 124, 88, 37, 198, 195, 199, 43, 160, 62, 3], [105, 16, 9, 106, 108, 69, 134, 180, 19, 176], [138, 155, 103, 153, 13, 83, 78, 133, 38, 10], [147, 118, 146, 18, 135, 145, 107, 117, 76, 129, 34, 60], [194, 158, 63, 32, 100, 168, 125, 152, 171, 82], [55, 72, 44, 51, 11, 177, 102, 5, 47, 121, 120], [67, 74, 181, 40, 12, 80, 189, 15, 79, 29], [6, 178, 14, 187, 24, 96, 172, 48]]",false
68,457127,2868,swap,CMT5.vrp,"[[86, 93, 21, 94, 36, 20, 166, 59, 27, 8, 167], [4, 58, 111, 87, 126, 130, 97, 56, 73, 144, 182], [186, 22, 42, 113, 137, 89, 185, 116, 23, 191, 183, 104, 159, 193], [54, 179, 85, 165, 163, 148, 92, 157, 140, 91, 90, 115, 53], [17, 151, 39, 109, 84, 164, 50, 81, 139, 30, 174, 173, 2], [141, 142, 114, 156, 64, 28, 122, 154, 123, 7, 132, 150, 170, 52, 35, 175], [188, 192, 184, 196, 136, 143, 41, 197, 127, 149, 98, 99], [106, 25, 110, 162, 95, 33, 112, 1, 66, 101, 45, 46], [26, 169, 57, 31, 77, 71, 119, 131, 161, 49, 190, 68, 61], [65, 128, 70, 124, 88, 37, 198, 195, 199, 43, 160, 62, 3], [105, 16, 9, 75, 108, 69, 134, 180, 19, 176], [138, 155, 103, 153, 13, 83, 78, 133, 38, 10], [147, 118, 146, 18, 135, 145, 107, 117, 76, 129, 34, 60], [194, 158, 63, 32, 100, 168, 125, 152, 171, 82], [55, 72, 44, 51, 11, 177, 102, 5, 47, 121, 120], [67, 74, 181, 40, 12, 80, 189, 15, 79, 29], [6, 178, 14, 187, 24, 96, 172, 48]]",false
69,461427,2851,swap,CMT5.vrp,"[[86, 93, 21, 94, 36, 20, 166, 59, 27, 8, 167], [4, 58, 111, 87, 126, 130, 97, 56, 73, 144, 182], [186, 22, 42, 113, 137, 89, 185, 116, 23, 191, 183, 104, 159, 193], [54, 179, 85, 165, 163, 148, 92, 157, 140, 91, 90, 115, 53], [17, 151, 39, 109, 84, 164, 50, 81, 139, 30, 174, 173, 2], [141, 142, 114, 156, 64, 28, 122, 154, 123, 7, 132, 150, 170, 52, 35, 175], [188, 192, 184, 196, 136, 143, 41, 197, 127, 149, 98, 99], [106, 25, 110, 162, 95, 33, 112, 1, 66, 101, 45, 46], [26, 169, 57, 31, 77, 71, 119, 131, 161, 49, 190, 68, 61], [65, 128, 70, 124, 88, 37, 198, 195, 199, 43, 160, 62, 3], [105, 16, 9, 75, 108, 69, 134, 14, 19, 176], [138, 155, 103, 153, 13, 83, 78, 133, 38, 10], [147, 118, 146, 18, 135, 145, 107, 117, 76, 129, 34, 60], [194, 158, 63, 32, 100, 168, 125, 152, 171, 82], [55, 72, 44, 51, 11, 177, 102, 5, 47, 121, 120], [67, 74, 181, 40, 12, 80, 189, 15, 79, 29], [6, 178, 180, 187, 24, 96, 172, 48]]",false
70,464966,2834,2-opt,CMT5.vrp,"[[86, 93, 21, 94, 36, 20, 166, 59, 27, 8, 167], [4, 58, 111, 87, 126, 130, 97, 56, 73, 144, 182], [186, 22, 42, 113, 137, 89, 185, 116, 23, 191, 183, 104, 159, 193], [54, 179, 85, 165, 163, 148, 92, 53, 115, 90, 91, 140, 157], [17, 151, 39, 109, 84, 164, 50, 81, 139, 30, 174, 173, 2], [141, 142, 114, 156, 64, 28, 122, 154, 123, 7, 132, 150, 170, 52, 35, 175], [188, 192, 184, 196, 136, 143, 41, 197, 127, 149, 98, 99], [106, 25, 110, 162, 95, 33, 112, 1, 66, 101, 45, 46], [26, 169, 57, 31, 77, 71, 119, 131, 161, 49, 190, 68, 61], [65, 128, 70, 124, 88, 37, 198, 195, 199, 43, 160, 62, 3], [105, 16, 9, 75, 108, 69, 134, 14, 19, 176], [138, 155, 103, 153, 13, 83, 78, 133, 38, 10], [147, 118, 146, 18, 135, 145, 107, 117, 76, 129, 34, 60], [194, 158, 63, 32, 100, 168, 125, 152, 171, 82], [55, 72, 44, 51, 11, 177, 102, 5, 47, 121, 120], [67, 74, 181, 40, 12, 80, 189, 15, 79, 29], [6, 178, 180, 187, 24, 96, 172, 48]]",false
71,469311,2818,swap,CMT5.vrp,"[[86, 93, 21, 94, 36, 20, 166, 59, 27, 8, 167], [4, 58, 111, 87, 126, 130, 97, 56, 73, 144, 182], [186, 22, 42, 113, 137, 89, 185, 116, 23, 191, 183, 104, 159, 193], [54, 179, 85, 165, 163, 148, 92, 53, 115, 90, 91, 140, 157], [17, 151, 39, 109, 84, 164, 50, 81, 139, 30, 174, 173, 2], [141, 142, 114, 156, 64, 28, 122, 154, 123, 7, 132, 150, 170, 52, 35, 175], [188, 192, 184, 196, 136, 143, 41, 197, 127, 149, 98, 99], [106, 25, 110, 162, 95, 33, 112, 1, 66, 101, 45, 46], [26, 169, 57, 31, 77, 71, 119, 131, 161, 49, 190, 68, 61], [65, 128, 70, 124, 88, 37, 198, 195, 199, 43, 160, 62, 3], [105, 16, 9, 75, 108, 69, 134, 14, 19, 176], [138, 155, 103, 153, 13, 83, 78, 133, 38, 10], [147, 118, 146, 18, 135, 145, 107, 117, 76, 129, 34, 60], [194, 158, 63, 32, 100, 168, 125, 48, 171, 82], [55, 72, 44, 51, 11, 177, 102, 5, 47, 121, 120], [67, 74, 181, 40, 12, 80, 189, 15, 79, 29], [6, 178, 180, 187, 24, 96, 172, 152]]",false
72,474763,2795,swap,CMT5.vrp,"[[86, 93, 21, 94, 36, 20, 166, 59, 27, 8, 167], [4, 58, 111, 87, 126, 130, 97, 56, 73, 144, 182], [186, 22, 42, 113, 137, 89, 185, 116, 23, 191, 183, 104, 159, 193], [54, 179, 85, 165, 163, 148, 92, 53, 115, 90, 91, 140, 157], [17, 151, 39, 109, 84, 164, 50, 81, 139, 30, 174, 173, 172], [141, 142, 114, 156, 64, 28, 122, 154, 123, 7, 132, 150, 170, 52, 35, 175], [188, 192, 184, 196, 136, 143, 41, 197, 127, 149, 98, 99], [106, 25, 110, 162, 95, 33, 112, 1, 66, 101, 45, 46], [26, 169, 57, 31, 77, 71, 119, 131, 161, 49, 190, 68, 61], [65, 128, 70, 124, 88, 37, 198, 195, 199, 43, 160, 62, 3], [105, 16, 9, 75, 108, 69, 134, 14, 19, 176], [138, 155, 103, 153, 13, 83, 78, 133, 38, 10], [147, 118, 146, 18, 135, 145, 107, 117, 76, 129, 34, 60], [194, 158, 63, 32, 100, 168, 125, 48, 171, 82], [55, 72, 44, 51, 11, 177, 102, 5, 47, 121, 120], [67, 74, 181, 40, 12, 80, 189, 15, 79, 29], [6, 178, 180, 187, 24, 96, 2, 152]]",false
73,482850,2779,swap,CMT5.vrp,"[[86, 93, 21, 94, 36, 20, 166, 59, 27, 8, 167], [4, 58, 111, 87, 126, 130, 97, 56, 73, 144, 182], [186, 22, 42, 113, 137, 89, 185, 116, 23, 191, 183, 104, 159, 193], [54, 179, 85, 165, 163, 148, 92, 53, 115, 90, 91, 140, 157], [17, 151, 39, 109, 84, 164, 50, 81, 139, 30, 174, 173, 172], [141, 142, 114, 156, 64, 28, 122, 154, 123, 7, 132, 150, 170, 52, 35, 175], [188, 192, 184, 196, 136, 143, 41, 197, 127, 149, 98, 99], [106, 25, 110, 162, 95, 33, 112, 1, 66, 101, 45, 46], [26, 169, 57, 31, 77, 71, 119, 131, 161, 49, 190, 68, 61], [65, 128, 70, 124, 88, 37, 198, 195, 199, 43, 160, 62, 24], [105, 16, 9, 75, 108, 69, 134, 14, 19, 176], [138, 155, 103, 153, 13, 83, 78, 133, 38, 10], [147, 118, 146, 18, 135, 145, 107, 117, 76, 129, 34, 60], [194, 158, 63, 32, 100, 168, 125, 48, 171, 82], [55, 72, 44, 51, 11, 177, 102, 5, 47, 121, 120], [67, 74, 181, 40, 12, 80, 189, 15, 79, 29], [6, 178, 180, 187, 3, 96, 2, 152]]",false
74,490284,2764,swap,CMT5.vrp,"[[86, 93, 21, 94, 36, 20, 166, 59, 27, 8, 167], [4, 58, 111, 87, 126, 130, 97, 56, 73, 144, 182], [186, 22, 42, 113, 137, 89, 185, 116, 23, 191, 183, 104, 159, 193], [54, 179, 85, 165, 163, 148, 92, 53, 115, 90, 91, 140, 157], [17, 151, 39, 109, 84, 164, 50, 81, 139, 30, 174, 173, 172], [141, 142, 114, 156, 64, 28, 122, 154, 123, 7, 132, 150, 170, 52, 35, 175], [188, 192, 184, 196, 136, 143, 41, 197, 127, 149, 98, 99], [72, 25, 110, 162, 95, 33, 112, 1, 66, 101, 45, 46], [26, 169, 57, 31, 77, 71, 119, 131, 161, 49, 190, 68, 61], [65, 128, 70, 124, 88, 37, 198, 195, 199, 43, 160, 62, 24], [105, 16, 9, 75, 108, 69, 134, 14, 19, 176], [138, 155, 103, 153, 13, 83, 78, 133, 38, 10], [147, 118, 146, 18, 135, 145, 107, 117, 76, 129, 34, 60], [194, 158, 63, 32, 100, 168, 125, 48, 171, 82], [55, 106, 44, 51, 11, 177, 102, 5, 47, 121, 120], [67, 74, 181, 40, 12, 80, 189, 15, 79, 29], [6, 178, 180, 187, 3, 96, 2, 152]]",false
75,496321,2750,swap,CMT5.vrp,"[[86, 93, 21, 94, 36, 20, 166, 59, 27, 8, 167], [4, 58, 111, 87, 126, 130, 97, 56, 73, 144, 182], [186, 22, 42, 113, 137, 89, 185, 116, 23, 191, 183, 104, 159, 193], [54, 179, 85, 165, 163, 148, 92, 53, 115, 90, 91, 140, 157], [17, 151, 39, 109, 84, 164, 50, 81, 139, 30, 174, 173, 172], [141, 142, 114, 156, 64, 28, 122, 154, 123, 7, 132, 150, 170, 52, 35, 175], [188, 192, 184, 196, 136, 143, 41, 197, 127, 149, 98, 99], [72, 25, 110, 162, 95, 33, 112, 1, 66, 101, 45, 6], [26, 169, 57, 31, 77, 71, 119, 131, 161, 49, 190, 68, 61], [65, 128, 70, 124, 88, 37, 198, 195, 199, 43, 160, 62, 24], [105, 16, 9, 75, 108, 69, 134, 14, 19, 176], [138, 155, 103, 153, 13, 83, 78, 133, 38, 10], [147, 118, 146, 18, 135, 145, 107, 117, 76, 129, 34, 60], [194, 158, 63, 32, 100, 168, 125, 48, 171, 82], [55, 106, 44, 51, 11, 177, 102, 5, 47, 121, 120], [67, 74, 181, 40, 12, 80, 189, 15, 79, 29], [46, 178, 180, 187, 3, 96, 2, 152]]",false
76,501081,2735,swap,CMT5.vrp,"[[86, 93, 21, 94, 36, 20, 166, 59, 27, 8, 167], [4, 58, 111, 87, 126, 130, 97, 56, 73, 144, 182], [186, 22, 42, 113, 137, 89, 185, 116, 23, 191, 183, 104, 159, 193], [45, 179, 85, 165, 163, 148, 92, 53, 115, 90, 91, 140, 157], [17, 151, 39, 109, 84, 164, 50, 81, 139, 30, 174, 173, 172], [141, 142, 114, 156, 64, 28, 122, 154, 123, 7, 132, 150, 170, 52, 35, 175], [188, 192, 184, 196, 136, 143, 41, 197, 127, 149, 98, 99], [72, 25, 110, 162, 95, 33, 112, 1, 66, 101, 54, 6], [26, 169, 57, 31, 77, 71, 119, 131, 161, 49, 190, 68, 61], [65, 128, 70, 124, 88, 37, 198, 195, 199, 43, 160, 62, 24], [105, 16, 9, 75, 108, 69, 134, 14, 19, 176], [138, 155, 103, 153, 13, 83, 78, 133, 38, 10], [147, 118, 146, 18, 135, 145, 107, 117, 76, 129, 34, 60], [194, 158, 63, 32, 100, 168, 125, 48, 171, 82], [55, 106, 44, 51, 11, 177, 102, 5, 47, 121, 120], [67, 74, 181, 40, 12, 80, 189, 15, 79, 29], [46, 178, 180, 187, 3, 96, 2, 152]]",false
77,505860,2722,swap,CMT5.vrp,"[[86, 93, 21, 94, 36, 20, 166, 59, 27, 8, 167], [4, 58, 111, 87, 126, 130, 97, 56, 73, 144, 182], [186, 22, 42, 113, 137, 89, 185, 116, 23, 191, 183, 104, 159, 193], [45, 179, 85, 165, 163, 148, 92, 53, 115, 90, 91, 140, 157], [17, 151, 39, 109, 84, 164, 50, 81, 139, 30, 174, 173, 172], [141, 142, 114, 156, 64, 28, 122, 154, 123, 7, 132, 150, 170, 52, 35, 175], [188, 192, 184, 196, 136, 143, 41, 197, 127, 149, 98, 99], [72, 25, 110, 162, 95, 33, 112, 1, 66, 101, 54, 6], [26, 169, 57, 31, 77, 71, 119, 131, 161, 49, 190, 68, 61], [65, 128, 70, 124, 88, 37, 198, 195, 199, 43, 160, 62, 24], [105, 16, 9, 75, 108, 69, 134, 14, 19, 176], [138, 155, 103, 153, 13, 83, 78, 133, 38, 10], [147, 118, 146, 18, 135, 145, 107, 117, 76, 12, 34, 60], [194, 158, 63, 32, 100, 168, 125, 48, 171, 82], [55, 106, 44, 51, 11, 177, 102, 5, 47, 121, 120], [67, 74, 181, 40, 129, 80, 189, 15, 79, 29], [46, 178, 180, 187, 3, 96, 2, 152]]",false
78,510828,2710,2-opt,CMT5.vrp,"[[86, 93, 21, 94, 36, 20, 166, 59, 27, 8, 167], [4, 58, 111, 87, 126, 130, 97, 56, 73, 144, 182], [186, 22, 42, 113, 137, 89, 185, 116, 23, 191, 183, 104, 159, 193], [45, 179, 85, 165, 163, 148, 92, 53, 115, 90, 91, 140, 157], [17, 151, 39, 109, 84, 164, 50, 81, 139, 30, 174, 173, 172], [141, 142, 114, 156, 64, 28, 122, 154, 123, 7, 132, 150, 170, 52, 35, 175], [188, 192, 184, 196, 136, 143, 41, 197, 127, 149, 99, 98], [72, 25, 110, 162, 95, 33, 112, 1, 66, 101, 54, 6], [26, 169, 57, 31, 77, 71, 119, 131, 161, 49, 190, 68, 61], [65, 128, 70, 124, 88, 37, 198, 195, 199, 43, 160, 62, 24], [105, 16, 9, 75, 108, 69, 134, 14, 19, 176], [138, 155, 103, 153, 13, 83, 78, 133, 38, 10], [147, 118, 146, 18, 135, 145, 107, 117, 76, 12, 34, 60], [194, 158, 63, 32, 100, 168, 125, 48, 171, 82], [55, 106, 44, 51, 11, 177, 102, 5, 47, 121, 120], [67, 74, 181, 40, 129, 80, 189, 15, 79, 29], [46, 178, 180, 187, 3, 96, 2, 152]]",false
79,514995,2699,swap,CMT5.vrp,"[[86, 93, 21, 94, 36, 20, 166, 59, 27, 8, 167], [4, 58, 111, 87, 126, 130, 97, 56, 73, 144, 182], [186, 22, 42, 113, 137, 89, 185, 116, 23, 191, 183, 104, 159, 193], [45, 179, 85, 165, 163, 148, 92, 53, 115, 90, 91, 140, 157], [17, 151, 39, 109, 84, 164, 50, 81, 139, 30, 174, 173, 172], [141, 142, 114, 156, 64, 28, 122, 154, 123, 7, 132, 150, 170, 52, 35, 175], [188, 192, 184, 196, 136, 143, 41, 197, 127, 149, 99, 98], [72, 25, 110, 162, 95, 33, 112, 1, 66, 101, 54, 6], [26, 169, 57, 31, 77, 71, 119, 131, 161, 49, 190, 68, 61], [65, 128, 70, 124, 88, 37, 198, 195, 199, 43, 160, 62, 24], [105, 16, 9, 75, 108, 11, 134, 14, 19, 176], [138, 155, 103, 153, 13, 83, 78, 133, 38, 10], [147, 118, 146, 18, 135, 145, 107, 117, 76, 12, 34, 60], [194, 158, 63, 32, 100, 168, 125, 48, 171, 82], [55, 106, 44, 51, 69, 177, 102, 5, 47, 121, 120], [67, 74, 181, 40, 129, 80, 189, 15, 79, 29], [46, 178, 180, 187, 3, 96, 2, 152]]",false
80,521029,2688,or-opt,CMT5.vrp,"[[86, 93, 21, 94, 36, 20, 166, 59, 27, 8, 167], [4, 58, 111, 87, 126, 130, 97, 56, 73, 144, 182], [186, 22, 42, 113, 137, 89, 185, 116, 183, 104, 159, 23, 191, 193], [45, 179, 85, 165, 163, 148, 92, 53, 115, 90, 91, 140, 157], [17, 151, 39, 109, 84, 164, 50, 81, 139, 30, 174, 173, 172], [141, 142, 114, 156, 64, 28, 122, 154, 123, 7, 132, 150, 170, 52, 35, 175], [188, 192, 184, 196, 136, 143, 41, 197, 127, 149, 99, 98], [72, 25, 110, 162, 95, 33, 112, 1, 66, 101, 54, 6], [26, 169, 57, 31, 77, 71, 119, 131, 161, 49, 190, 68, 61], [65, 128, 70, 124, 88, 37, 198, 195, 199, 43, 160, 62, 24], [105, 16, 9, 75, 108, 11, 134, 14, 19, 176], [138, 155, 103, 153, 13, 83, 78, 133, 38, 10], [147, 118, 146, 18, 135, 145, 107, 117, 76, 12, 34, 60], [194, 158, 63, 32, 100, 168, 125, 48, 171, 82], [55, 106, 44, 51, 69, 177, 102, 5, 47, 121, 120], [67, 74, 181, 40, 129, 80, 189, 15, 79, 29], [46, 178, 180, 187, 3, 96, 2, 152]]",false
81,526139,2677,swap,CMT5.vrp,"[[86, 93, 21, 94, 36, 20, 166, 59, 27, 8, 167], [4, 58, 111, 87, 126, 130, 97, 56, 73, 144, 182], [186, 22, 42, 113, 137, 89, 185, 116, 183, 104, 159, 23, 191, 193], [45, 179, 85, 165, 163, 148, 92, 53, 115, 90, 91, 140, 157], [17, 151, 39, 109, 84, 164, 50, 81, 139, 30, 174, 173, 172], [141, 142, 114, 156, 64, 28, 122, 154, 123, 7, 132, 150, 170, 52, 35, 175], [188, 192, 184, 196, 136, 143, 41, 197, 127, 149, 99, 98], [72, 25, 110, 162, 95, 33, 112, 1, 66, 101, 54, 6], [26, 169, 57, 31, 77, 71, 119, 131, 161, 49, 190, 68, 61], [65, 128, 70, 124, 88, 37, 198, 195, 199, 43, 160, 62, 24], [105, 16, 9, 75, 108, 11, 134, 14, 19, 176], [138, 155, 103, 153, 13, 83, 78, 133, 38, 10], [147, 118, 146, 18, 135, 145, 107, 117, 76, 12, 34, 60], [194, 158, 63, 32, 100, 168, 125, 48, 171, 120], [55, 106, 44, 51, 69, 177, 102, 5, 47, 121, 82], [67, 74, 181, 40, 129, 80, 189, 15, 79, 29], [46, 178, 180, 187, 3, 96, 2, 152]]",false
82,530272,2663,swap,CMT5.vrp,"[[86, 93, 21, 94, 36, 20, 166, 59, 27, 8, 167], [4, 58, 111, 87, 126, 130, 97, 56, 73, 144, 182], [186, 22, 42, 113, 137, 89, 185, 116, 183, 104, 159, 23, 191, 193], [45, 179, 85, 165, 163, 148, 92, 53, 115, 90, 91, 140, 157], [17, 151, 39, 109, 84, 164, 50, 81, 139, 30, 174, 173, 172], [141, 142, 114, 156, 64, 28, 122, 154, 123, 7, 132, 150, 170, 52, 35, 175], [188, 192, 184, 196, 136, 143, 41, 197, 127, 149, 99, 98], [72, 25, 110, 162, 95, 33, 112, 1, 66, 101, 54, 6], [26, 169, 57, 31, 77, 71, 119, 131, 161, 49, 190, 68, 61], [65, 128, 70, 124, 88, 37, 198, 195, 199, 43, 160, 62, 24], [105, 16, 9, 75, 108, 11, 134, 14, 19, 176], [138, 155, 103, 153, 13, 83, 78, 133, 38, 10], [147, 118, 146, 18, 135, 145, 107, 117, 76, 12, 168, 60], [194, 158, 63, 32, 100, 34, 125, 48, 171, 120], [55, 106, 44, 51, 69, 177, 102, 5, 47, 121, 82], [67, 74, 181, 40, 129, 80, 189, 15, 79, 29], [46, 178, 180, 187, 3, 96, 2, 152]]",false
83,533848,2653,2-opt,CMT5.vrp,"[[86, 93, 21, 94, 36, 20, 166, 59, 27, 8, 167], [4, 58, 111, 87, 126, 130, 97, 56, 73, 144, 182], [186, 22, 42, 113, 137, 89, 185, 116, 183, 104, 159, 23, 191, 193], [45, 179, 85, 165, 163, 148, 92, 53, 115, 90, 91, 140, 157], [17, 151, 39, 109, 84, 164, 50, 81, 139, 30, 174, 173, 172], [141, 142, 114, 156, 64, 28, 122, 154, 123, 7, 132, 150, 170, 52, 35, 175], [188, 192, 184, 197, 41, 143, 136, 196, 127, 149, 99, 98], [72, 25, 110, 162, 95, 33, 112, 1, 66, 101, 54, 6], [26, 169, 57, 31, 77, 71, 119, 131, 161, 49, 190, 68, 61], [65, 128, 70, 124, 88, 37, 198, 195, 199, 43, 160, 62, 24], [105, 16, 9, 75, 108, 11, 134, 14, 19, 176], [138, 155, 103, 153, 13, 83, 78, 133, 38, 10], [147, 118, 146, 18, 135, 145, 107, 117, 76, 12, 168, 60], [194, 158, 63, 32, 100, 34, 125, 48, 171, 120], [55, 106, 44, 51, 69, 177, 102, 5, 47, 121, 82], [67, 74, 181, 40, 129, 80, 189, 15, 79, 29], [46, 178, 180, 187, 3, 96, 2, 152]]",false
84,538004,2643,swap,CMT5.vrp,"[[86, 93, 21, 94, 36, 20, 166, 59, 27, 8, 167], [4, 58, 111, 87, 126, 130, 97, 56, 73, 144, 182], [186, 22, 42, 113, 137, 89, 185, 116, 183, 104, 159, 23, 191, 193], [45, 179, 85, 165, 163, 148, 92, 53, 115, 90, 91, 140, 157], [17, 151, 39, 109, 84, 164, 50, 81, 139, 30, 174, 173, 172], [141, 142, 114, 156, 64, 28, 122, 154, 123, 7, 132, 150, 170, 52, 35, 175], [188, 192, 184, 197, 41, 143, 68, 196, 127, 149, 99, 98], [72, 25, 110, 162, 95, 33, 112, 1, 66, 101, 54, 6], [26, 169, 57, 31, 77, 71, 119, 131, 161, 49, 190, 136, 61], [65, 128, 70, 124, 88, 37, 198, 195, 199, 43, 160, 62, 24], [105, 16, 9, 75, 108, 11, 134, 14, 19, 176], [138, 155, 103, 153, 13, 83, 78, 133, 38, 10], [147, 118, 146, 18, 135, 145, 107, 117, 76, 12, 168, 60], [194, 158, 63, 32, 100, 34, 125, 48, 171, 120], [55, 106, 44, 51, 69, 177, 102, 5, 47, 121, 82], [67, 74, 181, 40, 129, 80, 189, 15, 79, 29], [46, 178, 180, 187, 3, 96, 2, 152]]",false
85,542819,2633,swap,CMT5.vrp,"[[86, 93, 21, 94, 36, 20, 166, 59, 27, 8, 167], [4, 58, 111, 87, 126, 130, 97, 56, 73, 144, 182], [186, 22, 42, 113, 137, 89, 185, 116, 183, 104, 159, 23, 191, 193], [45, 179, 85, 165, 163, 148, 92, 53, 115, 90, 91, 140, 157], [17, 151, 39, 109, 84, 164, 50, 81, 139, 30, 174, 173, 172], [141, 142, 114, 156, 64, 28, 122, 154, 123, 7, 132, 150, 170, 52, 35, 175], [188, 192, 184, 197, 41, 143, 68, 196, 127, 149, 99, 98], [72, 25, 110, 162, 95, 33, 112, 1, 66, 101, 54, 6], [26, 169, 57, 31, 77, 71, 119, 131, 161, 49, 190, 136, 61], [65, 128, 70, 124, 88, 37, 198, 195, 199, 43, 160, 62, 67], [105, 16, 9, 75, 108, 11, 134, 14, 19, 176], [138, 155, 103, 153, 13, 83, 78, 133, 38, 10], [147, 118, 146, 18, 135, 145, 107, 117, 76, 12, 168, 60], [194, 158, 63, 32, 100, 34, 125, 48, 171, 120], [55, 106, 44, 51, 69, 177, 102, 5, 47, 121, 82], [24, 74, 181, 40, 129, 80, 189, 15, 79, 29], [46, 178, 180, 187, 3, 96, 2, 152]]",false
86,548281,2623,swap,CMT5.vrp,"[[86, 93, 28, 94, 36, 20, 166, 59, 27, 8, 167], [4, 58, 111, 87, 126, 130, 97, 56, 73, 144, 182], [186, 22, 42, 113, 137, 89, 185, 116, 183, 104, 159, 23, 191, 193], [45, 179, 85, 165, 163, 148, 92, 53, 115, 90, 91, 140, 157], [17, 151, 39, 109, 84, 164, 50, 81, 139, 30, 174, 173, 172], [141, 142, 114, 156, 64, 21, 122, 154, 123, 7, 132, 150, 170, 52, 35, 175], [188, 192, 184, 197, 41, 143, 68, 196, 127, 149, 99, 98], [72, 25, 110, 162, 95, 33, 112, 1, 66, 101, 54, 6], [26, 169, 57, 31, 77, 71, 119, 131, 161, 49, 190, 136, 61], [65, 128, 70, 124, 88, 37, 198, 195, 199, 43, 160, 62, 67], [105, 16, 9, 75, 108, 11, 134, 14, 19, 176], [138, 155, 103, 153, 13, 83, 78, 133, 38, 10], [147, 118, 146, 18, 135, 145, 107, 117, 76, 12, 168, 60], [194, 158, 63, 32, 100, 34, 125, 48, 171, 120], [55, 106, 44, 51, 69, 177, 102, 5, 47, 121, 82], [24, 74, 181, 40, 129, 80, 189, 15, 79, 29], [46, 178, 180, 187, 3, 96, 2, 152]]",false
87,553139,2614,swap,CMT5.vrp,"[[86, 93, 28, 94, 36, 20, 166, 59, 27, 8, 167], [4, 58, 111, 87, 126, 130, 97, 56, 73, 144, 182], [186, 22, 42, 113, 137, 89, 185, 116, 183, 104, 159, 23, 191, 193], [45, 179, 85, 165, 163, 148, 92, 49, 115, 90, 91, 140, 157], [17, 151, 39, 109, 84, 164, 50, 81, 139, 30, 174, 173, 172], [141, 142, 114, 156, 64, 21, 122, 154, 123, 7, 132, 150, 170, 52, 35, 175], [188, 192, 184, 197, 41, 143, 68, 196, 127, 149, 99, 98], [72, 25, 110, 162, 95, 33, 112, 1, 66, 101, 54, 6], [26, 169, 57, 31, 77, 71, 119, 131, 161, 53, 190, 136, 61], [65, 128, 70, 124, 88, 37, 198, 195, 199, 43, 160, 62, 67], [105, 16, 9, 75, 108, 11, 134, 14, 19, 176], [138, 155, 103, 153, 13, 83, 78, 133, 38, 10], [147, 118, 146, 18, 135, 145, 107, 117, 76, 12, 168, 60], [194, 158, 63, 32, 100, 34, 125, 48, 171, 120], [55, 106, 44, 51, 69, 177, 102, 5, 47, 121, 82], [24, 74, 181, 40, 129, 80, 189, 15, 79, 29], [46, 178, 180, 187, 3, 96, 2, 152]]",false
88,560499,2603,swap,CMT5.vrp,"[[86, 93, 28, 94, 36, 20, 166, 59, 27, 8, 167], [4, 58, 111, 87, 126, 130, 97, 56, 73, 144, 182], [186, 22, 42, 113, 137, 89, 185, 116, 183, 104, 159, 23, 191, 193], [45, 179, 85, 165, 163, 148, 92, 49, 115, 90, 91, 64, 157], [17, 151, 39, 109, 84, 164, 50, 81, 139, 30, 174, 173, 172], [141, 142, 114, 156, 140, 21, 122, 154, 123, 7, 132, 150, 170, 52, 35, 175], [188, 192, 184, 197, 41, 143, 68, 196, 127, 149, 99, 98], [72, 25, 110, 162, 95, 33, 112, 1, 66, 101, 54, 6], [26, 169, 57, 31, 77, 71, 119, 131, 161, 53, 190, 136, 61], [65, 128, 70, 124, 88, 37, 198, 195, 199, 43, 160, 62, 67], [105, 16, 9, 75, 108, 11, 134, 14, 19, 176], [138, 155, 103, 153, 13, 83, 78, 133, 38, 10], [147, 118, 146, 18, 135, 145, 107, 117, 76, 12, 168, 60], [194, 158, 63, 32, 100, 34, 125, 48, 171, 120], [55, 106, 44, 51, 69, 177, 102, 5, 47, 121, 82], [24, 74, 181, 40, 129, 80, 189, 15, 79, 29], [46, 178, 180, 187, 3, 96, 2, 152]]",false
89,566601,2591,swap,CMT5.vrp,"[[86, 93, 28, 94, 36, 20, 166, 59, 27, 8, 167], [4, 58, 111, 87, 126, 130, 97, 56, 73, 144, 182], [186, 22, 42, 113, 137, 89, 185, 116, 183, 104, 159, 23, 191, 193], [45, 179, 85, 165, 163, 148, 92, 49, 115, 90, 91, 64, 157], [17, 151, 39, 109, 84, 164, 50, 81, 139, 30, 174, 173, 172], [141, 142, 114, 156, 140, 21, 122, 154, 123, 7, 132, 150, 170, 52, 35, 175], [188, 192, 184, 190, 41, 143, 68, 196, 127, 149, 99, 98], [72, 25, 110, 162, 95, 33, 112, 1, 66, 101, 54, 6], [26, 169, 57, 31, 77, 71, 119, 131, 161, 53, 197, 136, 61], [65, 128, 70, 124, 88, 37, 198, 195, 199, 43, 160, 62, 67], [105, 16, 9, 75, 108, 11, 134, 14, 19, 176], [138, 155, 103, 153, 13, 83, 78, 133, 38, 10], [147, 118, 146, 18, 135, 145, 107, 117, 76, 12, 168, 60], [194, 158, 63, 32, 100, 34, 125, 48, 171, 120], [55, 106, 44, 51, 69, 177, 102, 5, 47, 121, 82], [24, 74, 181, 40, 129, 80, 189, 15, 79, 29], [46, 178, 180, 187, 3, 96, 2, 152]]",false
90,570320,2580,swap,CMT5.vrp,"[[86, 93, 28, 94, 36, 20, 166, 59, 27, 99, 167], [4, 58, 111, 87, 126, 130, 97, 56, 73, 144, 182], [186, 22, 42, 113, 137, 89, 185, 116, 183, 104, 159, 23, 191, 193], [45, 179, 85, 165, 163, 148, 92, 49, 115, 90, 91, 64, 157], [17, 151, 39, 109, 84, 164, 50, 81, 139, 30, 174, 173, 172], [141, 142, 114, 156, 140, 21, 122, 154, 123, 7, 132, 150, 170, 52, 35, 175], [188, 192, 184, 190, 41, 143, 68, 196, 127, 149, 8, 98], [72, 25, 110, 162, 95, 33, 112, 1, 66, 101, 54, 6], [26, 169, 57, 31, 77, 71, 119, 131, 161, 53, 197, 136, 61], [65, 128, 70, 124, 88, 37, 198, 195, 199, 43, 160, 62, 67], [105, 16, 9, 75, 108, 11, 134, 14, 19, 176], [138, 155, 103, 153, 13, 83, 78, 133, 38, 10], [147, 118, 146, 18, 135, 145, 107, 117, 76, 12, 168, 60], [194, 158, 63, 32, 100, 34, 125, 48, 171, 120], [55, 106, 44, 51, 69, 177, 102, 5, 47, 121, 82], [24, 74, 181, 40, 129, 80, 189, 15, 79, 29], [46, 178, 180, 187, 3, 96, 2, 152]]",false
91,574791,2571,swap,CMT5.vrp,"[[86, 93, 28, 94, 36, 20, 166, 59, 27, 99, 167], [4, 58, 111, 87, 126, 130, 97, 72, 73, 144, 182], [186, 22, 42, 113, 137, 89, 185, 116, 183, 104, 159, 23, 191, 193], [45, 179, 85, 165, 163, 148, 92, 49, 115, 90, 91, 64, 157], [17, 151, 39, 109, 84, 164, 50, 81, 139, 30, 174, 173, 172], [141, 142, 114, 156, 140, 21, 122, 154, 123, 7, 132, 150, 170, 52, 35, 175], [188, 192, 184, 190, 41, 143, 68, 196, 127, 149, 8, 98], [56, 25, 110, 162, 95, 33, 112, 1, 66, 101, 54, 6], [26, 169, 57, 31, 77, 71, 119, 131, 161, 53, 197, 136, 61], [65, 128, 70, 124, 88, 37, 198, 195, 199, 43, 160, 62, 67], [105, 16, 9, 75, 108, 11, 134, 14, 19, 176], [138, 155, 103, 153, 13, 83, 78, 133, 38, 10], [147, 118, 146, 18, 135, 145, 107, 117, 76, 12, 168, 60], [194, 158, 63, 32, 100, 34, 125, 48, 171, 120], [55, 106, 44, 51, 69, 177, 102, 5, 47, 121, 82], [24, 74, 181, 40, 129, 80, 189, 15, 79, 29], [46, 178, 180, 187, 3, 96, 2, 152]]",false
92,581148,2563,swap,CMT5.vrp,"[[86, 93, 28, 94, 36, 20, 166, 59, 27, 99, 167], [4, 58, 111, 87, 126, 130, 97, 72, 73, 144, 182], [186, 22, 42, 113, 137, 89, 185, 116, 183, 104, 159, 23, 191, 193], [45, 179, 85, 165, 163, 148, 92, 49, 115, 90, 91, 64, 157], [17, 151, 39, 109, 84, 164, 50, 81, 139, 30, 174, 173, 172], [141, 142, 114, 156, 140, 21, 122, 154, 123, 7, 132, 150, 170, 52, 35, 175], [188, 192, 184, 190, 41, 143, 68, 196, 127, 149, 8, 98], [56, 25, 110, 162, 95, 33, 112, 1, 66, 101, 54, 6], [26, 169, 57, 31, 77, 71, 119, 131, 161, 53, 197, 136, 61], [65, 128, 70, 124, 88, 37, 198, 195, 199, 43, 160, 62, 67], [105, 16, 9, 75, 189, 11, 134, 14, 19, 176], [138, 155, 103, 153, 13, 83, 78, 133, 38, 10], [147, 118, 146, 18, 135, 145, 107, 117, 76, 12, 168, 60], [194, 158, 63, 32, 100, 34, 125, 48, 171, 120], [55, 106, 44, 51, 69, 177, 102, 5, 47, 121, 82], [24, 74, 181, 40, 129, 80, 108, 15, 79, 29], [46, 178, 180, 187, 3, 96, 2, 152]]",false
93,584599,2552,swap,CMT5.vrp,"[[86, 93, 28, 94, 36, 20, 166, 59, 27, 99, 167], [4, 58, 111, 87, 126, 130, 97, 72, 73, 144, 182], [186, 22, 42, 113, 137, 89, 185, 116, 183, 104, 159, 23, 191, 193], [45, 179, 85, 165, 163, 148, 92, 49, 115, 90, 91, 64, 157], [17, 151, 39, 109, 84, 164, 50, 81, 139, 30, 174, 173, 172], [141, 142, 114, 156, 140, 21, 122, 154, 123, 7, 132, 150, 170, 52, 35, 175], [188, 192, 184, 190, 41, 143, 68, 196, 127, 149, 8, 98], [56, 25, 110, 162, 95, 33, 112, 1, 66, 101, 54, 6], [26, 169, 57, 31, 80, 71, 119, 131, 161, 53, 197, 136, 61], [65, 128, 70, 124, 88, 37, 198, 195, 199, 43, 160, 62, 67], [105, 16, 9, 75, 189, 11, 134, 14, 19, 176], [138, 155, 103, 153, 13, 83, 78, 133, 38, 10], [147, 118, 146, 18, 135, 145, 107, 117, 76, 12, 168, 60], [194, 158, 63, 32, 100, 34, 125, 48, 171, 120], [55, 106, 44, 51, 69, 177, 102, 5, 47, 121, 82], [24, 74, 181, 40, 129, 77, 108, 15, 79, 29], [46, 178, 180, 187, 3, 96, 2, 152]]",false
94,589831,2541,or-opt,CMT5.vrp,"[[86, 93, 28, 94, 36, 20, 166, 59, 27, 99, 167], [4, 58, 111, 87, 126, 130, 97, 72, 73, 144, 182], [186, 22, 42, 113, 137, 89, 185, 116, 183, 104, 159, 23, 191, 193], [45, 179, 85, 165, 163, 148, 92, 49, 115, 90, 91, 64, 157], [17, 151, 39, 109, 84, 164, 50, 81, 139, 30, 174, 173, 172], [141, 142, 114, 156, 140, 21, 122, 154, 123, 7, 132, 150, 170, 52, 35, 175], [188, 192, 184, 190, 41, 143, 68, 196, 127, 149, 8, 98], [56, 25, 110, 162, 95, 33, 112, 1, 66, 101, 54, 6], [26, 169, 71, 119, 57, 31, 80, 131, 161, 53, 197, 136, 61], [65, 128, 70, 124, 88, 37, 198, 195, 199, 43, 160, 62, 67], [105, 16, 9, 75, 189, 11, 134, 14, 19, 176], [138, 155, 103, 153, 13, 83, 78, 133, 38, 10], [147, 118, 146, 18, 135, 145, 107, 117, 76, 12, 168, 60], [194, 158, 63, 32, 100, 34, 125, 48, 171, 120], [55, 106, 44, 51, 69, 177, 102, 5, 47, 121, 82], [24, 74, 181, 40, 129, 77, 108, 15, 79, 29], [46, 178, 180, 187, 3, 96, 2, 152]]",false
95,597626,2530,2-opt,CMT5.vrp,"[[86, 93, 28, 94, 36, 20, 166, 59, 27, 99, 167], [4, 58, 111, 87, 126, 130, 97, 72, 73, 144, 182], [186, 22, 42, 113, 137, 89, 185, 116, 183, 104, 159, 23, 191, 193], [45, 179, 85, 165, 163, 148, 92, 49, 115, 90, 91, 64, 157], [17, 151, 39, 109, 84, 164, 50, 81, 139, 30, 174, 173, 172], [141, 142, 114, 156, 140, 21, 122, 154, 123, 7, 132, 150, 170, 52, 35, 175], [188, 192, 184, 190, 41, 143, 68, 196, 127, 149, 8, 98], [56, 25, 110, 162, 95, 33, 112, 1, 66, 101, 54, 6], [26, 169, 71, 119, 131, 80, 31, 57, 161, 53, 197, 136, 61], [65, 128, 70, 124, 88, 37, 198, 195, 199, 43, 160, 62, 67], [105, 16, 9, 75, 189, 11, 134, 14, 19, 176], [138, 155, 103, 153, 13, 83, 78, 133, 38, 10], [147, 118, 146, 18, 135, 145, 107, 117, 76, 12, 168, 60], [194, 158, 63, 32, 100, 34, 125, 48, 171, 120], [55, 106, 44, 51, 69, 177, 102, 5, 47, 121, 82], [24, 74, 181, 40, 129, 77, 108, 15, 79, 29], [46, 178, 180, 187, 3, 96, 2, 152]]",false
96,602132,2522,swap,CMT5.vrp,"[[86, 93, 28, 94, 36, 20, 166, 59, 27, 99, 167], [4, 58, 111, 87, 126, 130, 97, 72, 73, 144, 182], [186, 22, 42, 113, 137, 89, 185, 116, 183, 104, 159, 23, 191, 193], [45, 179, 85, 165, 163, 148, 92, 49, 115, 90, 91, 64, 157], [17, 151, 39, 109, 84, 164, 50, 81, 139, 30, 174, 173, 172], [141, 142, 114, 156, 140, 21, 122, 154, 123, 7, 132, 150, 170, 52, 35, 175], [188, 192, 184, 190, 41, 143, 68, 196, 127, 149, 8, 34], [56, 25, 110, 162, 95, 33, 112, 1, 66, 101, 54, 6], [26, 169, 71, 119, 131, 80, 31, 57, 161, 53, 197, 136, 61], [65, 128, 70, 124, 88, 37, 198, 195, 199, 43, 160, 62, 67], [105, 16, 9, 75, 189, 11, 134, 14, 19, 176], [138, 155, 103, 153, 13, 83, 78, 133, 38, 10], [147, 118, 146, 18, 135, 145, 107, 117, 76, 12, 168, 60], [194, 158, 63, 32, 100, 98, 125, 48, 171, 120], [55, 106, 44, 51, 69, 177, 102, 5, 47, 121, 82], [24, 74, 181, 40, 129, 77, 108, 15, 79, 29], [46, 178, 180, 187, 3, 96, 2, 152]]",false
97,606474,2513,swap,CMT5.vrp,"[[86, 93, 28, 94, 36, 20, 166, 59, 27, 99, 167], [4, 58, 111, 87, 126, 130, 97, 72, 73, 144, 182], [186, 22, 42, 113, 137, 89, 185, 116, 183, 104, 159, 23, 191, 193], [45, 179, 85, 165, 163, 148, 92, 49, 115, 90, 91, 64, 101], [17, 151, 39, 109, 84, 164, 50, 81, 139, 30, 174, 173, 172], [141, 142, 114, 156, 140, 21, 122, 154, 123, 7, 132, 150, 170, 52, 35, 175], [188, 192, 184, 190, 41, 143, 68, 196, 127, 149, 8, 34], [56, 25, 110, 162, 95, 33, 112, 1, 66, 157, 54, 6], [26, 169, 71, 119, 131, 80, 31, 57, 161, 53, 197, 136, 61], [65, 128, 70, 124, 88, 37, 198, 195, 199, 43, 160, 62, 67], [105, 16, 9, 75, 189, 11, 134, 14, 19, 176], [138, 155, 103, 153, 13, 83, 78, 133, 38, 10], [147, 118, 146, 18, 135, 145, 107, 117, 76, 12, 168, 60], [194, 158, 63, 32, 100, 98, 125, 48, 171, 120], [55, 106, 44, 51, 69, 177, 102, 5, 47, 121, 82], [24, 74, 181, 40, 129, 77, 108, 15, 79, 29], [46, 178, 180, 187, 3, 96, 2, 152]]",false
98,610732,2505,swap,CMT5.vrp,"[[86, 93, 28, 94, 36, 20, 166, 59, 27, 99, 167], [4, 58, 111, 87, 126, 130, 97, 72, 73, 144, 182], [186, 22, 42, 113, 137, 89, 185, 116, 183, 104, 159, 23, 191, 193], [45, 179, 84, 165, 163, 148, 92, 49, 115, 90, 91, 64, 101], [17, 151, 39, 109, 85, 164, 50, 81, 139, 30, 174, 173, 172], [141, 142, 114, 156, 140, 21, 122, 154, 123, 7, 132, 150, 170, 52, 35, 175], [188, 192, 184, 190, 41, 143, 68, 196, 127, 149, 8, 34], [56, 25, 110, 162, 95, 33, 112, 1, 66, 157, 54, 6], [26, 169, 71, 119, 131, 80, 31, 57, 161, 53, 197, 136, 61], [65, 128, 70, 124, 88, 37, 198, 195, 199, 43, 160, 62, 67], [105, 16, 9, 75, 189, 11, 134, 14, 19, 176], [138, 155, 103, 153, 13, 83, 78, 133, 38, 10], [147, 118, 146, 18, 135, 145, 107, 117, 76, 12, 168, 60], [194, 158, 63, 32, 100, 98, 125, 48, 171, 120], [55, 106, 44, 51, 69, 177, 102, 5, 47, 121, 82], [24, 74, 181, 40, 129, 77, 108, 15, 79, 29], [46, 178, 180, 187, 3, 96, 2, 152]]",false
99,615046,2497,swap,CMT5.vrp,"[[86, 93, 28, 94, 36, 20, 166, 59, 27, 99, 167], [4, 58, 111, 87, 126, 130, 97, 72, 73, 144, 182], [186, 22, 42, 113, 137, 89, 185, 116, 183, 104, 159, 23, 191, 193], [45, 179, 84, 165, 163, 148, 92, 49, 115, 90, 91, 64, 101], [17, 151, 39, 109, 85, 164, 50, 81, 139, 30, 21, 173, 172], [141, 142, 114, 156, 140, 174, 122, 154, 123, 7, 132, 150, 170, 52, 35, 175], [188, 192, 184, 190, 41, 143, 68, 196, 127, 149, 8, 34], [56, 25, 110, 162, 95, 33, 112, 1, 66, 157, 54, 6], [26, 169, 71, 119, 131, 80, 31, 57, 161, 53, 197, 136, 61], [65, 128, 70, 124, 88, 37, 198, 195, 199, 43, 160, 62, 67], [105, 16, 9, 75, 189, 11, 134, 14, 19, 176], [138, 155, 103, 153, 13, 83, 78, 133, 38, 10], [147, 118, 146, 18, 135, 145, 107, 117, 76, 12, 168, 60], [194, 158, 63, 32, 100, 98, 125, 48, 171, 120], [55, 106, 44, 51, 69, 177, 102, 5, 47, 121, 82], [24, 74, 181, 40, 129, 77, 108, 15, 79, 29], [46, 178, 180, 187, 3, 96, 2, 152]]",false
100,619192,2489,swap,CMT5.vrp,"[[86, 93, 28, 94, 36, 20, 166, 59, 27, 99, 167], [4, 58, 111, 87, 126, 130, 97, 72, 73, 144, 182], [186, 22, 42, 113, 137, 89, 185, 116, 183, 104, 159, 23, 191, 193], [45, 179, 84, 165, 163, 148, 92, 49, 115, 90, 91, 64, 101], [17, 151, 39, 109, 85, 164, 50, 81, 139, 30, 21, 173, 172], [141, 142, 114, 156, 140, 174, 122, 154, 123, 7, 132, 150, 170, 52, 35, 175], [188, 192, 184, 190, 41, 143, 68, 196, 127, 149, 8, 34], [56, 25, 110, 162, 95, 33, 112, 1, 66, 157, 54, 6], [26, 169, 71, 119, 131, 80, 31, 57, 161, 53, 197, 136, 61], [65, 128, 15, 124, 88, 37, 198, 195, 199, 43, 160, 62, 67], [105, 16, 9, 75, 189, 11, 134, 14, 19, 176], [138, 155, 103, 153, 13, 83, 78, 133, 38, 10], [147, 118, 146, 18, 135, 145, 107, 117, 76, 12, 168, 60], [194, 158, 63, 32, 100, 98, 125, 48, 171, 120], [55, 106, 44, 51, 69, 177, 102, 5, 47, 121, 82], [24, 74, 181, 40, 129, 77, 108, 70, 79, 29], [46, 178, 180, 187, 3, 96, 2, 152]]",false
101,624045,2481,swap,CMT5.vrp,"[[86, 93, 28, 94, 36, 20, 166, 59, 27, 99, 167], [4, 58, 111, 87, 126, 130, 97, 72, 73, 24, 182], [186, 22, 42, 113, 137, 89, 185, 116, 183, 104, 159, 23, 191, 193], [45, 179, 84, 165, 163, 148, 92, 49, 115, 90, 91, 64, 101], [17, 151, 39, 109, 85, 164, 50, 81, 139, 30, 21, 173, 172], [141, 142, 114, 156, 140, 174, 122, 154, 123, 7, 132, 150, 170, 52, 35, 175], [188, 192, 184, 190, 41, 143, 68, 196, 127, 149, 8, 34], [56, 25, 110, 162, 95, 33, 112, 1, 66, 157, 54, 6], [26, 169, 71, 119, 131, 80, 31, 57, 161, 53, 197, 136, 61], [65, 128, 15, 124, 88, 37, 198, 195, 199, 43, 160, 62, 67], [105, 16, 9, 75, 189, 11, 134, 14, 19, 176], [138, 155, 103, 153, 13, 83, 78, 133, 38, 10], [147, 118, 146, 18, 135, 145, 107, 117, 76, 12, 168, 60], [194, 158, 63, 32, 100, 98, 125, 48, 171, 120], [55, 106, 44, 51, 69, 177, 102, 5, 47, 121, 82], [144, 74, 181, 40, 129, 77, 108, 70, 79, 29], [46, 178, 180, 187, 3, 96, 2, 152]]",false
102,628107,2473,swap,CMT5.vrp,"[[86, 93, 28, 94, 36, 20, 166, 59, 27, 99, 167], [4, 58, 111, 87, 126, 130, 97, 72, 73, 24, 182], [186, 22, 42, 113, 137, 89, 185, 116, 183, 104, 159, 23, 191, 193], [45, 179, 84, 165, 163, 148, 92, 49, 115, 90, 91, 64, 101], [17, 151, 39, 109, 85, 164, 50, 81, 139, 30, 21, 173, 172], [141, 142, 114, 156, 140, 174, 122, 154, 123, 7, 132, 150, 170, 52, 35, 175], [188, 192, 184, 190, 41, 143, 68, 196, 127, 149, 8, 34], [56, 25, 110, 162, 95, 33, 112, 1, 66, 157, 54, 6], [26, 169, 71, 119, 131, 80, 31, 57, 161, 53, 197, 136, 61], [65, 128, 15, 124, 88, 37, 198, 195, 199, 43, 160, 62, 67], [105, 16, 9, 75, 189, 11, 134, 14, 19, 176], [138, 155, 103, 153, 13, 83, 78, 133, 38, 10], [147, 118, 146, 18, 135, 145, 107, 63, 76, 12, 168, 60], [194, 158, 117, 32, 100, 98, 125, 48, 171, 120], [55, 106, 44, 51, 69, 177, 102, 5, 47, 121, 82], [144, 74, 181, 40, 129, 77, 108, 70, 79, 29], [46, 178, 180, 187, 3, 96, 2, 152]]",false
103,631554,2465,swap,CMT5.vrp,"[[86, 93, 28, 94, 36, 20, 166, 59, 27, 99, 167], [4, 58, 111, 87, 126, 130, 97, 72, 73, 24, 182], [186, 22, 42, 113, 137, 89, 185, 116, 183, 104, 159, 23, 191, 193], [45, 179, 84, 165, 163, 148, 92, 49, 115, 90, 91, 64, 101], [17, 151, 39, 109, 85, 164, 50, 81, 139, 30, 21, 173, 172], [141, 142, 114, 156, 140, 174, 122, 154, 123, 7, 132, 150, 170, 52, 35, 175], [188, 192, 184, 190, 41, 143, 68, 196, 127, 149, 8, 34], [56, 25, 110, 162, 95, 33, 112, 1, 66, 157, 54, 6], [26, 169, 71, 119, 131, 80, 31, 57, 161, 53, 197, 136, 61], [65, 128, 15, 124, 88, 37, 198, 195, 199, 43, 160, 62, 67], [105, 16, 9, 75, 189, 11, 134, 14, 19, 176], [138, 155, 103, 153, 13, 83, 78, 133, 38, 10], [147, 118, 146, 18, 135, 145, 107, 63, 76, 12, 168, 60], [194, 158, 117, 40, 100, 98, 125, 48, 171, 120], [55, 106, 44, 51, 69, 177, 102, 5, 47, 121, 82], [144, 74, 181, 32, 129, 77, 108, 70, 79, 29], [46, 178, 180, 187, 3, 96, 2, 152]]",false
104,635008,2459,swap,CMT5.vrp,"[[86, 93, 28, 94, 36, 20, 166, 59, 27, 99, 167], [4, 58, 111, 87, 126, 130, 97, 72, 73, 24, 182], [186, 22, 42, 113, 137, 89, 185, 116, 183, 104, 159, 23, 191, 193], [45, 179, 84, 165, 163, 148, 92, 49, 115, 90, 91, 64, 101], [17, 151, 39, 109, 85, 164, 50, 81, 139, 30, 21, 173, 172], [141, 142, 114, 156, 140, 174, 122, 154, 123, 7, 132, 150, 170, 52, 35, 175], [105, 192, 184, 190, 41, 143, 68, 196, 127, 149, 8, 34], [56, 25, 110, 162, 95, 33, 112, 1, 66, 157, 54, 6], [26, 169, 71, 119, 131, 80, 31, 57, 161, 53, 197, 136, 61], [65, 128, 15, 124, 88, 37, 198, 195, 199, 43, 160, 62, 67], [188, 16, 9, 75, 189, 11, 134, 14, 19, 176], [138, 155, 103, 153, 13, 83, 78, 133, 38, 10], [147, 118, 146, 18, 135, 145, 107, 63, 76, 12, 168, 60], [194, 158, 117, 40, 100, 98, 125, 48, 171, 120], [55, 106, 44, 51, 69, 177, 102, 5, 47, 121, 82], [144, 74, 181, 32, 129, 77, 108, 70, 79, 29], [46, 178, 180, 187, 3, 96, 2, 152]]",false
105,639512,2452,swap,CMT5.vrp,"[[86, 93, 28, 94, 36, 20, 166, 59, 27, 99, 167], [4, 58, 111, 87, 126, 130, 97, 72, 73, 24, 182], [186, 22, 42, 113, 137, 89, 185, 116, 183, 104, 159, 23, 191, 193], [45, 179, 84, 165, 163, 148, 92, 49, 115, 90, 91, 64, 101], [17, 151, 39, 109, 85, 164, 50, 81, 139, 30, 21, 173, 172], [141, 142, 114, 156, 140, 174, 122, 154, 123, 7, 132, 150, 170, 52, 35, 175], [105, 192, 184, 190, 41, 143, 68, 196, 127, 149, 46, 34], [56, 25, 110, 162, 95, 33, 112, 1, 66, 157, 54, 6], [26, 169, 71, 119, 131, 80, 31, 57, 161, 53, 197, 136, 61], [65, 128, 15, 124, 88, 37, 198, 195, 199, 43, 160, 62, 67], [188, 16, 9, 75, 189, 11, 134, 14, 19, 176], [138, 155, 103, 153, 13, 83, 78, 133, 38, 10], [147, 118, 146, 18, 135, 145, 107, 63, 76, 12, 168, 60], [194, 158, 117, 40, 100, 98, 125, 48, 171, 120], [55, 106, 44, 51, 69, 177, 102, 5, 47, 121, 82], [144, 74, 181, 32, 129, 77, 108, 70, 79, 29], [8, 178, 180, 187, 3, 96, 2, 152]]",false
106,645291,2445,swap,CMT5.vrp,"[[86, 93, 28, 94, 36, 20, 166, 59, 27, 99, 167], [4, 58, 111, 87, 126, 130, 97, 72, 73, 24, 182], [186, 22, 42, 113, 137, 89, 185, 116, 183, 104, 159, 23, 191, 193], [45, 179, 84, 165, 163, 148, 92, 49, 115, 90, 91, 64, 101], [17, 151, 39, 109, 85, 164, 50, 81, 139, 30, 21, 173, 172], [141, 142, 114, 156, 140, 174, 122, 154, 123, 7, 132, 150, 170, 52, 35, 149], [105, 192, 184, 190, 41, 143, 68, 196, 127, 175, 46, 34], [56, 25, 110, 162, 95, 33, 112, 1, 66, 157, 54, 6], [26, 169, 71, 119, 131, 80, 31, 57, 161, 53, 197, 136, 61], [65, 128, 15, 124, 88, 37, 198, 195, 199, 43, 160, 62, 67], [188, 16, 9, 75, 189, 11, 134, 14, 19, 176], [138, 155, 103, 153, 13, 83, 78, 133, 38, 10], [147, 118, 146, 18, 135, 145, 107, 63, 76, 12, 168, 60], [194, 158, 117, 40, 100, 98, 125, 48, 171, 120], [55, 106, 44, 51, 69, 177, 102, 5, 47, 121, 82], [144, 74, 181, 32, 129, 77, 108, 70, 79, 29], [8, 178, 180, 187, 3, 96, 2, 152]]",false
107,649035,2438,2-opt,CMT5.vrp,"[[86, 93, 28, 94, 36, 20, 166, 59, 27, 99, 167], [4, 58, 111, 87, 126, 130, 97, 72, 73, 24, 182], [186, 22, 42, 113, 137, 89, 185, 116, 183, 104, 159, 23, 191, 193], [45, 179, 84, 165, 163, 148, 92, 49, 115, 90, 91, 64, 101], [17, 151, 39, 109, 85, 164, 50, 81, 139, 30, 21, 173, 172], [141, 142, 114, 156, 140, 174, 122, 154, 123, 35, 52, 170, 150, 132, 7, 149], [105, 192, 184, 190, 41, 143, 68, 196, 127, 175, 46, 34], [56, 25, 110, 162, 95, 33, 112, 1, 66, 157, 54, 6], [26, 169, 71, 119, 131, 80, 31, 57, 161, 53, 197, 136, 61], [65, 128, 15, 124, 88, 37, 198, 195, 199, 43, 160, 62, 67], [188, 16, 9, 75, 189, 11, 134, 14, 19, 176], [138, 155, 103, 153, 13, 83, 78, 133, 38, 10], [147, 118, 146, 18, 135, 145, 107, 63, 76, 12, 168, 60], [194, 158, 117, 40, 100, 98, 125, 48, 171, 120], [55, 106, 44, 51, 69, 177, 102, 5, 47, 121, 82], [144, 74, 181, 32, 129, 77, 108, 70, 79, 29], [8, 178, 180, 187, 3, 96, 2, 152]]",false
108,652456,2431,swap,CMT5.vrp,"[[86, 93, 28, 94, 36, 20, 166, 59, 27, 99, 167], [4, 58, 111, 87, 126, 130, 97, 72, 73, 24, 182], [186, 22, 42, 113, 137, 89, 185, 116, 183, 104, 159, 23, 191, 193], [45, 179, 84, 165, 163, 148, 92, 49, 115, 90, 91, 64, 101], [17, 151, 39, 109, 85, 164, 50, 81, 139, 30, 21, 173, 172], [141, 142, 114, 156, 140, 174, 122, 154, 123, 69, 52, 170, 150, 132, 7, 149], [105, 192, 184, 190, 41, 143, 68, 196, 127, 175, 46, 34], [56, 25, 110, 162, 95, 33, 112, 1, 66, 157, 54, 6], [26, 169, 71, 119, 131, 80, 31, 57, 161, 53, 197, 136, 61], [65, 128, 15, 124, 88, 37, 198, 195, 199, 43, 160, 62, 67], [188, 16, 9, 75, 189, 11, 134, 14, 19, 176], [138, 155, 103, 153, 13, 83, 78, 133, 38, 10], [147, 118, 146, 18, 135, 145, 107, 63, 76, 12, 168, 60], [194, 158, 117, 40, 100, 98, 125, 48, 171, 120], [55, 106, 44, 51, 35, 177, 102, 5, 47, 121, 82], [144, 74, 181, 32, 129, 77, 108, 70, 79, 29], [8, 178, 180, 187, 3, 96, 2, 152]]",false
109,656340,2422,swap,CMT5.vrp,"[[86, 93, 28, 94, 36, 20, 166, 59, 27, 99, 167], [4, 58, 111, 87, 126, 130, 97, 72, 73, 24, 182], [186, 22, 42, 113, 137, 89, 185, 116, 183, 104, 159, 23, 191, 193], [45, 179, 84, 165, 163, 148, 92, 49, 115, 90, 91, 64, 101], [17, 151, 39, 109, 85, 164, 50, 81, 139, 30, 21, 173, 172], [141, 142, 114, 156, 140, 174, 122, 154, 123, 69, 52, 170, 150, 132, 7, 149], [105, 192, 184, 190, 41, 143, 68, 196, 127, 175, 46, 34], [56, 25, 110, 162, 95, 33, 112, 1, 66, 157, 54, 6], [26, 169, 71, 119, 131, 80, 31, 57, 161, 53, 197, 136, 61], [65, 128, 15, 124, 88, 37, 198, 195, 199, 43, 160, 62, 67], [188, 16, 9, 75, 189, 11, 134, 14, 19, 176], [138, 155, 103, 153, 13, 83, 177, 133, 38, 10], [147, 118, 146, 18, 135, 145, 107, 63, 76, 12, 168, 60], [194, 158, 117, 40, 100, 98, 125, 48, 171, 120], [55, 106, 44, 51, 35, 78, 102, 5, 47, 121, 82], [144, 74, 181, 32, 129, 77, 108, 70, 79, 29], [8, 178, 180, 187, 3, 96, 2, 152]]",false
110,663782,2415,swap,CMT5.vrp,"[[86, 93, 28, 94, 36, 20, 166, 59, 27, 99, 167], [4, 58, 111, 87, 126, 130, 97, 72, 73, 24, 182], [186, 22, 42, 113, 137, 89, 185, 116, 183, 104, 159, 23, 191, 193], [45, 179, 52, 165, 163, 148, 92, 49, 115, 90, 91, 64, 101], [17, 151, 39, 109, 85, 164, 50, 81, 139, 30, 21, 173, 172], [141, 142, 114, 156, 140, 174, 122, 154, 123, 69, 84, 170, 150, 132, 7, 149], [105, 192, 184, 190, 41, 143, 68, 196, 127, 175, 46, 34], [56, 25, 110, 162, 95, 33, 112, 1, 66, 157, 54, 6], [26, 169, 71, 119, 131, 80, 31, 57, 161, 53, 197, 136, 61], [65, 128, 15, 124, 88, 37, 198, 195, 199, 43, 160, 62, 67], [188, 16, 9, 75, 189, 11, 134, 14, 19, 176], [138, 155, 103, 153, 13, 83, 177, 133, 38, 10], [147, 118, 146, 18, 135, 145, 107, 63, 76, 12, 168, 60], [194, 158, 117, 40, 100, 98, 125, 48, 171, 120], [55, 106, 44, 51, 35, 78, 102, 5, 47, 121, 82], [144, 74, 181, 32, 129, 77, 108, 70, 79, 29], [8, 178, 180, 187, 3, 96, 2, 152]]",false
111,669106,2406,swap,CMT5.vrp,"[[86, 93, 28, 94, 36, 20, 166, 59, 27, 99, 167], [4, 58, 111, 87, 126, 130, 97, 72, 73, 24, 182], [186, 22, 42, 113, 137, 89, 185, 116, 183, 104, 159, 23, 191, 193], [45, 179, 52, 165, 163, 148, 92, 49, 115, 90, 91, 64, 101], [17, 151, 39, 109, 85, 164, 50, 81, 139, 30, 21, 173, 172], [141, 142, 114, 156, 140, 174, 122, 154, 123, 133, 84, 170, 150, 132, 7, 149], [105, 192, 184, 190, 41, 143, 68, 196, 127, 175, 46, 34], [56, 25, 110, 162, 95, 33, 112, 1, 66, 157, 54, 6], [26, 169, 71, 119, 131, 80, 31, 57, 161, 53, 197, 136, 61], [65, 128, 15, 124, 88, 37, 198, 195, 199, 43, 160, 62, 67], [188, 16, 9, 75, 189, 11, 134, 14, 19, 176], [138, 155, 103, 153, 13, 83, 177, 69, 38, 10], [147, 118, 146, 18, 135, 145, 107, 63, 76, 12, 168, 60], [194, 158, 117, 40, 100, 98, 125, 48, 171, 120], [55, 106, 44, 51, 35, 78, 102, 5, 47, 121, 82], [144, 74, 181, 32, 129, 77, 108, 70, 79, 29], [8, 178, 180, 187, 3, 96, 2, 152]]",false
112,673511,2400,swap,CMT5.vrp,"[[86, 93, 28, 94, 36, 122, 166, 59, 27, 99, 167], [4, 58, 111, 87, 126, 130, 97, 72, 73, 24, 182], [186, 22, 42, 113, 137, 89, 185, 116, 183, 104, 159, 23, 191, 193], [45, 179, 52, 165, 163, 148, 92, 49, 115, 90, 91, 64, 101], [17, 151, 39, 109, 85, 164, 50, 81, 139, 30, 21, 173, 172], [141, 142, 114, 156, 140, 174, 20, 154, 123, 133, 84, 170, 150, 132, 7, 149], [105, 192, 184, 190, 41, 143, 68, 196, 127, 175, 46, 34], [56, 25, 110, 162, 95, 33, 112, 1, 66, 157, 54, 6], [26, 169, 71, 119, 131, 80, 31, 57, 161, 53, 197, 136, 61], [65, 128, 15, 124, 88, 37, 198, 195, 199, 43, 160, 62, 67], [188, 16, 9, 75, 189, 11, 134, 14, 19, 176], [138, 155, 103, 153, 13, 83, 177, 69, 38, 10], [147, 118, 146, 18, 135, 145, 107, 63, 76, 12, 168, 60], [194, 158, 117, 40, 100, 98, 125, 48, 171, 120], [55, 106, 44, 51, 35, 78, 102, 5, 47, 121, 82], [144, 74, 181, 32, 129, 77, 108, 70, 79, 29], [8, 178, 180, 187, 3, 96, 2, 152]]",false
113,677780,2391,swap,CMT5.vrp,"[[86, 93, 28, 94, 36, 122, 166, 59, 27, 99, 167], [4, 58, 111, 87, 126, 130, 97, 72, 73, 24, 182], [186, 22, 42, 113, 137, 89, 185, 116, 183, 104, 159, 23, 191, 193], [45, 179, 52, 165, 163, 148, 92, 49, 115, 90, 91, 64, 101], [17, 151, 39, 109, 85, 164, 50, 81, 139, 30, 21, 173, 172], [141, 142, 114, 156, 140, 138, 20, 154, 123, 133, 84, 170, 150, 132, 7, 149], [105, 192, 184, 190, 41, 143, 68, 196, 127, 175, 46, 34], [56, 25, 110, 162, 95, 33, 112, 1, 66, 157, 54, 6], [26, 169, 71, 119, 131, 80, 31, 57, 161, 53, 197, 136, 61], [65, 128, 15, 124, 88, 37, 198, 195, 199, 43, 160, 62, 67], [188, 16, 9, 75, 189, 11, 134, 14, 19, 176], [174, 155, 103, 153, 13, 83, 177, 69, 38, 10], [147, 118, 146, 18, 135, 145, 107, 63, 76, 12, 168, 60], [194, 158, 117, 40, 100, 98, 125, 48, 171, 120], [55, 106, 44, 51, 35, 78, 102, 5, 47, 121, 82], [144, 74, 181, 32, 129, 77, 108, 70, 79, 29], [8, 178, 180, 187, 3, 96, 2, 152]]",false
114,682041,2385,or-opt,CMT5.vrp,"[[86, 93, 28, 94, 36, 122, 166, 59, 27, 99, 167], [4, 58, 111, 87, 126, 130, 97, 72, 73, 24, 182], [186, 22, 42, 113, 137, 89, 185, 116, 183, 104, 159, 23, 191, 193], [45, 179, 52, 165, 163, 148, 92, 49, 115, 90, 91, 64, 101], [17, 151, 39, 109, 85, 164, 50, 81, 139, 30, 21, 173, 172], [141, 142, 114, 156, 140, 138, 20, 154, 123, 133, 84, 170, 150, 132, 7, 149], [105, 192, 184, 190, 41, 143, 68, 196, 127, 175, 46, 34], [56, 25, 110, 162, 95, 33, 1, 66, 112, 157, 54, 6], [26, 169, 71, 119, 131, 80, 31, 57, 161, 53, 197, 136, 61], [65, 128, 15, 124, 88, 37, 198, 195, 199, 43, 160, 62, 67], [188, 16, 9, 75, 189, 11, 134, 14, 19, 176], [174, 155, 103, 153, 13, 83, 177, 69, 38, 10], [147, 118, 146, 18, 135, 145, 107, 63, 76, 12, 168, 60], [194, 158, 117, 40, 100, 98, 125, 48, 171, 120], [55, 106, 44, 51, 35, 78, 102, 5, 47, 121, 82], [144, 74, 181, 32, 129, 77, 108, 70, 79, 29], [8, 178, 180, 187, 3, 96, 2, 152]]",false
115,687039,2378,swap,CMT5.vrp,"[[86, 93, 28, 94, 36, 122, 166, 59, 27, 99, 167], [4, 58, 111, 87, 126, 130, 97, 72, 73, 24, 182], [186, 22, 42, 113, 137, 89, 185, 116, 183, 104, 159, 23, 191, 1], [45, 179, 52, 165, 163, 148, 92, 49, 115, 90, 91, 64, 101], [17, 151, 39, 109, 85, 164, 50, 81, 139, 30, 21, 173, 172], [141, 142, 114, 156, 140, 138, 20, 154, 123, 133, 84, 170, 150, 132, 7, 149], [105, 192, 184, 190, 41, 143, 68, 196, 127, 175, 46, 34], [56, 25, 110, 162, 95, 33, 193, 66, 112, 157, 54, 6], [26, 169, 71, 119, 131, 80, 31, 57, 161, 53, 197, 136, 61], [65, 128, 15, 124, 88, 37, 198, 195, 199, 43, 160, 62, 67], [188, 16, 9, 75, 189, 11, 134, 14, 19, 176], [174, 155, 103, 153, 13, 83, 177, 69, 38, 10], [147, 118, 146, 18, 135, 145, 107, 63, 76, 12, 168, 60], [194, 158, 117, 40, 100, 98, 125, 48, 171, 120], [55, 106, 44, 51, 35, 78, 102, 5, 47, 121, 82], [144, 74, 181, 32, 129, 77, 108, 70, 79, 29], [8, 178, 180, 187, 3, 96, 2, 152]]",false
116,694174,2372,swap,CMT5.vrp,"[[86, 93, 28, 94, 36, 122, 166, 59, 27, 99, 167], [4, 58, 111, 87, 126, 130, 97, 72, 73, 24, 182], [186, 22, 42, 113, 137, 89, 185, 116, 183, 104, 159, 23, 191, 1], [45, 179, 52, 165, 163, 148, 92, 49, 115, 90, 91, 64, 101], [17, 151, 39, 109, 85, 164, 50, 81, 139, 30, 21, 173, 172], [141, 142, 114, 156, 140, 138, 20, 154, 123, 133, 84, 170, 150, 132, 7, 149], [105, 192, 184, 190, 41, 143, 68, 196, 127, 175, 46, 34], [56, 25, 110, 162, 95, 33, 193, 66, 112, 157, 54, 6], [26, 169, 71, 119, 131, 80, 31, 57, 16, 53, 197, 136, 61], [65, 128, 15, 124, 88, 37, 198, 195, 199, 43, 160, 62, 67], [188, 161, 9, 75, 189, 11, 134, 14, 19, 176], [174, 155, 103, 153, 13, 83, 177, 69, 38, 10], [147, 118, 146, 18, 135, 145, 107, 63, 76, 12, 168, 60], [194, 158, 117, 40, 100, 98, 125, 48, 171, 120], [55, 106, 44, 51, 35, 78, 102, 5, 47, 121, 82], [144, 74, 181, 32, 129, 77, 108, 70, 79, 29], [8, 178, 180, 187, 3, 96, 2, 152]]",false
117,701324,2367,swap,CMT5.vrp,"[[86, 93, 28, 94, 36, 122, 166, 59, 27, 99, 167], [4, 58, 111, 87, 126, 151, 97, 72, 73, 24, 182], [186, 22, 42, 113, 137, 89, 185, 116, 183, 104, 159, 23, 191, 1], [45, 179, 52, 165, 163, 148, 92, 49, 115, 90, 91, 64, 101], [17, 130, 39, 109, 85, 164, 50, 81, 139, 30, 21, 173, 172], [141, 142, 114, 156, 140, 138, 20, 154, 123, 133, 84, 170, 150, 132, 7, 149], [105, 192, 184, 190, 41, 143, 68, 196, 127, 175, 46, 34], [56, 25, 110, 162, 95, 33, 193, 66, 112, 157, 54, 6], [26, 169, 71, 119, 131, 80, 31, 57, 16, 53, 197, 136, 61], [65, 128, 15, 124, 88, 37, 198, 195, 199, 43, 160, 62, 67], [188, 161, 9, 75, 189, 11, 134, 14, 19, 176], [174, 155, 103, 153, 13, 83, 177, 69, 38, 10], [147, 118, 146, 18, 135, 145, 107, 63, 76, 12, 168, 60], [194, 158, 117, 40, 100, 98, 125, 48, 171, 120], [55, 106, 44, 51, 35, 78, 102, 5, 47, 121, 82], [144, 74, 181, 32, 129, 77, 108, 70, 79, 29], [8, 178, 180, 187, 3, 96, 2, 152]]",false
118,704987,2361,swap,CMT5.vrp,"[[86, 93, 28, 94, 36, 122, 166, 59, 27, 99, 167], [4, 58, 111, 87, 126, 151, 97, 72, 73, 24, 182], [186, 22, 91, 113, 137, 89, 185, 116, 183, 104, 159, 23, 191, 1], [45, 179, 52, 165, 163, 148, 92, 49, 115, 90, 42, 64, 101], [17, 130, 39, 109, 85, 164, 50, 81, 139, 30, 21, 173, 172], [141, 142, 114, 156, 140, 138, 20, 154, 123, 133, 84, 170, 150, 132, 7, 149], [105, 192, 184, 190, 41, 143, 68, 196, 127, 175, 46, 34], [56, 25, 110, 162, 95, 33, 193, 66, 112, 157, 54, 6], [26, 169, 71, 119, 131, 80, 31, 57, 16, 53, 197, 136, 61], [65, 128, 15, 124, 88, 37, 198, 195, 199, 43, 160, 62, 67], [188, 161, 9, 75, 189, 11, 134, 14, 19, 176], [174, 155, 103, 153, 13, 83, 177, 69, 38, 10], [147, 118, 146, 18, 135, 145, 107, 63, 76, 12, 168, 60], [194, 158, 117, 40, 100, 98, 125, 48, 171, 120], [55, 106, 44, 51, 35, 78, 102, 5, 47, 121, 82], [144, 74, 181, 32, 129, 77, 108, 70, 79, 29], [8, 178, 180, 187, 3, 96, 2, 152]]",false
119,709078,2356,swap,CMT5.vrp,"[[86, 93, 28, 94, 36, 122, 166, 59, 27, 99, 167], [4, 58, 111, 87, 126, 151, 97, 72, 73, 24, 182], [186, 22, 91, 113, 137, 89, 185, 116, 183, 104, 159, 23, 191, 1], [45, 179, 52, 165, 163, 148, 92, 49, 115, 90, 42, 64, 101], [17, 130, 39, 109, 85, 164, 50, 81, 139, 30, 21, 173, 172], [141, 142, 114, 156, 140, 138, 20, 154, 123, 133, 84, 170, 108, 132, 7, 149], [105, 192, 184, 190, 41, 143, 68, 196, 127, 175, 46, 34], [56, 25, 110, 162, 95, 33, 193, 66, 112, 157, 54, 6], [26, 169, 71, 119, 131, 80, 31, 57, 16, 53, 197, 136, 61], [65, 128, 15, 124, 88, 37, 198, 195, 199, 43, 160, 62, 67], [188, 161, 9, 75, 189, 11, 134, 14, 19, 176], [174, 155, 103, 153, 13, 83, 177, 69, 38, 10], [147, 118, 146, 18, 135, 145, 107, 63, 76, 12, 168, 60], [194, 158, 117, 40, 100, 98, 125, 48, 171, 120], [55, 106, 44, 51, 35, 78, 102, 5, 47, 121, 82], [144, 74, 181, 32, 129, 77, 150, 70, 79, 29], [8, 178, 180, 187, 3, 96, 2, 152]]",false
120,712987,2350,swap,CMT5.vrp,"[[86, 93, 28, 94, 36, 122, 166, 59, 27, 99, 167], [4, 58, 111, 87, 126, 151, 97, 72, 73, 24, 182], [186, 22, 91, 113, 137, 89, 185, 116, 183, 104, 159, 23, 191, 1], [45, 179, 52, 165, 163, 148, 92, 49, 115, 90, 42, 64, 101], [17, 130, 39, 109, 85, 164, 50, 81, 139, 30, 21, 173, 172], [141, 142, 114, 156, 140, 138, 20, 154, 123, 133, 84, 170, 108, 132, 7, 149], [105, 192, 184, 190, 41, 143, 68, 196, 127, 175, 46, 34], [56, 25, 110, 162, 95, 33, 193, 66, 112, 157, 54, 6], [26, 169, 71, 119, 131, 80, 31, 57, 16, 53, 197, 136, 61], [65, 128, 15, 124, 88, 37, 198, 195, 199, 43, 160, 62, 67], [188, 161, 9, 75, 189, 11, 134, 14, 19, 176], [174, 155, 103, 153, 13, 70, 177, 69, 38, 10], [147, 118, 146, 18, 135, 145, 107, 63, 76, 12, 168, 60], [194, 158, 117, 40, 100, 98, 125, 48, 171, 120], [55, 106, 44, 51, 35, 78, 102, 5, 47, 121, 82], [144, 74, 181, 32, 129, 77, 150, 83, 79, 29], [8, 178, 180, 187, 3, 96, 2, 152]]",false
121,716927,2345,2-opt,CMT5.vrp,"[[86, 93, 28, 94, 36, 122, 166, 59, 27, 99, 167], [4, 58, 111, 87, 126, 151, 97, 72, 73, 24, 182], [186, 22, 91, 113, 137, 89, 185, 116, 183, 104, 159, 23, 191, 1], [45, 179, 52, 165, 163, 148, 92, 49, 115, 90, 42, 64, 101], [17, 130, 39, 109, 85, 164, 50, 81, 139, 30, 21, 173, 172], [141, 142, 114, 156, 140, 138, 20, 154, 123, 133, 84, 170, 108, 132, 7, 149], [105, 192, 184, 190, 41, 143, 68, 196, 127, 175, 46, 34], [56, 25, 110, 162, 95, 33, 193, 66, 112, 157, 54, 6], [26, 169, 71, 119, 131, 80, 31, 57, 16, 53, 197, 136, 61], [65, 128, 15, 124, 88, 37, 198, 195, 199, 43, 160, 62, 67], [188, 161, 9, 75, 189, 11, 134, 14, 19, 176], [174, 155, 103, 153, 13, 70, 177, 69, 38, 10], [63, 107, 145, 135, 18, 146, 118, 147, 76, 12, 168, 60], [194, 158, 117, 40, 100, 98, 125, 48, 171, 120], [55, 106, 44, 51, 35, 78, 102, 5, 47, 121, 82], [144, 74, 181, 32, 129, 77, 150, 83, 79, 29], [8, 178, 180, 187, 3, 96, 2, 152]]",false
122,720805,2339,swap,CMT5.vrp,"[[86, 93, 28, 94, 36, 122, 166, 59, 27, 99, 167], [4, 58, 111, 87, 126, 151, 97, 72, 73, 24, 182], [186, 22, 91, 113, 137, 89, 185, 116, 183, 104, 159, 23, 191, 1], [45, 179, 52, 165, 163, 148, 92, 49, 115, 90, 42, 64, 101], [17, 130, 39, 109, 85, 164, 50, 81, 139, 30, 21, 173, 172], [141, 142, 114, 156, 140, 138, 20, 154, 123, 133, 84, 170, 108, 132, 7, 149], [105, 192, 184, 190, 41, 143, 68, 196, 127, 175, 46, 34], [56, 25, 110, 162, 95, 33, 193, 66, 112, 157, 54, 6], [26, 169, 71, 119, 131, 80, 31, 57, 16, 53, 197, 136, 61], [65, 128, 15, 124, 88, 37, 198, 195, 199, 43, 160, 62, 67], [188, 161, 9, 75, 189, 11, 134, 14, 19, 176], [174, 155, 103, 153, 13, 70, 177, 69, 38, 129], [63, 107, 145, 135, 18, 146, 118, 147, 76, 12, 168, 60], [194, 158, 117, 40, 100, 98, 125, 48, 171, 120], [55, 106, 44, 51, 35, 78, 102, 5, 47, 121, 82], [144, 74, 181, 32, 10, 77, 150, 83, 79, 29], [8, 178, 180, 187, 3, 96, 2, 152]]",false
123,726259,2334,2-opt,CMT5.vrp,"[[86, 93, 28, 94, 36, 122, 166, 59, 27, 99, 167], [4, 58, 111, 87, 126, 151, 97, 72, 73, 24, 182], [186, 22, 91, 113, 137, 89, 185, 116, 183, 104, 159, 23, 191, 1], [45, 179, 52, 165, 163, 148, 92, 49, 115, 90, 42, 64, 101], [17, 130, 39, 109, 85, 164, 50, 81, 139, 30, 21, 173, 172], [141, 142, 114, 156, 140, 138, 20, 154, 123, 133, 84, 170, 108, 132, 7, 149], [105, 192, 184, 190, 41, 143, 68, 196, 127, 175, 46, 34], [56, 25, 110, 162, 95, 33, 193, 66, 112, 157, 54, 6], [26, 169, 71, 119, 131, 80, 31, 57, 16, 53, 197, 136, 61], [65, 128, 15, 124, 88, 37, 198, 195, 199, 43, 160, 62, 67], [188, 161, 9, 75, 189, 11, 134, 14, 19, 176], [174, 155, 103, 153, 13, 70, 177, 69, 38, 129], [63, 107, 145, 135, 18, 146, 118, 147, 76, 12, 168, 60], [194, 158, 117, 40, 100, 125, 98, 48, 171, 120], [55, 106, 44, 51, 35, 78, 102, 5, 47, 121, 82], [144, 74, 181, 32, 10, 77, 150, 83, 79, 29], [8, 178, 180, 187, 3, 96, 2, 152]]",false
124,730881,2329,swap,CMT5.vrp,"[[86, 93, 28, 94, 36, 122, 166, 59, 27, 99, 167], [4, 58, 111, 87, 126, 151, 147, 72, 73, 24, 182], [186, 22, 91, 113, 137, 89, 185, 116, 183, 104, 159, 23, 191, 1], [45, 179, 52, 165, 163, 148, 92, 49, 115, 90, 42, 64, 101], [17, 130, 39, 109, 85, 164, 50, 81, 139, 30, 21, 173, 172], [141, 142, 114, 156, 140, 138, 20, 154, 123, 133, 84, 170, 108, 132, 7, 149], [105, 192, 184, 190, 41, 143, 68, 196, 127, 175, 46, 34], [56, 25, 110, 162, 95, 33, 193, 66, 112, 157, 54, 6], [26, 169, 71, 119, 131, 80, 31, 57, 16, 53, 197, 136, 61], [65, 128, 15, 124, 88, 37, 198, 195, 199, 43, 160, 62, 67], [188, 161, 9, 75, 189, 11, 134, 14, 19, 176], [174, 155, 103, 153, 13, 70, 177, 69, 38, 129], [63, 107, 145, 135, 18, 146, 118, 97, 76, 12, 168, 60], [194, 158, 117, 40, 100, 125, 98, 48, 171, 120], [55, 106, 44, 51, 35, 78, 102, 5, 47, 121, 82], [144, 74, 181, 32, 10, 77, 150, 83, 79, 29], [8, 178, 180, 187, 3, 96, 2, 152]]",false
125,735170,2325,2-opt,CMT5.vrp,"[[86, 93, 28, 94, 36, 122, 166, 59, 27, 99, 167], [4, 58, 111, 87, 126, 151, 147, 72, 73, 24, 182], [186, 22, 91, 113, 137, 89, 185, 116, 183, 104, 159, 23, 191, 1], [45, 179, 52, 165, 163, 148, 92, 49, 115, 90, 42, 64, 101], [17, 130, 39, 109, 85, 164, 50, 81, 139, 30, 21, 173, 172], [141, 142, 114, 156, 140, 138, 20, 154, 123, 133, 84, 170, 108, 132, 7, 149], [105, 192, 184, 190, 41, 143, 68, 196, 127, 175, 46, 34], [95, 162, 110, 25, 56, 33, 193, 66, 112, 157, 54, 6], [26, 169, 71, 119, 131, 80, 31, 57, 16, 53, 197, 136, 61], [65, 128, 15, 124, 88, 37, 198, 195, 199, 43, 160, 62, 67], [188, 161, 9, 75, 189, 11, 134, 14, 19, 176], [174, 155, 103, 153, 13, 70, 177, 69, 38, 129], [63, 107, 145, 135, 18, 146, 118, 97, 76, 12, 168, 60], [194, 158, 117, 40, 100, 125, 98, 48, 171, 120], [55, 106, 44, 51, 35, 78, 102, 5, 47, 121, 82], [144, 74, 181, 32, 10, 77, 150, 83, 79, 29], [8, 178, 180, 187, 3, 96, 2, 152]]",false
126,739594,2320,swap,CMT5.vrp,"[[86, 93, 28, 94, 36, 122, 166, 59, 27, 99, 167], [4, 58, 111, 87, 126, 151, 147, 72, 73, 24, 182], [186, 22, 91, 113, 137, 89, 185, 116, 183, 104, 159, 23, 191, 1], [45, 179, 52, 165, 163, 148, 92, 49, 115, 90, 42, 64, 101], [17, 130, 39, 109, 85, 164, 50, 81, 139, 30, 21, 173, 172], [141, 142, 114, 156, 140, 138, 20, 154, 123, 133, 84, 170, 108, 132, 7, 149], [105, 192, 184, 190, 41, 143, 68, 196, 127, 175, 46, 34], [95, 162, 110, 25, 56, 33, 193, 66, 112, 157, 54, 6], [26, 169, 71, 119, 131, 80, 189, 57, 16, 53, 197, 136, 61], [65, 128, 15, 124, 88, 37, 198, 195, 199, 43, 160, 62, 67], [188, 161, 9, 75, 31, 11, 134, 14, 19, 176], [174, 155, 103, 153, 13, 70, 177, 69, 38, 129], [63, 107, 145, 135, 18, 146, 118, 97, 76, 12, 168, 60], [194, 158, 117, 40, 100, 125, 98, 48, 171, 120], [55, 106, 44, 51, 35, 78, 102, 5, 47, 121, 82], [144, 74, 181, 32, 10, 77, 150, 83, 79, 29], [8, 178, 180, 187, 3, 96, 2, 152]]",false
127,746392,2314,swap,CMT5.vrp,"[[86, 93, 28, 94, 36, 122, 166, 59, 27, 99, 167], [4, 58, 111, 87, 126, 151, 147, 72, 73, 24, 182], [186, 22, 91, 113, 137, 89, 185, 116, 183, 104, 159, 23, 191, 1], [45, 179, 52, 31, 163, 148, 92, 49, 115, 90, 42, 64, 101], [17, 130, 39, 109, 85, 164, 50, 81, 139, 30, 21, 173, 172], [141, 142, 114, 156, 140, 138, 20, 154, 123, 133, 84, 170, 108, 132, 7, 149], [105, 192, 184, 190, 41, 143, 68, 196, 127, 175, 46, 34], [95, 162, 110, 25, 56, 33, 193, 66, 112, 157, 54, 6], [26, 169, 71, 119, 131, 80, 189, 57, 16, 53, 197, 136, 61], [65, 128, 15, 124, 88, 37, 198, 195, 199, 43, 160, 62, 67], [188, 161, 9, 75, 165, 11, 134, 14, 19, 176], [174, 155, 103, 153, 13, 70, 177, 69, 38, 129], [63, 107, 145, 135, 18, 146, 118, 97, 76, 12, 168, 60], [194, 158, 117, 40, 100, 125, 98, 48, 171, 120], [55, 106, 44, 51, 35, 78, 102, 5, 47, 121, 82], [144, 74, 181, 32, 10, 77, 150, 83, 79, 29], [8, 178, 180, 187, 3, 96, 2, 152]]",false
128,751181,2307,swap,CMT5.vrp,"[[86, 93, 28, 94, 36, 122, 166, 59, 27, 99, 167], [4, 58, 111, 87, 126, 151, 147, 72, 73, 24, 182], [186, 22, 91, 113, 137, 89, 185, 116, 183, 104, 159, 23, 191, 1], [45, 179, 52, 31, 163, 148, 92, 49, 115, 90, 42, 64, 101], [17, 130, 39, 109, 85, 164, 50, 81, 139, 30, 21, 173, 172], [141, 142, 114, 156, 140, 138, 20, 154, 123, 133, 84, 170, 108, 132, 7, 149], [105, 192, 184, 190, 41, 143, 68, 196, 127, 175, 46, 34], [95, 162, 110, 25, 56, 33, 193, 66, 112, 157, 54, 6], [26, 169, 71, 129, 131, 80, 189, 57, 16, 53, 197, 136, 61], [65, 128, 15, 124, 88, 37, 198, 195, 199, 43, 160, 62, 67], [188, 161, 9, 75, 165, 11, 134, 14, 19, 176], [174, 155, 103, 153, 13, 70, 177, 69, 38, 119], [63, 107, 145, 135, 18, 146, 118, 97, 76, 12, 168, 60], [194, 158, 117, 40, 100, 125, 98, 48, 171, 120], [55, 106, 44, 51, 35, 78, 102, 5, 47, 121, 82], [144, 74, 181, 32, 10, 77, 150, 83, 79, 29], [8, 178, 180, 187, 3, 96, 2, 152]]",false
129,754718,2303,swap,CMT5.vrp,"[[86, 93, 28, 94, 36, 122, 166, 59, 27, 99, 167], [4, 58, 111, 87, 126, 151, 147, 72, 73, 24, 182], [186, 22, 91, 113, 137, 89, 185, 116, 183, 104, 159, 23, 191, 1], [45, 179, 52, 31, 163, 148, 92, 49, 115, 90, 42, 64, 101], [17, 130, 39, 109, 85, 164, 50, 81, 139, 30, 21, 173, 172], [141, 142, 114, 156, 140, 138, 20, 154, 123, 133, 84, 170, 108, 132, 7, 149], [105, 192, 184, 190, 41, 143, 68, 196, 127, 175, 46, 34], [95, 162, 110, 25, 56, 33, 193, 66, 112, 157, 54, 6], [26, 169, 71, 129, 131, 80, 189, 57, 16, 53, 197, 136, 61], [65, 128, 15, 124, 88, 37, 198, 195, 199, 43, 160, 62, 67], [188, 161, 9, 75, 165, 11, 134, 14, 19, 176], [174, 155, 103, 153, 13, 70, 177, 69, 38, 119], [63, 107, 145, 135, 18, 146, 118, 97, 187, 12, 168, 60], [194, 158, 117, 40, 100, 125, 98, 48, 171, 120], [55, 106, 44, 51, 35, 78, 102, 5, 47, 121, 82], [144, 74, 181, 32, 10, 77, 150, 83, 79, 29], [8, 178, 180, 76, 3, 96, 2, 152]]",false
130,760157,2295,swap,CMT5.vrp,"[[86, 93, 28, 94, 36, 122, 166, 59, 27, 99, 167], [4, 58, 111, 87, 126, 151, 147, 72, 73, 24, 182], [186, 22, 91, 113, 137, 89, 185, 116, 183, 104, 159, 23, 191, 1], [45, 179, 52, 31, 163, 148, 92, 49, 115, 90, 42, 64, 101], [17, 130, 39, 109, 85, 164, 50, 81, 139, 30, 21, 173, 172], [141, 142, 114, 156, 140, 138, 20, 154, 123, 133, 84, 170, 108, 132, 7, 149], [105, 192, 184, 190, 41, 143, 68, 196, 127, 175, 46, 34], [95, 162, 110, 25, 56, 33, 193, 66, 112, 157, 54, 6], [26, 169, 71, 129, 131, 80, 189, 57, 16, 53, 197, 136, 61], [65, 128, 15, 124, 88, 37, 198, 195, 199, 43, 160, 62, 67], [3, 161, 9, 75, 165, 11, 134, 14, 19, 176], [174, 155, 103, 153, 13, 70, 177, 69, 38, 119], [63, 107, 145, 135, 18, 146, 118, 97, 187, 12, 168, 60], [194, 158, 117, 40, 100, 125, 98, 48, 171, 120], [55, 106, 44, 51, 35, 78, 102, 5, 47, 121, 82], [144, 74, 181, 32, 10, 77, 150, 83, 79, 29], [8, 178, 180, 76, 188, 96, 2, 152]]",false
131,765161,2286,swap,CMT5.vrp,"[[86, 93, 28, 94, 36, 122, 166, 59, 27, 99, 167], [4, 58, 111, 87, 126, 151, 147, 72, 73, 24, 182], [186, 22, 91, 113, 137, 89, 185, 116, 183, 104, 159, 23, 191, 1], [45, 179, 52, 31, 163, 148, 92, 49, 115, 90, 42, 64, 101], [17, 130, 39, 109, 85, 164, 50, 81, 139, 30, 21, 173, 172], [141, 142, 114, 156, 140, 138, 20, 154, 123, 133, 84, 170, 108, 132, 7, 149], [105, 192, 184, 190, 41, 143, 68, 196, 127, 175, 46, 34], [95, 162, 110, 25, 56, 33, 193, 66, 112, 157, 54, 6], [26, 169, 71, 129, 131, 80, 189, 57, 16, 53, 197, 136, 61], [65, 128, 15, 124, 88, 37, 198, 195, 199, 43, 160, 62, 67], [3, 161, 9, 75, 165, 11, 134, 14, 19, 176], [174, 155, 103, 153, 13, 70, 177, 69, 38, 119], [63, 107, 145, 135, 18, 146, 118, 97, 187, 12, 168, 60], [194, 158, 117, 40, 76, 125, 98, 48, 171, 120], [55, 106, 44, 51, 35, 78, 102, 5, 47, 121, 82], [144, 74, 181, 32, 10, 77, 150, 83, 79, 29], [8, 178, 180, 100, 188, 96, 2, 152]]",false
132,769268,2281,or-opt,CMT5.vrp,"[[86, 93, 28, 94, 36, 122, 166, 59, 27, 99, 167], [4, 58, 111, 87, 126, 151, 147, 72, 73, 24, 182], [186, 22, 91, 113, 137, 89, 185, 116, 183, 23, 104, 159, 191, 1], [45, 179, 52, 31, 163, 148, 92, 49, 115, 90, 42, 64, 101], [17, 130, 39, 109, 85, 164, 50, 81, 139, 30, 21, 173, 172], [141, 142, 114, 156, 140, 138, 20, 154, 123, 133, 84, 170, 108, 132, 7, 149], [105, 192, 184, 190, 41, 143, 68, 196, 127, 175, 46, 34], [95, 162, 110, 25, 56, 33, 193, 66, 112, 157, 54, 6], [26, 169, 71, 129, 131, 80, 189, 57, 16, 53, 197, 136, 61], [65, 128, 15, 124, 88, 37, 198, 195, 199, 43, 160, 62, 67], [3, 161, 9, 75, 165, 11, 134, 14, 19, 176], [174, 155, 103, 153, 13, 70, 177, 69, 38, 119], [63, 107, 145, 135, 18, 146, 118, 97, 187, 12, 168, 60], [194, 158, 117, 40, 76, 125, 98, 48, 171, 120], [55, 106, 44, 51, 35, 78, 102, 5, 47, 121, 82], [144, 74, 181, 32, 10, 77, 150, 83, 79, 29], [8, 178, 180, 100, 188, 96, 2, 152]]",false
133,774805,2275,2-opt,CMT5.vrp,"[[86, 93, 28, 94, 36, 122, 166, 59, 27, 99, 167], [4, 58, 111, 87, 126, 151, 147, 72, 73, 24, 182], [159, 104, 23, 183, 116, 185, 89, 137, 113, 91, 22, 186, 191, 1], [45, 179, 52, 31, 163, 148, 92, 49, 115, 90, 42, 64, 101], [17, 130, 39, 109, 85, 164, 50, 81, 139, 30, 21, 173, 172], [141, 142, 114, 156, 140, 138, 20, 154, 123, 133, 84, 170, 108, 132, 7, 149], [105, 192, 184, 190, 41, 143, 68, 196, 127, 175, 46, 34], [95, 162, 110, 25, 56, 33, 193, 66, 112, 157, 54, 6], [26, 169, 71, 129, 131, 80, 189, 57, 16, 53, 197, 136, 61], [65, 128, 15, 124, 88, 37, 198, 195, 199, 43, 160, 62, 67], [3, 161, 9, 75, 165, 11, 134, 14, 19, 176], [174, 155, 103, 153, 13, 70, 177, 69, 38, 119], [63, 107, 145, 135, 18, 146, 118, 97, 187, 12, 168, 60], [194, 158, 117, 40, 76, 125, 98, 48, 171, 120], [55, 106, 44, 51, 35, 78, 102, 5, 47, 121, 82], [144, 74, 181, 32, 10, 77, 150, 83, 79, 29], [8, 178, 180, 100, 188, 96, 2, 152]]",false
134,779922,2270,swap,CMT5.vrp,"[[86, 93, 28, 94, 36, 122, 166, 59, 27, 99, 167], [4, 58, 111, 87, 126, 151, 147, 72, 73, 24, 182], [159, 104, 23, 183, 116, 185, 89, 137, 113, 91, 22, 186, 191, 1], [45, 179, 52, 31, 163, 148, 92, 49, 115, 90, 42, 64, 101], [17, 130, 39, 109, 85, 164, 50, 81, 139, 30, 21, 173, 172], [141, 142, 114, 156, 140, 138, 20, 154, 128, 133, 84, 170, 108, 132, 7, 149], [105, 192, 184, 190, 41, 143, 68, 196, 127, 175, 46, 34], [95, 162, 110, 25, 56, 33, 193, 66, 112, 157, 54, 6], [26, 169, 71, 129, 131, 80, 189, 57, 16, 53, 197, 136, 61], [65, 123, 15, 124, 88, 37, 198, 195, 199, 43, 160, 62, 67], [3, 161, 9, 75, 165, 11, 134, 14, 19, 176], [174, 155, 103, 153, 13, 70, 177, 69, 38, 119], [63, 107, 145, 135, 18, 146, 118, 97, 187, 12, 168, 60], [194, 158, 117, 40, 76, 125, 98, 48, 171, 120], [55, 106, 44, 51, 35, 78, 102, 5, 47, 121, 82], [144, 74, 181, 32, 10, 77, 150, 83, 79, 29], [8, 178, 180, 100, 188, 96, 2, 152]]",false
135,783808,2266,or-opt,CMT5.vrp,"[[86, 93, 28, 94, 36, 122, 166, 59, 27, 99, 167], [4, 58, 111, 87, 126, 151, 147, 72, 73, 24, 182], [159, 104, 23, 183, 116, 185, 89, 137, 113, 91, 22, 186, 191, 1], [45, 179, 52, 31, 163, 148, 92, 49, 115, 90, 42, 64, 101], [17, 130, 39, 109, 85, 164, 50, 81, 139, 30, 21, 173, 172], [141, 142, 114, 156, 140, 138, 20, 154, 128, 133, 84, 170, 108, 132, 7, 149], [105, 192, 184, 190, 41, 143, 68, 196, 127, 175, 46, 34], [95, 162, 110, 25, 56, 33, 193, 66, 112, 157, 54, 6], [26, 169, 71, 129, 131, 80, 189, 57, 16, 53, 197, 136, 61], [65, 123, 15, 124, 88, 37, 199, 43, 160, 62, 67, 198, 195], [3, 161, 9, 75, 165, 11, 134, 14, 19, 176], [174, 155, 103, 153, 13, 70, 177, 69, 38, 119], [63, 107, 145, 135, 18, 146, 118, 97, 187, 12, 168, 60], [194, 158, 117, 40, 76, 125, 98, 48, 171, 120], [55, 106, 44, 51, 35, 78, 102, 5, 47, 121, 82], [144, 74, 181, 32, 10, 77, 150, 83, 79, 29], [8, 178, 180, 100, 188, 96, 2, 152]]",false
136,787637,2262,swap,CMT5.vrp,"[[86, 93, 28, 94, 36, 122, 166, 59, 27, 99, 167], [4, 58, 111, 87, 126, 151, 147, 72, 73, 24, 182], [159, 104, 23, 183, 116, 185, 89, 137, 113, 91, 22, 186, 191, 1], [45, 179, 52, 31, 163, 148, 92, 49, 115, 90, 42, 64, 101], [17, 130, 39, 109, 85, 164, 50, 81, 139, 30, 21, 173, 172], [141, 142, 114, 156, 140, 138, 20, 123, 128, 133, 84, 170, 108, 132, 7, 149], [105, 192, 184, 190, 41, 143, 68, 196, 127, 175, 46, 34], [95, 162, 110, 25, 56, 33, 193, 66, 112, 157, 54, 6], [26, 169, 71, 129, 131, 80, 189, 57, 16, 53, 197, 136, 61], [65, 154, 15, 124, 88, 37, 199, 43, 160, 62, 67, 198, 195], [3, 161, 9, 75, 165, 11, 134, 14, 19, 176], [174, 155, 103, 153, 13, 70, 177, 69, 38, 119], [63, 107, 145, 135, 18, 146, 118, 97, 187, 12, 168, 60], [194, 158, 117, 40, 76, 125, 98, 48, 171, 120], [55, 106, 44, 51, 35, 78, 102, 5, 47, 121, 82], [144, 74, 181, 32, 10, 77, 150, 83, 79, 29], [8, 178, 180, 100, 188, 96, 2, 152]]",false
137,792841,2252,swap,CMT5.vrp,"[[86, 93, 28, 94, 36, 122, 166, 59, 27, 99, 167], [4, 58, 111, 87, 126, 151, 147, 72, 73, 24, 182], [159, 104, 23, 183, 116, 185, 89, 137, 113, 91, 22, 186, 191, 1], [65, 179, 52, 31, 163, 148, 92, 49, 115, 90, 42, 64, 101], [17, 130, 39, 109, 85, 164, 50, 81, 139, 30, 21, 173, 172], [141, 142, 114, 156, 140, 138, 20, 123, 128, 133, 84, 170, 108, 132, 7, 149], [105, 192, 184, 190, 41, 143, 68, 196, 127, 175, 46, 34], [95, 162, 110, 25, 56, 33, 193, 66, 112, 157, 54, 6], [26, 169, 71, 129, 131, 80, 189, 57, 16, 53, 197, 136, 61], [45, 154, 15, 124, 88, 37, 199, 43, 160, 62, 67, 198, 195], [3, 161, 9, 75, 165, 11, 134, 14, 19, 176], [174, 155, 103, 153, 13, 70, 177, 69, 38, 119], [63, 107, 145, 135, 18, 146, 118, 97, 187, 12, 168, 60], [194, 158, 117, 40, 76, 125, 98, 48, 171, 120], [55, 106, 44, 51, 35, 78, 102, 5, 47, 121, 82], [144, 74, 181, 32, 10, 77, 150, 83, 79, 29], [8, 178, 180, 100, 188, 96, 2, 152]]",false
138,798027,2243,swap,CMT5.vrp,"[[86, 93, 28, 94, 36, 122, 166, 59, 27, 99, 167], [4, 58, 111, 87, 126, 151, 147, 72, 73, 24, 182], [159, 104, 23, 183, 116, 185, 89, 137, 113, 91, 22, 186, 191, 1], [65, 102, 52, 31, 163, 148, 92, 49, 115, 90, 42, 64, 101], [17, 130, 39, 109, 85, 164, 50, 81, 139, 30, 21, 173, 172], [141, 142, 114, 156, 140, 138, 20, 123, 128, 133, 84, 170, 108, 132, 7, 149], [105, 192, 184, 190, 41, 143, 68, 196, 127, 175, 46, 34], [95, 162, 110, 25, 56, 33, 193, 66, 112, 157, 54, 6], [26, 169, 71, 129, 131, 80, 189, 57, 16, 53, 197, 136, 61], [45, 154, 15, 124, 88, 37, 199, 43, 160, 62, 67, 198, 195], [3, 161, 9, 75, 165, 11, 134, 14, 19, 176], [174, 155, 103, 153, 13, 70, 177, 69, 38, 119], [63, 107, 145, 135, 18, 146, 118, 97, 187, 12, 168, 60], [194, 158, 117, 40, 76, 125, 98, 48, 171, 120], [55, 106, 44, 51, 35, 78, 179, 5, 47, 121, 82], [144, 74, 181, 32, 10, 77, 150, 83, 79, 29], [8, 178, 180, 100, 188, 96, 2, 152]]",false
139,801973,2239,2-opt,CMT5.vrp,"[[86, 93, 28, 94, 36, 122, 166, 59, 27, 99, 167], [4, 58, 111, 87, 126, 151, 147, 72, 73, 24, 182], [159, 104, 23, 183, 116, 185, 89, 137, 113, 91, 22, 186, 191, 1], [65, 102, 52, 31, 163, 148, 92, 49, 115, 90, 42, 64, 101], [17, 130, 39, 109, 85, 164, 50, 81, 139, 30, 21, 173, 172], [141, 142, 114, 156, 140, 138, 20, 123, 128, 133, 84, 170, 108, 132, 7, 149], [105, 192, 184, 190, 41, 143, 68, 196, 127, 175, 46, 34], [95, 162, 110, 25, 56, 33, 193, 66, 112, 157, 54, 6], [26, 169, 71, 129, 131, 80, 189, 57, 16, 53, 197, 136, 61], [45, 154, 15, 124, 88, 37, 199, 43, 160, 62, 67, 198, 195], [3, 161, 9, 75, 165, 11, 134, 14, 19, 176], [174, 155, 103, 153, 13, 70, 177, 69, 38, 119], [63, 107, 145, 135, 18, 146, 118, 97, 187, 12, 168, 60], [76, 40, 117, 158, 194, 125, 98, 48, 171, 120], [55, 106, 44, 51, 35, 78, 179, 5, 47, 121, 82], [144, 74, 181, 32, 10, 77, 150, 83, 79, 29], [8, 178, 180, 100, 188, 96, 2, 152]]",false
140,805930,2232,2-opt,CMT5.vrp,"[[86, 93, 28, 94, 36, 122, 166, 59, 27, 99, 167], [4, 58, 111, 87, 126, 151, 147, 72, 73, 24, 182], [159, 104, 23, 183, 116, 185, 89, 137, 113, 91, 22, 186, 191, 1], [65, 102, 52, 31, 163, 148, 92, 49, 115, 90, 42, 64, 101], [17, 130, 39, 109, 85, 164, 50, 81, 139, 30, 21, 173, 172], [141, 142, 114, 156, 140, 138, 20, 123, 128, 133, 84, 170, 108, 132, 7, 149], [105, 192, 184, 190, 41, 143, 68, 196, 127, 175, 46, 34], [95, 162, 110, 25, 56, 33, 193, 66, 112, 157, 54, 6], [26, 169, 71, 129, 131, 80, 189, 57, 16, 53, 197, 136, 61], [45, 154, 15, 124, 88, 37, 199, 43, 160, 62, 67, 198, 195], [3, 161, 9, 75, 165, 11, 134, 14, 19, 176], [174, 155, 103, 153, 13, 70, 177, 69, 38, 119], [63, 107, 145, 135, 18, 146, 118, 97, 187, 12, 168, 60], [76, 40, 117, 158, 194, 120, 171, 48, 98, 125], [55, 106, 44, 51, 35, 78, 179, 5, 47, 121, 82], [144, 74, 181, 32, 10, 77, 150, 83, 79, 29], [8, 178, 180, 100, 188, 96, 2, 152]]",false
141,812239,2229,2-opt,CMT5.vrp,"[[86, 93, 28, 94, 36, 122, 166, 59, 27, 99, 167], [4, 58, 111, 87, 126, 151, 72, 147, 73, 24, 182], [159, 104, 23, 183, 116, 185, 89, 137, 113, 91, 22, 186, 191, 1], [65, 102, 52, 31, 163, 148, 92, 49, 115, 90, 42, 64, 101], [17, 130, 39, 109, 85, 164, 50, 81, 139, 30, 21, 173, 172], [141, 142, 114, 156, 140, 138, 20, 123, 128, 133, 84, 170, 108, 132, 7, 149], [105, 192, 184, 190, 41, 143, 68, 196, 127, 175, 46, 34], [95, 162, 110, 25, 56, 33, 193, 66, 112, 157, 54, 6], [26, 169, 71, 129, 131, 80, 189, 57, 16, 53, 197, 136, 61], [45, 154, 15, 124, 88, 37, 199, 43, 160, 62, 67, 198, 195], [3, 161, 9, 75, 165, 11, 134, 14, 19, 176], [174, 155, 103, 153, 13, 70, 177, 69, 38, 119], [63, 107, 145, 135, 18, 146, 118, 97, 187, 12, 168, 60], [76, 40, 117, 158, 194, 120, 171, 48, 98, 125], [55, 106, 44, 51, 35, 78, 179, 5, 47, 121, 82], [144, 74, 181, 32, 10, 77, 150, 83, 79, 29], [8, 178, 180, 100, 188, 96, 2, 152]]",false
142,816244,2226,2-opt,CMT5.vrp,"[[86, 93, 28, 94, 36, 122, 166, 59, 27, 99, 167], [4, 58, 111, 87, 126, 151, 72, 147, 73, 24, 182], [159, 104, 23, 183, 116, 185, 89, 137, 113, 91, 22, 186, 191, 1], [65, 102, 52, 31, 163, 148, 92, 49, 115, 90, 42, 64, 101], [17, 130, 39, 109, 85, 164, 50, 81, 139, 30, 21, 173, 172], [141, 142, 114, 156, 140, 138, 20, 123, 128, 133, 84, 170, 108, 132, 7, 149], [105, 192, 184, 190, 41, 143, 68, 196, 127, 175, 46, 34], [95, 162, 110, 25, 56, 33, 193, 66, 112, 157, 54, 6], [26, 169, 71, 129, 131, 80, 189, 57, 16, 53, 197, 136, 61], [45, 15, 154, 124, 88, 37, 199, 43, 160, 62, 67, 198, 195], [3, 161, 9, 75, 165, 11, 134, 14, 19, 176], [174, 155, 103, 153, 13, 70, 177, 69, 38, 119], [63, 107, 145, 135, 18, 146, 118, 97, 187, 12, 168, 60], [76, 40, 117, 158, 194, 120, 171, 48, 98, 125], [55, 106, 44, 51, 35, 78, 179, 5, 47, 121, 82], [144, 74, 181, 32, 10, 77, 150, 83, 79, 29], [8, 178, 180, 100, 188, 96, 2, 152]]",false
143,820278,2223,2-opt,CMT5.vrp,"[[86, 93, 28, 94, 36, 122, 166, 59, 27, 99, 167], [4, 58, 111, 87, 126, 151, 72, 147, 73, 24, 182], [159, 104, 23, 183, 116, 185, 89, 137, 113, 91, 22, 186, 191, 1], [65, 102, 52, 31, 163, 148, 92, 49, 115, 90, 42, 64, 101], [17, 130, 39, 109, 85, 164, 50, 81, 139, 30, 21, 173, 172], [141, 142, 114, 156, 140, 138, 20, 123, 128, 133, 84, 170, 108, 132, 7, 149], [105, 192, 184, 190, 41, 143, 68, 196, 127, 175, 46, 34], [95, 162, 110, 25, 56, 33, 193, 66, 112, 157, 54, 6], [26, 169, 71, 129, 80, 131, 189, 57, 16, 53, 197, 136, 61], [45, 15, 154, 124, 88, 37, 199, 43, 160, 62, 67, 198, 195], [3, 161, 9, 75, 165, 11, 134, 14, 19, 176], [174, 155, 103, 153, 13, 70, 177, 69, 38, 119], [63, 107, 145, 135, 18, 146, 118, 97, 187, 12, 168, 60], [76, 40, 117, 158, 194, 120, 171, 48, 98, 125], [55, 106, 44, 51, 35, 78, 179, 5, 47, 121, 82], [144, 74, 181, 32, 10, 77, 150, 83, 79, 29], [8, 178, 180, 100, 188, 96, 2, 152]]",false
144,825577,2221,swap,CMT5.vrp,"[[86, 93, 28, 94, 36, 122, 166, 59, 27, 99, 167], [4, 58, 111, 87, 126, 151, 72, 147, 73, 24, 182], [159, 104, 23, 183, 116, 185, 89, 137, 113, 91, 22, 186, 191, 1], [65, 102, 52, 31, 163, 148, 92, 49, 115, 90, 42, 64, 101], [17, 130, 39, 109, 85, 164, 50, 81, 139, 30, 21, 173, 172], [141, 142, 114, 156, 140, 138, 20, 123, 128, 133, 84, 170, 108, 132, 7, 149], [105, 192, 184, 190, 41, 143, 68, 196, 127, 175, 46, 34], [95, 162, 110, 25, 56, 33, 193, 66, 112, 157, 54, 6], [26, 169, 71, 129, 80, 131, 189, 57, 16, 53, 197, 136, 61], [45, 15, 154, 124, 88, 37, 199, 43, 160, 62, 67, 198, 195], [3, 161, 9, 75, 165, 11, 134, 14, 19, 176], [174, 155, 103, 83, 13, 70, 177, 69, 38, 119], [63, 107, 145, 135, 18, 146, 118, 97, 187, 12, 168, 60], [76, 40, 117, 158, 194, 120, 171, 48, 98, 125], [55, 106, 44, 51, 35, 78, 179, 5, 47, 121, 82], [144, 74, 181, 32, 10, 77, 150, 153, 79, 29], [8, 178, 180, 100, 188, 96, 2, 152]]",false
145,828838,2218,2-opt,CMT5.vrp,"[[86, 93, 28, 94, 36, 122, 166, 59, 27, 99, 167], [4, 58, 111, 87, 126, 151, 72, 147, 73, 24, 182], [159, 104, 23, 183, 116, 185, 89, 137, 113, 91, 22, 186, 191, 1], [65, 102, 52, 31, 163, 148, 92, 49, 115, 90, 42, 64, 101], [17, 130, 39, 109, 85, 164, 50, 81, 139, 172, 173, 21, 30], [141, 142, 114, 156, 140, 138, 20, 123, 128, 133, 84, 170, 108, 132, 7, 149], [105, 192, 184, 190, 41, 143, 68, 196, 127, 175, 46, 34], [95, 162, 110, 25, 56, 33, 193, 66, 112, 157, 54, 6], [26, 169, 71, 129, 80, 131, 189, 57, 16, 53, 197, 136, 61], [45, 15, 154, 124, 88, 37, 199, 43, 160, 62, 67, 198, 195], [3, 161, 9, 75, 165, 11, 134, 14, 19, 176], [174, 155, 103, 83, 13, 70, 177, 69, 38, 119], [63, 107, 145, 135, 18, 146, 118, 97, 187, 12, 168, 60], [76, 40, 117, 158, 194, 120, 171, 48, 98, 125], [55, 106, 44, 51, 35, 78, 179, 5, 47, 121, 82], [144, 74, 181, 32, 10, 77, 150, 153, 79, 29], [8, 178, 180, 100, 188, 96, 2, 152]]",false
146,832257,2216,2-opt,CMT5.vrp,"[[86, 93, 28, 94, 36, 122, 166, 59, 27, 99, 167], [4, 58, 111, 87, 126, 151, 72, 147, 73, 24, 182], [159, 104, 23, 183, 116, 185, 89, 137, 113, 91, 22, 186, 191, 1], [65, 102, 52, 31, 163, 148, 92, 49, 115, 90, 42, 64, 101], [17, 130, 39, 109, 164, 85, 50, 81, 139, 172, 173, 21, 30], [141, 142, 114, 156, 140, 138, 20, 123, 128, 133, 84, 170, 108, 132, 7, 149], [105, 192, 184, 190, 41, 143, 68, 196, 127, 175, 46, 34], [95, 162, 110, 25, 56, 33, 193, 66, 112, 157, 54, 6], [26, 169, 71, 129, 80, 131, 189, 57, 16, 53, 197, 136, 61], [45, 15, 154, 124, 88, 37, 199, 43, 160, 62, 67, 198, 195], [3, 161, 9, 75, 165, 11, 134, 14, 19, 176], [174, 155, 103, 83, 13, 70, 177, 69, 38, 119], [63, 107, 145, 135, 18, 146, 118, 97, 187, 12, 168, 60], [76, 40, 117, 158, 194, 120, 171, 48, 98, 125], [55, 106, 44, 51, 35, 78, 179, 5, 47, 121, 82], [144, 74, 181, 32, 10, 77, 150, 153, 79, 29], [8, 178, 180, 100, 188, 96, 2, 152]]",false
147,835570,2214,swap,CMT5.vrp,"[[86, 93, 28, 94, 36, 122, 166, 59, 27, 99, 179], [4, 58, 111, 87, 126, 151, 72, 147, 73, 24, 182], [159, 104, 23, 183, 116, 185, 89, 137, 113, 91, 22, 186, 191, 1], [65, 102, 52, 31, 163, 148, 92, 49, 115, 90, 42, 64, 101], [17, 130, 39, 109, 164, 85, 50, 81, 139, 172, 173, 21, 30], [141, 142, 114, 156, 140, 138, 20, 123, 128, 133, 84, 170, 108, 132, 7, 149], [105, 192, 184, 190, 41, 143, 68, 196, 127, 175, 46, 34], [95, 162, 110, 25, 56, 33, 193, 66, 112, 157, 54, 6], [26, 169, 71, 129, 80, 131, 189, 57, 16, 53, 197, 136, 61], [45, 15, 154, 124, 88, 37, 199, 43, 160, 62, 67, 198, 195], [3, 161, 9, 75, 165, 11, 134, 14, 19, 176], [174, 155, 103, 83, 13, 70, 177, 69, 38, 119], [63, 107, 145, 135, 18, 146, 118, 97, 187, 12, 168, 60], [76, 40, 117, 158, 194, 120, 171, 48, 98, 125], [55, 106, 44, 51, 35, 78, 167, 5, 47, 121, 82], [144, 74, 181, 32, 10, 77, 150, 153, 79, 29], [8, 178, 180, 100, 188, 96, 2, 152]]",false
148,838845,2209,swap,CMT5.vrp,"[[86, 93, 28, 94, 36, 122, 166, 5, 27, 99, 179], [4, 58, 111, 87, 126, 151, 72, 147, 73, 24, 182], [159, 104, 23, 183, 116, 185, 89, 137, 113, 91, 22, 186, 191, 1], [65, 102, 52, 31, 163, 148, 92, 49, 115, 90, 42, 64, 101], [17, 130, 39, 109, 164, 85, 50, 81, 139, 172, 173, 21, 30], [141, 142, 114, 156, 140, 138, 20, 123, 128, 133, 84, 170, 108, 132, 7, 149], [105, 192, 184, 190, 41, 143, 68, 196, 127, 175, 46, 34], [95, 162, 110, 25, 56, 33, 193, 66, 112, 157, 54, 6], [26, 169, 71, 129, 80, 131, 189, 57, 16, 53, 197, 136, 61], [45, 15, 154, 124, 88, 37, 199, 43, 160, 62, 67, 198, 195], [3, 161, 9, 75, 165, 11, 134, 14, 19, 176], [174, 155, 103, 83, 13, 70, 177, 69, 38, 119], [63, 107, 145, 135, 18, 146, 118, 97, 187, 12, 168, 60], [76, 40, 117, 158, 194, 120, 171, 48, 98, 125], [55, 106, 44, 51, 35, 78, 167, 59, 47, 121, 82], [144, 74, 181, 32, 10, 77, 150, 153, 79, 29], [8, 178, 180, 100, 188, 96, 2, 152]]",false
149,844947,2205,swap,CMT5.vrp,"[[86, 93, 28, 94, 36, 122, 138, 5, 27, 99, 179], [4, 58, 111, 87, 126, 151, 72, 147, 73, 24, 182], [159, 104, 23, 183, 116, 185, 89, 137, 113, 91, 22, 186, 191, 1], [65, 102, 52, 31, 163, 148, 92, 49, 115, 90, 42, 64, 101], [17, 130, 39, 109, 164, 85, 50, 81, 139, 172, 173, 21, 30], [141, 142, 114, 156, 140, 166, 20, 123, 128, 133, 84, 170, 108, 132, 7, 149], [105, 192, 184, 190, 41, 143, 68, 196, 127, 175, 46, 34], [95, 162, 110, 25, 56, 33, 193, 66, 112, 157, 54, 6], [26, 169, 71, 129, 80, 131, 189, 57, 16, 53, 197, 136, 61], [45, 15, 154, 124, 88, 37, 199, 43, 160, 62, 67, 198, 195], [3, 161, 9, 75, 165, 11, 134, 14, 19, 176], [174, 155, 103, 83, 13, 70, 177, 69, 38, 119], [63, 107, 145, 135, 18, 146, 118, 97, 187, 12, 168, 60], [76, 40, 117, 158, 194, 120, 171, 48, 98, 125], [55, 106, 44, 51, 35, 78, 167, 59, 47, 121, 82], [144, 74, 181, 32, 10, 77, 150, 153, 79, 29], [8, 178, 180, 100, 188, 96, 2, 152]]",false
150,850908,2202,swap,CMT5.vrp,"[[86, 93, 28, 94, 140, 122, 138, 5, 27, 99, 179], [4, 58, 111, 87, 126, 151, 72, 147, 73, 24, 182], [159, 104, 23, 183, 116, 185, 89, 137, 113, 91, 22, 186, 191, 1], [65, 102, 52, 31, 163, 148, 92, 49, 115, 90, 42, 64, 101], [17, 130, 39, 109, 164, 85, 50, 81, 139, 172, 173, 21, 30], [141, 142, 114, 156, 36, 166, 20, 123, 128, 133, 84, 170, 108, 132, 7, 149], [105, 192, 184, 190, 41, 143, 68, 196, 127, 175, 46, 34], [95, 162, 110, 25, 56, 33, 193, 66, 112, 157, 54, 6], [26, 169, 71, 129, 80, 131, 189, 57, 16, 53, 197, 136, 61], [45, 15, 154, 124, 88, 37, 199, 43, 160, 62, 67, 198, 195], [3, 161, 9, 75, 165, 11, 134, 14, 19, 176], [174, 155, 103, 83, 13, 70, 177, 69, 38, 119], [63, 107, 145, 135, 18, 146, 118, 97, 187, 12, 168, 60], [76, 40, 117, 158, 194, 120, 171, 48, 98, 125], [55, 106, 44, 51, 35, 78, 167, 59, 47, 121, 82], [144, 74, 181, 32, 10, 77, 150, 153, 79, 29], [8, 178, 180, 100, 188, 96, 2, 152]]",false
151,856898,2200,swap,CMT5.vrp,"[[86, 93, 28, 94, 140, 122, 138, 5, 27, 99, 179], [4, 58, 111, 87, 126, 151, 72, 147, 73, 24, 182], [159, 104, 23, 183, 116, 185, 89, 137, 113, 91, 22, 186, 191, 1], [65, 102, 52, 31, 163, 148, 92, 49, 115, 90, 42, 64, 101], [17, 130, 39, 109, 164, 85, 50, 81, 139, 172, 173, 21, 30], [141, 142, 114, 156, 36, 166, 20, 123, 128, 133, 84, 170, 108, 132, 7, 149], [105, 192, 184, 190, 41, 143, 68, 196, 127, 175, 46, 34], [95, 162, 110, 25, 56, 33, 193, 66, 112, 157, 54, 6], [26, 169, 71, 129, 80, 131, 189, 57, 16, 53, 197, 136, 61], [45, 15, 154, 124, 88, 37, 199, 43, 160, 62, 67, 198, 195], [3, 161, 9, 75, 165, 11, 134, 14, 177, 176], [174, 155, 103, 83, 13, 70, 19, 69, 38, 119], [63, 107, 145, 135, 18, 146, 118, 97, 187, 12, 168, 60], [76, 40, 117, 158, 194, 120, 171, 48, 98, 125], [55, 106, 44, 51, 35, 78, 167, 59, 47, 121, 82], [144, 74, 181, 32, 10, 77, 150, 153, 79, 29], [8, 178, 180, 100, 188, 96, 2, 152]]",false
152,861082,2196,swap,CMT5.vrp,"[[86, 93, 28, 94, 140, 122, 138, 5, 27, 99, 179], [4, 58, 111, 87, 126, 151, 72, 147, 73, 24, 182], [159, 104, 23, 183, 116, 185, 89, 137, 113, 91, 22, 186, 191, 1], [65, 102, 52, 31, 163, 148, 92, 49, 115, 90, 42, 64, 101], [17, 130, 39, 109, 164, 85, 50, 81, 139, 172, 173, 21, 30], [141, 142, 114, 156, 36, 166, 20, 123, 128, 133, 84, 134, 108, 132, 7, 149], [105, 192, 184, 190, 41, 143, 68, 196, 127, 175, 46, 34], [95, 162, 110, 25, 56, 33, 193, 66, 112, 157, 54, 6], [26, 169, 71, 129, 80, 131, 189, 57, 16, 53, 197, 136, 61], [45, 15, 154, 124, 88, 37, 199, 43, 160, 62, 67, 198, 195], [3, 161, 9, 75, 165, 11, 170, 14, 177, 176], [174, 155, 103, 83, 13, 70, 19, 69, 38, 119], [63, 107, 145, 135, 18, 146, 118, 97, 187, 12, 168, 60], [76, 40, 117, 158, 194, 120, 171, 48, 98, 125], [55, 106, 44, 51, 35, 78, 167, 59, 47, 121, 82], [144, 74, 181, 32, 10, 77, 150, 153, 79, 29], [8, 178, 180, 100, 188, 96, 2, 152]]",false
153,864640,2194,2-opt,CMT5.vrp,"[[86, 93, 28, 94, 140, 122, 138, 5, 27, 99, 179], [4, 58, 111, 87, 126, 151, 72, 147, 73, 24, 182], [159, 104, 23, 183, 116, 185, 89, 137, 113, 91, 22, 186, 191, 1], [65, 102, 52, 31, 163, 148, 92, 49, 115, 90, 42, 64, 101], [17, 130, 39, 109, 164, 85, 50, 81, 139, 172, 173, 21, 30], [141, 142, 114, 156, 36, 166, 20, 123, 128, 133, 84, 134, 108, 132, 7, 149], [105, 192, 184, 190, 41, 143, 68, 196, 127, 175, 46, 34], [95, 162, 110, 25, 56, 33, 193, 66, 112, 157, 54, 6], [26, 169, 71, 129, 80, 131, 189, 57, 16, 53, 197, 136, 61], [45, 15, 154, 124, 88, 37, 199, 43, 160, 62, 67, 198, 195], [3, 161, 9, 75, 165, 170, 11, 14, 177, 176], [174, 155, 103, 83, 13, 70, 19, 69, 38, 119], [63, 107, 145, 135, 18, 146, 118, 97, 187, 12, 168, 60], [76, 40, 117, 158, 194, 120, 171, 48, 98, 125], [55, 106, 44, 51, 35, 78, 167, 59, 47, 121, 82], [144, 74, 181, 32, 10, 77, 150, 153, 79, 29], [8, 178, 180, 100, 188, 96, 2, 152]]",false
154,868778,2192,2-opt,CMT5.vrp,"[[86, 93, 28, 94, 140, 122, 138, 5, 27, 99, 179], [4, 58, 111, 87, 126, 151, 72, 147, 73, 24, 182], [159, 104, 23, 183, 116, 185, 89, 137, 113, 91, 22, 186, 191, 1], [65, 102, 52, 31, 163, 148, 92, 49, 115, 90, 42, 64, 101], [17, 130, 39, 109, 164, 85, 50, 81, 139, 172, 173, 21, 30], [141, 142, 114, 156, 36, 166, 20, 123, 128, 133, 84, 134, 108, 132, 7, 149], [105, 192, 184, 190, 41, 143, 68, 196, 127, 175, 46, 34], [95, 162, 110, 25, 56, 33, 193, 66, 112, 157, 54, 6], [26, 169, 71, 129, 80, 131, 189, 57, 16, 53, 197, 136, 61], [45, 15, 154, 124, 37, 88, 199, 43, 160, 62, 67, 198, 195], [3, 161, 9, 75, 165, 170, 11, 14, 177, 176], [174, 155, 103, 83, 13, 70, 19, 69, 38, 119], [63, 107, 145, 135, 18, 146, 118, 97, 187, 12, 168, 60], [76, 40, 117, 158, 194, 120, 171, 48, 98, 125], [55, 106, 44, 51, 35, 78, 167, 59, 47, 121, 82], [144, 74, 181, 32, 10, 77, 150, 153, 79, 29], [8, 178, 180, 100, 188, 96, 2, 152]]",false
155,874227,2191,2-opt,CMT5.vrp,"[[86, 93, 28, 94, 140, 122, 138, 5, 27, 99, 179], [4, 58, 111, 87, 126, 151, 72, 147, 73, 24, 182], [159, 104, 23, 183, 116, 185, 89, 137, 113, 91, 22, 186, 191, 1], [65, 102, 52, 31, 163, 148, 92, 49, 115, 90, 42, 64, 101], [17, 130, 39, 109, 164, 85, 50, 81, 139, 172, 173, 21, 30], [141, 142, 114, 156, 36, 166, 20, 123, 128, 133, 84, 134, 108, 132, 7, 149], [105, 192, 184, 190, 41, 143, 68, 196, 127, 175, 46, 34], [95, 162, 110, 25, 56, 33, 193, 66, 112, 157, 54, 6], [26, 169, 71, 129, 80, 131, 189, 57, 16, 53, 197, 136, 61], [45, 15, 154, 124, 37, 88, 199, 43, 160, 62, 67, 198, 195], [3, 161, 9, 75, 165, 170, 11, 14, 177, 176], [174, 155, 103, 83, 13, 70, 19, 69, 38, 119], [63, 107, 145, 135, 146, 18, 118, 97, 187, 12, 168, 60], [76, 40, 117, 158, 194, 120, 171, 48, 98, 125], [55, 106, 44, 51, 35, 78, 167, 59, 47, 121, 82], [144, 74, 181, 32, 10, 77, 150, 153, 79, 29], [8, 178, 180, 100, 188, 96, 2, 152]]",false
156,878399,2189,swap,CMT5.vrp,"[[86, 93, 28, 94, 140, 122, 138, 5, 27, 99, 179], [4, 58, 111, 87, 126, 151, 72, 147, 73, 24, 182], [159, 104, 23, 183, 116, 185, 89, 137, 113, 91, 22, 186, 191, 1], [65, 102, 52, 31, 163, 148, 92, 49, 115, 90, 42, 64, 101], [17, 130, 39, 109, 164, 85, 50, 81, 139, 172, 173, 21, 30], [141, 142, 114, 156, 36, 166, 20, 123, 128, 133, 84, 134, 108, 132, 7, 149], [105, 192, 184, 190, 41, 143, 68, 196, 127, 175, 46, 34], [95, 162, 110, 25, 56, 33, 193, 66, 112, 157, 54, 6], [26, 169, 71, 129, 80, 131, 189, 57, 16, 53, 197, 136, 61], [45, 15, 154, 124, 37, 88, 199, 43, 160, 62, 67, 198, 195], [3, 161, 9, 75, 165, 170, 11, 14, 177, 176], [174, 155, 103, 83, 13, 70, 19, 69, 38, 119], [63, 107, 145, 135, 146, 18, 118, 97, 187, 12, 168, 60], [76, 40, 117, 158, 194, 120, 171, 48, 98, 125], [55, 106, 44, 51, 178, 78, 167, 59, 47, 121, 82], [144, 74, 181, 32, 10, 77, 150, 153, 79, 29], [8, 35, 180, 100, 188, 96, 2, 152]]",false
157,882442,2188,swap,CMT5.vrp,"[[86, 93, 28, 94, 140, 122, 138, 5, 27, 99, 179], [4, 58, 111, 87, 126, 151, 72, 147, 73, 24, 182], [159, 104, 23, 183, 116, 185, 89, 137, 113, 91, 22, 186, 191, 1], [65, 102, 52, 31, 163, 148, 92, 49, 115, 90, 42, 64, 101], [17, 130, 39, 109, 164, 85, 50, 81, 139, 172, 173, 21, 30], [141, 142, 114, 156, 36, 166, 20, 123, 128, 133, 84, 134, 108, 132, 7, 149], [105, 192, 184, 190, 41, 143, 68, 196, 127, 175, 46, 34], [95, 162, 110, 25, 56, 33, 193, 66, 112, 157, 54, 6], [168, 169, 71, 129, 80, 131, 189, 57, 16, 53, 197, 136, 61], [45, 15, 154, 124, 37, 88, 199, 43, 160, 62, 67, 198, 195], [3, 161, 9, 75, 165, 170, 11, 14, 177, 176], [174, 155, 103, 83, 13, 70, 19, 69, 38, 119], [63, 107, 145, 135, 146, 18, 118, 97, 187, 12, 26, 60], [76, 40, 117, 158, 194, 120, 171, 48, 98, 125], [55, 106, 44, 51, 178, 78, 167, 59, 47, 121, 82], [144, 74, 181, 32, 10, 77, 150, 153, 79, 29], [8, 35, 180, 100, 188, 96, 2, 152]]",false
158,886724,2186,swap,CMT5.vrp,"[[86, 93, 28, 94, 140, 122, 138, 5, 27, 99, 179], [4, 58, 111, 87, 126, 151, 72, 147, 73, 24, 182], [159, 104, 23, 183, 116, 185, 89, 137, 113, 91, 22, 186, 191, 1], [65, 102, 52, 31, 163, 148, 92, 49, 115, 90, 42, 64, 101], [17, 130, 39, 109, 164, 85, 168, 81, 139, 172, 173, 21, 30], [141, 142, 114, 156, 36, 166, 20, 123, 128, 133, 84, 134, 108, 132, 7, 149], [105, 192, 184, 190, 41, 143, 68, 196, 127, 175, 46, 34], [95, 162, 110, 25, 56, 33, 193, 66, 112, 157, 54, 6], [50, 169, 71, 129, 80, 131, 189, 57, 16, 53, 197, 136, 61], [45, 15, 154, 124, 37, 88, 199, 43, 160, 62, 67, 198, 195], [3, 161, 9, 75, 165, 170, 11, 14, 177, 176], [174, 155, 103, 83, 13, 70, 19, 69, 38, 119], [63, 107, 145, 135, 146, 18, 118, 97, 187, 12, 26, 60], [76, 40, 117, 158, 194, 120, 171, 48, 98, 125], [55, 106, 44, 51, 178, 78, 167, 59, 47, 121, 82], [144, 74, 181, 32, 10, 77, 150, 153, 79, 29], [8, 35, 180, 100, 188, 96, 2, 152]]",false
159,891397,2184,swap,CMT5.vrp,"[[86, 93, 28, 94, 140, 122, 138, 5, 27, 99, 179], [4, 58, 111, 87, 126, 151, 72, 147, 73, 24, 182], [159, 104, 23, 183, 116, 185, 89, 137, 113, 91, 22, 186, 191, 1], [65, 102, 52, 31, 163, 148, 92, 49, 115, 90, 42, 64, 101], [17, 130, 39, 109, 164, 85, 168, 81, 139, 172, 173, 21, 30], [141, 142, 114, 156, 36, 166, 20, 123, 128, 133, 84, 134, 108, 132, 7, 149], [105, 192, 184, 190, 41, 143, 68, 196, 127, 175, 46, 34], [95, 162, 110, 25, 56, 33, 193, 66, 112, 157, 54, 6], [50, 169, 71, 129, 80, 131, 189, 57, 16, 53, 197, 136, 61], [45, 15, 154, 124, 37, 88, 199, 43, 160, 62, 67, 198, 195], [3, 161, 9, 75, 165, 170, 11, 14, 177, 176], [47, 155, 103, 83, 13, 70, 19, 69, 38, 119], [63, 107, 145, 135, 146, 18, 118, 97, 187, 12, 26, 60], [76, 40, 117, 158, 194, 120, 171, 48, 98, 125], [55, 106, 44, 51, 178, 78, 167, 59, 174, 121, 82], [144, 74, 181, 32, 10, 77, 150, 153, 79, 29], [8, 35, 180, 100, 188, 96, 2, 152]]",false
160,897718,2183,swap,CMT5.vrp,"[[86, 93, 28, 94, 140, 122, 138, 5, 27, 99, 179], [4, 58, 111, 87, 126, 151, 72, 147, 73, 24, 182], [159, 104, 23, 183, 116, 185, 89, 137, 113, 91, 22, 186, 191, 1], [65, 102, 52, 31, 163, 148, 92, 49, 115, 90, 42, 64, 101], [17, 130, 39, 109, 164, 85, 168, 81, 139, 172, 173, 21, 30], [141, 142, 114, 156, 36, 166, 20, 123, 128, 133, 84, 134, 108, 132, 7, 149], [105, 192, 184, 190, 41, 143, 68, 196, 127, 175, 46, 34], [95, 162, 110, 25, 56, 33, 193, 66, 112, 157, 54, 152], [50, 169, 71, 129, 80, 131, 189, 57, 16, 53, 197, 136, 61], [45, 15, 154, 124, 37, 88, 199, 43, 160, 62, 67, 198, 195], [3, 161, 9, 75, 165, 170, 11, 14, 177, 176], [47, 155, 103, 83, 13, 70, 19, 69, 38, 119], [63, 107, 145, 135, 146, 18, 118, 97, 187, 12, 26, 60], [76, 40, 117, 158, 194, 120, 171, 48, 98, 125], [55, 106, 44, 51, 178, 78, 167, 59, 174, 121, 82], [144, 74, 181, 32, 10, 77, 150, 153, 79, 29], [8, 35, 180, 100, 188, 96, 2, 6]]",false
161,904862,2176,swap,CMT5.vrp,"[[86, 93, 28, 94, 140, 122, 138, 5, 27, 99, 179], [4, 58, 111, 87, 126, 151, 72, 147, 73, 24, 182], [159, 104, 23, 183, 116, 185, 89, 137, 113, 91, 22, 186, 191, 1], [65, 102, 52, 31, 163, 148, 92, 49, 115, 90, 42, 64, 101], [17, 130, 39, 109, 164, 85, 168, 81, 139, 172, 173, 21, 30], [141, 142, 114, 156, 36, 166, 20, 123, 128, 133, 84, 134, 108, 132, 7, 149], [105, 192, 184, 190, 41, 143, 68, 196, 127, 175, 46, 34], [95, 162, 110, 25, 56, 33, 193, 66, 112, 157, 54, 152], [50, 169, 71, 129, 80, 131, 189, 57, 16, 53, 197, 136, 2], [45, 15, 154, 124, 37, 88, 199, 43, 160, 62, 67, 198, 195], [3, 161, 9, 75, 165, 170, 11, 14, 177, 176], [47, 155, 103, 83, 13, 70, 19, 69, 38, 119], [63, 107, 145, 135, 146, 18, 118, 97, 187, 12, 26, 60], [76, 40, 117, 158, 194, 120, 171, 48, 98, 125], [55, 106, 44, 51, 178, 78, 167, 59, 174, 121, 82], [144, 74, 181, 32, 10, 77, 150, 153, 79, 29], [8, 35, 180, 100, 188, 96, 61, 6]]",false
162,912087,2172,swap,CMT5.vrp,"[[86, 93, 28, 94, 140, 122, 138, 5, 27, 99, 179], [4, 58, 111, 87, 126, 151, 72, 147, 73, 24, 182], [159, 104, 23, 183, 116, 185, 89, 137, 113, 91, 22, 186, 191, 1], [65, 102, 52, 31, 163, 148, 92, 49, 115, 90, 42, 64, 101], [17, 130, 39, 109, 164, 85, 168, 81, 139, 172, 173, 21, 30], [141, 142, 114, 156, 36, 166, 20, 123, 128, 133, 84, 134, 108, 132, 7, 149], [105, 192, 184, 190, 41, 143, 68, 196, 127, 175, 46, 34], [95, 162, 110, 25, 56, 33, 193, 66, 2, 157, 54, 152], [50, 169, 71, 129, 80, 131, 189, 57, 16, 53, 197, 136, 112], [45, 15, 154, 124, 37, 88, 199, 43, 160, 62, 67, 198, 195], [3, 161, 9, 75, 165, 170, 11, 14, 177, 176], [47, 155, 103, 83, 13, 70, 19, 69, 38, 119], [63, 107, 145, 135, 146, 18, 118, 97, 187, 12, 26, 60], [76, 40, 117, 158, 194, 120, 171, 48, 98, 125], [55, 106, 44, 51, 178, 78, 167, 59, 174, 121, 82], [144, 74, 181, 32, 10, 77, 150, 153, 79, 29], [8, 35, 180, 100, 188, 96, 61, 6]]",false
163,917485,2170,2-opt,CMT5.vrp,"[[86, 93, 28, 94, 140, 122, 138, 5, 27, 99, 179], [4, 58, 111, 87, 126, 151, 72, 147, 73, 24, 182], [159, 104, 23, 183, 116, 185, 89, 137, 113, 91, 22, 186, 191, 1], [65, 102, 52, 31, 163, 148, 92, 49, 115, 90, 42, 64, 101], [17, 130, 39, 109, 164, 85, 168, 81, 139, 172, 173, 21, 30], [141, 142, 114, 156, 36, 166, 20, 123, 128, 133, 84, 134, 108, 132, 7, 149], [105, 192, 184, 190, 41, 143, 68, 196, 127, 175, 46, 34], [95, 162, 110, 25, 56, 33, 193, 66, 2, 157, 54, 152], [50, 169, 71, 129, 80, 131, 189, 57, 16, 53, 197, 136, 112], [45, 15, 154, 124, 37, 88, 199, 43, 160, 62, 67, 198, 195], [3, 161, 9, 75, 165, 170, 11, 14, 177, 176], [47, 155, 103, 83, 13, 70, 19, 69, 38, 119], [63, 107, 145, 135, 146, 18, 118, 97, 187, 12, 26, 60], [76, 40, 117, 158, 194, 120, 171, 48, 98, 125], [55, 106, 44, 51, 178, 78, 167, 59, 174, 82, 121], [144, 74, 181, 32, 10, 77, 150, 153, 79, 29], [8, 35, 180, 100, 188, 96, 61, 6]]",false
164,923072,2169,swap,CMT5.vrp,"[[86, 93, 28, 94, 140, 122, 138, 5, 27, 99, 179], [4, 58, 111, 87, 126, 151, 72, 147, 73, 107, 182], [159, 104, 23, 183, 116, 185, 89, 137, 113, 91, 22, 186, 191, 1], [65, 102, 52, 31, 163, 148, 92, 49, 115, 90, 42, 64, 101], [17, 130, 39, 109, 164, 85, 168, 81, 139, 172, 173, 21, 30], [141, 142, 114, 156, 36, 166, 20, 123, 128, 133, 84, 134, 108, 132, 7, 149], [105, 192, 184, 190, 41, 143, 68, 196, 127, 175, 46, 34], [95, 162, 110, 25, 56, 33, 193, 66, 2, 157, 54, 152], [50, 169, 71, 129, 80, 131, 189, 57, 16, 53, 197, 136, 112], [45, 15, 154, 124, 37, 88, 199, 43, 160, 62, 67, 198, 195], [3, 161, 9, 75, 165, 170, 11, 14, 177, 176], [47, 155, 103, 83, 13, 70, 19, 69, 38, 119], [63, 24, 145, 135, 146, 18, 118, 97, 187, 12, 26, 60], [76, 40, 117, 158, 194, 120, 171, 48, 98, 125], [55, 106, 44, 51, 178, 78, 167, 59, 174, 82, 121], [144, 74, 181, 32, 10, 77, 150, 153, 79, 29], [8, 35, 180, 100, 188, 96, 61, 6]]",false
165,926854,2167,swap,CMT5.vrp,"[[86, 93, 28, 94, 140, 122, 138, 5, 27, 99, 179], [4, 58, 111, 87, 126, 3, 72, 147, 73, 107, 182], [159, 104, 23, 183, 116, 185, 89, 137, 113, 91, 22, 186, 191, 1], [65, 102, 52, 31, 163, 148, 92, 49, 115, 90, 42, 64, 101], [17, 130, 39, 109, 164, 85, 168, 81, 139, 172, 173, 21, 30], [141, 142, 114, 156, 36, 166, 20, 123, 128, 133, 84, 134, 108, 132, 7, 149], [105, 192, 184, 190, 41, 143, 68, 196, 127, 175, 46, 34], [95, 162, 110, 25, 56, 33, 193, 66, 2, 157, 54, 152], [50, 169, 71, 129, 80, 131, 189, 57, 16, 53, 197, 136, 112], [45, 15, 154, 124, 37, 88, 199, 43, 160, 62, 67, 198, 195], [151, 161, 9, 75, 165, 170, 11, 14, 177, 176], [47, 155, 103, 83, 13, 70, 19, 69, 38, 119], [63, 24, 145, 135, 146, 18, 118, 97, 187, 12, 26, 60], [76, 40, 117, 158, 194, 120, 171, 48, 98, 125], [55, 106, 44, 51, 178, 78, 167, 59, 174, 82, 121], [144, 74, 181, 32, 10, 77, 150, 153, 79, 29], [8, 35, 180, 100, 188, 96, 61, 6]]",false
166,930788,2165,2-opt,CMT5.vrp,"[[86, 93, 28, 94, 140, 122, 138, 5, 27, 99, 179], [4, 58, 111, 87, 126, 3, 72, 147, 73, 107, 182], [159, 104, 23, 183, 116, 185, 89, 137, 113, 91, 22, 186, 191, 1], [65, 102, 52, 31, 163, 148, 92, 49, 115, 90, 42, 64, 101], [17, 130, 39, 109, 164, 85, 168, 81, 30, 21, 173, 172, 139], [141, 142, 114, 156, 36, 166, 20, 123, 128, 133, 84, 134, 108, 132, 7, 149], [105, 192, 184, 190, 41, 143, 68, 196, 127, 175, 46, 34], [95, 162, 110, 25, 56, 33, 193, 66, 2, 157, 54, 152], [50, 169, 71, 129, 80, 131, 189, 57, 16, 53, 197, 136, 112], [45, 15, 154, 124, 37, 88, 199, 43, 160, 62, 67, 198, 195], [151, 161, 9, 75, 165, 170, 11, 14, 177, 176], [47, 155, 103, 83, 13, 70, 19, 69, 38, 119], [63, 24, 145, 135, 146, 18, 118, 97, 187, 12, 26, 60], [76, 40, 117, 158, 194, 120, 171, 48, 98, 125], [55, 106, 44, 51, 178, 78, 167, 59, 174, 82, 121], [144, 74, 181, 32, 10, 77, 150, 153, 79, 29], [8, 35, 180, 100, 188, 96, 61, 6]]",false
167,937413,2164,or-opt,CMT5.vrp,"[[86, 93, 28, 94, 140, 122, 138, 5, 27, 99, 179], [4, 58, 111, 87, 126, 3, 72, 147, 73, 107, 182], [159, 104, 23, 183, 116, 185, 89, 137, 113, 91, 22, 186, 191, 1], [65, 102, 52, 31, 163, 148, 92, 49, 115, 90, 42, 64, 101], [17, 168, 81, 130, 39, 109, 164, 85, 30, 21, 173, 172, 139], [141, 142, 114, 156, 36, 166, 20, 123, 128, 133, 84, 134, 108, 132, 7, 149], [105, 192, 184, 190, 41, 143, 68, 196, 127, 175, 46, 34], [95, 162, 110, 25, 56, 33, 193, 66, 2, 157, 54, 152], [50, 169, 71, 129, 80, 131, 189, 57, 16, 53, 197, 136, 112], [45, 15, 154, 124, 37, 88, 199, 43, 160, 62, 67, 198, 195], [151, 161, 9, 75, 165, 170, 11, 14, 177, 176], [47, 155, 103, 83, 13, 70, 19, 69, 38, 119], [63, 24, 145, 135, 146, 18, 118, 97, 187, 12, 26, 60], [76, 40, 117, 158, 194, 120, 171, 48, 98, 125], [55, 106, 44, 51, 178, 78, 167, 59, 174, 82, 121], [144, 74, 181, 32, 10, 77, 150, 153, 79, 29], [8, 35, 180, 100, 188, 96, 61, 6]]",false
168,944401,2163,2-opt,CMT5.vrp,"[[86, 93, 28, 94, 140, 122, 138, 5, 27, 99, 179], [4, 58, 111, 87, 126, 3, 72, 147, 73, 107, 182], [159, 104, 23, 183, 116, 185, 89, 137, 113, 91, 22, 186, 191, 1], [65, 102, 52, 31, 163, 148, 92, 49, 115, 90, 42, 64, 101], [17, 168, 81, 130, 39, 109, 164, 85, 30, 21, 173, 172, 139], [141, 142, 114, 156, 36, 166, 20, 123, 128, 133, 84, 134, 108, 132, 7, 149], [105, 192, 184, 190, 41, 143, 68, 196, 127, 175, 46, 34], [95, 162, 110, 25, 56, 33, 193, 66, 2, 157, 54, 152], [50, 169, 71, 129, 80, 131, 189, 57, 16, 53, 197, 136, 112], [45, 15, 154, 124, 37, 88, 199, 43, 160, 62, 67, 198, 195], [151, 161, 9, 75, 165, 170, 11, 14, 177, 176], [47, 155, 103, 83, 13, 70, 19, 69, 38, 119], [63, 24, 145, 135, 146, 18, 118, 97, 187, 12, 26, 60], [76, 40, 117, 158, 194, 120, 171, 48, 98, 125], [55, 44, 106, 51, 178, 78, 167, 59, 174, 82, 121], [144, 74, 181, 32, 10, 77, 150, 153, 79, 29], [8, 35, 180, 100, 188, 96, 61, 6]]",false
169,949359,2162,swap,CMT5.vrp,"[[86, 93, 28, 94, 140, 122, 138, 5, 27, 99, 179], [4, 58, 111, 87, 126, 3, 72, 147, 73, 107, 182], [159, 104, 23, 183, 116, 185, 89, 137, 113, 91, 22, 186, 191, 1], [65, 176, 52, 31, 163, 148, 92, 49, 115, 90, 42, 64, 101], [17, 168, 81, 130, 39, 109, 164, 85, 30, 21, 173, 172, 139], [141, 142, 114, 156, 36, 166, 20, 123, 128, 133, 84, 134, 108, 132, 7, 149], [105, 192, 184, 190, 41, 143, 68, 196, 127, 175, 46, 34], [95, 162, 110, 25, 56, 33, 193, 66, 2, 157, 54, 152], [50, 169, 71, 129, 80, 131, 189, 57, 16, 53, 197, 136, 112], [45, 15, 154, 124, 37, 88, 199, 43, 160, 62, 67, 198, 195], [151, 161, 9, 75, 165, 170, 11, 14, 177, 102], [47, 155, 103, 83, 13, 70, 19, 69, 38, 119], [63, 24, 145, 135, 146, 18, 118, 97, 187, 12, 26, 60], [76, 40, 117, 158, 194, 120, 171, 48, 98, 125], [55, 44, 106, 51, 178, 78, 167, 59, 174, 82, 121], [144, 74, 181, 32, 10, 77, 150, 153, 79, 29], [8, 35, 180, 100, 188, 96, 61, 6]]",false
170,953564,2161,2-opt,CMT5.vrp,"[[86, 93, 28, 94, 140, 122, 138, 5, 27, 99, 179], [4, 58, 111, 87, 126, 3, 72, 147, 73, 107, 182], [159, 104, 23, 183, 116, 185, 89, 137, 113, 91, 22, 186, 191, 1], [65, 176, 52, 31, 163, 148, 92, 49, 115, 90, 42, 64, 101], [17, 81, 168, 130, 39, 109, 164, 85, 30, 21, 173, 172, 139], [141, 142, 114, 156, 36, 166, 20, 123, 128, 133, 84, 134, 108, 132, 7, 149], [105, 192, 184, 190, 41, 143, 68, 196, 127, 175, 46, 34], [95, 162, 110, 25, 56, 33, 193, 66, 2, 157, 54, 152], [50, 169, 71, 129, 80, 131, 189, 57, 16, 53, 197, 136, 112], [45, 15, 154, 124, 37, 88, 199, 43, 160, 62, 67, 198, 195], [151, 161, 9, 75, 165, 170, 11, 14, 177, 102], [47, 155, 103, 83, 13, 70, 19, 69, 38, 119], [63, 24, 145, 135, 146, 18, 118, 97, 187, 12, 26, 60], [76, 40, 117, 158, 194, 120, 171, 48, 98, 125], [55, 44, 106, 51, 178, 78, 167, 59, 174, 82, 121], [144, 74, 181, 32, 10, 77, 150, 153, 79, 29], [8, 35, 180, 100, 188, 96, 61, 6]]",false
171,957818,2159,swap,CMT5.vrp,"[[86, 93, 28, 94, 140, 122, 138, 5, 27, 99, 179], [4, 58, 111, 87, 17, 3, 72, 147, 73, 107, 182], [159, 104, 23, 183, 116, 185, 89, 137, 113, 91, 22, 186, 191, 1], [65, 176, 52, 31, 163, 148, 92, 49, 115, 90, 42, 64, 101], [126, 81, 168, 130, 39, 109, 164, 85, 30, 21, 173, 172, 139], [141, 142, 114, 156, 36, 166, 20, 123, 128, 133, 84, 134, 108, 132, 7, 149], [105, 192, 184, 190, 41, 143, 68, 196, 127, 175, 46, 34], [95, 162, 110, 25, 56, 33, 193, 66, 2, 157, 54, 152], [50, 169, 71, 129, 80, 131, 189, 57, 16, 53, 197, 136, 112], [45, 15, 154, 124, 37, 88, 199, 43, 160, 62, 67, 198, 195], [151, 161, 9, 75, 165, 170, 11, 14, 177, 102], [47, 155, 103, 83, 13, 70, 19, 69, 38, 119], [63, 24, 145, 135, 146, 18, 118, 97, 187, 12, 26, 60], [76, 40, 117, 158, 194, 120, 171, 48, 98, 125], [55, 44, 106, 51, 178, 78, 167, 59, 174, 82, 121], [144, 74, 181, 32, 10, 77, 150, 153, 79, 29], [8, 35, 180, 100, 188, 96, 61, 6]]",false
172,962416,2157,swap,CMT5.vrp,"[[86, 93, 28, 94, 140, 122, 138, 5, 27, 99, 179], [4, 58, 111, 87, 151, 3, 72, 147, 73, 107, 182], [159, 104, 23, 183, 116, 185, 89, 137, 113, 91, 22, 186, 191, 1], [65, 176, 52, 31, 163, 148, 92, 49, 115, 90, 42, 64, 101], [126, 81, 168, 130, 39, 109, 164, 85, 30, 21, 173, 172, 139], [141, 142, 114, 156, 36, 166, 20, 123, 128, 133, 84, 134, 108, 132, 7, 149], [105, 192, 184, 190, 41, 143, 68, 196, 127, 175, 46, 34], [95, 162, 110, 25, 56, 33, 193, 66, 2, 157, 54, 152], [50, 169, 71, 129, 80, 131, 189, 57, 16, 53, 197, 136, 112], [45, 15, 154, 124, 37, 88, 199, 43, 160, 62, 67, 198, 195], [17, 161, 9, 75, 165, 170, 11, 14, 177, 102], [47, 155, 103, 83, 13, 70, 19, 69, 38, 119], [63, 24, 145, 135, 146, 18, 118, 97, 187, 12, 26, 60], [76, 40, 117, 158, 194, 120, 171, 48, 98, 125], [55, 44, 106, 51, 178, 78, 167, 59, 174, 82, 121], [144, 74, 181, 32, 10, 77, 150, 153, 79, 29], [8, 35, 180, 100, 188, 96, 61, 6]]",false
173,967061,2156,swap,CMT5.vrp,"[[86, 93, 28, 94, 140, 122, 138, 5, 27, 99, 179], [4, 58, 111, 87, 151, 3, 72, 147, 73, 107, 63], [159, 104, 23, 183, 116, 185, 89, 137, 113, 91, 22, 186, 191, 1], [65, 176, 52, 31, 163, 148, 92, 49, 115, 90, 42, 64, 101], [126, 81, 168, 130, 39, 109, 164, 85, 30, 21, 173, 172, 139], [141, 142, 114, 156, 36, 166, 20, 123, 128, 133, 84, 134, 108, 132, 7, 149], [105, 192, 184, 190, 41, 143, 68, 196, 127, 175, 46, 34], [95, 162, 110, 25, 56, 33, 193, 66, 2, 157, 54, 152], [50, 169, 71, 129, 80, 131, 189, 57, 16, 53, 197, 136, 112], [45, 15, 154, 124, 37, 88, 199, 43, 160, 62, 67, 198, 195], [17, 161, 9, 75, 165, 170, 11, 14, 177, 102], [47, 155, 103, 83, 13, 70, 19, 69, 38, 119], [182, 24, 145, 135, 146, 18, 118, 97, 187, 12, 26, 60], [76, 40, 117, 158, 194, 120, 171, 48, 98, 125], [55, 44, 106, 51, 178, 78, 167, 59, 174, 82, 121], [144, 74, 181, 32, 10, 77, 150, 153, 79, 29], [8, 35, 180, 100, 188, 96, 61, 6]]",false
174,972249,2155,swap,CMT5.vrp,"[[86, 93, 28, 94, 140, 122, 138, 5, 27, 99, 179], [4, 58, 111, 87, 151, 3, 72, 147, 73, 107, 63], [159, 104, 23, 183, 116, 185, 89, 137, 113, 91, 22, 186, 191, 1], [65, 176, 52, 31, 163, 148, 92, 49, 115, 90, 42, 64, 101], [126, 81, 168, 12, 39, 109, 164, 85, 30, 21, 173, 172, 139], [141, 142, 114, 156, 36, 166, 20, 123, 128, 133, 84, 134, 108, 132, 7, 149], [105, 192, 184, 190, 41, 143, 68, 196, 127, 175, 46, 34], [95, 162, 110, 25, 56, 33, 193, 66, 2, 157, 54, 152], [50, 169, 71, 129, 80, 131, 189, 57, 16, 53, 197, 136, 112], [45, 15, 154, 124, 37, 88, 199, 43, 160, 62, 67, 198, 195], [17, 161, 9, 75, 165, 170, 11, 14, 177, 102], [47, 155, 103, 83, 13, 70, 19, 69, 38, 119], [182, 24, 145, 135, 146, 18, 118, 97, 187, 130, 26, 60], [76, 40, 117, 158, 194, 120, 171, 48, 98, 125], [55, 44, 106, 51, 178, 78, 167, 59, 174, 82, 121], [144, 74, 181, 32, 10, 77, 150, 153, 79, 29], [8, 35, 180, 100, 188, 96, 61, 6]]",false
175,976620,2154,swap,CMT5.vrp,"[[86, 93, 28, 94, 140, 122, 138, 5, 27, 99, 179], [4, 58, 111, 87, 151, 3, 72, 147, 73, 107, 63], [159, 104, 23, 183, 116, 185, 89, 137, 113, 91, 22, 186, 191, 1], [65, 176, 52, 31, 163, 148, 92, 49, 115, 90, 42, 64, 101], [126, 81, 168, 12, 39, 109, 164, 85, 30, 21, 173, 172, 139], [141, 142, 114, 156, 36, 166, 20, 123, 128, 133, 84, 134, 108, 132, 7, 149], [105, 192, 184, 190, 41, 143, 68, 196, 127, 175, 46, 34], [95, 162, 110, 25, 56, 33, 193, 66, 2, 157, 54, 152], [50, 169, 71, 129, 80, 131, 189, 57, 16, 53, 197, 136, 112], [29, 15, 154, 124, 37, 88, 199, 43, 160, 62, 67, 198, 195], [17, 161, 9, 75, 165, 170, 11, 14, 177, 102], [47, 155, 103, 83, 13, 70, 19, 69, 38, 119], [182, 24, 145, 135, 146, 18, 118, 97, 187, 130, 26, 60], [76, 40, 117, 158, 194, 120, 171, 48, 98, 125], [55, 44, 106, 51, 178, 78, 167, 59, 174, 82, 121], [144, 74, 181, 32, 10, 77, 150, 153, 79, 45], [8, 35, 180, 100, 188, 96, 61, 6]]",false
176,981029,2153,swap,CMT5.vrp,"[[86, 93, 28, 94, 140, 122, 138, 5, 27, 99, 179], [4, 58, 111, 87, 151, 3, 72, 147, 73, 107, 63], [159, 104, 23, 183, 116, 185, 89, 137, 113, 91, 141, 186, 191, 1], [65, 176, 52, 31, 163, 148, 92, 49, 115, 90, 42, 64, 101], [126, 81, 168, 12, 39, 109, 164, 85, 30, 21, 173, 172, 139], [22, 142, 114, 156, 36, 166, 20, 123, 128, 133, 84, 134, 108, 132, 7, 149], [105, 192, 184, 190, 41, 143, 68, 196, 127, 175, 46, 34], [95, 162, 110, 25, 56, 33, 193, 66, 2, 157, 54, 152], [50, 169, 71, 129, 80, 131, 189, 57, 16, 53, 197, 136, 112], [29, 15, 154, 124, 37, 88, 199, 43, 160, 62, 67, 198, 195], [17, 161, 9, 75, 165, 170, 11, 14, 177, 102], [47, 155, 103, 83, 13, 70, 19, 69, 38, 119], [182, 24, 145, 135, 146, 18, 118, 97, 187, 130, 26, 60], [76, 40, 117, 158, 194, 120, 171, 48, 98, 125], [55, 44, 106, 51, 178, 78, 167, 59, 174, 82, 121], [144, 74, 181, 32, 10, 77, 150, 153, 79, 45], [8, 35, 180, 100, 188, 96, 61, 6]]",false
177,984639,2153,swap,CMT5.vrp,"[[86, 93, 28, 94, 140, 122, 138, 5, 27, 99, 179], [4, 58, 111, 87, 151, 3, 72, 147, 73, 107, 63], [159, 104, 23, 183, 116, 185, 89, 137, 113, 91, 141, 186, 191, 1], [65, 176, 52, 31, 163, 148, 92, 49, 115, 90, 42, 64, 101], [126, 81, 168, 12, 39, 109, 164, 85, 30, 21, 173, 120, 139], [22, 142, 114, 156, 36, 166, 20, 123, 128, 133, 84, 134, 108, 132, 7, 149], [105, 192, 184, 190, 41, 143, 68, 196, 127, 175, 46, 34], [95, 162, 110, 25, 56, 33, 193, 66, 2, 157, 54, 152], [50, 169, 71, 129, 80, 131, 189, 57, 16, 53, 197, 136, 112], [29, 15, 154, 124, 37, 88, 199, 43, 160, 62, 67, 198, 195], [17, 161, 9, 75, 165, 170, 11, 14, 177, 102], [47, 155, 103, 83, 13, 70, 19, 69, 38, 119], [182, 24, 145, 135, 146, 18, 118, 97, 187, 130, 26, 60], [76, 40, 117, 158, 194, 172, 171, 48, 98, 125], [55, 44, 106, 51, 178, 78, 167, 59, 174, 82, 121], [144, 74, 181, 32, 10, 77, 150, 153, 79, 45], [8, 35, 180, 100, 188, 96, 61, 6]]",false
178,988443,2151,swap,CMT5.vrp,"[[86, 93, 28, 94, 140, 122, 138, 5, 27, 99, 179], [4, 58, 111, 87, 151, 3, 72, 147, 73, 107, 63], [159, 104, 23, 183, 116, 185, 89, 137, 113, 91, 141, 186, 191, 1], [65, 176, 52, 31, 163, 148, 92, 49, 115, 90, 42, 64, 101], [126, 81, 168, 12, 39, 109, 164, 85, 30, 21, 173, 171, 139], [22, 142, 114, 156, 36, 166, 20, 123, 128, 133, 84, 134, 108, 132, 7, 149], [105, 192, 184, 190, 41, 143, 68, 196, 127, 175, 46, 34], [95, 162, 110, 25, 56, 33, 193, 66, 2, 157, 54, 152], [50, 169, 71, 129, 80, 131, 189, 57, 16, 53, 197, 136, 112], [29, 15, 154, 124, 37, 88, 199, 43, 160, 62, 67, 198, 195], [17, 161, 9, 75, 165, 170, 11, 14, 177, 102], [47, 155, 103, 83, 13, 70, 19, 69, 38, 119], [182, 24, 145, 135, 146, 18, 118, 97, 187, 130, 26, 60], [76, 40, 117, 158, 194, 172, 120, 48, 98, 125], [55, 44, 106, 51, 178, 78, 167, 59, 174, 82, 121], [144, 74, 181, 32, 10, 77, 150, 153, 79, 45], [8, 35, 180, 100, 188, 96, 61, 6]]",false
179,993217,2147,swap,CMT5.vrp,"[[86, 93, 28, 94, 140, 122, 138, 5, 27, 99, 179], [4, 58, 111, 87, 151, 3, 72, 147, 73, 107, 63], [159, 104, 23, 183, 116, 185, 89, 137, 113, 91, 141, 186, 191, 1], [65, 176, 52, 31, 163, 148, 92, 49, 115, 90, 42, 64, 101], [126, 81, 168, 12, 39, 109, 164, 85, 30, 21, 173, 171, 139], [22, 142, 114, 156, 36, 166, 20, 123, 128, 133, 84, 134, 108, 132, 7, 149], [105, 192, 184, 190, 41, 143, 68, 196, 127, 175, 46, 34], [95, 162, 110, 25, 56, 33, 193, 66, 2, 157, 54, 152], [50, 169, 71, 129, 80, 131, 189, 57, 16, 53, 197, 136, 112], [29, 15, 154, 124, 37, 88, 199, 43, 160, 62, 158, 198, 195], [17, 161, 9, 75, 165, 170, 11, 14, 177, 102], [47, 155, 103, 83, 13, 70, 19, 69, 38, 119], [182, 24, 145, 135, 146, 18, 118, 97, 187, 130, 26, 60], [76, 40, 117, 67, 194, 172, 120, 48, 98, 125], [55, 44, 106, 51, 178, 78, 167, 59, 174, 82, 121], [144, 74, 181, 32, 10, 77, 150, 153, 79, 45], [8, 35, 180, 100, 188, 96, 61, 6]]",false
180,997667,2144,swap,CMT5.vrp,"[[86, 93, 28, 94, 140, 122, 138, 5, 27, 99, 179], [4, 58, 111, 87, 151, 3, 72, 147, 73, 107, 63], [159, 104, 23, 183, 116, 185, 89, 137, 113, 91, 141, 186, 191, 1], [65, 176, 52, 31, 163, 148, 92, 49, 115, 90, 42, 64, 101], [126, 81, 168, 12, 39, 109, 164, 85, 30, 21, 173, 171, 139], [22, 142, 114, 156, 36, 166, 20, 123, 128, 133, 84, 134, 108, 132, 7, 149], [105, 192, 184, 190, 41, 143, 68, 196, 127, 175, 46, 34], [95, 162, 110, 25, 56, 33, 193, 66, 2, 157, 54, 152], [50, 169, 71, 129, 80, 131, 189, 57, 16, 158, 197, 136, 112], [29, 15, 154, 124, 37, 88, 199, 43, 160, 62, 53, 198, 195], [17, 161, 9, 75, 165, 170, 11, 14, 177, 102], [47, 155, 103, 83, 13, 70, 19, 69, 38, 119], [182, 24, 145, 135, 146, 18, 118, 97, 187, 130, 26, 60], [76, 40, 117, 67, 194, 172, 120, 48, 98, 125], [55, 44, 106, 51, 178, 78, 167, 59, 174, 82, 121], [144, 74, 181, 32, 10, 77, 150, 153, 79, 45], [8, 35, 180, 100, 188, 96, 61, 6]]",false
181,1001740,2142,swap,CMT5.vrp,"[[86, 93, 28, 94, 140, 122, 138, 5, 27, 99, 179], [4, 58, 111, 87, 151, 3, 72, 147, 73, 107, 63], [159, 104, 23, 183, 116, 185, 89, 137, 113, 91, 141, 186, 191, 1], [65, 176, 52, 31, 163, 148, 92, 49, 115, 90, 42, 64, 101], [126, 81, 168, 12, 39, 109, 164, 85, 30, 21, 173, 171, 139], [22, 142, 114, 156, 36, 166, 20, 123, 128, 133, 84, 134, 108, 132, 7, 149], [105, 192, 184, 190, 41, 143, 68, 196, 127, 175, 46, 34], [95, 162, 110, 25, 56, 33, 193, 66, 2, 157, 54, 152], [50, 169, 71, 129, 80, 131, 189, 57, 16, 158, 197, 136, 194], [29, 15, 154, 124, 37, 88, 199, 43, 160, 62, 53, 198, 195], [17, 161, 9, 75, 165, 170, 11, 14, 177, 102], [47, 155, 103, 83, 13, 70, 19, 69, 38, 119], [182, 24, 145, 135, 146, 18, 118, 97, 187, 130, 26, 60], [76, 40, 117, 67, 112, 172, 120, 48, 98, 125], [55, 44, 106, 51, 178, 78, 167, 59, 174, 82, 121], [144, 74, 181, 32, 10, 77, 150, 153, 79, 45], [8, 35, 180, 100, 188, 96, 61, 6]]",false
182,1006819,2141,swap,CMT5.vrp,"[[86, 93, 28, 94, 140, 122, 138, 5, 27, 99, 179], [4, 58, 111, 87, 151, 3, 72, 147, 73, 107, 63], [159, 104, 23, 183, 116, 185, 89, 137, 113, 91, 141, 186, 191, 1], [65, 176, 52, 31, 163, 148, 92, 49, 115, 90, 42, 64, 101], [126, 81, 168, 12, 39, 109, 164, 85, 30, 21, 173, 171, 172], [22, 142, 114, 156, 36, 166, 20, 123, 128, 133, 84, 134, 108, 132, 7, 149], [105, 192, 184, 190, 41, 143, 68, 196, 127, 175, 46, 34], [95, 162, 110, 25, 56, 33, 193, 66, 2, 157, 54, 152], [50, 169, 71, 129, 80, 131, 189, 57, 16, 158, 197, 136, 194], [29, 15, 154, 124, 37, 88, 199, 43, 160, 62, 53, 198, 195], [17, 161, 9, 75, 165, 170, 11, 14, 177, 102], [47, 155, 103, 83, 13, 70, 19, 69, 38, 119], [182, 24, 145, 135, 146, 18, 118, 97, 187, 130, 26, 60], [76, 40, 117, 67, 112, 139, 120, 48, 98, 125], [55, 44, 106, 51, 178, 78, 167, 59, 174, 82, 121], [144, 74, 181, 32, 10, 77, 150, 153, 79, 45], [8, 35, 180, 100, 188, 96, 61, 6]]",false
183,1013541,2139,2-opt,CMT5.vrp,"[[86, 93, 28, 94, 140, 122, 138, 5, 27, 99, 179], [4, 58, 111, 87, 151, 3, 72, 147, 73, 107, 63], [159, 104, 23, 183, 116, 185, 89, 137, 113, 91, 141, 186, 191, 1], [65, 176, 52, 31, 163, 148, 92, 49, 115, 90, 42, 64, 101], [126, 81, 168, 12, 39, 109, 164, 85, 30, 171, 173, 21, 172], [22, 142, 114, 156, 36, 166, 20, 123, 128, 133, 84, 134, 108, 132, 7, 149], [105, 192, 184, 190, 41, 143, 68, 196, 127, 175, 46, 34], [95, 162, 110, 25, 56, 33, 193, 66, 2, 157, 54, 152], [50, 169, 71, 129, 80, 131, 189, 57, 16, 158, 197, 136, 194], [29, 15, 154, 124, 37, 88, 199, 43, 160, 62, 53, 198, 195], [17, 161, 9, 75, 165, 170, 11, 14, 177, 102], [47, 155, 103, 83, 13, 70, 19, 69, 38, 119], [182, 24, 145, 135, 146, 18, 118, 97, 187, 130, 26, 60], [76, 40, 117, 67, 112, 139, 120, 48, 98, 125], [55, 44, 106, 51, 178, 78, 167, 59, 174, 82, 121], [144, 74, 181, 32, 10, 77, 150, 153, 79, 45], [8, 35, 180, 100, 188, 96, 61, 6]]",false
184,1018531,2138,swap,CMT5.vrp,"[[86, 93, 28, 94, 140, 122, 138, 5, 27, 99, 179], [4, 58, 111, 87, 151, 3, 72, 147, 73, 107, 63], [159, 104, 23, 183, 116, 185, 89, 137, 113, 91, 141, 186, 191, 1], [65, 176, 52, 31, 163, 148, 92, 49, 115, 90, 42, 64, 101], [126, 81, 168, 12, 39, 109, 164, 85, 29, 171, 173, 21, 172], [22, 142, 114, 156, 36, 166, 20, 123, 128, 133, 84, 134, 108, 132, 7, 149], [105, 192, 184, 190, 41, 143, 68, 196, 127, 175, 46, 34], [95, 162, 110, 25, 56, 33, 193, 66, 2, 157, 54, 152], [50, 169, 71, 129, 80, 131, 189, 57, 16, 158, 197, 136, 194], [30, 15, 154, 124, 37, 88, 199, 43, 160, 62, 53, 198, 195], [17, 161, 9, 75, 165, 170, 11, 14, 177, 102], [47, 155, 103, 83, 13, 70, 19, 69, 38, 119], [182, 24, 145, 135, 146, 18, 118, 97, 187, 130, 26, 60], [76, 40, 117, 67, 112, 139, 120, 48, 98, 125], [55, 44, 106, 51, 178, 78, 167, 59, 174, 82, 121], [144, 74, 181, 32, 10, 77, 150, 153, 79, 45], [8, 35, 180, 100, 188, 96, 61, 6]]",false
185,1023308,2138,2-opt,CMT5.vrp,"[[86, 93, 28, 94, 140, 122, 138, 5, 27, 99, 179], [4, 58, 111, 87, 151, 3, 72, 147, 73, 107, 63], [159, 104, 23, 183, 116, 185, 89, 137, 113, 91, 141, 186, 191, 1], [65, 176, 52, 31, 163, 148, 92, 49, 115, 90, 42, 64, 101], [126, 81, 168, 12, 39, 109, 164, 85, 29, 171, 173, 21, 172], [22, 142, 114, 156, 36, 166, 20, 123, 128, 133, 84, 134, 108, 132, 7, 149], [105, 192, 184, 190, 41, 143, 68, 196, 34, 46, 175, 127], [95, 162, 110, 25, 56, 33, 193, 66, 2, 157, 54, 152], [50, 169, 71, 129, 80, 131, 189, 57, 16, 158, 197, 136, 194], [30, 15, 154, 124, 37, 88, 199, 43, 160, 62, 53, 198, 195], [17, 161, 9, 75, 165, 170, 11, 14, 177, 102], [47, 155, 103, 83, 13, 70, 19, 69, 38, 119], [182, 24, 145, 135, 146, 18, 118, 97, 187, 130, 26, 60], [76, 40, 117, 67, 112, 139, 120, 48, 98, 125], [55, 44, 106, 51, 178, 78, 167, 59, 174, 82, 121], [144, 74, 181, 32, 10, 77, 150, 153, 79, 45], [8, 35, 180, 100, 188, 96, 61, 6]]",false
186,1027882,2137,swap,CMT5.vrp,"[[86, 93, 28, 94, 140, 122, 138, 5, 27, 99, 179], [4, 58, 111, 87, 151, 3, 72, 147, 73, 107, 63], [159, 104, 23, 183, 116, 185, 89, 137, 113, 91, 141, 186, 191, 1], [65, 176, 52, 31, 163, 148, 92, 49, 115, 90, 42, 64, 101], [126, 81, 168, 12, 39, 109, 164, 85, 29, 171, 173, 21, 172], [22, 142, 114, 156, 36, 166, 20, 123, 128, 133, 84, 134, 108, 132, 7, 149], [105, 192, 184, 190, 41, 143, 68, 196, 34, 46, 175, 127], [95, 162, 110, 25, 56, 33, 193, 66, 2, 157, 54, 152], [50, 169, 71, 129, 80, 131, 189, 57, 16, 158, 197, 136, 194], [30, 15, 154, 124, 37, 88, 199, 43, 160, 62, 53, 198, 195], [17, 161, 9, 75, 165, 170, 11, 14, 177, 102], [47, 155, 103, 83, 13, 70, 19, 69, 38, 119], [182, 24, 145, 135, 146, 18, 118, 97, 187, 130, 26, 60], [76, 40, 117, 67, 112, 139, 120, 48, 98, 125], [55, 44, 106, 100, 178, 78, 167, 59, 174, 82, 121], [144, 74, 181, 32, 10, 77, 150, 153, 79, 45], [8, 35, 180, 51, 188, 96, 61, 6]]",false
187,1032463,2136,swap,CMT5.vrp,"[[86, 93, 28, 94, 140, 122, 138, 5, 27, 99, 179], [4, 58, 111, 87, 151, 106, 72, 147, 73, 107, 63], [159, 104, 23, 183, 116, 185, 89, 137, 113, 91, 141, 186, 191, 1], [65, 176, 52, 31, 163, 148, 92, 49, 115, 90, 42, 64, 101], [126, 81, 168, 12, 39, 109, 164, 85, 29, 171, 173, 21, 172], [22, 142, 114, 156, 36, 166, 20, 123, 128, 133, 84, 134, 108, 132, 7, 149], [105, 192, 184, 190, 41, 143, 68, 196, 34, 46, 175, 127], [95, 162, 110, 25, 56, 33, 193, 66, 2, 157, 54, 152], [50, 169, 71, 129, 80, 131, 189, 57, 16, 158, 197, 136, 194], [30, 15, 154, 124, 37, 88, 199, 43, 160, 62, 53, 198, 195], [17, 161, 9, 75, 165, 170, 11, 14, 177, 102], [47, 155, 103, 83, 13, 70, 19, 69, 38, 119], [182, 24, 145, 135, 146, 18, 118, 97, 187, 130, 26, 60], [76, 40, 117, 67, 112, 139, 120, 48, 98, 125], [55, 44, 3, 100, 178, 78, 167, 59, 174, 82, 121], [144, 74, 181, 32, 10, 77, 150, 153, 79, 45], [8, 35, 180, 51, 188, 96, 61, 6]]",false
188,1036787,2133,or-opt,CMT5.vrp,"[[86, 93, 28, 94, 140, 122, 138, 5, 27, 99, 179], [4, 58, 111, 87, 151, 106, 72, 147, 73, 107, 63], [159, 104, 23, 183, 116, 185, 89, 137, 113, 91, 141, 186, 191, 1], [65, 176, 52, 31, 163, 148, 92, 49, 115, 90, 42, 64, 101], [126, 81, 168, 12, 39, 109, 164, 85, 29, 171, 173, 21, 172], [22, 142, 114, 156, 36, 166, 20, 123, 128, 133, 84, 134, 108, 132, 7, 149], [105, 192, 184, 190, 41, 143, 68, 196, 34, 46, 175, 127], [95, 162, 110, 25, 56, 33, 193, 66, 2, 157, 54, 152], [50, 169, 71, 129, 80, 131, 189, 57, 16, 158, 197, 136, 194], [30, 15, 154, 124, 37, 88, 199, 43, 160, 62, 53, 198, 195], [17, 161, 9, 75, 165, 170, 11, 14, 177, 102], [47, 155, 103, 83, 13, 70, 19, 69, 38, 119], [182, 24, 145, 135, 146, 18, 118, 97, 187, 130, 26, 60], [76, 40, 117, 67, 112, 139, 120, 48, 98, 125], [3, 55, 44, 100, 178, 78, 167, 59, 174, 82, 121], [144, 74, 181, 32, 10, 77, 150, 153, 79, 45], [8, 35, 180, 51, 188, 96, 61, 6]]",false
189,1042350,2132,swap,CMT5.vrp,"[[86, 93, 28, 94, 140, 122, 138, 5, 27, 99, 179], [4, 58, 111, 87, 151, 106, 72, 147, 73, 107, 63], [159, 104, 23, 183, 116, 185, 89, 137, 113, 91, 141, 186, 191, 1], [65, 176, 52, 31, 163, 148, 92, 49, 115, 90, 42, 64, 101], [126, 81, 168, 12, 39, 109, 164, 85, 29, 171, 173, 21, 172], [22, 142, 114, 156, 36, 166, 20, 123, 128, 133, 84, 134, 108, 132, 7, 149], [105, 192, 184, 190, 41, 143, 68, 196, 34, 46, 175, 127], [95, 162, 110, 25, 56, 33, 193, 66, 2, 157, 54, 152], [50, 169, 71, 129, 80, 131, 189, 57, 16, 158, 197, 136, 194], [30, 15, 154, 124, 37, 88, 199, 43, 160, 62, 53, 198, 195], [17, 161, 9, 75, 165, 170, 11, 14, 177, 78], [47, 155, 103, 83, 13, 70, 19, 69, 38, 119], [182, 24, 145, 135, 146, 18, 118, 97, 187, 130, 26, 60], [76, 40, 117, 67, 112, 139, 120, 48, 98, 125], [3, 55, 44, 100, 178, 102, 167, 59, 174, 82, 121], [144, 74, 181, 32, 10, 77, 150, 153, 79, 45], [8, 35, 180, 51, 188, 96, 61, 6]]",false
190,1047004,2128,swap,CMT5.vrp,"[[86, 93, 28, 94, 140, 122, 138, 5, 27, 99, 179], [4, 58, 111, 87, 151, 106, 72, 147, 73, 107, 63], [159, 104, 23, 183, 116, 185, 89, 137, 113, 91, 141, 186, 191, 1], [65, 176, 52, 31, 163, 148, 92, 49, 115, 90, 42, 64, 101], [126, 81, 168, 12, 39, 109, 164, 85, 29, 171, 173, 21, 172], [22, 142, 114, 156, 36, 166, 20, 123, 128, 133, 84, 134, 108, 132, 7, 149], [105, 192, 184, 190, 41, 143, 68, 196, 34, 46, 175, 127], [95, 162, 110, 25, 56, 33, 193, 66, 2, 157, 54, 152], [50, 169, 71, 129, 80, 131, 189, 57, 16, 158, 197, 136, 194], [30, 15, 154, 124, 37, 88, 199, 43, 160, 62, 53, 198, 195], [17, 161, 9, 75, 165, 170, 11, 14, 177, 78], [47, 155, 103, 83, 13, 70, 19, 69, 38, 119], [182, 24, 145, 135, 146, 18, 118, 97, 187, 130, 26, 60], [76, 40, 117, 67, 112, 139, 120, 48, 98, 125], [3, 55, 44, 100, 8, 102, 167, 59, 174, 82, 121], [144, 74, 181, 32, 10, 77, 150, 153, 79, 45], [178, 35, 180, 51, 188, 96, 61, 6]]",false
191,1050591,2128,2-opt,CMT5.vrp,"[[86, 93, 28, 94, 140, 122, 138, 5, 27, 99, 179], [4, 58, 111, 87, 151, 106, 72, 147, 73, 107, 63], [159, 104, 23, 183, 116, 185, 89, 137, 113, 91, 141, 186, 191, 1], [65, 176, 52, 31, 163, 148, 92, 49, 115, 90, 42, 64, 101], [126, 81, 168, 12, 39, 109, 164, 85, 29, 171, 173, 21, 172], [22, 142, 114, 156, 36, 166, 20, 123, 128, 133, 84, 134, 108, 132, 7, 149], [105, 192, 184, 190, 41, 143, 68, 196, 34, 46, 175, 127], [95, 162, 110, 25, 56, 33, 193, 66, 2, 157, 54, 152], [50, 169, 71, 129, 80, 131, 189, 57, 16, 158, 197, 136, 194], [30, 15, 154, 124, 37, 88, 199, 43, 62, 160, 53, 198, 195], [17, 161, 9, 75, 165, 170, 11, 14, 177, 78], [47, 155, 103, 83, 13, 70, 19, 69, 38, 119], [182, 24, 145, 135, 146, 18, 118, 97, 187, 130, 26, 60], [76, 40, 117, 67, 112, 139, 120, 48, 98, 125], [3, 55, 44, 100, 8, 102, 167, 59, 174, 82, 121], [144, 74, 181, 32, 10, 77, 150, 153, 79, 45], [178, 35, 180, 51, 188, 96, 61, 6]]",false
192,1054628,2127,swap,CMT5.vrp,"[[86, 93, 28, 94, 140, 122, 138, 5, 27, 99, 179], [4, 58, 111, 87, 151, 106, 72, 147, 73, 107, 63], [159, 104, 23, 183, 116, 185, 89, 137, 113, 91, 141, 186, 191, 1], [65, 176, 52, 31, 163, 148, 92, 49, 115, 90, 42, 64, 101], [126, 81, 168, 12, 39, 109, 164, 85, 29, 171, 173, 21, 172], [22, 142, 114, 156, 36, 166, 20, 123, 128, 133, 84, 134, 108, 132, 7, 149], [105, 192, 184, 190, 41, 143, 68, 196, 34, 46, 175, 127], [95, 75, 110, 25, 56, 33, 193, 66, 2, 157, 54, 152], [50, 169, 71, 129, 80, 131, 189, 57, 16, 158, 197, 136, 194], [30, 15, 154, 124, 37, 88, 199, 43, 62, 160, 53, 198, 195], [17, 161, 9, 162, 165, 170, 11, 14, 177, 78], [47, 155, 103, 83, 13, 70, 19, 69, 38, 119], [182, 24, 145, 135, 146, 18, 118, 97, 187, 130, 26, 60], [76, 40, 117, 67, 112, 139, 120, 48, 98, 125], [3, 55, 44, 100, 8, 102, 167, 59, 174, 82, 121], [144, 74, 181, 32, 10, 77, 150, 153, 79, 45], [178, 35, 180, 51, 188, 96, 61, 6]]",false
193,1059090,2127,swap,CMT5.vrp,"[[86, 93, 28, 94, 140, 122, 138, 5, 27, 99, 179], [4, 58, 111, 87, 151, 106, 72, 147, 73, 107, 63], [159, 104, 23, 183, 116, 185, 89, 137, 113, 91, 141, 199, 191, 1], [65, 176, 52, 31, 163, 148, 92, 49, 115, 90, 42, 64, 101], [126, 81, 168, 12, 39, 109, 164, 85, 29, 171, 173, 21, 172], [22, 142, 114, 156, 36, 166, 20, 123, 128, 133, 84, 134, 108, 132, 7, 149], [105, 192, 184, 190, 41, 143, 68, 196, 34, 46, 175, 127], [95, 75, 110, 25, 56, 33, 193, 66, 2, 157, 54, 152], [50, 169, 71, 129, 80, 131, 189, 57, 16, 158, 197, 136, 194], [30, 15, 154, 124, 37, 88, 186, 43, 62, 160, 53, 198, 195], [17, 161, 9, 162, 165, 170, 11, 14, 177, 78], [47, 155, 103, 83, 13, 70, 19, 69, 38, 119], [182, 24, 145, 135, 146, 18, 118, 97, 187, 130, 26, 60], [76, 40, 117, 67, 112, 139, 120, 48, 98, 125], [3, 55, 44, 100, 8, 102, 167, 59, 174, 82, 121], [144, 74, 181, 32, 10, 77, 150, 153, 79, 45], [178, 35, 180, 51, 188, 96, 61, 6]]",false
194,1063402,2125,swap,CMT5.vrp,"[[86, 93, 28, 94, 140, 122, 138, 5, 27, 99, 179], [4, 58, 111, 87, 151, 106, 72, 147, 73, 107, 63], [159, 104, 23, 183, 116, 185, 89, 137, 113, 91, 141, 199, 136, 1], [65, 176, 52, 31, 163, 148, 92, 49, 115, 90, 42, 64, 101], [126, 81, 168, 12, 39, 109, 164, 85, 29, 171, 173, 21, 172], [22, 142, 114, 156, 36, 166, 20, 123, 128, 133, 84, 134, 108, 132, 7, 149], [105, 192, 184, 190, 41, 143, 68, 196, 34, 46, 175, 127], [95, 75, 110, 25, 56, 33, 193, 66, 2, 157, 54, 152], [50, 169, 71, 129, 80, 131, 189, 57, 16, 158, 197, 191, 194], [30, 15, 154, 124, 37, 88, 186, 43, 62, 160, 53, 198, 195], [17, 161, 9, 162, 165, 170, 11, 14, 177, 78], [47, 155, 103, 83, 13, 70, 19, 69, 38, 119], [182, 24, 145, 135, 146, 18, 118, 97, 187, 130, 26, 60], [76, 40, 117, 67, 112, 139, 120, 48, 98, 125], [3, 55, 44, 100, 8, 102, 167, 59, 174, 82, 121], [144, 74, 181, 32, 10, 77, 150, 153, 79, 45], [178, 35, 180, 51, 188, 96, 61, 6]]",false
195,1066940,2122,swap,CMT5.vrp,"[[86, 93, 28, 94, 140, 122, 138, 5, 27, 99, 179], [4, 58, 111, 87, 151, 106, 72, 147, 73, 107, 63], [159, 104, 23, 183, 116, 185, 89, 137, 113, 91, 141, 199, 136, 197], [65, 176, 52, 31, 163, 148, 92, 49, 115, 90, 42, 64, 101], [126, 81, 168, 12, 39, 109, 164, 85, 29, 171, 173, 21, 172], [22, 142, 114, 156, 36, 166, 20, 123, 128, 133, 84, 134, 108, 132, 7, 149], [105, 192, 184, 190, 41, 143, 68, 196, 34, 46, 175, 127], [95, 75, 110, 25, 56, 33, 193, 66, 2, 157, 54, 152], [50, 169, 71, 129, 80, 131, 189, 57, 16, 158, 1, 191, 194], [30, 15, 154, 124, 37, 88, 186, 43, 62, 160, 53, 198, 195], [17, 161, 9, 162, 165, 170, 11, 14, 177, 78], [47, 155, 103, 83, 13, 70, 19, 69, 38, 119], [182, 24, 145, 135, 146, 18, 118, 97, 187, 130, 26, 60], [76, 40, 117, 67, 112, 139, 120, 48, 98, 125], [3, 55, 44, 100, 8, 102, 167, 59, 174, 82, 121], [144, 74, 181, 32, 10, 77, 150, 153, 79, 45], [178, 35, 180, 51, 188, 96, 61, 6]]",false
196,1070396,2122,or-opt,CMT5.vrp,"[[86, 93, 28, 94, 140, 122, 138, 5, 27, 99, 179], [4, 87, 58, 111, 151, 106, 72, 147, 73, 107, 63], [159, 104, 23, 183, 116, 185, 89, 137, 113, 91, 141, 199, 136, 197], [65, 176, 52, 31, 163, 148, 92, 49, 115, 90, 42, 64, 101], [126, 81, 168, 12, 39, 109, 164, 85, 29, 171, 173, 21, 172], [22, 142, 114, 156, 36, 166, 20, 123, 128, 133, 84, 134, 108, 132, 7, 149], [105, 192, 184, 190, 41, 143, 68, 196, 34, 46, 175, 127], [95, 75, 110, 25, 56, 33, 193, 66, 2, 157, 54, 152], [50, 169, 71, 129, 80, 131, 189, 57, 16, 158, 1, 191, 194], [30, 15, 154, 124, 37, 88, 186, 43, 62, 160, 53, 198, 195], [17, 161, 9, 162, 165, 170, 11, 14, 177, 78], [47, 155, 103, 83, 13, 70, 19, 69, 38, 119], [182, 24, 145, 135, 146, 18, 118, 97, 187, 130, 26, 60], [76, 40, 117, 67, 112, 139, 120, 48, 98, 125], [3, 55, 44, 100, 8, 102, 167, 59, 174, 82, 121], [144, 74, 181, 32, 10, 77, 150, 153, 79, 45], [178, 35, 180, 51, 188, 96, 61, 6]]",false
197,1074513,2122,2-opt,CMT5.vrp,"[[86, 93, 28, 94, 140, 122, 138, 5, 27, 99, 179], [4, 87, 58, 111, 151, 106, 72, 147, 73, 107, 63], [159, 104, 23, 183, 116, 185, 89, 137, 113, 91, 141, 199, 136, 197], [65, 176, 52, 31, 163, 148, 92, 49, 115, 90, 42, 64, 101], [126, 81, 168, 12, 39, 109, 164, 85, 29, 171, 173, 21, 172], [22, 142, 114, 156, 36, 166, 20, 123, 128, 133, 84, 134, 108, 132, 7, 149], [105, 192, 184, 190, 41, 143, 68, 196, 34, 46, 175, 127], [95, 75, 110, 25, 56, 33, 193, 66, 2, 157, 54, 152], [50, 169, 71, 129, 80, 131, 189, 57, 16, 158, 1, 191, 194], [30, 15, 154, 124, 37, 88, 186, 43, 62, 160, 53, 198, 195], [17, 161, 9, 162, 165, 170, 11, 14, 177, 78], [47, 155, 103, 83, 13, 70, 19, 69, 38, 119], [182, 24, 145, 135, 146, 18, 118, 97, 187, 130, 26, 60], [76, 40, 117, 67, 112, 139, 120, 48, 98, 125], [3, 55, 44, 100, 8, 102, 167, 59, 174, 82, 121], [74, 144, 181, 32, 10, 77, 150, 153, 79, 45], [178, 35, 180, 51, 188, 96, 61, 6]]",false
198,1079108,2122,2-opt,CMT5.vrp,"[[86, 93, 28, 94, 140, 122, 138, 5, 27, 99, 179], [4, 87, 58, 111, 151, 106, 72, 147, 73, 107, 63], [159, 104, 23, 183, 116, 185, 89, 137, 113, 91, 141, 199, 136, 197], [65, 176, 52, 31, 163, 148, 92, 49, 115, 90, 42, 64, 101], [126, 81, 168, 12, 39, 109, 164, 85, 29, 171, 173, 21, 172], [22, 142, 114, 156, 36, 166, 20, 123, 128, 133, 134, 84, 108, 132, 7, 149], [105, 192, 184, 190, 41, 143, 68, 196, 34, 46, 175, 127], [95, 75, 110, 25, 56, 33, 193, 66, 2, 157, 54, 152], [50, 169, 71, 129, 80, 131, 189, 57, 16, 158, 1, 191, 194], [30, 15, 154, 124, 37, 88, 186, 43, 62, 160, 53, 198, 195], [17, 161, 9, 162, 165, 170, 11, 14, 177, 78], [47, 155, 103, 83, 13, 70, 19, 69, 38, 119], [182, 24, 145, 135, 146, 18, 118, 97, 187, 130, 26, 60], [76, 40, 117, 67, 112, 139, 120, 48, 98, 125], [3, 55, 44, 100, 8, 102, 167, 59, 174, 82, 121], [74, 144, 181, 32, 10, 77, 150, 153, 79, 45], [178, 35, 180, 51, 188, 96, 61, 6]]",false
199,1083556,2121,swap,CMT5.vrp,"[[86, 93, 28, 94, 140, 122, 138, 5, 27, 99, 179], [4, 87, 58, 111, 151, 106, 72, 147, 73, 107, 63], [159, 104, 23, 183, 116, 185, 89, 137, 113, 91, 141, 199, 136, 197], [65, 176, 52, 31, 163, 148, 92, 49, 115, 90, 42, 64, 101], [126, 81, 168, 12, 39, 109, 164, 85, 29, 171, 173, 21, 172], [22, 142, 114, 156, 36, 166, 20, 123, 128, 133, 134, 84, 108, 132, 7, 149], [105, 192, 43, 190, 41, 143, 68, 196, 34, 46, 175, 127], [95, 75, 110, 25, 56, 33, 193, 66, 2, 157, 54, 152], [50, 169, 71, 129, 80, 131, 189, 57, 16, 158, 1, 191, 194], [30, 15, 154, 124, 37, 88, 186, 184, 62, 160, 53, 198, 195], [17, 161, 9, 162, 165, 170, 11, 14, 177, 78], [47, 155, 103, 83, 13, 70, 19, 69, 38, 119], [182, 24, 145, 135, 146, 18, 118, 97, 187, 130, 26, 60], [76, 40, 117, 67, 112, 139, 120, 48, 98, 125], [3, 55, 44, 100, 8, 102, 167, 59, 174, 82, 121], [74, 144, 181, 32, 10, 77, 150, 153, 79, 45], [178, 35, 180, 51, 188, 96, 61, 6]]",false
200,1087696,2121,swap,CMT5.vrp,"[[86, 93, 28, 94, 140, 122, 138, 5, 27, 99, 179], [4, 87, 58, 111, 151, 106, 72, 147, 73, 107, 63], [159, 104, 23, 183, 116, 185, 89, 137, 113, 91, 141, 199, 136, 197], [65, 176, 52, 31, 163, 148, 92, 49, 115, 90, 42, 64, 101], [126, 81, 168, 12, 39, 109, 164, 85, 29, 171, 173, 21, 172], [22, 142, 114, 156, 36, 166, 20, 123, 128, 133, 134, 84, 108, 132, 7, 149], [33, 192, 43, 190, 41, 143, 68, 196, 34, 46, 175, 127], [95, 75, 110, 25, 56, 105, 193, 66, 2, 157, 54, 152], [50, 169, 71, 129, 80, 131, 189, 57, 16, 158, 1, 191, 194], [30, 15, 154, 124, 37, 88, 186, 184, 62, 160, 53, 198, 195], [17, 161, 9, 162, 165, 170, 11, 14, 177, 78], [47, 155, 103, 83, 13, 70, 19, 69, 38, 119], [182, 24, 145, 135, 146, 18, 118, 97, 187, 130, 26, 60], [76, 40, 117, 67, 112, 139, 120, 48, 98, 125], [3, 55, 44, 100, 8, 102, 167, 59, 174, 82, 121], [74, 144, 181, 32, 10, 77, 150, 153, 79, 45], [178, 35, 180, 51, 188, 96, 61, 6]]",false
201,1091779,2113,swap,CMT5.vrp,"[[86, 93, 28, 94, 140, 122, 138, 5, 27, 99, 179], [4, 87, 58, 111, 151, 106, 72, 147, 73, 107, 63], [159, 104, 23, 183, 116, 185, 89, 137, 113, 91, 141, 199, 136, 197], [65, 176, 52, 31, 163, 148, 92, 49, 115, 90, 42, 64, 101], [126, 81, 168, 12, 39, 109, 164, 85, 29, 171, 173, 21, 172], [22, 142, 114, 156, 36, 166, 20, 123, 128, 133, 134, 84, 108, 132, 7, 149], [33, 192, 43, 190, 41, 143, 68, 196, 34, 46, 175, 127], [95, 9, 110, 25, 56, 105, 193, 66, 2, 157, 54, 152], [50, 169, 71, 129, 80, 131, 189, 57, 16, 158, 1, 191, 194], [30, 15, 154, 124, 37, 88, 186, 184, 62, 160, 53, 198, 195], [17, 161, 75, 162, 165, 170, 11, 14, 177, 78], [47, 155, 103, 83, 13, 70, 19, 69, 38, 119], [182, 24, 145, 135, 146, 18, 118, 97, 187, 130, 26, 60], [76, 40, 117, 67, 112, 139, 120, 48, 98, 125], [3, 55, 44, 100, 8, 102, 167, 59, 174, 82, 121], [74, 144, 181, 32, 10, 77, 150, 153, 79, 45], [178, 35, 180, 51, 188, 96, 61, 6]]",false
202,1096050,2111,swap,CMT5.vrp,"[[86, 93, 28, 94, 140, 122, 138, 5, 27, 99, 179], [4, 87, 58, 111, 151, 106, 72, 147, 73, 107, 63], [159, 104, 23, 183, 116, 185, 89, 137, 113, 91, 141, 199, 136, 197], [65, 176, 52, 31, 163, 148, 92, 49, 115, 90, 42, 64, 101], [126, 81, 168, 12, 39, 109, 164, 85, 29, 171, 173, 21, 172], [22, 142, 114, 156, 36, 166, 20, 123, 128, 133, 134, 84, 108, 132, 7, 149], [33, 192, 43, 190, 41, 143, 68, 196, 34, 46, 175, 127], [95, 161, 110, 25, 56, 105, 193, 66, 2, 157, 54, 152], [50, 169, 71, 129, 80, 131, 189, 57, 16, 158, 1, 191, 194], [30, 15, 154, 124, 37, 88, 186, 184, 62, 160, 53, 198, 195], [17, 9, 75, 162, 165, 170, 11, 14, 177, 78], [47, 155, 103, 83, 13, 70, 19, 69, 38, 119], [182, 24, 145, 135, 146, 18, 118, 97, 187, 130, 26, 60], [76, 40, 117, 67, 112, 139, 120, 48, 98, 125], [3, 55, 44, 100, 8, 102, 167, 59, 174, 82, 121], [74, 144, 181, 32, 10, 77, 150, 153, 79, 45], [178, 35, 180, 51, 188, 96, 61, 6]]",false
203,1100300,2110,swap,CMT5.vrp,"[[86, 93, 28, 94, 140, 122, 138, 5, 27, 99, 179], [4, 87, 58, 111, 151, 106, 72, 147, 73, 107, 63], [159, 104, 23, 183, 116, 185, 89, 137, 113, 91, 141, 199, 136, 197], [65, 176, 52, 31, 163, 148, 92, 49, 115, 90, 42, 64, 101], [126, 81, 168, 12, 39, 109, 164, 85, 29, 171, 173, 21, 172], [22, 142, 114, 156, 36, 166, 20, 123, 128, 133, 134, 84, 108, 132, 7, 149], [33, 192, 43, 190, 41, 143, 68, 196, 34, 46, 175, 127], [95, 161, 110, 25, 56, 105, 193, 66, 2, 157, 54, 152], [50, 169, 71, 129, 80, 131, 189, 9, 16, 158, 1, 191, 194], [30, 15, 154, 124, 37, 88, 186, 184, 62, 160, 53, 198, 195], [17, 57, 75, 162, 165, 170, 11, 14, 177, 78], [47, 155, 103, 83, 13, 70, 19, 69, 38, 119], [182, 24, 145, 135, 146, 18, 118, 97, 187, 130, 26, 60], [76, 40, 117, 67, 112, 139, 120, 48, 98, 125], [3, 55, 44, 100, 8, 102, 167, 59, 174, 82, 121], [74, 144, 181, 32, 10, 77, 150, 153, 79, 45], [178, 35, 180, 51, 188, 96, 61, 6]]",false
204,1105809,2110,2-opt,CMT5.vrp,"[[86, 93, 28, 94, 140, 122, 138, 5, 27, 99, 179], [4, 87, 58, 111, 151, 106, 72, 147, 73, 107, 63], [159, 104, 23, 183, 116, 185, 89, 137, 113, 91, 141, 199, 136, 197], [65, 176, 52, 31, 163, 148, 92, 49, 115, 90, 42, 64, 101], [126, 81, 168, 12, 39, 109, 164, 85, 29, 171, 173, 21, 172], [22, 142, 114, 156, 36, 166, 20, 123, 128, 133, 134, 84, 108, 132, 7, 149], [33, 192, 43, 190, 41, 143, 68, 196, 34, 46, 175, 127], [95, 161, 110, 25, 56, 105, 193, 66, 2, 157, 54, 152], [50, 169, 71, 129, 80, 131, 189, 9, 16, 158, 1, 191, 194], [30, 15, 154, 124, 37, 88, 186, 184, 160, 62, 53, 198, 195], [17, 57, 75, 162, 165, 170, 11, 14, 177, 78], [47, 155, 103, 83, 13, 70, 19, 69, 38, 119], [182, 24, 145, 135, 146, 18, 118, 97, 187, 130, 26, 60], [76, 40, 117, 67, 112, 139, 120, 48, 98, 125], [3, 55, 44, 100, 8, 102, 167, 59, 174, 82, 121], [74, 144, 181, 32, 10, 77, 150, 153, 79, 45], [178, 35, 180, 51, 188, 96, 61, 6]]",false
205,1111859,2108,swap,CMT5.vrp,"[[86, 93, 28, 94, 140, 122, 138, 5, 27, 99, 179], [4, 87, 58, 111, 151, 106, 72, 147, 73, 107, 63], [159, 104, 23, 62, 116, 185, 89, 137, 113, 91, 141, 199, 136, 197], [65, 176, 52, 31, 163, 148, 92, 49, 115, 90, 42, 64, 101], [126, 81, 168, 12, 39, 109, 164, 85, 29, 171, 173, 21, 172], [22, 142, 114, 156, 36, 166, 20, 123, 128, 133, 134, 84, 108, 132, 7, 149], [33, 192, 43, 190, 41, 143, 68, 196, 34, 46, 175, 127], [95, 161, 110, 25, 56, 105, 193, 66, 2, 157, 54, 152], [50, 169, 71, 129, 80, 131, 189, 9, 16, 158, 1, 191, 194], [30, 15, 154, 124, 37, 88, 186, 184, 160, 183, 53, 198, 195], [17, 57, 75, 162, 165, 170, 11, 14, 177, 78], [47, 155, 103, 83, 13, 70, 19, 69, 38, 119], [182, 24, 145, 135, 146, 18, 118, 97, 187, 130, 26, 60], [76, 40, 117, 67, 112, 139, 120, 48, 98, 125], [3, 55, 44, 100, 8, 102, 167, 59, 174, 82, 121], [74, 144, 181, 32, 10, 77, 150, 153, 79, 45], [178, 35, 180, 51, 188, 96, 61, 6]]",false
206,1115576,2103,2-opt,CMT5.vrp,"[[86, 93, 28, 94, 140, 122, 138, 5, 27, 99, 179], [4, 87, 58, 111, 151, 106, 72, 147, 73, 107, 63], [159, 104, 23, 116, 62, 185, 89, 137, 113, 91, 141, 199, 136, 197], [65, 176, 52, 31, 163, 148, 92, 49, 115, 90, 42, 64, 101], [126, 81, 168, 12, 39, 109, 164, 85, 29, 171, 173, 21, 172], [22, 142, 114, 156, 36, 166, 20, 123, 128, 133, 134, 84, 108, 132, 7, 149], [33, 192, 43, 190, 41, 143, 68, 196, 34, 46, 175, 127], [95, 161, 110, 25, 56, 105, 193, 66, 2, 157, 54, 152], [50, 169, 71, 129, 80, 131, 189, 9, 16, 158, 1, 191, 194], [30, 15, 154, 124, 37, 88, 186, 184, 160, 183, 53, 198, 195], [17, 57, 75, 162, 165, 170, 11, 14, 177, 78], [47, 155, 103, 83, 13, 70, 19, 69, 38, 119], [182, 24, 145, 135, 146, 18, 118, 97, 187, 130, 26, 60], [76, 40, 117, 67, 112, 139, 120, 48, 98, 125], [3, 55, 44, 100, 8, 102, 167, 59, 174, 82, 121], [74, 144, 181, 32, 10, 77, 150, 153, 79, 45], [178, 35, 180, 51, 188, 96, 61, 6]]",false
207,1119497,2098,swap,CMT5.vrp,"[[86, 93, 28, 94, 140, 122, 138, 5, 27, 99, 179], [4, 87, 58, 111, 151, 106, 72, 147, 73, 107, 63], [159, 104, 183, 116, 62, 185, 89, 137, 113, 91, 141, 199, 136, 197], [65, 176, 52, 31, 163, 148, 92, 49, 115, 90, 42, 64, 101], [126, 81, 168, 12, 39, 109, 164, 85, 29, 171, 173, 21, 172], [22, 142, 114, 156, 36, 166, 20, 123, 128, 133, 134, 84, 108, 132, 7, 149], [33, 192, 43, 190, 41, 143, 68, 196, 34, 46, 175, 127], [95, 161, 110, 25, 56, 105, 193, 66, 2, 157, 54, 152], [50, 169, 71, 129, 80, 131, 189, 9, 16, 158, 1, 191, 194], [30, 15, 154, 124, 37, 88, 186, 184, 160, 23, 53, 198, 195], [17, 57, 75, 162, 165, 170, 11, 14, 177, 78], [47, 155, 103, 83, 13, 70, 19, 69, 38, 119], [182, 24, 145, 135, 146, 18, 118, 97, 187, 130, 26, 60], [76, 40, 117, 67, 112, 139, 120, 48, 98, 125], [3, 55, 44, 100, 8, 102, 167, 59, 174, 82, 121], [74, 144, 181, 32, 10, 77, 150, 153, 79, 45], [178, 35, 180, 51, 188, 96, 61, 6]]",false
208,1124336,2098,swap,CMT5.vrp,"[[86, 93, 28, 94, 140, 122, 138, 5, 27, 99, 179], [4, 87, 58, 111, 151, 106, 72, 147, 73, 107, 63], [159, 104, 183, 116, 62, 185, 89, 137, 113, 91, 141, 199, 136, 197], [65, 176, 52, 31, 163, 148, 92, 49, 115, 90, 42, 64, 101], [126, 81, 168, 12, 39, 57, 164, 85, 29, 171, 173, 21, 172], [22, 142, 114, 156, 36, 166, 20, 123, 128, 133, 134, 84, 108, 132, 7, 149], [33, 192, 43, 190, 41, 143, 68, 196, 34, 46, 175, 127], [95, 161, 110, 25, 56, 105, 193, 66, 2, 157, 54, 152], [50, 169, 71, 129, 80, 131, 189, 9, 16, 158, 1, 191, 194], [30, 15, 154, 124, 37, 88, 186, 184, 160, 23, 53, 198, 195], [17, 109, 75, 162, 165, 170, 11, 14, 177, 78], [47, 155, 103, 83, 13, 70, 19, 69, 38, 119], [182, 24, 145, 135, 146, 18, 118, 97, 187, 130, 26, 60], [76, 40, 117, 67, 112, 139, 120, 48, 98, 125], [3, 55, 44, 100, 8, 102, 167, 59, 174, 82, 121], [74, 144, 181, 32, 10, 77, 150, 153, 79, 45], [178, 35, 180, 51, 188, 96, 61, 6]]",false
0,0,6229,Combinacion,CMT5.vrp,"[[21, 84, 107, 93, 8, 189, 166, 104, 59, 42], [167, 73, 144, 51, 123, 146], [5, 108, 130, 97, 50, 182, 30, 106, 185, 113], [11, 156, 23, 191, 89, 174, 183, 195, 159, 103, 54, 179, 157, 140], [148, 85, 92, 91, 33, 163, 165, 115, 53, 186, 139], [81, 56, 164, 20, 109, 39, 151, 17], [137, 173, 105, 141, 197, 122, 28, 116, 76, 64, 154, 58, 7, 188, 150, 101], [77, 128, 172, 37, 29, 184, 196, 136, 143, 170], [142, 127, 149, 98, 99, 10], [112, 90, 95, 102, 110, 57, 135, 66, 41, 45, 46], [74, 31, 52, 120, 168, 131, 190, 68, 61], [161, 49, 26, 134, 55, 35, 70, 12, 44, 160, 43, 83, 94, 198], [132, 88, 19, 2, 78, 9, 22, 126, 69, 169, 147], [124, 176, 138, 155, 193, 153, 13, 199, 16, 133, 38], [1, 180, 118, 111, 72, 75, 145, 86, 117, 114], [129, 34, 60, 40, 158], [152, 125, 119, 100, 32, 63], [15, 82, 162, 177, 36, 4, 62, 18, 65, 87, 47, 121], [71, 67, 25, 181, 194, 3, 80, 27, 171, 79], [192, 6, 178, 14, 187, 24, 96, 175, 48]]",true
1,3676,6085,swap,CMT5.vrp,"[[21, 84, 107, 93, 8, 20, 166, 104, 59, 42], [167, 73, 144, 51, 123, 146], [5, 108, 130, 97, 50, 182, 30, 106, 185, 113], [11, 156, 23, 191, 89, 174, 183, 195, 159, 103, 54, 179, 157, 140], [148, 85, 92, 91, 33, 163, 165, 115, 53, 186, 139], [81, 56, 164, 189, 109, 39, 151, 17], [137, 173, 105, 141, 197, 122, 28, 116, 76, 64, 154, 58, 7, 188, 150, 101], [77, 128, 172, 37, 29, 184, 196, 136, 143, 170], [142, 127, 149, 98, 99, 10], [112, 90, 95, 102, 110, 57, 135, 66, 41, 45, 46], [74, 31, 52, 120, 168, 131, 190, 68, 61], [161, 49, 26, 134, 55, 35, 70, 12, 44, 160, 43, 83, 94, 198], [132, 88, 19, 2, 78, 9, 22, 126, 69, 169, 147], [124, 176, 138, 155, 193, 153, 13, 199, 16, 133, 38], [1, 180, 118, 111, 72, 75, 145, 86, 117, 114], [129, 34, 60, 40, 158], [152, 125, 119, 100, 32, 63], [15, 82, 162, 177, 36, 4, 62, 18, 65, 87, 47, 121], [71, 67, 25, 181, 194, 3, 80, 27, 171, 79], [192, 6, 178, 14, 187, 24, 96, 175, 48]]",true
2,7888,5952,swap,CMT5.vrp,"[[21, 84, 107, 93, 8, 20, 166, 104, 59, 42], [167, 73, 144, 51, 123, 111], [5, 108, 130, 97, 50, 182, 30, 106, 185, 113], [11, 156, 23, 191, 89, 174, 183, 195, 159, 103, 54, 179, 157, 140], [148, 85, 92, 91, 33, 163, 165, 115, 53, 186, 139], [81, 56, 164, 189, 109, 39, 151, 17], [137, 173, 105, 141, 197, 122, 28, 116, 76, 64, 154, 58, 7, 188, 150, 101], [77, 128, 172, 37, 29, 184, 196, 136, 143, 170], [142, 127, 149, 98, 99, 10], [112, 90, 95, 102, 110, 57, 135, 66, 41, 45, 46], [74, 31, 52, 120, 168, 131, 190, 68, 61], [161, 49, 26, 134, 55, 35, 70, 12, 44, 160, 43, 83, 94, 198], [132, 88, 19, 2, 78, 9, 22, 126, 69, 169, 147], [124, 176, 138, 155, 193, 153, 13, 199, 16, 133, 38], [1, 180, 118, 146, 72, 75, 145, 86, 117, 114], [129, 34, 60, 40, 158], [152, 125, 119, 100, 32, 63], [15, 82, 162, 177, 36, 4, 62, 18, 65, 87, 47, 121], [71, 67, 25, 181, 194, 3, 80, 27, 171, 79], [192, 6, 178, 14, 187, 24, 96, 175, 48]]",true
3,13332,5826,or-opt,CMT5.vrp,"[[21, 84, 107, 93, 8, 20, 166, 104, 59, 42], [167, 73, 144, 51, 123, 111], [5, 108, 130, 97, 50, 182, 30, 106, 185, 113], [11, 156, 23, 191, 89, 174, 183, 195, 159, 103, 54, 179, 157, 140], [148, 163, 165, 85, 92, 91, 33, 115, 53, 186, 139], [81, 56, 164, 189, 109, 39, 151, 17], [137, 173, 105, 141, 197, 122, 28, 116, 76, 64, 154, 58, 7, 188, 150, 101], [77, 128, 172, 37, 29, 184, 196, 136, 143, 170], [142, 127, 149, 98, 99, 10], [112, 90, 95, 102, 110, 57, 135, 66, 41, 45, 46], [74, 31, 52, 120, 168, 131, 190, 68, 61], [161, 49, 26, 134, 55, 35, 70, 12, 44, 160, 43, 83, 94, 198], [132, 88, 19, 2, 78, 9, 22, 126, 69, 169, 147], [124, 176, 138, 155, 193, 153, 13, 199, 16, 133, 38], [1, 180, 118, 146, 72, 75, 145, 86, 117, 114], [129, 34, 60, 40, 158], [152, 125, 119, 100, 32, 63], [15, 82, 162, 177, 36, 4, 62, 18, 65, 87, 47, 121], [71, 67, 25, 181, 194, 3, 80, 27, 171, 79], [192, 6, 178, 14, 187, 24, 96, 175, 48]]",true
4,17884,5703,swap,CMT5.vrp,"[[21, 84, 107, 93, 8, 20, 166, 174, 59, 42], [167, 73, 144, 51, 123, 111], [5, 108, 130, 97, 50, 182, 30, 106, 185, 113], [11, 156, 23, 191, 89, 104, 183, 195, 159, 103, 54, 179, 157, 140], [148, 163, 165, 85, 92, 91, 33, 115, 53, 186, 139], [81, 56, 164, 189, 109, 39, 151, 17], [137, 173, 105, 141, 197, 122, 28, 116, 76, 64, 154, 58, 7, 188, 150, 101], [77, 128, 172, 37, 29, 184, 196, 136, 143, 170], [142, 127, 149, 98, 99, 10], [112, 90, 95, 102, 110, 57, 135, 66, 41, 45, 46], [74, 31, 52, 120, 168, 131, 190, 68, 61], [161, 49, 26, 134, 55, 35, 70, 12, 44, 160, 43, 83, 94, 198], [132, 88, 19, 2, 78, 9, 22, 126, 69, 169, 147], [124, 176, 138, 155, 193, 153, 13, 199, 16, 133, 38], [1, 180, 118, 146, 72, 75, 145, 86, 117, 114], [129, 34, 60, 40, 158], [152, 125, 119, 100, 32, 63], [15, 82, 162, 177, 36, 4, 62, 18, 65, 87, 47, 121], [71, 67, 25, 181, 194, 3, 80, 27, 171, 79], [192, 6, 178, 14, 187, 24, 96, 175, 48]]",true
5,21857,5584,swap,CMT5.vrp,"[[21, 55, 107, 93, 8, 20, 166, 174, 59, 42], [167, 73, 144, 51, 123, 111], [5, 108, 130, 97, 50, 182, 30, 106, 185, 113], [11, 156, 23, 191, 89, 104, 183, 195, 159, 103, 54, 179, 157, 140], [148, 163, 165, 85, 92, 91, 33, 115, 53, 186, 139], [81, 56, 164, 189, 109, 39, 151, 17], [137, 173, 105, 141, 197, 122, 28, 116, 76, 64, 154, 58, 7, 188, 150, 101], [77, 128, 172, 37, 29, 184, 196, 136, 143, 170], [142, 127, 149, 98, 99, 10], [112, 90, 95, 102, 110, 57, 135, 66, 41, 45, 46], [74, 31, 52, 120, 168, 131, 190, 68, 61], [161, 49, 26, 134, 84, 35, 70, 12, 44, 160, 43, 83, 94, 198], [132, 88, 19, 2, 78, 9, 22, 126, 69, 169, 147], [124, 176, 138, 155, 193, 153, 13, 199, 16, 133, 38], [1, 180, 118, 146, 72, 75, 145, 86, 117, 114], [129, 34, 60, 40, 158], [152, 125, 119, 100, 32, 63], [15, 82, 162, 177, 36, 4, 62, 18, 65, 87, 47, 121], [71, 67, 25, 181, 194, 3, 80, 27, 171, 79], [192, 6, 178, 14, 187, 24, 96, 175, 48]]",true
6,25870,5479,or-opt,CMT5.vrp,"[[21, 55, 107, 93, 8, 20, 166, 174, 59, 42], [167, 73, 144, 51, 123, 111], [5, 108, 130, 97, 50, 182, 30, 106, 185, 113], [11, 156, 23, 191, 89, 104, 183, 195, 159, 103, 54, 179, 157, 140], [148, 163, 165, 85, 92, 91, 33, 115, 53, 186, 139], [81, 56, 164, 189, 109, 39, 151, 17], [137, 173, 105, 141, 197, 122, 28, 116, 76, 64, 154, 58, 7, 188, 150, 101], [77, 128, 172, 37, 29, 184, 196, 136, 143, 170], [142, 127, 149, 98, 99, 10], [112, 90, 95, 102, 110, 57, 135, 66, 41, 45, 46], [74, 31, 52, 120, 168, 131, 190, 68, 61], [161, 49, 26, 134, 84, 35, 70, 12, 44, 160, 43, 83, 94, 198], [132, 88, 19, 2, 78, 9, 22, 126, 69, 169, 147], [124, 176, 138, 155, 193, 153, 13, 199, 16, 133, 38], [1, 180, 118, 146, 72, 75, 145, 86, 117, 114], [129, 34, 60, 40, 158], [152, 125, 119, 100, 32, 63], [15, 82, 36, 4, 62, 18, 162, 177, 65, 87, 47, 121], [71, 67, 25, 181, 194, 3, 80, 27, 171, 79], [192, 6, 178, 14, 187, 24, 96, 175, 48]]",true
7,30108,5374,swap,CMT5.vrp,"[[21, 55, 107, 93, 8, 20, 166, 174, 59, 42], [167, 73, 144, 51, 123, 111], [5, 108, 130, 97, 50, 182, 30, 106, 185, 113], [120, 156, 23, 191, 89, 104, 183, 195, 159, 103, 54, 179, 157, 140], [148, 163, 165, 85, 92, 91, 33, 115, 53, 186, 139], [81, 56, 164, 189, 109, 39, 151, 17], [137, 173, 105, 141, 197, 122, 28, 116, 76, 64, 154, 58, 7, 188, 150, 101], [77, 128, 172, 37, 29, 184, 196, 136, 143, 170], [142, 127, 149, 98, 99, 10], [112, 90, 95, 102, 110, 57, 135, 66, 41, 45, 46], [74, 31, 52, 11, 168, 131, 190, 68, 61], [161, 49, 26, 134, 84, 35, 70, 12, 44, 160, 43, 83, 94, 198], [132, 88, 19, 2, 78, 9, 22, 126, 69, 169, 147], [124, 176, 138, 155, 193, 153, 13, 199, 16, 133, 38], [1, 180, 118, 146, 72, 75, 145, 86, 117, 114], [129, 34, 60, 40, 158], [152, 125, 119, 100, 32, 63], [15, 82, 36, 4, 62, 18, 162, 177, 65, 87, 47, 121], [71, 67, 25, 181, 194, 3, 80, 27, 171, 79], [192, 6, 178, 14, 187, 24, 96, 175, 48]]",true
8,34283,5270,swap,CMT5.vrp,"[[21, 55, 107, 93, 8, 20, 166, 174, 59, 42], [167, 73, 144, 51, 123, 111], [5, 108, 130, 97, 50, 182, 30, 106, 185, 113], [120, 156, 23, 191, 89, 104, 183, 195, 159, 103, 54, 179, 157, 140], [148, 163, 165, 85, 92, 91, 33, 115, 53, 186, 139], [81, 56, 164, 189, 109, 39, 151, 17], [137, 173, 105, 141, 197, 122, 28, 116, 76, 64, 154, 58, 7, 170, 150, 101], [77, 128, 172, 37, 29, 184, 196, 136, 143, 188], [142, 127, 149, 98, 99, 10], [112, 90, 95, 102, 110, 57, 135, 66, 41, 45, 46], [74, 31, 52, 11, 168, 131, 190, 68, 61], [161, 49, 26, 134, 84, 35, 70, 12, 44, 160, 43, 83, 94, 198], [132, 88, 19, 2, 78, 9, 22, 126, 69, 169, 147], [124, 176, 138, 155, 193, 153, 13, 199, 16, 133, 38], [1, 180, 118, 146, 72, 75, 145, 86, 117, 114], [129, 34, 60, 40, 158], [152, 125, 119, 100, 32, 63], [15, 82, 36, 4, 62, 18, 162, 177, 65, 87, 47, 121], [71, 67, 25, 181, 194, 3, 80, 27, 171, 79], [192, 6, 178, 14, 187, 24, 96, 175, 48]]",true
9,40123,5171,swap,CMT5.vrp,"[[21, 55, 107, 93, 8, 20, 166, 174, 59, 42], [167, 73, 144, 51, 123, 111], [5, 108, 130, 97, 50, 182, 30, 106, 185, 113], [120, 156, 23, 191, 89, 104, 183, 195, 159, 103, 54, 179, 157, 140], [148, 163, 165, 85, 92, 91, 33, 115, 53, 186, 139], [81, 56, 164, 189, 109, 39, 151, 17], [137, 173, 105, 141, 197, 122, 28, 116, 76, 64, 154, 58, 7, 170, 150, 101], [77, 128, 172, 37, 29, 184, 196, 136, 143, 188], [142, 127, 149, 98, 99, 10], [112, 90, 95, 102, 110, 57, 135, 66, 41, 45, 46], [74, 31, 52, 11, 168, 131, 190, 68, 61], [161, 49, 26, 134, 84, 35, 70, 12, 44, 160, 43, 83, 94, 198], [132, 176, 19, 2, 78, 9, 22, 126, 69, 169, 147], [124, 88, 138, 155, 193, 153, 13, 199, 16, 133, 38], [1, 180, 118, 146, 72, 75, 145, 86, 117, 114], [129, 34, 60, 40, 158], [152, 125, 119, 100, 32, 63], [15, 82, 36, 4, 62, 18, 162, 177, 65, 87, 47, 121], [71, 67, 25, 181, 194, 3, 80, 27, 171, 79], [192, 6, 178, 14, 187, 24, 96, 175, 48]]",true
10,47600,5090,swap,CMT5.vrp,"[[21, 55, 107, 93, 8, 20, 166, 174, 59, 42], [167, 73, 144, 51, 123, 111], [5, 108, 130, 97, 50, 182, 30, 106, 185, 113], [120, 156, 23, 191, 89, 104, 183, 195, 159, 103, 54, 179, 157, 140], [148, 163, 165, 85, 92, 91, 33, 115, 53, 186, 139], [81, 56, 164, 189, 109, 39, 151, 17], [137, 173, 105, 141, 197, 122, 28, 116, 76, 64, 154, 58, 7, 170, 150, 101], [77, 128, 172, 37, 29, 184, 196, 136, 143, 188], [142, 127, 149, 98, 99, 10], [112, 90, 95, 102, 110, 57, 135, 66, 41, 45, 46], [74, 31, 52, 11, 168, 131, 190, 68, 61], [161, 49, 26, 134, 84, 35, 70, 12, 44, 160, 43, 83, 94, 198], [132, 176, 19, 180, 78, 9, 22, 126, 69, 169, 147], [124, 88, 138, 155, 193, 153, 13, 199, 16, 133, 38], [1, 2, 118, 146, 72, 75, 145, 86, 117, 114], [129, 34, 60, 40, 158], [152, 125, 119, 100, 32, 63], [15, 82, 36, 4, 62, 18, 162, 177, 65, 87, 47, 121], [71, 67, 25, 181, 194, 3, 80, 27, 171, 79], [192, 6, 178, 14, 187, 24, 96, 175, 48]]",true
11,53405,5012,swap,CMT5.vrp,"[[21, 55, 107, 93, 8, 20, 166, 174, 59, 42], [167, 73, 144, 51, 123, 111], [5, 108, 130, 97, 50, 182, 30, 106, 185, 113], [120, 156, 23, 191, 89, 104, 183, 195, 159, 103, 54, 179, 157, 140], [148, 163, 165, 85, 92, 91, 33, 115, 53, 186, 139], [81, 56, 164, 189, 109, 39, 151, 17], [137, 173, 105, 141, 197, 122, 28, 116, 76, 64, 154, 58, 7, 170, 150, 101], [77, 128, 172, 37, 29, 184, 196, 136, 143, 188], [142, 127, 149, 98, 99, 10], [112, 90, 95, 102, 110, 57, 135, 66, 41, 45, 46], [74, 31, 52, 11, 168, 131, 190, 68, 61], [161, 49, 26, 134, 84, 35, 70, 12, 44, 160, 43, 193, 94, 198], [132, 176, 19, 180, 78, 9, 22, 126, 69, 169, 147], [124, 88, 138, 155, 83, 153, 13, 199, 16, 133, 38], [1, 2, 118, 146, 72, 75, 145, 86, 117, 114], [129, 34, 60, 40, 158], [152, 125, 119, 100, 32, 63], [15, 82, 36, 4, 62, 18, 162, 177, 65, 87, 47, 121], [71, 67, 25, 181, 194, 3, 80, 27, 171, 79], [192, 6, 178, 14, 187, 24, 96, 175, 48]]",true
12,57982,4934,swap,CMT5.vrp,"[[21, 55, 107, 93, 8, 20, 166, 174, 59, 42], [167, 73, 144, 51, 123, 111], [5, 108, 130, 97, 50, 182, 30, 106, 185, 113], [120, 156, 23, 191, 89, 104, 183, 195, 159, 103, 54, 179, 157, 140], [148, 163, 165, 85, 92, 91, 33, 115, 53, 186, 139], [81, 56, 164, 189, 109, 39, 151, 17], [137, 173, 105, 141, 197, 122, 28, 116, 76, 64, 154, 58, 7, 170, 150, 101], [77, 128, 172, 37, 29, 184, 196, 136, 143, 188], [142, 127, 149, 98, 99, 10], [112, 90, 95, 102, 110, 57, 135, 66, 41, 45, 46], [74, 31, 52, 11, 168, 131, 190, 68, 61], [161, 49, 26, 134, 84, 35, 70, 12, 44, 160, 43, 193, 94, 198], [132, 176, 19, 180, 78, 9, 117, 126, 69, 169, 147], [124, 88, 138, 155, 83, 153, 13, 199, 16, 133, 38], [1, 2, 118, 146, 72, 75, 145, 86, 22, 114], [129, 34, 60, 40, 158], [152, 125, 119, 100, 32, 63], [15, 82, 36, 4, 62, 18, 162, 177, 65, 87, 47, 121], [71, 67, 25, 181, 194, 3, 80, 27, 171, 79], [192, 6, 178, 14, 187, 24, 96, 175, 48]]",true
13,62718,4863,swap,CMT5.vrp,"[[21, 55, 107, 93, 8, 20, 166, 174, 59, 42], [167, 73, 144, 51, 123, 111], [5, 108, 130, 97, 50, 182, 30, 106, 185, 113], [120, 156, 23, 191, 89, 104, 183, 195, 159, 103, 54, 179, 157, 140], [148, 163, 165, 85, 92, 91, 33, 115, 53, 186, 139], [81, 56, 164, 189, 109, 39, 151, 17], [137, 173, 105, 141, 197, 122, 28, 116, 76, 64, 154, 58, 7, 170, 150, 101], [77, 128, 172, 37, 29, 184, 196, 136, 143, 188], [142, 127, 149, 98, 99, 10], [112, 90, 95, 102, 110, 57, 135, 66, 41, 45, 46], [74, 31, 52, 11, 168, 67, 190, 68, 61], [161, 49, 26, 134, 84, 35, 70, 12, 44, 160, 43, 193, 94, 198], [132, 176, 19, 180, 78, 9, 117, 126, 69, 169, 147], [124, 88, 138, 155, 83, 153, 13, 199, 16, 133, 38], [1, 2, 118, 146, 72, 75, 145, 86, 22, 114], [129, 34, 60, 40, 158], [152, 125, 119, 100, 32, 63], [15, 82, 36, 4, 62, 18, 162, 177, 65, 87, 47, 121], [71, 131, 25, 181, 194, 3, 80, 27, 171, 79], [192, 6, 178, 14, 187, 24, 96, 175, 48]]",true
14,66912,4794,swap,CMT5.vrp,"[[21, 55, 107, 93, 8, 20, 166, 174, 59, 42], [167, 73, 144, 51, 123, 111], [5, 108, 130, 97, 50, 182, 30, 106, 185, 113], [120, 156, 23, 191, 89, 104, 183, 195, 159, 103, 54, 179, 157, 140], [148, 163, 165, 85, 164, 91, 33, 115, 53, 186, 139], [81, 56, 92, 189, 109, 39, 151, 17], [137, 173, 105, 141, 197, 122, 28, 116, 76, 64, 154, 58, 7, 170, 150, 101], [77, 128, 172, 37, 29, 184, 196, 136, 143, 188], [142, 127, 149, 98, 99, 10], [112, 90, 95, 102, 110, 57, 135, 66, 41, 45, 46], [74, 31, 52, 11, 168, 67, 190, 68, 61], [161, 49, 26, 134, 84, 35, 70, 12, 44, 160, 43, 193, 94, 198], [132, 176, 19, 180, 78, 9, 117, 126, 69, 169, 147], [124, 88, 138, 155, 83, 153, 13, 199, 16, 133, 38], [1, 2, 118, 146, 72, 75, 145, 86, 22, 114], [129, 34, 60, 40, 158], [152, 125, 119, 100, 32, 63], [15, 82, 36, 4, 62, 18, 162, 177, 65, 87, 47, 121], [71, 131, 25, 181, 194, 3, 80, 27, 171, 79], [192, 6, 178, 14, 187, 24, 96, 175, 48]]",true
15,71029,4726,swap,CMT5.vrp,"[[21, 55, 107, 93, 8, 20, 166, 174, 59, 173], [167, 73, 144, 51, 123, 111], [5, 108, 130, 97, 50, 182, 30, 106, 185, 113], [120, 156, 23, 191, 89, 104, 183, 195, 159, 103, 54, 179, 157, 140], [148, 163, 165, 85, 164, 91, 33, 115, 53, 186, 139], [81, 56, 92, 189, 109, 39, 151, 17], [137, 42, 105, 141, 197, 122, 28, 116, 76, 64, 154, 58, 7, 170, 150, 101], [77, 128, 172, 37, 29, 184, 196, 136, 143, 188], [142, 127, 149, 98, 99, 10], [112, 90, 95, 102, 110, 57, 135, 66, 41, 45, 46], [74, 31, 52, 11, 168, 67, 190, 68, 61], [161, 49, 26, 134, 84, 35, 70, 12, 44, 160, 43, 193, 94, 198], [132, 176, 19, 180, 78, 9, 117, 126, 69, 169, 147], [124, 88, 138, 155, 83, 153, 13, 199, 16, 133, 38], [1, 2, 118, 146, 72, 75, 145, 86, 22, 114], [129, 34, 60, 40, 158], [152, 125, 119, 100, 32, 63], [15, 82, 36, 4, 62, 18, 162, 177, 65, 87, 47, 121], [71, 131, 25, 181, 194, 3, 80, 27, 171, 79], [192, 6, 178, 14, 187, 24, 96, 175, 48]]",true
16,75762,4660,swap,CMT5.vrp,"[[21, 55, 107, 93, 8, 20, 166, 174, 59, 173], [167, 73, 144, 51, 123, 111], [5, 108, 130, 97, 50, 182, 30, 106, 185, 113], [120, 156, 23, 191, 89, 104, 183, 195, 159, 103, 54, 179, 157, 140], [148, 163, 165, 85, 164, 91, 33, 115, 53, 186, 139], [81, 56, 92, 189, 109, 39, 151, 17], [137, 42, 105, 141, 197, 122, 28, 116, 76, 64, 154, 58, 7, 170, 150, 101], [77, 128, 172, 37, 29, 184, 196, 136, 143, 188], [4, 127, 149, 98, 99, 10], [112, 90, 95, 102, 110, 57, 135, 66, 41, 45, 46], [74, 31, 52, 11, 168, 67, 190, 68, 61], [161, 49, 26, 134, 84, 35, 70, 12, 44, 160, 43, 193, 94, 198], [132, 176, 19, 180, 78, 9, 117, 126, 69, 169, 147], [124, 88, 138, 155, 83, 153, 13, 199, 16, 133, 38], [1, 2, 118, 146, 72, 75, 145, 86, 22, 114], [129, 34, 60, 40, 158], [152, 125, 119, 100, 32, 63], [15, 82, 36, 142, 62, 18, 162, 177, 65, 87, 47, 121], [71, 131, 25, 181, 194, 3, 80, 27, 171, 79], [192, 6, 178, 14, 187, 24, 96, 175, 48]]",true
17,80580,4596,swap,CMT5.vrp,"[[21, 55, 107, 93, 8, 20, 166, 174, 59, 173], [167, 73, 144, 51, 123, 111], [5, 108, 130, 97, 50, 182, 30, 194, 185, 113], [120, 156, 23, 191, 89, 104, 183, 195, 159, 103, 54, 179, 157, 140], [148, 163, 165, 85, 164, 91, 33, 115, 53, 186, 139], [81, 56, 92, 189, 109, 39, 151, 17], [137, 42, 105, 141, 197, 122, 28, 116, 76, 64, 154, 58, 7, 170, 150, 101], [77, 128, 172, 37, 29, 184, 196, 136, 143, 188], [4, 127, 149, 98, 99, 10], [112, 90, 95, 102, 110, 57, 135, 66, 41, 45, 46], [74, 31, 52, 11, 168, 67, 190, 68, 61], [161, 49, 26, 134, 84, 35, 70, 12, 44, 160, 43, 193, 94, 198], [132, 176, 19, 180, 78, 9, 117, 126, 69, 169, 147], [124, 88, 138, 155, 83, 153, 13, 199, 16, 133, 38], [1, 2, 118, 146, 72, 75, 145, 86, 22, 114], [129, 34, 60, 40, 158], [152, 125, 119, 100, 32, 63], [15, 82, 36, 142, 62, 18, 162, 177, 65, 87, 47, 121], [71, 131, 25, 181, 106, 3, 80, 27, 171, 79], [192, 6, 178, 14, 187, 24, 96, 175, 48]]",true
18,84876,4533,swap,CMT5.vrp,"[[21, 55, 107, 93, 8, 20, 166, 174, 59, 173], [167, 73, 144, 51, 123, 111], [5, 108, 130, 97, 50, 182, 30, 194, 185, 113], [120, 156, 23, 191, 89, 104, 183, 195, 159, 103, 54, 179, 157, 140], [148, 163, 165, 85, 164, 105, 33, 115, 53, 186, 139], [81, 56, 92, 189, 109, 39, 151, 17], [137, 42, 91, 141, 197, 122, 28, 116, 76, 64, 154, 58, 7, 170, 150, 101], [77, 128, 172, 37, 29, 184, 196, 136, 143, 188], [4, 127, 149, 98, 99, 10], [112, 90, 95, 102, 110, 57, 135, 66, 41, 45, 46], [74, 31, 52, 11, 168, 67, 190, 68, 61], [161, 49, 26, 134, 84, 35, 70, 12, 44, 160, 43, 193, 94, 198], [132, 176, 19, 180, 78, 9, 117, 126, 69, 169, 147], [124, 88, 138, 155, 83, 153, 13, 199, 16, 133, 38], [1, 2, 118, 146, 72, 75, 145, 86, 22, 114], [129, 34, 60, 40, 158], [152, 125, 119, 100, 32, 63], [15, 82, 36, 142, 62, 18, 162, 177, 65, 87, 47, 121], [71, 131, 25, 181, 106, 3, 80, 27, 171, 79], [192, 6, 178, 14, 187, 24, 96, 175, 48]]",true
19,88640,4471,swap,CMT5.vrp,"[[21, 55, 107, 93, 5, 20, 166, 174, 59, 173], [167, 73, 144, 51, 123, 111], [8, 108, 130, 97, 50, 182, 30, 194, 185, 113], [120, 156, 23, 191, 89, 104, 183, 195, 159, 103, 54, 179, 157, 140], [148, 163, 165, 85, 164, 105, 33, 115, 53, 186, 139], [81, 56, 92, 189, 109, 39, 151, 17], [137, 42, 91, 141, 197, 122, 28, 116, 76, 64, 154, 58, 7, 170, 150, 101], [77, 128, 172, 37, 29, 184, 196, 136, 143, 188], [4, 127, 149, 98, 99, 10], [112, 90, 95, 102, 110, 57, 135, 66, 41, 45, 46], [74, 31, 52, 11, 168, 67, 190, 68, 61], [161, 49, 26, 134, 84, 35, 70, 12, 44, 160, 43, 193, 94, 198], [132, 176, 19, 180, 78, 9, 117, 126, 69, 169, 147], [124, 88, 138, 155, 83, 153, 13, 199, 16, 133, 38], [1, 2, 118, 146, 72, 75, 145, 86, 22, 114], [129, 34, 60, 40, 158], [152, 125, 119, 100, 32, 63], [15, 82, 36, 142, 62, 18, 162, 177, 65, 87, 47, 121], [71, 131, 25, 181, 106, 3, 80, 27, 171, 79], [192, 6, 178, 14, 187, 24, 96, 175, 48]]",true
20,92721,4418,2-opt,CMT5.vrp,"[[21, 55, 107, 93, 5, 20, 166, 174, 59, 173], [167, 73, 144, 51, 123, 111], [8, 108, 130, 97, 50, 182, 30, 194, 185, 113], [120, 156, 23, 191, 89, 104, 183, 195, 159, 103, 54, 179, 157, 140], [148, 163, 165, 85, 164, 105, 33, 115, 53, 186, 139], [81, 56, 92, 189, 109, 39, 151, 17], [137, 42, 91, 141, 197, 122, 28, 116, 76, 150, 170, 7, 58, 154, 64, 101], [77, 128, 172, 37, 29, 184, 196, 136, 143, 188], [4, 127, 149, 98, 99, 10], [112, 90, 95, 102, 110, 57, 135, 66, 41, 45, 46], [74, 31, 52, 11, 168, 67, 190, 68, 61], [161, 49, 26, 134, 84, 35, 70, 12, 44, 160, 43, 193, 94, 198], [132, 176, 19, 180, 78, 9, 117, 126, 69, 169, 147], [124, 88, 138, 155, 83, 153, 13, 199, 16, 133, 38], [1, 2, 118, 146, 72, 75, 145, 86, 22, 114], [129, 34, 60, 40, 158], [152, 125, 119, 100, 32, 63], [15, 82, 36, 142, 62, 18, 162, 177, 65, 87, 47, 121], [71, 131, 25, 181, 106, 3, 80, 27, 171, 79], [192, 6, 178, 14, 187, 24, 96, 175, 48]]",true
21,97090,4355,or-opt,CMT5.vrp,"[[21, 55, 107, 93, 5, 20, 166, 174, 59, 173], [167, 73, 144, 51, 123, 111], [8, 108, 130, 97, 50, 182, 30, 194, 185, 113], [120, 156, 23, 191, 89, 104, 183, 195, 159, 103, 54, 179, 157, 140], [148, 163, 165, 85, 164, 105, 33, 115, 53, 186, 139], [81, 56, 92, 189, 109, 39, 151, 17], [137, 42, 91, 141, 197, 116, 76, 150, 170, 7, 58, 154, 122, 28, 64, 101], [77, 128, 172, 37, 29, 184, 196, 136, 143, 188], [4, 127, 149, 98, 99, 10], [112, 90, 95, 102, 110, 57, 135, 66, 41, 45, 46], [74, 31, 52, 11, 168, 67, 190, 68, 61], [161, 49, 26, 134, 84, 35, 70, 12, 44, 160, 43, 193, 94, 198], [132, 176, 19, 180, 78, 9, 117, 126, 69, 169, 147], [124, 88, 138, 155, 83, 153, 13, 199, 16, 133, 38], [1, 2, 118, 146, 72, 75, 145, 86, 22, 114], [129, 34, 60, 40, 158], [152, 125, 119, 100, 32, 63], [15, 82, 36, 142, 62, 18, 162, 177, 65, 87, 47, 121], [71, 131, 25, 181, 106, 3, 80, 27, 171, 79], [192, 6, 178, 14, 187, 24, 96, 175, 48]]",true
22,100967,4305,swap,CMT5.vrp,"[[21, 55, 107, 93, 5, 20, 166, 174, 59, 173], [167, 73, 144, 51, 123, 111], [8, 108, 130, 97, 50, 182, 30, 194, 185, 113], [120, 156, 23, 191, 89, 104, 183, 195, 159, 103, 54, 179, 157, 140], [148, 163, 165, 85, 164, 105, 33, 115, 53, 186, 139], [81, 56, 92, 189, 109, 39, 151, 17], [137, 42, 91, 141, 197, 116, 76, 150, 170, 7, 58, 154, 122, 28, 64, 101], [77, 128, 172, 37, 29, 184, 196, 136, 143, 188], [4, 127, 149, 98, 99, 102], [112, 90, 95, 10, 110, 57, 135, 66, 41, 45, 46], [74, 31, 52, 11, 168, 67, 190, 68, 61], [161, 49, 26, 134, 84, 35, 70, 12, 44, 160, 43, 193, 94, 198], [132, 176, 19, 180, 78, 9, 117, 126, 69, 169, 147], [124, 88, 138, 155, 83, 153, 13, 199, 16, 133, 38], [1, 2, 118, 146, 72, 75, 145, 86, 22, 114], [129, 34, 60, 40, 158], [152, 125, 119, 100, 32, 63], [15, 82, 36, 142, 62, 18, 162, 177, 65, 87, 47, 121], [71, 131, 25, 181, 106, 3, 80, 27, 171, 79], [192, 6, 178, 14, 187, 24, 96, 175, 48]]",true
23,105591,4256,2-opt,CMT5.vrp,"[[21, 55, 107, 93, 5, 20, 166, 174, 59, 173], [167, 73, 144, 51, 123, 111], [8, 108, 130, 97, 50, 182, 30, 194, 185, 113], [120, 156, 23, 191, 89, 104, 183, 195, 159, 103, 54, 179, 157, 140], [148, 163, 165, 85, 164, 105, 33, 115, 53, 186, 139], [81, 56, 92, 189, 109, 39, 151, 17], [137, 42, 91, 141, 197, 116, 76, 150, 170, 7, 58, 154, 122, 28, 64, 101], [77, 128, 172, 37, 29, 184, 196, 136, 143, 188], [4, 127, 149, 98, 99, 102], [112, 90, 41, 66, 135, 57, 110, 10, 95, 45, 46], [74, 31, 52, 11, 168, 67, 190, 68, 61], [161, 49, 26, 134, 84, 35, 70, 12, 44, 160, 43, 193, 94, 198], [132, 176, 19, 180, 78, 9, 117, 126, 69, 169, 147], [124, 88, 138, 155, 83, 153, 13, 199, 16, 133, 38], [1, 2, 118, 146, 72, 75, 145, 86, 22, 114], [129, 34, 60, 40, 158], [152, 125, 119, 100, 32, 63], [15, 82, 36, 142, 62, 18, 162, 177, 65, 87, 47, 121], [71, 131, 25, 181, 106, 3, 80, 27, 171, 79], [192, 6, 178, 14, 187, 24, 96, 175, 48]]",true
24,109936,4208,swap,CMT5.vrp,"[[21, 55, 107, 93, 5, 20, 166, 174, 59, 173], [167, 73, 144, 51, 123, 111], [8, 108, 130, 97, 49, 182, 30, 194, 185, 113], [120, 156, 23, 191, 89, 104, 183, 195, 159, 103, 54, 179, 157, 140], [148, 163, 165, 85, 164, 105, 33, 115, 53, 186, 139], [81, 56, 92, 189, 109, 39, 151, 17], [137, 42, 91, 141, 197, 116, 76, 150, 170, 7, 58, 154, 122, 28, 64, 101], [77, 128, 172, 37, 29, 184, 196, 136, 143, 188], [4, 127, 149, 98, 99, 102], [112, 90, 41, 66, 135, 57, 110, 10, 95, 45, 46], [74, 31, 52, 11, 168, 67, 190, 68, 61], [161, 50, 26, 134, 84, 35, 70, 12, 44, 160, 43, 193, 94, 198], [132, 176, 19, 180, 78, 9, 117, 126, 69, 169, 147], [124, 88, 138, 155, 83, 153, 13, 199, 16, 133, 38], [1, 2, 118, 146, 72, 75, 145, 86, 22, 114], [129, 34, 60, 40, 158], [152, 125, 119, 100, 32, 63], [15, 82, 36, 142, 62, 18, 162, 177, 65, 87, 47, 121], [71, 131, 25, 181, 106, 3, 80, 27, 171, 79], [192, 6, 178, 14, 187, 24, 96, 175, 48]]",true
25,114063,4161,swap,CMT5.vrp,"[[21, 55, 107, 93, 5, 20, 166, 174, 59, 173], [167, 73, 144, 51, 123, 111], [8, 108, 130, 97, 49, 182, 159, 194, 185, 113], [120, 156, 23, 191, 89, 104, 183, 195, 30, 103, 54, 179, 157, 140], [148, 163, 165, 85, 164, 105, 33, 115, 53, 186, 139], [81, 56, 92, 189, 109, 39, 151, 17], [137, 42, 91, 141, 197, 116, 76, 150, 170, 7, 58, 154, 122, 28, 64, 101], [77, 128, 172, 37, 29, 184, 196, 136, 143, 188], [4, 127, 149, 98, 99, 102], [112, 90, 41, 66, 135, 57, 110, 10, 95, 45, 46], [74, 31, 52, 11, 168, 67, 190, 68, 61], [161, 50, 26, 134, 84, 35, 70, 12, 44, 160, 43, 193, 94, 198], [132, 176, 19, 180, 78, 9, 117, 126, 69, 169, 147], [124, 88, 138, 155, 83, 153, 13, 199, 16, 133, 38], [1, 2, 118, 146, 72, 75, 145, 86, 22, 114], [129, 34, 60, 40, 158], [152, 125, 119, 100, 32, 63], [15, 82, 36, 142, 62, 18, 162, 177, 65, 87, 47, 121], [71, 131, 25, 181, 106, 3, 80, 27, 171, 79], [192, 6, 178, 14, 187, 24, 96, 175, 48]]",true
26,118048,4115,swap,CMT5.vrp,"[[21, 55, 107, 93, 5, 20, 166, 174, 59, 173], [167, 73, 144, 51, 123, 111], [8, 108, 130, 97, 49, 182, 159, 194, 185, 113], [120, 156, 23, 191, 89, 104, 183, 195, 30, 103, 54, 179, 157, 140], [148, 163, 165, 85, 164, 105, 33, 115, 53, 186, 139], [81, 56, 92, 189, 109, 39, 151, 17], [137, 42, 91, 141, 197, 116, 76, 150, 170, 7, 58, 154, 122, 28, 64, 101], [77, 128, 172, 37, 29, 184, 196, 136, 143, 188], [4, 127, 149, 98, 99, 102], [112, 90, 41, 66, 135, 57, 110, 10, 95, 45, 46], [75, 31, 52, 11, 168, 67, 190, 68, 61], [161, 50, 26, 134, 84, 35, 70, 12, 44, 160, 43, 193, 94, 198], [132, 176, 19, 180, 78, 9, 117, 126, 69, 169, 147], [124, 88, 138, 155, 83, 153, 13, 199, 16, 133, 38], [1, 2, 118, 146, 72, 74, 145, 86, 22, 114], [129, 34, 60, 40, 158], [152, 125, 119, 100, 32, 63], [15, 82, 36, 142, 62, 18, 162, 177, 65, 87, 47, 121], [71, 131, 25, 181, 106, 3, 80, 27, 171, 79], [192, 6, 178, 14, 187, 24, 96, 175, 48]]",true
27,121959,4070,2-opt,CMT5.vrp,"[[21, 173, 59, 174, 166, 20, 5, 93, 107, 55], [167, 73, 144, 51, 123, 111], [8, 108, 130, 97, 49, 182, 159, 194, 185, 113], [120, 156, 23, 191, 89, 104, 183, 195, 30, 103, 54, 179, 157, 140], [148, 163, 165, 85, 164, 105, 33, 115, 53, 186, 139], [81, 56, 92, 189, 109, 39, 151, 17], [137, 42, 91, 141, 197, 116, 76, 150, 170, 7, 58, 154, 122, 28, 64, 101], [77, 128, 172, 37, 29, 184, 196, 136, 143, 188], [4, 127, 149, 98, 99, 102], [112, 90, 41, 66, 135, 57, 110, 10, 95, 45, 46], [75, 31, 52, 11, 168, 67, 190, 68, 61], [161, 50, 26, 134, 84, 35, 70, 12, 44, 160, 43, 193, 94, 198], [132, 176, 19, 180, 78, 9, 117, 126, 69, 169, 147], [124, 88, 138, 155, 83, 153, 13, 199, 16, 133, 38], [1, 2, 118, 146, 72, 74, 145, 86, 22, 114], [129, 34, 60, 40, 158], [152, 125, 119, 100, 32, 63], [15, 82, 36, 142, 62, 18, 162, 177, 65, 87, 47, 121], [71, 131, 25, 181, 106, 3, 80, 27, 171, 79], [192, 6, 178, 14, 187, 24, 96, 175, 48]]",true
28,127438,4026,swap,CMT5.vrp,"[[21, 173, 59, 174, 166, 20, 5, 93, 107, 55], [167, 73, 144, 51, 123, 111], [8, 108, 130, 97, 49, 182, 159, 194, 185, 113], [120, 156, 23, 191, 89, 104, 183, 195, 30, 103, 54, 179, 157, 140], [148, 163, 165, 85, 164, 105, 33, 115, 53, 186, 139], [81, 56, 92, 189, 109, 39, 151, 17], [137, 42, 91, 141, 197, 116, 76, 150, 170, 7, 58, 154, 122, 28, 64, 101], [77, 128, 15, 37, 29, 184, 196, 136, 143, 188], [4, 127, 149, 98, 99, 102], [112, 90, 41, 66, 135, 57, 110, 10, 95, 45, 46], [75, 31, 52, 11, 168, 67, 190, 68, 61], [161, 50, 26, 134, 84, 35, 70, 12, 44, 160, 43, 193, 94, 198], [132, 176, 19, 180, 78, 9, 117, 126, 69, 169, 147], [124, 88, 138, 155, 83, 153, 13, 199, 16, 133, 38], [1, 2, 118, 146, 72, 74, 145, 86, 22, 114], [129, 34, 60, 40, 158], [152, 125, 119, 100, 32, 63], [172, 82, 36, 142, 62, 18, 162, 177, 65, 87, 47, 121], [71, 131, 25, 181, 106, 3, 80, 27, 171, 79], [192, 6, 178, 14, 187, 24, 96, 175, 48]]",true
29,131373,3983,swap,CMT5.vrp,"[[21, 173, 59, 174, 166, 20, 5, 93, 107, 55], [147, 73, 144, 51, 123, 111], [8, 108, 130, 97, 49, 182, 159, 194, 185, 113], [120, 156, 23, 191, 89, 104, 183, 195, 30, 103, 54, 179, 157, 140], [148, 163, 165, 85, 164, 105, 33, 115, 53, 186, 139], [81, 56, 92, 189, 109, 39, 151, 17], [137, 42, 91, 141, 197, 116, 76, 150, 170, 7, 58, 154, 122, 28, 64, 101], [77, 128, 15, 37, 29, 184, 196, 136, 143, 188], [4, 127, 149, 98, 99, 102], [112, 90, 41, 66, 135, 57, 110, 10, 95, 45, 46], [75, 31, 52, 11, 168, 67, 190, 68, 61], [161, 50, 26, 134, 84, 35, 70, 12, 44, 160, 43, 193, 94, 198], [132, 176, 19, 180, 78, 9, 117, 126, 69, 169, 167], [124, 88, 138, 155, 83, 153, 13, 199, 16, 133, 38], [1, 2, 118, 146, 72, 74, 145, 86, 22, 114], [129, 34, 60, 40, 158], [152, 125, 119, 100, 32, 63], [172, 82, 36, 142, 62, 18, 162, 177, 65, 87, 47, 121], [71, 131, 25, 181, 106, 3, 80, 27, 171, 79], [192, 6, 178, 14, 187, 24, 96, 175, 48]]",true
30,134900,3938,or-opt,CMT5.vrp,"[[21, 173, 59, 174, 166, 20, 5, 93, 107, 55], [147, 73, 144, 51, 123, 111], [8, 108, 130, 97, 49, 182, 159, 194, 185, 113], [120, 156, 23, 191, 89, 104, 183, 195, 30, 103, 54, 179, 157, 140], [148, 163, 165, 85, 164, 105, 33, 115, 53, 186, 139], [81, 56, 92, 189, 109, 39, 151, 17], [137, 42, 91, 141, 197, 116, 76, 150, 170, 7, 58, 154, 122, 28, 64, 101], [77, 128, 15, 37, 29, 184, 196, 136, 143, 188], [4, 127, 149, 98, 99, 102], [112, 90, 41, 66, 135, 57, 110, 10, 95, 45, 46], [75, 31, 52, 11, 168, 67, 190, 68, 61], [161, 50, 26, 134, 84, 35, 70, 12, 44, 160, 43, 193, 94, 198], [132, 176, 19, 180, 78, 69, 169, 9, 117, 126, 167], [124, 88, 138, 155, 83, 153, 13, 199, 16, 133, 38], [1, 2, 118, 146, 72, 74, 145, 86, 22, 114], [129, 34, 60, 40, 158], [152, 125, 119, 100, 32, 63], [172, 82, 36, 142, 62, 18, 162, 177, 65, 87, 47, 121], [71, 131, 25, 181, 106, 3, 80, 27, 171, 79], [192, 6, 178, 14, 187, 24, 96, 175, 48]]",true
31,138353,3894,swap,CMT5.vrp,"[[21, 173, 59, 174, 166, 20, 5, 93, 107, 55], [147, 73, 144, 51, 123, 111], [8, 108, 130, 97, 49, 182, 159, 194, 185, 113], [120, 156, 23, 191, 89, 104, 183, 195, 30, 103, 54, 179, 157, 140], [148, 163, 165, 85, 164, 105, 33, 115, 53, 186, 139], [81, 56, 92, 189, 109, 39, 151, 17], [137, 42, 91, 141, 197, 116, 76, 150, 170, 7, 58, 154, 122, 28, 64, 101], [133, 128, 15, 37, 29, 184, 196, 136, 143, 188], [4, 127, 149, 98, 99, 102], [112, 90, 41, 66, 135, 57, 110, 10, 95, 45, 46], [75, 31, 52, 11, 168, 67, 190, 68, 61], [161, 50, 26, 134, 84, 35, 70, 12, 44, 160, 43, 193, 94, 198], [132, 176, 19, 180, 78, 69, 169, 9, 117, 126, 167], [124, 88, 138, 155, 83, 153, 13, 199, 16, 77, 38], [1, 2, 118, 146, 72, 74, 145, 86, 22, 114], [129, 34, 60, 40, 158], [152, 125, 119, 100, 32, 63], [172, 82, 36, 142, 62, 18, 162, 177, 65, 87, 47, 121], [71, 131, 25, 181, 106, 3, 80, 27, 171, 79], [192, 6, 178, 14, 187, 24, 96, 175, 48]]",true
32,143382,3854,or-opt,CMT5.vrp,"[[21, 173, 59, 174, 166, 20, 5, 93, 107, 55], [147, 73, 144, 51, 123, 111], [8, 108, 130, 97, 49, 182, 159, 194, 185, 113], [120, 156, 23, 191, 89, 104, 183, 195, 30, 103, 54, 179, 157, 140], [148, 163, 165, 85, 164, 105, 33, 115, 53, 186, 139], [81, 56, 92, 189, 109, 39, 151, 17], [137, 42, 91, 141, 197, 116, 76, 150, 170, 7, 58, 154, 122, 28, 64, 101], [133, 128, 15, 37, 29, 184, 196, 136, 143, 188], [4, 127, 149, 98, 99, 102], [112, 90, 41, 66, 135, 57, 110, 10, 95, 45, 46], [75, 31, 52, 11, 168, 67, 190, 68, 61], [161, 50, 26, 134, 84, 35, 70, 12, 44, 160, 43, 193, 94, 198], [132, 176, 19, 180, 78, 69, 169, 9, 117, 126, 167], [124, 88, 138, 155, 83, 153, 13, 199, 16, 77, 38], [1, 2, 118, 146, 72, 74, 145, 86, 22, 114], [129, 34, 60, 40, 158], [152, 125, 119, 100, 32, 63], [172, 82, 36, 47, 121, 142, 62, 18, 162, 177, 65, 87], [71, 131, 25, 181, 106, 3, 80, 27, 171, 79], [192, 6, 178, 14, 187, 24, 96, 175, 48]]",true
33,148137,3815,swap,CMT5.vrp,"[[21, 173, 59, 174, 166, 20, 5, 93, 107, 55], [147, 73, 144, 51, 123, 111], [8, 108, 130, 97, 49, 182, 159, 194, 185, 113], [120, 156, 23, 191, 89, 104, 183, 195, 30, 103, 54, 179, 157, 140], [148, 163, 165, 85, 164, 105, 33, 115, 53, 186, 139], [81, 56, 57, 189, 109, 39, 151, 17], [137, 42, 91, 141, 197, 116, 76, 150, 170, 7, 58, 154, 122, 28, 64, 101], [133, 128, 15, 37, 29, 184, 196, 136, 143, 188], [4, 127, 149, 98, 99, 102], [112, 90, 41, 66, 135, 92, 110, 10, 95, 45, 46], [75, 31, 52, 11, 168, 67, 190, 68, 61], [161, 50, 26, 134, 84, 35, 70, 12, 44, 160, 43, 193, 94, 198], [132, 176, 19, 180, 78, 69, 169, 9, 117, 126, 167], [124, 88, 138, 155, 83, 153, 13, 199, 16, 77, 38], [1, 2, 118, 146, 72, 74, 145, 86, 22, 114], [129, 34, 60, 40, 158], [152, 125, 119, 100, 32, 63], [172, 82, 36, 47, 121, 142, 62, 18, 162, 177, 65, 87], [71, 131, 25, 181, 106, 3, 80, 27, 171, 79], [192, 6, 178, 14, 187, 24, 96, 175, 48]]",true
34,153569,3776,swap,CMT5.vrp,"[[21, 173, 59, 174, 166, 20, 5, 93, 107, 55], [147, 73, 144, 51, 123, 111], [8, 108, 130, 97, 49, 182, 159, 194, 185, 113], [120, 156, 23, 191, 89, 104, 183, 195, 30, 103, 167, 179, 157, 140], [148, 163, 165, 85, 164, 105, 33, 115, 53, 186, 139], [81, 56, 57, 189, 109, 39, 151, 17], [137, 42, 91, 141, 197, 116, 76, 150, 170, 7, 58, 154, 122, 28, 64, 101], [133, 128, 15, 37, 29, 184, 196, 136, 143, 188], [4, 127, 149, 98, 99, 102], [112, 90, 41, 66, 135, 92, 110, 10, 95, 45, 46], [75, 31, 52, 11, 168, 67, 190, 68, 61], [161, 50, 26, 134, 84, 35, 70, 12, 44, 160, 43, 193, 94, 198], [132, 176, 19, 180, 78, 69, 169, 9, 117, 126, 54], [124, 88, 138, 155, 83, 153, 13, 199, 16, 77, 38], [1, 2, 118, 146, 72, 74, 145, 86, 22, 114], [129, 34, 60, 40, 158], [152, 125, 119, 100, 32, 63], [172, 82, 36, 47, 121, 142, 62, 18, 162, 177, 65, 87], [71, 131, 25, 181, 106, 3, 80, 27, 171, 79], [192, 6, 178, 14, 187, 24, 96, 175, 48]]",true
35,157545,3738,swap,CMT5.vrp,"[[21, 173, 59, 174, 166, 20, 5, 93, 107, 55], [147, 73, 144, 51, 123, 111], [8, 108, 130, 97, 49, 182, 159, 194, 185, 113], [120, 156, 66, 191, 89, 104, 183, 195, 30, 103, 167, 179, 157, 140], [148, 163, 165, 85, 164, 105, 33, 115, 53, 186, 139], [81, 56, 57, 189, 109, 39, 151, 17], [137, 42, 91, 141, 197, 116, 76, 150, 170, 7, 58, 154, 122, 28, 64, 101], [133, 128, 15, 37, 29, 184, 196, 136, 143, 188], [4, 127, 149, 98, 99, 102], [112, 90, 41, 23, 135, 92, 110, 10, 95, 45, 46], [75, 31, 52, 11, 168, 67, 190, 68, 61], [161, 50, 26, 134, 84, 35, 70, 12, 44, 160, 43, 193, 94, 198], [132, 176, 19, 180, 78, 69, 169, 9, 117, 126, 54], [124, 88, 138, 155, 83, 153, 13, 199, 16, 77, 38], [1, 2, 118, 146, 72, 74, 145, 86, 22, 114], [129, 34, 60, 40, 158], [152, 125, 119, 100, 32, 63], [172, 82, 36, 47, 121, 142, 62, 18, 162, 177, 65, 87], [71, 131, 25, 181, 106, 3, 80, 27, 171, 79], [192, 6, 178, 14, 187, 24, 96, 175, 48]]",true
36,161757,3702,2-opt,CMT5.vrp,"[[21, 173, 59, 174, 166, 20, 5, 93, 107, 55], [147, 73, 144, 51, 123, 111], [8, 108, 130, 97, 49, 182, 159, 194, 185, 113], [120, 156, 66, 191, 89, 104, 183, 195, 30, 103, 167, 179, 157, 140], [148, 163, 165, 85, 164, 105, 33, 115, 53, 186, 139], [81, 56, 57, 189, 109, 39, 151, 17], [137, 42, 91, 141, 197, 116, 76, 150, 170, 7, 58, 154, 122, 28, 64, 101], [133, 128, 15, 37, 29, 184, 196, 136, 143, 188], [4, 127, 149, 98, 99, 102], [112, 90, 41, 23, 135, 92, 110, 10, 95, 45, 46], [75, 31, 52, 11, 168, 67, 190, 68, 61], [161, 50, 26, 134, 84, 35, 70, 12, 44, 160, 43, 193, 94, 198], [132, 176, 19, 180, 78, 69, 169, 9, 117, 126, 54], [124, 88, 138, 155, 83, 153, 13, 199, 16, 77, 38], [1, 2, 118, 146, 72, 74, 145, 86, 22, 114], [129, 34, 60, 40, 158], [152, 125, 119, 100, 32, 63], [172, 82, 36, 47, 121, 142, 62, 18, 162, 177, 65, 87], [71, 131, 25, 181, 106, 3, 80, 27, 171, 79], [192, 6, 96, 24, 187, 14, 178, 175, 48]]",true
37,166389,3661,swap,CMT5.vrp,"[[21, 173, 59, 174, 166, 20, 5, 93, 107, 55], [147, 73, 144, 51, 123, 111], [8, 108, 130, 97, 49, 182, 159, 194, 185, 113], [120, 156, 66, 191, 89, 104, 183, 195, 30, 103, 167, 179, 157, 140], [148, 163, 165, 85, 164, 105, 33, 115, 53, 186, 139], [81, 56, 57, 189, 109, 39, 151, 17], [137, 42, 91, 141, 197, 116, 76, 150, 170, 7, 58, 154, 122, 28, 64, 101], [133, 128, 15, 37, 29, 184, 196, 136, 143, 188], [4, 127, 149, 98, 99, 102], [112, 90, 41, 23, 135, 92, 110, 10, 95, 45, 46], [75, 31, 52, 11, 168, 67, 190, 68, 61], [161, 50, 26, 134, 84, 35, 70, 12, 44, 160, 43, 193, 94, 198], [132, 176, 19, 180, 78, 69, 169, 9, 117, 126, 54], [124, 88, 138, 155, 83, 153, 13, 199, 16, 77, 38], [1, 2, 118, 146, 72, 74, 145, 86, 22, 114], [129, 34, 60, 40, 6], [152, 125, 119, 100, 32, 63], [172, 82, 36, 47, 121, 142, 62, 18, 162, 177, 65, 87], [71, 131, 25, 181, 106, 3, 80, 27, 171, 79], [192, 158, 96, 24, 187, 14, 178, 175, 48]]",true
38,170999,3626,swap,CMT5.vrp,"[[21, 173, 59, 174, 166, 20, 5, 93, 107, 55], [147, 73, 144, 51, 123, 111], [8, 108, 130, 97, 49, 182, 159, 194, 185, 113], [120, 156, 66, 191, 89, 104, 183, 195, 30, 103, 167, 179, 157, 140], [148, 163, 165, 85, 164, 105, 33, 115, 53, 186, 139], [81, 56, 57, 189, 109, 39, 151, 17], [137, 42, 91, 141, 197, 116, 76, 150, 170, 7, 58, 154, 122, 28, 64, 101], [133, 128, 15, 37, 29, 184, 196, 136, 143, 188], [4, 127, 149, 98, 99, 102], [112, 90, 41, 23, 135, 92, 110, 10, 129, 45, 46], [75, 31, 52, 11, 168, 67, 190, 68, 61], [161, 50, 26, 134, 84, 35, 70, 12, 44, 160, 43, 193, 94, 198], [132, 176, 19, 180, 78, 69, 169, 9, 117, 126, 54], [124, 88, 138, 155, 83, 153, 13, 199, 16, 77, 38], [1, 2, 118, 146, 72, 74, 145, 86, 22, 114], [95, 34, 60, 40, 6], [152, 125, 119, 100, 32, 63], [172, 82, 36, 47, 121, 142, 62, 18, 162, 177, 65, 87], [71, 131, 25, 181, 106, 3, 80, 27, 171, 79], [192, 158, 96, 24, 187, 14, 178, 175, 48]]",true
39,176035,3587,swap,CMT5.vrp,"[[21, 173, 59, 174, 166, 20, 5, 93, 107, 55], [147, 73, 144, 51, 123, 111], [8, 108, 130, 97, 49, 182, 159, 194, 185, 113], [120, 156, 66, 191, 89, 104, 183, 195, 30, 103, 167, 179, 157, 140], [148, 163, 165, 85, 164, 105, 33, 115, 53, 186, 139], [81, 56, 57, 189, 109, 39, 151, 17], [137, 42, 91, 141, 197, 116, 76, 150, 170, 7, 58, 154, 122, 28, 64, 101], [133, 128, 15, 37, 29, 184, 196, 136, 143, 188], [4, 127, 45, 98, 99, 102], [112, 90, 41, 23, 135, 92, 110, 10, 129, 149, 46], [75, 31, 52, 11, 168, 67, 190, 68, 61], [161, 50, 26, 134, 84, 35, 70, 12, 44, 160, 43, 193, 94, 198], [132, 176, 19, 180, 78, 69, 169, 9, 117, 126, 54], [124, 88, 138, 155, 83, 153, 13, 199, 16, 77, 38], [1, 2, 118, 146, 72, 74, 145, 86, 22, 114], [95, 34, 60, 40, 6], [152, 125, 119, 100, 32, 63], [172, 82, 36, 47, 121, 142, 62, 18, 162, 177, 65, 87], [71, 131, 25, 181, 106, 3, 80, 27, 171, 79], [192, 158, 96, 24, 187, 14, 178, 175, 48]]",true
40,179719,3552,swap,CMT5.vrp,"[[21, 173, 59, 174, 166, 20, 5, 93, 107, 55], [147, 73, 144, 51, 123, 111], [8, 108, 130, 97, 49, 182, 159, 194, 185, 113], [120, 156, 66, 191, 89, 104, 183, 195, 30, 103, 167, 179, 157, 140], [148, 163, 165, 85, 164, 105, 33, 115, 53, 186, 139], [81, 56, 57, 189, 109, 39, 151, 17], [137, 42, 91, 141, 197, 116, 76, 150, 170, 7, 58, 154, 122, 28, 64, 101], [133, 128, 15, 37, 29, 184, 196, 136, 143, 188], [4, 127, 45, 98, 99, 102], [112, 90, 41, 23, 135, 92, 110, 10, 129, 149, 46], [75, 31, 52, 11, 168, 67, 190, 68, 61], [161, 50, 119, 134, 84, 35, 70, 12, 44, 160, 43, 193, 94, 198], [132, 176, 19, 180, 78, 69, 169, 9, 117, 126, 54], [124, 88, 138, 155, 83, 153, 13, 199, 16, 77, 38], [1, 2, 118, 146, 72, 74, 145, 86, 22, 114], [95, 34, 60, 40, 6], [152, 125, 26, 100, 32, 63], [172, 82, 36, 47, 121, 142, 62, 18, 162, 177, 65, 87], [71, 131, 25, 181, 106, 3, 80, 27, 171, 79], [192, 158, 96, 24, 187, 14, 178, 175, 48]]",true
41,183483,3519,swap,CMT5.vrp,"[[21, 173, 59, 174, 166, 20, 5, 93, 107, 55], [147, 73, 144, 51, 123, 111], [8, 108, 130, 97, 49, 182, 159, 115, 185, 113], [120, 156, 66, 191, 89, 104, 183, 195, 30, 103, 167, 179, 157, 140], [148, 163, 165, 85, 164, 105, 33, 194, 53, 186, 139], [81, 56, 57, 189, 109, 39, 151, 17], [137, 42, 91, 141, 197, 116, 76, 150, 170, 7, 58, 154, 122, 28, 64, 101], [133, 128, 15, 37, 29, 184, 196, 136, 143, 188], [4, 127, 45, 98, 99, 102], [112, 90, 41, 23, 135, 92, 110, 10, 129, 149, 46], [75, 31, 52, 11, 168, 67, 190, 68, 61], [161, 50, 119, 134, 84, 35, 70, 12, 44, 160, 43, 193, 94, 198], [132, 176, 19, 180, 78, 69, 169, 9, 117, 126, 54], [124, 88, 138, 155, 83, 153, 13, 199, 16, 77, 38], [1, 2, 118, 146, 72, 74, 145, 86, 22, 114], [95, 34, 60, 40, 6], [152, 125, 26, 100, 32, 63], [172, 82, 36, 47, 121, 142, 62, 18, 162, 177, 65, 87], [71, 131, 25, 181, 106, 3, 80, 27, 171, 79], [192, 158, 96, 24, 187, 14, 178, 175, 48]]",true
42,187336,3491,or-opt,CMT5.vrp,"[[21, 173, 59, 174, 166, 20, 5, 93, 107, 55], [147, 73, 144, 51, 123, 111], [8, 108, 130, 97, 49, 182, 159, 115, 185, 113], [120, 156, 66, 191, 89, 104, 183, 195, 30, 103, 167, 179, 157, 140], [148, 163, 165, 85, 164, 105, 33, 194, 53, 186, 139], [81, 56, 57, 189, 109, 39, 151, 17], [137, 42, 91, 141, 197, 116, 76, 150, 170, 7, 58, 154, 122, 28, 64, 101], [133, 128, 15, 37, 29, 184, 196, 136, 143, 188], [4, 127, 45, 98, 99, 102], [112, 90, 41, 23, 135, 92, 110, 10, 129, 149, 46], [75, 31, 52, 11, 168, 67, 190, 68, 61], [161, 50, 119, 134, 84, 35, 70, 12, 44, 160, 43, 193, 94, 198], [132, 176, 19, 180, 78, 69, 169, 9, 117, 126, 54], [124, 88, 138, 155, 83, 153, 13, 199, 16, 77, 38], [118, 146, 72, 74, 145, 86, 22, 114, 1, 2], [95, 34, 60, 40, 6], [152, 125, 26, 100, 32, 63], [172, 82, 36, 47, 121, 142, 62, 18, 162, 177, 65, 87], [71, 131, 25, 181, 106, 3, 80, 27, 171, 79], [192, 158, 96, 24, 187, 14, 178, 175, 48]]",true
43,191588,3448,swap,CMT5.vrp,"[[21, 173, 59, 174, 166, 20, 5, 93, 107, 55], [147, 73, 144, 51, 123, 111], [8, 108, 130, 97, 49, 182, 159, 115, 185, 113], [120, 156, 66, 191, 89, 104, 183, 195, 30, 103, 167, 179, 157, 140], [148, 163, 165, 85, 164, 105, 33, 194, 53, 186, 139], [81, 56, 57, 189, 109, 39, 151, 17], [137, 42, 91, 141, 197, 116, 76, 150, 170, 7, 58, 154, 122, 28, 64, 101], [133, 128, 15, 37, 29, 184, 196, 136, 143, 188], [4, 127, 45, 98, 99, 102], [112, 90, 41, 23, 135, 92, 110, 10, 129, 149, 46], [75, 31, 52, 11, 168, 67, 190, 68, 61], [161, 50, 119, 134, 84, 35, 70, 12, 44, 160, 43, 193, 1, 198], [132, 176, 19, 180, 78, 69, 169, 9, 117, 126, 54], [124, 88, 138, 155, 83, 153, 13, 199, 16, 77, 38], [118, 146, 72, 74, 145, 86, 22, 114, 94, 2], [95, 34, 60, 40, 6], [152, 125, 26, 100, 32, 63], [172, 82, 36, 47, 121, 142, 62, 18, 162, 177, 65, 87], [71, 131, 25, 181, 106, 3, 80, 27, 171, 79], [192, 158, 96, 24, 187, 14, 178, 175, 48]]",true
44,196853,3419,swap,CMT5.vrp,"[[21, 173, 59, 174, 166, 20, 5, 93, 107, 55], [147, 73, 144, 51, 123, 111], [8, 108, 130, 97, 49, 182, 159, 115, 185, 113], [120, 156, 66, 191, 89, 104, 183, 195, 30, 103, 167, 179, 157, 140], [148, 163, 165, 85, 164, 105, 33, 194, 53, 186, 139], [81, 56, 57, 189, 109, 39, 151, 17], [137, 42, 91, 141, 197, 116, 76, 150, 170, 7, 58, 154, 122, 28, 64, 101], [133, 128, 15, 37, 29, 184, 196, 136, 143, 188], [4, 127, 45, 98, 99, 102], [112, 90, 41, 23, 135, 92, 110, 10, 129, 149, 46], [75, 31, 52, 11, 168, 67, 190, 68, 61], [161, 50, 119, 134, 84, 35, 70, 12, 44, 160, 43, 199, 1, 198], [132, 176, 19, 180, 78, 69, 169, 9, 117, 126, 54], [124, 88, 138, 155, 83, 153, 13, 193, 16, 77, 38], [118, 146, 72, 74, 145, 86, 22, 114, 94, 2], [95, 34, 60, 40, 6], [152, 125, 26, 100, 32, 63], [172, 82, 36, 47, 121, 142, 62, 18, 162, 177, 65, 87], [71, 131, 25, 181, 106, 3, 80, 27, 171, 79], [192, 158, 96, 24, 187, 14, 178, 175, 48]]",true
45,200379,3390,swap,CMT5.vrp,"[[21, 173, 59, 174, 166, 20, 5, 93, 107, 55], [147, 73, 144, 51, 123, 111], [8, 108, 130, 97, 49, 182, 159, 115, 185, 113], [120, 156, 66, 191, 89, 104, 183, 195, 30, 103, 167, 179, 157, 140], [148, 163, 165, 85, 164, 105, 33, 194, 53, 186, 139], [81, 56, 57, 189, 109, 39, 151, 17], [137, 42, 91, 141, 197, 116, 76, 150, 170, 7, 58, 154, 122, 28, 64, 101], [133, 128, 15, 37, 29, 184, 196, 136, 143, 188], [4, 127, 45, 98, 99, 102], [112, 90, 41, 23, 135, 92, 110, 10, 129, 149, 46], [75, 31, 52, 11, 168, 67, 190, 68, 61], [161, 80, 119, 134, 84, 35, 70, 12, 44, 160, 43, 199, 1, 198], [132, 176, 19, 180, 78, 69, 169, 9, 117, 126, 54], [124, 88, 138, 155, 83, 153, 13, 193, 16, 77, 38], [118, 146, 72, 74, 145, 86, 22, 114, 94, 2], [95, 34, 60, 40, 6], [152, 125, 26, 100, 32, 63], [172, 82, 36, 47, 121, 142, 62, 18, 162, 177, 65, 87], [71, 131, 25, 181, 106, 3, 50, 27, 171, 79], [192, 158, 96, 24, 187, 14, 178, 175, 48]]",true
46,203833,3363,swap,CMT5.vrp,"[[21, 173, 59, 174, 166, 20, 5, 93, 107, 55], [147, 73, 144, 51, 123, 111], [8, 108, 130, 97, 49, 182, 159, 115, 185, 113], [120, 156, 66, 191, 89, 104, 183, 195, 30, 103, 167, 179, 157, 140], [148, 163, 165, 85, 164, 105, 33, 194, 53, 186, 139], [81, 56, 57, 189, 109, 39, 151, 17], [137, 42, 91, 141, 197, 116, 76, 150, 170, 7, 58, 154, 122, 28, 64, 101], [133, 128, 15, 37, 29, 184, 196, 136, 143, 188], [4, 127, 45, 98, 99, 102], [112, 90, 41, 23, 135, 92, 110, 10, 129, 149, 46], [75, 31, 52, 11, 168, 67, 190, 68, 61], [161, 80, 119, 134, 84, 35, 70, 12, 44, 160, 43, 199, 1, 198], [132, 176, 19, 180, 78, 69, 169, 9, 117, 126, 54], [124, 88, 138, 155, 171, 153, 13, 193, 16, 77, 38], [118, 146, 72, 74, 145, 86, 22, 114, 94, 2], [95, 34, 60, 40, 6], [152, 125, 26, 100, 32, 63], [172, 82, 36, 47, 121, 142, 62, 18, 162, 177, 65, 87], [71, 131, 25, 181, 106, 3, 50, 27, 83, 79], [192, 158, 96, 24, 187, 14, 178, 175, 48]]",true
47,207498,3337,or-opt,CMT5.vrp,"[[21, 173, 59, 174, 166, 20, 5, 93, 107, 55], [147, 73, 144, 51, 123, 111], [8, 108, 130, 97, 49, 182, 159, 115, 185, 113], [157, 140, 120, 156, 66, 191, 89, 104, 183, 195, 30, 103, 167, 179], [148, 163, 165, 85, 164, 105, 33, 194, 53, 186, 139], [81, 56, 57, 189, 109, 39, 151, 17], [137, 42, 91, 141, 197, 116, 76, 150, 170, 7, 58, 154, 122, 28, 64, 101], [133, 128, 15, 37, 29, 184, 196, 136, 143, 188], [4, 127, 45, 98, 99, 102], [112, 90, 41, 23, 135, 92, 110, 10, 129, 149, 46], [75, 31, 52, 11, 168, 67, 190, 68, 61], [161, 80, 119, 134, 84, 35, 70, 12, 44, 160, 43, 199, 1, 198], [132, 176, 19, 180, 78, 69, 169, 9, 117, 126, 54], [124, 88, 138, 155, 171, 153, 13, 193, 16, 77, 38], [118, 146, 72, 74, 145, 86, 22, 114, 94, 2], [95, 34, 60, 40, 6], [152, 125, 26, 100, 32, 63], [172, 82, 36, 47, 121, 142, 62, 18, 162, 177, 65, 87], [71, 131, 25, 181, 106, 3, 50, 27, 83, 79], [192, 158, 96, 24, 187, 14, 178, 175, 48]]",true
48,214314,3311,swap,CMT5.vrp,"[[21, 173, 59, 174, 166, 20, 5, 93, 107, 55], [147, 73, 144, 51, 123, 111], [8, 108, 130, 97, 49, 182, 159, 115, 185, 113], [157, 140, 120, 156, 66, 191, 42, 104, 183, 195, 30, 103, 167, 179], [148, 163, 165, 85, 164, 105, 33, 194, 53, 186, 139], [81, 56, 57, 189, 109, 39, 151, 17], [137, 89, 91, 141, 197, 116, 76, 150, 170, 7, 58, 154, 122, 28, 64, 101], [133, 128, 15, 37, 29, 184, 196, 136, 143, 188], [4, 127, 45, 98, 99, 102], [112, 90, 41, 23, 135, 92, 110, 10, 129, 149, 46], [75, 31, 52, 11, 168, 67, 190, 68, 61], [161, 80, 119, 134, 84, 35, 70, 12, 44, 160, 43, 199, 1, 198], [132, 176, 19, 180, 78, 69, 169, 9, 117, 126, 54], [124, 88, 138, 155, 171, 153, 13, 193, 16, 77, 38], [118, 146, 72, 74, 145, 86, 22, 114, 94, 2], [95, 34, 60, 40, 6], [152, 125, 26, 100, 32, 63], [172, 82, 36, 47, 121, 142, 62, 18, 162, 177, 65, 87], [71, 131, 25, 181, 106, 3, 50, 27, 83, 79], [192, 158, 96, 24, 187, 14, 178, 175, 48]]",true
49,218997,3286,swap,CMT5.vrp,"[[21, 173, 59, 174, 166, 20, 5, 93, 107, 55], [147, 73, 144, 51, 123, 111], [8, 108, 130, 97, 49, 182, 159, 115, 185, 113], [157, 140, 120, 156, 66, 191, 42, 104, 183, 195, 30, 103, 167, 179], [148, 163, 165, 85, 164, 105, 33, 194, 53, 186, 139], [81, 56, 57, 189, 109, 39, 151, 17], [137, 89, 91, 141, 197, 116, 76, 150, 170, 7, 58, 154, 122, 28, 64, 101], [133, 128, 15, 37, 29, 86, 196, 136, 143, 188], [4, 127, 45, 98, 99, 102], [112, 90, 41, 23, 135, 92, 110, 10, 129, 149, 46], [75, 31, 52, 11, 168, 67, 190, 68, 61], [161, 80, 119, 134, 84, 35, 70, 12, 44, 160, 43, 199, 1, 198], [132, 176, 19, 180, 78, 69, 169, 9, 117, 126, 54], [124, 88, 138, 155, 171, 153, 13, 193, 16, 77, 38], [118, 146, 72, 74, 145, 184, 22, 114, 94, 2], [95, 34, 60, 40, 6], [152, 125, 26, 100, 32, 63], [172, 82, 36, 47, 121, 142, 62, 18, 162, 177, 65, 87], [71, 131, 25, 181, 106, 3, 50, 27, 83, 79], [192, 158, 96, 24, 187, 14, 178, 175, 48]]",true
50,223145,3260,swap,CMT5.vrp,"[[21, 173, 59, 174, 166, 20, 5, 93, 107, 55], [147, 73, 72, 51, 123, 111], [8, 108, 130, 97, 49, 182, 159, 115, 185, 113], [157, 140, 120, 156, 66, 191, 42, 104, 183, 195, 30, 103, 167, 179], [148, 163, 165, 85, 164, 105, 33, 194, 53, 186, 139], [81, 56, 57, 189, 109, 39, 151, 17], [137, 89, 91, 141, 197, 116, 76, 150, 170, 7, 58, 154, 122, 28, 64, 101], [133, 128, 15, 37, 29, 86, 196, 136, 143, 188], [4, 127, 45, 98, 99, 102], [112, 90, 41, 23, 135, 92, 110, 10, 129, 149, 46], [75, 31, 52, 11, 168, 67, 190, 68, 61], [161, 80, 119, 134, 84, 35, 70, 12, 44, 160, 43, 199, 1, 198], [132, 176, 19, 180, 78, 69, 169, 9, 117, 126, 54], [124, 88, 138, 155, 171, 153, 13, 193, 16, 77, 38], [118, 146, 144, 74, 145, 184, 22, 114, 94, 2], [95, 34, 60, 40, 6], [152, 125, 26, 100, 32, 63], [172, 82, 36, 47, 121, 142, 62, 18, 162, 177, 65, 87], [71, 131, 25, 181, 106, 3, 50, 27, 83, 79], [192, 158, 96, 24, 187, 14, 178, 175, 48]]",true
51,227701,3235,or-opt,CMT5.vrp,"[[21, 173, 59, 174, 166, 20, 5, 93, 107, 55], [147, 73, 72, 51, 123, 111], [8, 108, 130, 97, 49, 182, 159, 115, 185, 113], [157, 140, 120, 156, 66, 191, 42, 104, 183, 195, 30, 103, 167, 179], [148, 163, 165, 85, 164, 105, 33, 194, 53, 186, 139], [81, 56, 57, 189, 109, 39, 151, 17], [137, 89, 91, 141, 197, 116, 76, 150, 170, 7, 58, 154, 122, 28, 64, 101], [133, 128, 15, 37, 29, 86, 196, 136, 143, 188], [4, 127, 45, 98, 99, 102], [112, 90, 41, 23, 135, 92, 110, 10, 129, 149, 46], [75, 31, 52, 11, 168, 67, 190, 68, 61], [161, 80, 119, 134, 84, 35, 70, 12, 44, 160, 43, 199, 1, 198], [132, 176, 19, 180, 78, 69, 169, 9, 117, 126, 54], [153, 13, 124, 88, 138, 155, 171, 193, 16, 77, 38], [118, 146, 144, 74, 145, 184, 22, 114, 94, 2], [95, 34, 60, 40, 6], [152, 125, 26, 100, 32, 63], [172, 82, 36, 47, 121, 142, 62, 18, 162, 177, 65, 87], [71, 131, 25, 181, 106, 3, 50, 27, 83, 79], [192, 158, 96, 24, 187, 14, 178, 175, 48]]",true
52,231826,3214,swap,CMT5.vrp,"[[21, 173, 59, 174, 166, 20, 5, 93, 107, 55], [147, 73, 72, 51, 123, 111], [8, 108, 130, 97, 49, 182, 159, 115, 185, 113], [157, 140, 120, 156, 66, 191, 42, 104, 183, 195, 30, 103, 167, 179], [148, 163, 165, 85, 164, 105, 33, 194, 53, 186, 139], [81, 56, 57, 189, 109, 39, 151, 17], [137, 89, 91, 141, 197, 116, 76, 150, 170, 7, 58, 154, 122, 28, 64, 101], [133, 128, 15, 37, 29, 86, 196, 136, 143, 188], [4, 127, 45, 98, 99, 102], [112, 90, 41, 145, 135, 92, 110, 10, 129, 149, 46], [75, 31, 52, 11, 168, 67, 190, 68, 61], [161, 80, 119, 134, 84, 35, 70, 12, 44, 160, 43, 199, 1, 198], [132, 176, 19, 180, 78, 69, 169, 9, 117, 126, 54], [153, 13, 124, 88, 138, 155, 171, 193, 16, 77, 38], [118, 146, 144, 74, 23, 184, 22, 114, 94, 2], [95, 34, 60, 40, 6], [152, 125, 26, 100, 32, 63], [172, 82, 36, 47, 121, 142, 62, 18, 162, 177, 65, 87], [71, 131, 25, 181, 106, 3, 50, 27, 83, 79], [192, 158, 96, 24, 187, 14, 178, 175, 48]]",true
53,236413,3193,swap,CMT5.vrp,"[[21, 173, 59, 174, 166, 20, 5, 93, 107, 55], [147, 73, 72, 51, 123, 111], [8, 108, 130, 97, 49, 182, 159, 115, 185, 113], [157, 140, 120, 156, 66, 191, 42, 104, 183, 195, 30, 103, 167, 179], [148, 163, 165, 85, 164, 105, 33, 194, 53, 186, 139], [81, 56, 57, 189, 109, 39, 151, 17], [137, 89, 91, 141, 197, 116, 76, 150, 170, 7, 58, 154, 122, 28, 64, 101], [133, 128, 15, 37, 29, 86, 196, 136, 143, 188], [4, 127, 45, 98, 99, 102], [112, 90, 41, 145, 135, 92, 110, 10, 129, 149, 46], [75, 31, 52, 11, 168, 67, 190, 68, 61], [161, 80, 119, 134, 84, 35, 70, 12, 44, 160, 43, 199, 1, 198], [132, 177, 19, 180, 78, 69, 169, 9, 117, 126, 54], [153, 13, 124, 88, 138, 155, 171, 193, 16, 77, 38], [118, 146, 144, 74, 23, 184, 22, 114, 94, 2], [95, 34, 60, 40, 6], [152, 125, 26, 100, 32, 63], [172, 82, 36, 47, 121, 142, 62, 18, 162, 176, 65, 87], [71, 131, 25, 181, 106, 3, 50, 27, 83, 79], [192, 158, 96, 24, 187, 14, 178, 175, 48]]",true
54,240878,3175,swap,CMT5.vrp,"[[21, 173, 59, 174, 166, 20, 5, 120, 107, 55], [147, 73, 72, 51, 123, 111], [8, 108, 130, 97, 49, 182, 159, 115, 185, 113], [157, 140, 93, 156, 66, 191, 42, 104, 183, 195, 30, 103, 167, 179], [148, 163, 165, 85, 164, 105, 33, 194, 53, 186, 139], [81, 56, 57, 189, 109, 39, 151, 17], [137, 89, 91, 141, 197, 116, 76, 150, 170, 7, 58, 154, 122, 28, 64, 101], [133, 128, 15, 37, 29, 86, 196, 136, 143, 188], [4, 127, 45, 98, 99, 102], [112, 90, 41, 145, 135, 92, 110, 10, 129, 149, 46], [75, 31, 52, 11, 168, 67, 190, 68, 61], [161, 80, 119, 134, 84, 35, 70, 12, 44, 160, 43, 199, 1, 198], [132, 177, 19, 180, 78, 69, 169, 9, 117, 126, 54], [153, 13, 124, 88, 138, 155, 171, 193, 16, 77, 38], [118, 146, 144, 74, 23, 184, 22, 114, 94, 2], [95, 34, 60, 40, 6], [152, 125, 26, 100, 32, 63], [172, 82, 36, 47, 121, 142, 62, 18, 162, 176, 65, 87], [71, 131, 25, 181, 106, 3, 50, 27, 83, 79], [192, 158, 96, 24, 187, 14, 178, 175, 48]]",true
55,245010,3155,swap,CMT5.vrp,"[[21, 173, 59, 174, 166, 20, 5, 120, 96, 55], [147, 73, 72, 51, 123, 111], [8, 108, 130, 97, 49, 182, 159, 115, 185, 113], [157, 140, 93, 156, 66, 191, 42, 104, 183, 195, 30, 103, 167, 179], [148, 163, 165, 85, 164, 105, 33, 194, 53, 186, 139], [81, 56, 57, 189, 109, 39, 151, 17], [137, 89, 91, 141, 197, 116, 76, 150, 170, 7, 58, 154, 122, 28, 64, 101], [133, 128, 15, 37, 29, 86, 196, 136, 143, 188], [4, 127, 45, 98, 99, 102], [112, 90, 41, 145, 135, 92, 110, 10, 129, 149, 46], [75, 31, 52, 11, 168, 67, 190, 68, 61], [161, 80, 119, 134, 84, 35, 70, 12, 44, 160, 43, 199, 1, 198], [132, 177, 19, 180, 78, 69, 169, 9, 117, 126, 54], [153, 13, 124, 88, 138, 155, 171, 193, 16, 77, 38], [118, 146, 144, 74, 23, 184, 22, 114, 94, 2], [95, 34, 60, 40, 6], [152, 125, 26, 100, 32, 63], [172, 82, 36, 47, 121, 142, 62, 18, 162, 176, 65, 87], [71, 131, 25, 181, 106, 3, 50, 27, 83, 79], [192, 158, 107, 24, 187, 14, 178, 175, 48]]",true
56,248693,3137,swap,CMT5.vrp,"[[21, 173, 59, 174, 166, 20, 5, 120, 96, 55], [147, 73, 72, 51, 123, 111], [8, 108, 130, 97, 49, 182, 159, 115, 185, 113], [157, 140, 93, 156, 66, 191, 42, 104, 183, 195, 30, 103, 167, 179], [148, 163, 165, 85, 164, 105, 33, 194, 53, 186, 139], [81, 56, 57, 189, 109, 39, 151, 17], [137, 89, 91, 141, 197, 116, 76, 150, 170, 7, 58, 154, 122, 28, 64, 101], [133, 128, 15, 37, 29, 86, 196, 136, 143, 188], [4, 127, 45, 98, 99, 102], [112, 90, 41, 145, 135, 92, 110, 10, 129, 149, 46], [75, 31, 52, 11, 168, 67, 190, 68, 61], [161, 80, 119, 134, 84, 35, 70, 12, 44, 160, 43, 199, 1, 198], [132, 177, 19, 180, 14, 69, 169, 9, 117, 126, 54], [153, 13, 124, 88, 138, 155, 171, 193, 16, 77, 38], [118, 146, 144, 74, 23, 184, 22, 114, 94, 2], [95, 34, 60, 40, 6], [152, 125, 26, 100, 32, 63], [172, 82, 36, 47, 121, 142, 62, 18, 162, 176, 65, 87], [71, 131, 25, 181, 106, 3, 50, 27, 83, 79], [192, 158, 107, 24, 187, 78, 178, 175, 48]]",true
57,252537,3120,swap,CMT5.vrp,"[[21, 173, 59, 174, 166, 20, 5, 120, 96, 55], [147, 73, 72, 51, 123, 111], [8, 108, 130, 97, 49, 182, 159, 115, 185, 113], [157, 140, 93, 156, 66, 191, 42, 104, 183, 195, 30, 103, 167, 179], [148, 163, 165, 85, 164, 105, 33, 194, 53, 186, 139], [81, 56, 57, 189, 109, 39, 151, 17], [137, 89, 91, 141, 197, 116, 76, 150, 170, 7, 58, 154, 122, 28, 64, 101], [133, 128, 15, 37, 29, 86, 196, 136, 143, 188], [4, 127, 45, 98, 99, 102], [112, 90, 41, 145, 135, 92, 110, 10, 129, 149, 46], [75, 31, 52, 11, 168, 67, 190, 68, 61], [161, 80, 119, 134, 84, 35, 70, 12, 44, 160, 43, 199, 1, 198], [132, 177, 19, 180, 14, 69, 169, 9, 117, 126, 54], [153, 13, 124, 88, 138, 155, 171, 193, 16, 77, 38], [118, 146, 144, 74, 23, 184, 22, 114, 94, 2], [95, 34, 60, 40, 6], [152, 125, 26, 100, 32, 187], [172, 82, 36, 47, 121, 142, 62, 18, 162, 176, 65, 87], [71, 131, 25, 181, 106, 3, 50, 27, 83, 79], [192, 158, 107, 24, 63, 78, 178, 175, 48]]",true
58,256153,3103,swap,CMT5.vrp,"[[21, 173, 59, 174, 166, 20, 5, 120, 96, 55], [147, 73, 72, 51, 123, 111], [8, 108, 130, 97, 49, 182, 159, 115, 185, 113], [157, 140, 93, 156, 66, 191, 42, 104, 183, 195, 30, 103, 167, 179], [148, 163, 165, 85, 164, 105, 33, 194, 53, 186, 139], [81, 56, 57, 189, 109, 39, 151, 17], [137, 89, 91, 141, 197, 116, 76, 150, 170, 7, 58, 154, 122, 28, 64, 101], [70, 128, 15, 37, 29, 86, 196, 136, 143, 188], [4, 127, 45, 98, 99, 102], [112, 90, 41, 145, 135, 92, 110, 10, 129, 149, 46], [75, 31, 52, 11, 168, 67, 190, 68, 61], [161, 80, 119, 134, 84, 35, 133, 12, 44, 160, 43, 199, 1, 198], [132, 177, 19, 180, 14, 69, 169, 9, 117, 126, 54], [153, 13, 124, 88, 138, 155, 171, 193, 16, 77, 38], [118, 146, 144, 74, 23, 184, 22, 114, 94, 2], [95, 34, 60, 40, 6], [152, 125, 26, 100, 32, 187], [172, 82, 36, 47, 121, 142, 62, 18, 162, 176, 65, 87], [71, 131, 25, 181, 106, 3, 50, 27, 83, 79], [192, 158, 107, 24, 63, 78, 178, 175, 48]]",true
59,262835,3086,swap,CMT5.vrp,"[[21, 173, 59, 174, 166, 20, 5, 120, 96, 55], [147, 73, 72, 51, 123, 111], [8, 108, 130, 97, 49, 182, 159, 115, 185, 113], [157, 140, 93, 156, 66, 191, 42, 104, 183, 195, 30, 103, 167, 179], [148, 163, 165, 85, 164, 105, 33, 194, 53, 186, 139], [81, 56, 57, 189, 109, 39, 151, 17], [137, 89, 91, 141, 197, 116, 76, 150, 170, 133, 58, 154, 122, 28, 64, 101], [70, 128, 15, 37, 29, 86, 196, 136, 143, 188], [4, 127, 45, 98, 99, 102], [112, 90, 41, 145, 135, 92, 110, 10, 129, 149, 46], [75, 31, 52, 11, 168, 67, 190, 68, 61], [161, 80, 119, 134, 84, 35, 7, 12, 44, 160, 43, 199, 1, 198], [132, 177, 19, 180, 14, 69, 169, 9, 117, 126, 54], [153, 13, 124, 88, 138, 155, 171, 193, 16, 77, 38], [118, 146, 144, 74, 23, 184, 22, 114, 94, 2], [95, 34, 60, 40, 6], [152, 125, 26, 100, 32, 187], [172, 82, 36, 47, 121, 142, 62, 18, 162, 176, 65, 87], [71, 131, 25, 181, 106, 3, 50, 27, 83, 79], [192, 158, 107, 24, 63, 78, 178, 175, 48]]",true
60,266634,3061,swap,CMT5.vrp,"[[21, 173, 59, 174, 166, 20, 5, 120, 96, 55], [147, 73, 72, 51, 58, 111], [8, 108, 130, 97, 49, 182, 159, 115, 185, 113], [157, 140, 93, 156, 66, 191, 42, 104, 183, 195, 30, 103, 167, 179], [148, 163, 165, 85, 164, 105, 33, 194, 53, 186, 139], [81, 56, 57, 189, 109, 39, 151, 17], [137, 89, 91, 141, 197, 116, 76, 150, 170, 133, 123, 154, 122, 28, 64, 101], [70, 128, 15, 37, 29, 86, 196, 136, 143, 188], [4, 127, 45, 98, 99, 102], [112, 90, 41, 145, 135, 92, 110, 10, 129, 149, 46], [75, 31, 52, 11, 168, 67, 190, 68, 61], [161, 80, 119, 134, 84, 35, 7, 12, 44, 160, 43, 199, 1, 198], [132, 177, 19, 180, 14, 69, 169, 9, 117, 126, 54], [153, 13, 124, 88, 138, 155, 171, 193, 16, 77, 38], [118, 146, 144, 74, 23, 184, 22, 114, 94, 2], [95, 34, 60, 40, 6], [152, 125, 26, 100, 32, 187], [172, 82, 36, 47, 121, 142, 62, 18, 162, 176, 65, 87], [71, 131, 25, 181, 106, 3, 50, 27, 83, 79], [192, 158, 107, 24, 63, 78, 178, 175, 48]]",true
61,270152,3044,swap,CMT5.vrp,"[[21, 173, 59, 174, 166, 20, 5, 120, 96, 55], [147, 73, 72, 51, 58, 111], [8, 108, 130, 97, 49, 182, 159, 115, 185, 113], [157, 140, 93, 156, 66, 191, 42, 104, 183, 195, 30, 103, 167, 179], [148, 163, 165, 85, 164, 105, 33, 194, 53, 186, 139], [81, 56, 57, 189, 109, 39, 151, 17], [137, 89, 91, 141, 197, 116, 76, 150, 170, 133, 123, 154, 122, 28, 64, 101], [70, 128, 15, 37, 29, 86, 196, 136, 143, 188], [4, 48, 45, 98, 99, 102], [112, 90, 41, 145, 135, 92, 110, 10, 129, 149, 46], [75, 31, 52, 11, 168, 67, 190, 68, 61], [161, 80, 119, 134, 84, 35, 7, 12, 44, 160, 43, 199, 1, 198], [132, 177, 19, 180, 14, 69, 169, 9, 117, 126, 54], [153, 13, 124, 88, 138, 155, 171, 193, 16, 77, 38], [118, 146, 144, 74, 23, 184, 22, 114, 94, 2], [95, 34, 60, 40, 6], [152, 125, 26, 100, 32, 187], [172, 82, 36, 47, 121, 142, 62, 18, 162, 176, 65, 87], [71, 131, 25, 181, 106, 3, 50, 27, 83, 79], [192, 158, 107, 24, 63, 78, 178, 175, 127]]",true
62,274100,3028,2-opt,CMT5.vrp,"[[21, 173, 59, 174, 166, 20, 5, 120, 96, 55], [147, 73, 72, 51, 58, 111], [8, 108, 130, 97, 49, 182, 159, 115, 185, 113], [157, 140, 93, 156, 66, 191, 42, 104, 183, 195, 30, 103, 167, 179], [148, 163, 165, 85, 164, 105, 33, 194, 53, 186, 139], [81, 56, 57, 189, 109, 39, 151, 17], [137, 89, 91, 141, 197, 116, 76, 150, 170, 133, 123, 154, 122, 28, 64, 101], [70, 128, 15, 37, 29, 86, 196, 136, 143, 188], [4, 48, 45, 98, 99, 102], [112, 90, 41, 145, 135, 92, 110, 10, 129, 149, 46], [75, 31, 52, 11, 168, 67, 190, 68, 61], [161, 80, 119, 134, 84, 35, 7, 12, 44, 160, 43, 199, 1, 198], [132, 177, 19, 180, 14, 69, 169, 9, 117, 126, 54], [153, 13, 124, 88, 138, 155, 171, 193, 16, 77, 38], [118, 146, 144, 74, 23, 184, 22, 114, 94, 2], [95, 34, 60, 40, 6], [152, 125, 26, 100, 32, 187], [172, 82, 36, 47, 121, 142, 62, 18, 162, 176, 65, 87], [3, 106, 181, 25, 131, 71, 50, 27, 83, 79], [192, 158, 107, 24, 63, 78, 178, 175, 127]]",true
63,279094,3011,swap,CMT5.vrp,"[[21, 173, 59, 174, 166, 20, 5, 120, 96, 55], [147, 73, 72, 51, 58, 111], [8, 108, 130, 97, 49, 182, 159, 115, 185, 113], [157, 140, 93, 156, 66, 191, 42, 104, 183, 195, 30, 103, 167, 179], [148, 163, 165, 85, 164, 105, 33, 194, 53, 186, 139], [81, 56, 57, 189, 109, 39, 151, 17], [137, 89, 91, 141, 143, 116, 76, 150, 170, 133, 123, 154, 122, 28, 64, 101], [70, 128, 15, 37, 29, 86, 196, 136, 197, 188], [4, 48, 45, 98, 99, 102], [112, 90, 41, 145, 135, 92, 110, 10, 129, 149, 46], [75, 31, 52, 11, 168, 67, 190, 68, 61], [161, 80, 119, 134, 84, 35, 7, 12, 44, 160, 43, 199, 1, 198], [132, 177, 19, 180, 14, 69, 169, 9, 117, 126, 54], [153, 13, 124, 88, 138, 155, 171, 193, 16, 77, 38], [118, 146, 144, 74, 23, 184, 22, 114, 94, 2], [95, 34, 60, 40, 6], [152, 125, 26, 100, 32, 187], [172, 82, 36, 47, 121, 142, 62, 18, 162, 176, 65, 87], [3, 106, 181, 25, 131, 71, 50, 27, 83, 79], [192, 158, 107, 24, 63, 78, 178, 175, 127]]",true
64,283316,2992,2-opt,CMT5.vrp,"[[21, 173, 59, 174, 166, 20, 5, 120, 96, 55], [147, 73, 72, 51, 58, 111], [8, 108, 130, 97, 49, 182, 159, 115, 185, 113], [157, 140, 93, 156, 66, 191, 42, 104, 183, 195, 30, 103, 167, 179], [148, 163, 165, 85, 164, 105, 33, 194, 53, 186, 139], [81, 56, 57, 189, 109, 39, 151, 17], [141, 91, 89, 137, 143, 116, 76, 150, 170, 133, 123, 154, 122, 28, 64, 101], [70, 128, 15, 37, 29, 86, 196, 136, 197, 188], [4, 48, 45, 98, 99, 102], [112, 90, 41, 145, 135, 92, 110, 10, 129, 149, 46], [75, 31, 52, 11, 168, 67, 190, 68, 61], [161, 80, 119, 134, 84, 35, 7, 12, 44, 160, 43, 199, 1, 198], [132, 177, 19, 180, 14, 69, 169, 9, 117, 126, 54], [153, 13, 124, 88, 138, 155, 171, 193, 16, 77, 38], [118, 146, 144, 74, 23, 184, 22, 114, 94, 2], [95, 34, 60, 40, 6], [152, 125, 26, 100, 32, 187], [172, 82, 36, 47, 121, 142, 62, 18, 162, 176, 65, 87], [3, 106, 181, 25, 131, 71, 50, 27, 83, 79], [192, 158, 107, 24, 63, 78, 178, 175, 127]]",true
65,287388,2976,swap,CMT5.vrp,"[[21, 173, 59, 174, 166, 20, 5, 120, 96, 55], [147, 73, 72, 51, 58, 111], [8, 108, 130, 97, 49, 182, 159, 115, 185, 113], [157, 140, 93, 156, 66, 191, 42, 104, 183, 195, 30, 103, 167, 179], [148, 163, 165, 85, 164, 105, 33, 194, 53, 186, 139], [40, 56, 57, 189, 109, 39, 151, 17], [141, 91, 89, 137, 143, 116, 76, 150, 170, 133, 123, 154, 122, 28, 64, 101], [70, 128, 15, 37, 29, 86, 196, 136, 197, 188], [4, 48, 45, 98, 99, 102], [112, 90, 41, 145, 135, 92, 110, 10, 129, 149, 46], [75, 31, 52, 11, 168, 67, 190, 68, 61], [161, 80, 119, 134, 84, 35, 7, 12, 44, 160, 43, 199, 1, 198], [132, 177, 19, 180, 14, 69, 169, 9, 117, 126, 54], [153, 13, 124, 88, 138, 155, 171, 193, 16, 77, 38], [118, 146, 144, 74, 23, 184, 22, 114, 94, 2], [95, 34, 60, 81, 6], [152, 125, 26, 100, 32, 187], [172, 82, 36, 47, 121, 142, 62, 18, 162, 176, 65, 87], [3, 106, 181, 25, 131, 71, 50, 27, 83, 79], [192, 158, 107, 24, 63, 78, 178, 175, 127]]",true
66,292457,2961,swap,CMT5.vrp,"[[21, 173, 59, 174, 166, 20, 5, 120, 96, 117], [147, 73, 72, 51, 58, 111], [8, 108, 130, 97, 49, 182, 159, 115, 185, 113], [157, 140, 93, 156, 66, 191, 42, 104, 183, 195, 30, 103, 167, 179], [148, 163, 165, 85, 164, 105, 33, 194, 53, 186, 139], [40, 56, 57, 189, 109, 39, 151, 17], [141, 91, 89, 137, 143, 116, 76, 150, 170, 133, 123, 154, 122, 28, 64, 101], [70, 128, 15, 37, 29, 86, 196, 136, 197, 188], [4, 48, 45, 98, 99, 102], [112, 90, 41, 145, 135, 92, 110, 10, 129, 149, 46], [75, 31, 52, 11, 168, 67, 190, 68, 61], [161, 80, 119, 134, 84, 35, 7, 12, 44, 160, 43, 199, 1, 198], [132, 177, 19, 180, 14, 69, 169, 9, 55, 126, 54], [153, 13, 124, 88, 138, 155, 171, 193, 16, 77, 38], [118, 146, 144, 74, 23, 184, 22, 114, 94, 2], [95, 34, 60, 81, 6], [152, 125, 26, 100, 32, 187], [172, 82, 36, 47, 121, 142, 62, 18, 162, 176, 65, 87], [3, 106, 181, 25, 131, 71, 50, 27, 83, 79], [192, 158, 107, 24, 63, 78, 178, 175, 127]]",true
67,296623,2947,swap,CMT5.vrp,"[[21, 173, 59, 174, 166, 20, 5, 120, 96, 117], [147, 73, 72, 51, 58, 111], [8, 108, 130, 97, 49, 182, 159, 115, 185, 113], [157, 140, 93, 156, 66, 191, 42, 104, 183, 195, 30, 29, 167, 179], [148, 163, 165, 85, 164, 105, 33, 194, 53, 186, 139], [40, 56, 57, 189, 109, 39, 151, 17], [141, 91, 89, 137, 143, 116, 76, 150, 170, 133, 123, 154, 122, 28, 64, 101], [70, 128, 15, 37, 103, 86, 196, 136, 197, 188], [4, 48, 45, 98, 99, 102], [112, 90, 41, 145, 135, 92, 110, 10, 129, 149, 46], [75, 31, 52, 11, 168, 67, 190, 68, 61], [161, 80, 119, 134, 84, 35, 7, 12, 44, 160, 43, 199, 1, 198], [132, 177, 19, 180, 14, 69, 169, 9, 55, 126, 54], [153, 13, 124, 88, 138, 155, 171, 193, 16, 77, 38], [118, 146, 144, 74, 23, 184, 22, 114, 94, 2], [95, 34, 60, 81, 6], [152, 125, 26, 100, 32, 187], [172, 82, 36, 47, 121, 142, 62, 18, 162, 176, 65, 87], [3, 106, 181, 25, 131, 71, 50, 27, 83, 79], [192, 158, 107, 24, 63, 78, 178, 175, 127]]",true
68,300871,2934,2-opt,CMT5.vrp,"[[21, 173, 59, 174, 166, 20, 5, 120, 96, 117], [147, 73, 72, 51, 58, 111], [8, 108, 130, 97, 49, 182, 159, 115, 185, 113], [157, 140, 93, 156, 66, 191, 42, 104, 183, 195, 30, 29, 167, 179], [148, 163, 165, 85, 164, 105, 33, 194, 53, 186, 139], [40, 56, 57, 189, 109, 39, 151, 17], [141, 91, 89, 137, 143, 116, 76, 150, 170, 133, 123, 154, 122, 28, 64, 101], [70, 128, 15, 37, 103, 86, 196, 136, 197, 188], [4, 48, 45, 98, 99, 102], [112, 90, 41, 145, 135, 92, 110, 10, 129, 149, 46], [75, 31, 52, 11, 168, 67, 190, 68, 61], [12, 7, 35, 84, 134, 119, 80, 161, 44, 160, 43, 199, 1, 198], [132, 177, 19, 180, 14, 69, 169, 9, 55, 126, 54], [153, 13, 124, 88, 138, 155, 171, 193, 16, 77, 38], [118, 146, 144, 74, 23, 184, 22, 114, 94, 2], [95, 34, 60, 81, 6], [152, 125, 26, 100, 32, 187], [172, 82, 36, 47, 121, 142, 62, 18, 162, 176, 65, 87], [3, 106, 181, 25, 131, 71, 50, 27, 83, 79], [192, 158, 107, 24, 63, 78, 178, 175, 127]]",true
69,305420,2921,swap,CMT5.vrp,"[[21, 173, 122, 174, 166, 20, 5, 120, 96, 117], [147, 73, 72, 51, 58, 111], [8, 108, 130, 97, 49, 182, 159, 115, 185, 113], [157, 140, 93, 156, 66, 191, 42, 104, 183, 195, 30, 29, 167, 179], [148, 163, 165, 85, 164, 105, 33, 194, 53, 186, 139], [40, 56, 57, 189, 109, 39, 151, 17], [141, 91, 89, 137, 143, 116, 76, 150, 170, 133, 123, 154, 59, 28, 64, 101], [70, 128, 15, 37, 103, 86, 196, 136, 197, 188], [4, 48, 45, 98, 99, 102], [112, 90, 41, 145, 135, 92, 110, 10, 129, 149, 46], [75, 31, 52, 11, 168, 67, 190, 68, 61], [12, 7, 35, 84, 134, 119, 80, 161, 44, 160, 43, 199, 1, 198], [132, 177, 19, 180, 14, 69, 169, 9, 55, 126, 54], [153, 13, 124, 88, 138, 155, 171, 193, 16, 77, 38], [118, 146, 144, 74, 23, 184, 22, 114, 94, 2], [95, 34, 60, 81, 6], [152, 125, 26, 100, 32, 187], [172, 82, 36, 47, 121, 142, 62, 18, 162, 176, 65, 87], [3, 106, 181, 25, 131, 71, 50, 27, 83, 79], [192, 158, 107, 24, 63, 78, 178, 175, 127]]",true
70,309811,2906,swap,CMT5.vrp,"[[21, 173, 122, 36, 166, 20, 5, 120, 96, 117], [147, 73, 72, 51, 58, 111], [8, 108, 130, 97, 49, 182, 159, 115, 185, 113], [157, 140, 93, 156, 66, 191, 42, 104, 183, 195, 30, 29, 167, 179], [148, 163, 165, 85, 164, 105, 33, 194, 53, 186, 139], [40, 56, 57, 189, 109, 39, 151, 17], [141, 91, 89, 137, 143, 116, 76, 150, 170, 133, 123, 154, 59, 28, 64, 101], [70, 128, 15, 37, 103, 86, 196, 136, 197, 188], [4, 48, 45, 98, 99, 102], [112, 90, 41, 145, 135, 92, 110, 10, 129, 149, 46], [75, 31, 52, 11, 168, 67, 190, 68, 61], [12, 7, 35, 84, 134, 119, 80, 161, 44, 160, 43, 199, 1, 198], [132, 177, 19, 180, 14, 69, 169, 9, 55, 126, 54], [153, 13, 124, 88, 138, 155, 171, 193, 16, 77, 38], [118, 146, 144, 74, 23, 184, 22, 114, 94, 2], [95, 34, 60, 81, 6], [152, 125, 26, 100, 32, 187], [172, 82, 174, 47, 121, 142, 62, 18, 162, 176, 65, 87], [3, 106, 181, 25, 131, 71, 50, 27, 83, 79], [192, 158, 107, 24, 63, 78, 178, 175, 127]]",true
71,313956,2891,swap,CMT5.vrp,"[[21, 173, 122, 36, 166, 20, 5, 120, 96, 117], [147, 73, 72, 51, 58, 111], [8, 108, 130, 97, 49, 182, 159, 115, 185, 113], [157, 140, 93, 156, 66, 191, 42, 104, 183, 195, 30, 29, 167, 179], [148, 163, 165, 85, 164, 105, 33, 194, 53, 186, 139], [40, 56, 57, 189, 109, 39, 151, 17], [141, 91, 89, 137, 143, 116, 76, 150, 170, 133, 123, 13, 59, 28, 64, 101], [70, 128, 15, 37, 103, 86, 196, 136, 197, 188], [4, 48, 45, 98, 99, 102], [112, 90, 41, 145, 135, 92, 110, 10, 129, 149, 46], [75, 31, 52, 11, 168, 67, 190, 68, 61], [12, 7, 35, 84, 134, 119, 80, 161, 44, 160, 43, 199, 1, 198], [132, 177, 19, 180, 14, 69, 169, 9, 55, 126, 54], [153, 154, 124, 88, 138, 155, 171, 193, 16, 77, 38], [118, 146, 144, 74, 23, 184, 22, 114, 94, 2], [95, 34, 60, 81, 6], [152, 125, 26, 100, 32, 187], [172, 82, 174, 47, 121, 142, 62, 18, 162, 176, 65, 87], [3, 106, 181, 25, 131, 71, 50, 27, 83, 79], [192, 158, 107, 24, 63, 78, 178, 175, 127]]",true
72,318565,2879,swap,CMT5.vrp,"[[21, 173, 122, 36, 166, 20, 5, 120, 96, 117], [147, 73, 72, 51, 58, 111], [8, 108, 130, 97, 49, 182, 159, 115, 185, 113], [157, 140, 93, 156, 66, 191, 42, 104, 183, 195, 30, 29, 167, 179], [148, 163, 165, 85, 164, 105, 33, 194, 53, 186, 139], [40, 56, 57, 189, 109, 39, 151, 17], [141, 91, 89, 137, 143, 116, 76, 150, 170, 133, 123, 13, 59, 28, 64, 101], [70, 128, 15, 37, 103, 86, 196, 136, 197, 188], [4, 48, 45, 98, 99, 102], [112, 90, 41, 145, 135, 92, 110, 10, 129, 149, 46], [75, 31, 52, 11, 168, 67, 190, 68, 61], [12, 7, 35, 84, 134, 119, 80, 161, 44, 160, 43, 199, 1, 198], [132, 177, 19, 180, 14, 69, 169, 9, 55, 126, 54], [153, 154, 124, 88, 138, 155, 171, 193, 16, 77, 38], [181, 146, 144, 74, 23, 184, 22, 114, 94, 2], [95, 34, 60, 81, 6], [152, 125, 26, 100, 32, 187], [172, 82, 174, 47, 121, 142, 62, 18, 162, 176, 65, 87], [3, 106, 118, 25, 131, 71, 50, 27, 83, 79], [192, 158, 107, 24, 63, 78, 178, 175, 127]]",true
73,322418,2866,swap,CMT5.vrp,"[[21, 173, 122, 36, 166, 20, 5, 120, 96, 117], [147, 73, 72, 51, 58, 111], [8, 168, 130, 97, 49, 182, 159, 115, 185, 113], [157, 140, 93, 156, 66, 191, 42, 104, 183, 195, 30, 29, 167, 179], [148, 163, 165, 85, 164, 105, 33, 194, 53, 186, 139], [40, 56, 57, 189, 109, 39, 151, 17], [141, 91, 89, 137, 143, 116, 76, 150, 170, 133, 123, 13, 59, 28, 64, 101], [70, 128, 15, 37, 103, 86, 196, 136, 197, 188], [4, 48, 45, 98, 99, 102], [112, 90, 41, 145, 135, 92, 110, 10, 129, 149, 46], [75, 31, 52, 11, 108, 67, 190, 68, 61], [12, 7, 35, 84, 134, 119, 80, 161, 44, 160, 43, 199, 1, 198], [132, 177, 19, 180, 14, 69, 169, 9, 55, 126, 54], [153, 154, 124, 88, 138, 155, 171, 193, 16, 77, 38], [181, 146, 144, 74, 23, 184, 22, 114, 94, 2], [95, 34, 60, 81, 6], [152, 125, 26, 100, 32, 187], [172, 82, 174, 47, 121, 142, 62, 18, 162, 176, 65, 87], [3, 106, 118, 25, 131, 71, 50, 27, 83, 79], [192, 158, 107, 24, 63, 78, 178, 175, 127]]",true
74,326781,2844,swap,CMT5.vrp,"[[21, 173, 122, 36, 166, 20, 5, 120, 96, 117], [147, 73, 72, 51, 58, 111], [50, 168, 130, 97, 49, 182, 159, 115, 185, 113], [157, 140, 93, 156, 66, 191, 42, 104, 183, 195, 30, 29, 167, 179], [148, 163, 165, 85, 164, 105, 33, 194, 53, 186, 139], [40, 56, 57, 189, 109, 39, 151, 17], [141, 91, 89, 137, 143, 116, 76, 150, 170, 133, 123, 13, 59, 28, 64, 101], [70, 128, 15, 37, 103, 86, 196, 136, 197, 188], [4, 48, 45, 98, 99, 102], [112, 90, 41, 145, 135, 92, 110, 10, 129, 149, 46], [75, 31, 52, 11, 108, 67, 190, 68, 61], [12, 7, 35, 84, 134, 119, 80, 161, 44, 160, 43, 199, 1, 198], [132, 177, 19, 180, 14, 69, 169, 9, 55, 126, 54], [153, 154, 124, 88, 138, 155, 171, 193, 16, 77, 38], [181, 146, 144, 74, 23, 184, 22, 114, 94, 2], [95, 34, 60, 81, 6], [152, 125, 26, 100, 32, 187], [172, 82, 174, 47, 121, 142, 62, 18, 162, 176, 65, 87], [3, 106, 118, 25, 131, 71, 8, 27, 83, 79], [192, 158, 107, 24, 63, 78, 178, 175, 127]]",true
75,330596,2832,swap,CMT5.vrp,"[[21, 173, 122, 36, 166, 20, 5, 120, 96, 117], [147, 73, 72, 51, 58, 111], [50, 168, 130, 97, 49, 182, 159, 115, 185, 113], [157, 140, 93, 156, 66, 191, 42, 104, 183, 195, 30, 29, 167, 179], [148, 163, 165, 85, 164, 105, 33, 194, 53, 186, 139], [40, 162, 57, 189, 109, 39, 151, 17], [141, 91, 89, 137, 143, 116, 76, 150, 170, 133, 123, 13, 59, 28, 64, 101], [70, 128, 15, 37, 103, 86, 196, 136, 197, 188], [4, 48, 45, 98, 99, 102], [112, 90, 41, 145, 135, 92, 110, 10, 129, 149, 46], [75, 31, 52, 11, 108, 67, 190, 68, 61], [12, 7, 35, 84, 134, 119, 80, 161, 44, 160, 43, 199, 1, 198], [132, 177, 19, 180, 14, 69, 169, 9, 55, 126, 54], [153, 154, 124, 88, 138, 155, 171, 193, 16, 77, 38], [181, 146, 144, 74, 23, 184, 22, 114, 94, 2], [95, 34, 60, 81, 6], [152, 125, 26, 100, 32, 187], [172, 82, 174, 47, 121, 142, 62, 18, 56, 176, 65, 87], [3, 106, 118, 25, 131, 71, 8, 27, 83, 79], [192, 158, 107, 24, 63, 78, 178, 175, 127]]",true
76,334638,2819,2-opt,CMT5.vrp,"[[21, 173, 122, 36, 166, 20, 5, 120, 96, 117], [147, 73, 72, 51, 58, 111], [50, 168, 130, 97, 49, 182, 159, 115, 185, 113], [157, 140, 93, 156, 66, 191, 42, 104, 183, 195, 30, 29, 167, 179], [148, 163, 165, 85, 164, 105, 33, 194, 53, 186, 139], [40, 162, 57, 189, 109, 39, 151, 17], [141, 91, 89, 137, 143, 116, 76, 150, 170, 133, 123, 13, 59, 28, 64, 101], [70, 128, 15, 37, 103, 86, 196, 136, 197, 188], [4, 48, 45, 98, 99, 102], [112, 90, 41, 145, 135, 92, 110, 10, 129, 149, 46], [108, 11, 52, 31, 75, 67, 190, 68, 61], [12, 7, 35, 84, 134, 119, 80, 161, 44, 160, 43, 199, 1, 198], [132, 177, 19, 180, 14, 69, 169, 9, 55, 126, 54], [153, 154, 124, 88, 138, 155, 171, 193, 16, 77, 38], [181, 146, 144, 74, 23, 184, 22, 114, 94, 2], [95, 34, 60, 81, 6], [152, 125, 26, 100, 32, 187], [172, 82, 174, 47, 121, 142, 62, 18, 56, 176, 65, 87], [3, 106, 118, 25, 131, 71, 8, 27, 83, 79], [192, 158, 107, 24, 63, 78, 178, 175, 127]]",true
77,338748,2807,swap,CMT5.vrp,"[[21, 173, 122, 36, 166, 20, 5, 120, 96, 117], [147, 73, 72, 51, 58, 111], [50, 12, 130, 97, 49, 182, 159, 115, 185, 113], [157, 140, 93, 156, 66, 191, 42, 104, 183, 195, 30, 29, 167, 179], [148, 163, 165, 85, 164, 105, 33, 194, 53, 186, 139], [40, 162, 57, 189, 109, 39, 151, 17], [141, 91, 89, 137, 143, 116, 76, 150, 170, 133, 123, 13, 59, 28, 64, 101], [70, 128, 15, 37, 103, 86, 196, 136, 197, 188], [4, 48, 45, 98, 99, 102], [112, 90, 41, 145, 135, 92, 110, 10, 129, 149, 46], [108, 11, 52, 31, 75, 67, 190, 68, 61], [168, 7, 35, 84, 134, 119, 80, 161, 44, 160, 43, 199, 1, 198], [132, 177, 19, 180, 14, 69, 169, 9, 55, 126, 54], [153, 154, 124, 88, 138, 155, 171, 193, 16, 77, 38], [181, 146, 144, 74, 23, 184, 22, 114, 94, 2], [95, 34, 60, 81, 6], [152, 125, 26, 100, 32, 187], [172, 82, 174, 47, 121, 142, 62, 18, 56, 176, 65, 87], [3, 106, 118, 25, 131, 71, 8, 27, 83, 79], [192, 158, 107, 24, 63, 78, 178, 175, 127]]",true
78,344335,2795,swap,CMT5.vrp,"[[21, 173, 122, 36, 166, 20, 5, 120, 96, 117], [147, 73, 72, 51, 58, 111], [50, 12, 130, 97, 49, 182, 159, 115, 185, 113], [157, 140, 93, 156, 66, 191, 42, 104, 183, 195, 30, 29, 167, 179], [148, 163, 165, 85, 164, 105, 33, 194, 53, 186, 139], [40, 162, 57, 189, 109, 39, 151, 17], [141, 91, 89, 137, 143, 116, 76, 150, 170, 133, 123, 13, 59, 28, 64, 101], [70, 128, 15, 37, 103, 86, 196, 136, 197, 188], [4, 48, 45, 98, 99, 102], [112, 90, 41, 145, 135, 92, 110, 10, 129, 149, 46], [108, 11, 52, 31, 75, 67, 190, 68, 61], [168, 7, 35, 84, 134, 119, 80, 161, 44, 160, 43, 199, 1, 198], [132, 177, 19, 180, 14, 69, 169, 9, 55, 126, 95], [153, 154, 124, 88, 138, 155, 171, 193, 16, 77, 38], [181, 146, 144, 74, 23, 184, 22, 114, 94, 2], [54, 34, 60, 81, 6], [152, 125, 26, 100, 32, 187], [172, 82, 174, 47, 121, 142, 62, 18, 56, 176, 65, 87], [3, 106, 118, 25, 131, 71, 8, 27, 83, 79], [192, 158, 107, 24, 63, 78, 178, 175, 127]]",true
79,349178,2784,2-opt,CMT5.vrp,"[[21, 173, 122, 36, 166, 20, 5, 120, 96, 117], [147, 73, 72, 51, 58, 111], [50, 12, 130, 97, 49, 182, 159, 115, 185, 113], [157, 140, 93, 156, 66, 191, 42, 104, 183, 195, 30, 29, 167, 179], [164, 85, 165, 163, 148, 105, 33, 194, 53, 186, 139], [40, 162, 57, 189, 109, 39, 151, 17], [141, 91, 89, 137, 143, 116, 76, 150, 170, 133, 123, 13, 59, 28, 64, 101], [70, 128, 15, 37, 103, 86, 196, 136, 197, 188], [4, 48, 45, 98, 99, 102], [112, 90, 41, 145, 135, 92, 110, 10, 129, 149, 46], [108, 11, 52, 31, 75, 67, 190, 68, 61], [168, 7, 35, 84, 134, 119, 80, 161, 44, 160, 43, 199, 1, 198], [132, 177, 19, 180, 14, 69, 169, 9, 55, 126, 95], [153, 154, 124, 88, 138, 155, 171, 193, 16, 77, 38], [181, 146, 144, 74, 23, 184, 22, 114, 94, 2], [54, 34, 60, 81, 6], [152, 125, 26, 100, 32, 187], [172, 82, 174, 47, 121, 142, 62, 18, 56, 176, 65, 87], [3, 106, 118, 25, 131, 71, 8, 27, 83, 79], [192, 158, 107, 24, 63, 78, 178, 175, 127]]",true
80,353380,2772,swap,CMT5.vrp,"[[21, 173, 122, 36, 166, 20, 5, 120, 96, 105], [147, 73, 72, 51, 58, 111], [50, 12, 130, 97, 49, 182, 159, 115, 185, 113], [157, 140, 93, 156, 66, 191, 42, 104, 183, 195, 30, 29, 167, 179], [164, 85, 165, 163, 148, 117, 33, 194, 53, 186, 139], [40, 162, 57, 189, 109, 39, 151, 17], [141, 91, 89, 137, 143, 116, 76, 150, 170, 133, 123, 13, 59, 28, 64, 101], [70, 128, 15, 37, 103, 86, 196, 136, 197, 188], [4, 48, 45, 98, 99, 102], [112, 90, 41, 145, 135, 92, 110, 10, 129, 149, 46], [108, 11, 52, 31, 75, 67, 190, 68, 61], [168, 7, 35, 84, 134, 119, 80, 161, 44, 160, 43, 199, 1, 198], [132, 177, 19, 180, 14, 69, 169, 9, 55, 126, 95], [153, 154, 124, 88, 138, 155, 171, 193, 16, 77, 38], [181, 146, 144, 74, 23, 184, 22, 114, 94, 2], [54, 34, 60, 81, 6], [152, 125, 26, 100, 32, 187], [172, 82, 174, 47, 121, 142, 62, 18, 56, 176, 65, 87], [3, 106, 118, 25, 131, 71, 8, 27, 83, 79], [192, 158, 107, 24, 63, 78, 178, 175, 127]]",true
81,358552,2761,swap,CMT5.vrp,"[[21, 173, 122, 36, 166, 20, 5, 120, 96, 105], [147, 73, 72, 51, 58, 111], [50, 12, 130, 97, 49, 182, 159, 115, 185, 113], [157, 140, 93, 156, 66, 191, 42, 104, 183, 195, 30, 29, 167, 179], [164, 85, 165, 163, 148, 117, 33, 194, 53, 186, 139], [40, 162, 57, 189, 109, 39, 151, 17], [141, 91, 89, 137, 143, 41, 76, 150, 170, 133, 123, 13, 59, 28, 64, 101], [70, 128, 15, 37, 103, 86, 196, 136, 197, 188], [4, 48, 45, 98, 99, 102], [112, 90, 116, 145, 135, 92, 110, 10, 129, 149, 46], [108, 11, 52, 31, 75, 67, 190, 68, 61], [168, 7, 35, 84, 134, 119, 80, 161, 44, 160, 43, 199, 1, 198], [132, 177, 19, 180, 14, 69, 169, 9, 55, 126, 95], [153, 154, 124, 88, 138, 155, 171, 193, 16, 77, 38], [181, 146, 144, 74, 23, 184, 22, 114, 94, 2], [54, 34, 60, 81, 6], [152, 125, 26, 100, 32, 187], [172, 82, 174, 47, 121, 142, 62, 18, 56, 176, 65, 87], [3, 106, 118, 25, 131, 71, 8, 27, 83, 79], [192, 158, 107, 24, 63, 78, 178, 175, 127]]",true
82,363559,2744,2-opt,CMT5.vrp,"[[21, 173, 122, 36, 166, 20, 5, 120, 96, 105], [147, 73, 72, 51, 58, 111], [50, 12, 130, 97, 49, 182, 159, 115, 185, 113], [157, 140, 93, 156, 66, 191, 42, 104, 183, 195, 30, 29, 167, 179], [164, 85, 165, 163, 148, 117, 33, 194, 53, 186, 139], [40, 162, 57, 189, 109, 39, 151, 17], [141, 91, 89, 137, 143, 41, 101, 64, 28, 59, 13, 123, 133, 170, 150, 76], [70, 128, 15, 37, 103, 86, 196, 136, 197, 188], [4, 48, 45, 98, 99, 102], [112, 90, 116, 145, 135, 92, 110, 10, 129, 149, 46], [108, 11, 52, 31, 75, 67, 190, 68, 61], [168, 7, 35, 84, 134, 119, 80, 161, 44, 160, 43, 199, 1, 198], [132, 177, 19, 180, 14, 69, 169, 9, 55, 126, 95], [153, 154, 124, 88, 138, 155, 171, 193, 16, 77, 38], [181, 146, 144, 74, 23, 184, 22, 114, 94, 2], [54, 34, 60, 81, 6], [152, 125, 26, 100, 32, 187], [172, 82, 174, 47, 121, 142, 62, 18, 56, 176, 65, 87], [3, 106, 118, 25, 131, 71, 8, 27, 83, 79], [192, 158, 107, 24, 63, 78, 178, 175, 127]]",true
83,367688,2733,swap,CMT5.vrp,"[[21, 173, 122, 36, 166, 20, 5, 120, 96, 105], [147, 73, 72, 51, 58, 111], [50, 12, 130, 97, 49, 182, 159, 115, 185, 113], [157, 86, 93, 156, 66, 191, 42, 104, 183, 195, 30, 29, 167, 179], [164, 85, 165, 163, 148, 117, 33, 194, 53, 186, 139], [40, 162, 57, 189, 109, 39, 151, 17], [141, 91, 89, 137, 143, 41, 101, 64, 28, 59, 13, 123, 133, 170, 150, 76], [70, 128, 15, 37, 103, 140, 196, 136, 197, 188], [4, 48, 45, 98, 99, 102], [112, 90, 116, 145, 135, 92, 110, 10, 129, 149, 46], [108, 11, 52, 31, 75, 67, 190, 68, 61], [168, 7, 35, 84, 134, 119, 80, 161, 44, 160, 43, 199, 1, 198], [132, 177, 19, 180, 14, 69, 169, 9, 55, 126, 95], [153, 154, 124, 88, 138, 155, 171, 193, 16, 77, 38], [181, 146, 144, 74, 23, 184, 22, 114, 94, 2], [54, 34, 60, 81, 6], [152, 125, 26, 100, 32, 187], [172, 82, 174, 47, 121, 142, 62, 18, 56, 176, 65, 87], [3, 106, 118, 25, 131, 71, 8, 27, 83, 79], [192, 158, 107, 24, 63, 78, 178, 175, 127]]",true
84,372247,2722,swap,CMT5.vrp,"[[21, 173, 122, 36, 166, 20, 5, 120, 96, 105], [147, 73, 72, 51, 58, 111], [50, 12, 130, 97, 49, 182, 159, 115, 185, 113], [157, 86, 93, 156, 66, 191, 42, 104, 183, 195, 30, 29, 167, 179], [164, 85, 165, 163, 148, 117, 33, 194, 53, 186, 139], [40, 162, 57, 189, 109, 39, 151, 17], [141, 91, 89, 137, 143, 41, 101, 64, 28, 59, 13, 123, 133, 170, 150, 76], [70, 128, 15, 37, 103, 140, 196, 136, 197, 188], [4, 48, 45, 98, 99, 27], [112, 90, 116, 145, 135, 92, 110, 10, 129, 149, 46], [108, 11, 52, 31, 75, 67, 190, 68, 61], [168, 7, 35, 84, 134, 119, 80, 161, 44, 160, 43, 199, 1, 198], [132, 177, 19, 180, 14, 69, 169, 9, 55, 126, 95], [153, 154, 124, 88, 138, 155, 171, 193, 16, 77, 38], [181, 146, 144, 74, 23, 184, 22, 114, 94, 2], [54, 34, 60, 81, 6], [152, 125, 26, 100, 32, 187], [172, 82, 174, 47, 121, 142, 62, 18, 56, 176, 65, 87], [3, 106, 118, 25, 131, 71, 8, 102, 83, 79], [192, 158, 107, 24, 63, 78, 178, 175, 127]]",true
85,379872,2711,swap,CMT5.vrp,"[[21, 173, 122, 36, 166, 20, 5, 120, 96, 105], [147, 73, 72, 51, 58, 111], [50, 12, 130, 55, 49, 182, 159, 115, 185, 113], [157, 86, 93, 156, 66, 191, 42, 104, 183, 195, 30, 29, 167, 179], [164, 85, 165, 163, 148, 117, 33, 194, 53, 186, 139], [40, 162, 57, 189, 109, 39, 151, 17], [141, 91, 89, 137, 143, 41, 101, 64, 28, 59, 13, 123, 133, 170, 150, 76], [70, 128, 15, 37, 103, 140, 196, 136, 197, 188], [4, 48, 45, 98, 99, 27], [112, 90, 116, 145, 135, 92, 110, 10, 129, 149, 46], [108, 11, 52, 31, 75, 67, 190, 68, 61], [168, 7, 35, 84, 134, 119, 80, 161, 44, 160, 43, 199, 1, 198], [132, 177, 19, 180, 14, 69, 169, 9, 97, 126, 95], [153, 154, 124, 88, 138, 155, 171, 193, 16, 77, 38], [181, 146, 144, 74, 23, 184, 22, 114, 94, 2], [54, 34, 60, 81, 6], [152, 125, 26, 100, 32, 187], [172, 82, 174, 47, 121, 142, 62, 18, 56, 176, 65, 87], [3, 106, 118, 25, 131, 71, 8, 102, 83, 79], [192, 158, 107, 24, 63, 78, 178, 175, 127]]",true
86,384574,2700,swap,CMT5.vrp,"[[21, 173, 122, 36, 166, 20, 5, 120, 96, 105], [147, 73, 72, 51, 58, 111], [50, 12, 130, 55, 49, 182, 159, 115, 185, 113], [157, 86, 93, 156, 66, 191, 42, 104, 183, 195, 30, 29, 167, 179], [164, 85, 165, 163, 148, 117, 33, 194, 53, 186, 139], [40, 162, 57, 189, 109, 39, 151, 17], [141, 91, 89, 137, 143, 41, 101, 64, 28, 59, 13, 123, 133, 170, 150, 126], [70, 128, 15, 37, 103, 140, 196, 136, 197, 188], [4, 48, 45, 98, 99, 27], [112, 90, 116, 145, 135, 92, 110, 10, 129, 149, 46], [108, 11, 52, 31, 75, 67, 190, 68, 61], [168, 7, 35, 84, 134, 119, 80, 161, 44, 160, 43, 199, 1, 198], [132, 177, 19, 180, 14, 69, 169, 9, 97, 76, 95], [153, 154, 124, 88, 138, 155, 171, 193, 16, 77, 38], [181, 146, 144, 74, 23, 184, 22, 114, 94, 2], [54, 34, 60, 81, 6], [152, 125, 26, 100, 32, 187], [172, 82, 174, 47, 121, 142, 62, 18, 56, 176, 65, 87], [3, 106, 118, 25, 131, 71, 8, 102, 83, 79], [192, 158, 107, 24, 63, 78, 178, 175, 127]]",true
87,388224,2690,swap,CMT5.vrp,"[[21, 173, 122, 36, 166, 20, 5, 120, 96, 105], [147, 73, 72, 51, 58, 111], [50, 12, 130, 55, 49, 182, 159, 115, 185, 113], [157, 86, 93, 156, 66, 191, 42, 90, 183, 195, 30, 29, 167, 179], [164, 85, 165, 163, 148, 117, 33, 194, 53, 186, 139], [40, 162, 57, 189, 109, 39, 151, 17], [141, 91, 89, 137, 143, 41, 101, 64, 28, 59, 13, 123, 133, 170, 150, 126], [70, 128, 15, 37, 103, 140, 196, 136, 197, 188], [4, 48, 45, 98, 99, 27], [112, 104, 116, 145, 135, 92, 110, 10, 129, 149, 46], [108, 11, 52, 31, 75, 67, 190, 68, 61], [168, 7, 35, 84, 134, 119, 80, 161, 44, 160, 43, 199, 1, 198], [132, 177, 19, 180, 14, 69, 169, 9, 97, 76, 95], [153, 154, 124, 88, 138, 155, 171, 193, 16, 77, 38], [181, 146, 144, 74, 23, 184, 22, 114, 94, 2], [54, 34, 60, 81, 6], [152, 125, 26, 100, 32, 187], [172, 82, 174, 47, 121, 142, 62, 18, 56, 176, 65, 87], [3, 106, 118, 25, 131, 71, 8, 102, 83, 79], [192, 158, 107, 24, 63, 78, 178, 175, 127]]",true
88,392869,2681,swap,CMT5.vrp,"[[21, 173, 122, 36, 166, 20, 5, 120, 96, 105], [147, 73, 72, 51, 58, 111], [50, 12, 130, 55, 49, 182, 159, 115, 185, 113], [157, 86, 93, 156, 66, 191, 42, 90, 183, 195, 30, 29, 167, 179], [164, 85, 165, 163, 148, 117, 33, 194, 53, 186, 139], [40, 162, 57, 189, 109, 39, 151, 17], [141, 91, 89, 137, 143, 41, 101, 64, 28, 59, 13, 123, 133, 170, 150, 126], [70, 128, 15, 37, 103, 140, 196, 136, 197, 188], [4, 48, 45, 98, 99, 27], [112, 104, 116, 145, 135, 92, 110, 10, 129, 149, 46], [108, 11, 52, 31, 75, 67, 190, 68, 61], [168, 7, 35, 84, 134, 119, 80, 161, 44, 160, 43, 199, 1, 198], [132, 177, 19, 180, 14, 69, 169, 9, 97, 76, 95], [153, 154, 124, 88, 138, 155, 171, 193, 16, 77, 38], [181, 146, 144, 74, 23, 184, 22, 114, 94, 2], [54, 87, 60, 81, 6], [152, 125, 26, 100, 32, 187], [172, 82, 174, 47, 121, 142, 62, 18, 56, 176, 65, 34], [3, 106, 118, 25, 131, 71, 8, 102, 83, 79], [192, 158, 107, 24, 63, 78, 178, 175, 127]]",true
89,397550,2671,swap,CMT5.vrp,"[[21, 173, 122, 36, 166, 20, 5, 120, 96, 105], [147, 73, 72, 51, 58, 111], [50, 12, 130, 55, 49, 182, 159, 115, 185, 62], [157, 86, 93, 156, 66, 191, 42, 90, 183, 195, 30, 29, 167, 179], [164, 85, 165, 163, 148, 117, 33, 194, 53, 186, 139], [40, 162, 57, 189, 109, 39, 151, 17], [141, 91, 89, 137, 143, 41, 101, 64, 28, 59, 13, 123, 133, 170, 150, 126], [70, 128, 15, 37, 103, 140, 196, 136, 197, 188], [4, 48, 45, 98, 99, 27], [112, 104, 116, 145, 135, 92, 110, 10, 129, 149, 46], [108, 11, 52, 31, 75, 67, 190, 68, 61], [168, 7, 35, 84, 134, 119, 80, 161, 44, 160, 43, 199, 1, 198], [132, 177, 19, 180, 14, 69, 169, 9, 97, 76, 95], [153, 154, 124, 88, 138, 155, 171, 193, 16, 77, 38], [181, 146, 144, 74, 23, 184, 22, 114, 94, 2], [54, 87, 60, 81, 6], [152, 125, 26, 100, 32, 187], [172, 82, 174, 47, 121, 142, 113, 18, 56, 176, 65, 34], [3, 106, 118, 25, 131, 71, 8, 102, 83, 79], [192, 158, 107, 24, 63, 78, 178, 175, 127]]",true
90,401224,2662,swap,CMT5.vrp,"[[21, 173, 122, 36, 166, 20, 5, 120, 96, 105], [147, 73, 72, 51, 58, 111], [50, 12, 130, 55, 49, 182, 159, 183, 185, 62], [157, 86, 93, 156, 66, 191, 42, 90, 115, 195, 30, 29, 167, 179], [164, 85, 165, 163, 148, 117, 33, 194, 53, 186, 139], [40, 162, 57, 189, 109, 39, 151, 17], [141, 91, 89, 137, 143, 41, 101, 64, 28, 59, 13, 123, 133, 170, 150, 126], [70, 128, 15, 37, 103, 140, 196, 136, 197, 188], [4, 48, 45, 98, 99, 27], [112, 104, 116, 145, 135, 92, 110, 10, 129, 149, 46], [108, 11, 52, 31, 75, 67, 190, 68, 61], [168, 7, 35, 84, 134, 119, 80, 161, 44, 160, 43, 199, 1, 198], [132, 177, 19, 180, 14, 69, 169, 9, 97, 76, 95], [153, 154, 124, 88, 138, 155, 171, 193, 16, 77, 38], [181, 146, 144, 74, 23, 184, 22, 114, 94, 2], [54, 87, 60, 81, 6], [152, 125, 26, 100, 32, 187], [172, 82, 174, 47, 121, 142, 113, 18, 56, 176, 65, 34], [3, 106, 118, 25, 131, 71, 8, 102, 83, 79], [192, 158, 107, 24, 63, 78, 178, 175, 127]]",true
91,404563,2652,swap,CMT5.vrp,"[[21, 173, 122, 36, 166, 20, 5, 120, 96, 105], [147, 73, 72, 51, 58, 111], [50, 12, 130, 55, 49, 182, 159, 183, 185, 62], [157, 86, 93, 156, 66, 191, 42, 90, 115, 195, 30, 29, 167, 179], [164, 85, 165, 163, 148, 117, 33, 194, 53, 186, 139], [40, 162, 57, 189, 109, 39, 151, 17], [141, 91, 89, 137, 143, 41, 101, 64, 28, 59, 13, 123, 133, 170, 150, 126], [70, 128, 15, 37, 103, 140, 196, 136, 197, 188], [54, 48, 45, 98, 99, 27], [112, 104, 116, 145, 135, 92, 110, 10, 129, 149, 46], [108, 11, 52, 31, 75, 67, 190, 68, 61], [168, 7, 35, 84, 134, 119, 80, 161, 44, 160, 43, 199, 1, 198], [132, 177, 19, 180, 14, 69, 169, 9, 97, 76, 95], [153, 154, 124, 88, 138, 155, 171, 193, 16, 77, 38], [181, 146, 144, 74, 23, 184, 22, 114, 94, 2], [4, 87, 60, 81, 6], [152, 125, 26, 100, 32, 187], [172, 82, 174, 47, 121, 142, 113, 18, 56, 176, 65, 34], [3, 106, 118, 25, 131, 71, 8, 102, 83, 79], [192, 158, 107, 24, 63, 78, 178, 175, 127]]",true
92,408536,2643,swap,CMT5.vrp,"[[21, 173, 122, 36, 166, 20, 37, 120, 96, 105], [147, 73, 72, 51, 58, 111], [50, 12, 130, 55, 49, 182, 159, 183, 185, 62], [157, 86, 93, 156, 66, 191, 42, 90, 115, 195, 30, 29, 167, 179], [164, 85, 165, 163, 148, 117, 33, 194, 53, 186, 139], [40, 162, 57, 189, 109, 39, 151, 17], [141, 91, 89, 137, 143, 41, 101, 64, 28, 59, 13, 123, 133, 170, 150, 126], [70, 128, 15, 5, 103, 140, 196, 136, 197, 188], [54, 48, 45, 98, 99, 27], [112, 104, 116, 145, 135, 92, 110, 10, 129, 149, 46], [108, 11, 52, 31, 75, 67, 190, 68, 61], [168, 7, 35, 84, 134, 119, 80, 161, 44, 160, 43, 199, 1, 198], [132, 177, 19, 180, 14, 69, 169, 9, 97, 76, 95], [153, 154, 124, 88, 138, 155, 171, 193, 16, 77, 38], [181, 146, 144, 74, 23, 184, 22, 114, 94, 2], [4, 87, 60, 81, 6], [152, 125, 26, 100, 32, 187], [172, 82, 174, 47, 121, 142, 113, 18, 56, 176, 65, 34], [3, 106, 118, 25, 131, 71, 8, 102, 83, 79], [192, 158, 107, 24, 63, 78, 178, 175, 127]]",true
93,413130,2635,swap,CMT5.vrp,"[[21, 173, 122, 36, 166, 20, 37, 120, 112, 105], [147, 73, 72, 51, 58, 111], [50, 12, 130, 55, 49, 182, 159, 183, 185, 62], [157, 86, 93, 156, 66, 191, 42, 90, 115, 195, 30, 29, 167, 179], [164, 85, 165, 163, 148, 117, 33, 194, 53, 186, 139], [40, 162, 57, 189, 109, 39, 151, 17], [141, 91, 89, 137, 143, 41, 101, 64, 28, 59, 13, 123, 133, 170, 150, 126], [70, 128, 15, 5, 103, 140, 196, 136, 197, 188], [54, 48, 45, 98, 99, 27], [96, 104, 116, 145, 135, 92, 110, 10, 129, 149, 46], [108, 11, 52, 31, 75, 67, 190, 68, 61], [168, 7, 35, 84, 134, 119, 80, 161, 44, 160, 43, 199, 1, 198], [132, 177, 19, 180, 14, 69, 169, 9, 97, 76, 95], [153, 154, 124, 88, 138, 155, 171, 193, 16, 77, 38], [181, 146, 144, 74, 23, 184, 22, 114, 94, 2], [4, 87, 60, 81, 6], [152, 125, 26, 100, 32, 187], [172, 82, 174, 47, 121, 142, 113, 18, 56, 176, 65, 34], [3, 106, 118, 25, 131, 71, 8, 102, 83, 79], [192, 158, 107, 24, 63, 78, 178, 175, 127]]",true
94,417844,2626,or-opt,CMT5.vrp,"[[21, 173, 122, 36, 166, 20, 37, 120, 112, 105], [147, 73, 72, 51, 58, 111], [50, 12, 130, 55, 49, 182, 159, 183, 185, 62], [157, 86, 93, 156, 66, 191, 42, 90, 115, 195, 30, 29, 167, 179], [164, 85, 165, 163, 148, 117, 33, 194, 53, 186, 139], [40, 162, 57, 189, 109, 39, 151, 17], [141, 91, 89, 137, 143, 41, 101, 64, 28, 59, 13, 123, 133, 170, 150, 126], [70, 128, 15, 5, 103, 140, 196, 136, 197, 188], [54, 48, 45, 98, 99, 27], [96, 104, 116, 145, 135, 92, 110, 10, 129, 149, 46], [108, 11, 52, 31, 75, 67, 190, 68, 61], [168, 7, 35, 84, 134, 119, 80, 161, 44, 160, 43, 199, 1, 198], [132, 177, 19, 180, 14, 69, 169, 9, 97, 76, 95], [77, 38, 153, 154, 124, 88, 138, 155, 171, 193, 16], [181, 146, 144, 74, 23, 184, 22, 114, 94, 2], [4, 87, 60, 81, 6], [152, 125, 26, 100, 32, 187], [172, 82, 174, 47, 121, 142, 113, 18, 56, 176, 65, 34], [3, 106, 118, 25, 131, 71, 8, 102, 83, 79], [192, 158, 107, 24, 63, 78, 178, 175, 127]]",true
95,421588,2614,swap,CMT5.vrp,"[[21, 173, 122, 36, 166, 20, 37, 120, 112, 105], [147, 73, 72, 51, 58, 111], [50, 12, 130, 55, 49, 182, 159, 183, 185, 62], [157, 86, 93, 156, 66, 191, 42, 90, 115, 195, 30, 29, 167, 179], [164, 85, 165, 163, 148, 117, 16, 194, 53, 186, 139], [40, 162, 57, 189, 109, 39, 151, 17], [141, 91, 89, 137, 143, 41, 101, 64, 28, 59, 13, 123, 133, 170, 150, 126], [70, 128, 15, 5, 103, 140, 196, 136, 197, 188], [54, 48, 45, 98, 99, 27], [96, 104, 116, 145, 135, 92, 110, 10, 129, 149, 46], [108, 11, 52, 31, 75, 67, 190, 68, 61], [168, 7, 35, 84, 134, 119, 80, 161, 44, 160, 43, 199, 1, 198], [132, 177, 19, 180, 14, 69, 169, 9, 97, 76, 95], [77, 38, 153, 154, 124, 88, 138, 155, 171, 193, 33], [181, 146, 144, 74, 23, 184, 22, 114, 94, 2], [4, 87, 60, 81, 6], [152, 125, 26, 100, 32, 187], [172, 82, 174, 47, 121, 142, 113, 18, 56, 176, 65, 34], [3, 106, 118, 25, 131, 71, 8, 102, 83, 79], [192, 158, 107, 24, 63, 78, 178, 175, 127]]",true
96,425575,2602,swap,CMT5.vrp,"[[21, 173, 122, 36, 166, 20, 37, 120, 112, 105], [147, 73, 72, 51, 58, 111], [50, 12, 130, 55, 49, 182, 159, 183, 185, 62], [157, 86, 93, 156, 66, 191, 42, 90, 115, 195, 30, 29, 167, 179], [164, 85, 165, 163, 148, 117, 16, 198, 53, 186, 139], [40, 162, 57, 189, 109, 39, 151, 17], [141, 91, 89, 137, 143, 41, 101, 64, 28, 59, 13, 123, 133, 170, 150, 126], [70, 128, 15, 5, 103, 140, 196, 136, 197, 188], [54, 48, 45, 98, 99, 27], [96, 104, 116, 145, 135, 92, 110, 10, 129, 149, 46], [108, 11, 52, 31, 75, 67, 190, 68, 61], [168, 7, 35, 84, 134, 119, 80, 161, 44, 160, 43, 199, 1, 194], [132, 177, 19, 180, 14, 69, 169, 9, 97, 76, 95], [77, 38, 153, 154, 124, 88, 138, 155, 171, 193, 33], [181, 146, 144, 74, 23, 184, 22, 114, 94, 2], [4, 87, 60, 81, 6], [152, 125, 26, 100, 32, 187], [172, 82, 174, 47, 121, 142, 113, 18, 56, 176, 65, 34], [3, 106, 118, 25, 131, 71, 8, 102, 83, 79], [192, 158, 107, 24, 63, 78, 178, 175, 127]]",true
97,429896,2594,2-opt,CMT5.vrp,"[[21, 173, 122, 36, 166, 20, 37, 120, 112, 105], [147, 73, 72, 51, 58, 111], [50, 12, 130, 55, 49, 182, 159, 183, 185, 62], [157, 86, 93, 156, 66, 191, 42, 90, 115, 195, 30, 29, 167, 179], [164, 85, 165, 163, 148, 117, 16, 198, 53, 186, 139], [40, 162, 189, 57, 109, 39, 151, 17], [141, 91, 89, 137, 143, 41, 101, 64, 28, 59, 13, 123, 133, 170, 150, 126], [70, 128, 15, 5, 103, 140, 196, 136, 197, 188], [54, 48, 45, 98, 99, 27], [96, 104, 116, 145, 135, 92, 110, 10, 129, 149, 46], [108, 11, 52, 31, 75, 67, 190, 68, 61], [168, 7, 35, 84, 134, 119, 80, 161, 44, 160, 43, 199, 1, 194], [132, 177, 19, 180, 14, 69, 169, 9, 97, 76, 95], [77, 38, 153, 154, 124, 88, 138, 155, 171, 193, 33], [181, 146, 144, 74, 23, 184, 22, 114, 94, 2], [4, 87, 60, 81, 6], [152, 125, 26, 100, 32, 187], [172, 82, 174, 47, 121, 142, 113, 18, 56, 176, 65, 34], [3, 106, 118, 25, 131, 71, 8, 102, 83, 79], [192, 158, 107, 24, 63, 78, 178, 175, 127]]",true
98,433891,2586,2-opt,CMT5.vrp,"[[21, 173, 122, 36, 166, 20, 37, 120, 112, 105], [147, 73, 72, 51, 58, 111], [50, 12, 130, 55, 49, 182, 159, 183, 185, 62], [195, 115, 90, 42, 191, 66, 156, 93, 86, 157, 30, 29, 167, 179], [164, 85, 165, 163, 148, 117, 16, 198, 53, 186, 139], [40, 162, 189, 57, 109, 39, 151, 17], [141, 91, 89, 137, 143, 41, 101, 64, 28, 59, 13, 123, 133, 170, 150, 126], [70, 128, 15, 5, 103, 140, 196, 136, 197, 188], [54, 48, 45, 98, 99, 27], [96, 104, 116, 145, 135, 92, 110, 10, 129, 149, 46], [108, 11, 52, 31, 75, 67, 190, 68, 61], [168, 7, 35, 84, 134, 119, 80, 161, 44, 160, 43, 199, 1, 194], [132, 177, 19, 180, 14, 69, 169, 9, 97, 76, 95], [77, 38, 153, 154, 124, 88, 138, 155, 171, 193, 33], [181, 146, 144, 74, 23, 184, 22, 114, 94, 2], [4, 87, 60, 81, 6], [152, 125, 26, 100, 32, 187], [172, 82, 174, 47, 121, 142, 113, 18, 56, 176, 65, 34], [3, 106, 118, 25, 131, 71, 8, 102, 83, 79], [192, 158, 107, 24, 63, 78, 178, 175, 127]]",true
99,437800,2578,2-opt,CMT5.vrp,"[[21, 173, 122, 36, 166, 20, 37, 120, 112, 105], [147, 73, 72, 51, 58, 111], [50, 12, 130, 55, 49, 182, 159, 183, 185, 62], [195, 115, 90, 42, 191, 66, 156, 93, 86, 157, 30, 29, 167, 179], [164, 85, 165, 163, 148, 117, 16, 198, 53, 186, 139], [40, 162, 189, 57, 109, 39, 151, 17], [141, 91, 89, 137, 143, 41, 101, 64, 28, 59, 13, 123, 133, 170, 150, 126], [70, 128, 15, 5, 103, 140, 196, 136, 197, 188], [54, 48, 45, 98, 99, 27], [96, 104, 116, 145, 135, 92, 110, 10, 129, 149, 46], [108, 11, 52, 31, 75, 67, 190, 68, 61], [168, 7, 35, 84, 134, 119, 80, 161, 44, 160, 43, 199, 1, 194], [132, 180, 19, 177, 14, 69, 169, 9, 97, 76, 95], [77, 38, 153, 154, 124, 88, 138, 155, 171, 193, 33], [181, 146, 144, 74, 23, 184, 22, 114, 94, 2], [4, 87, 60, 81, 6], [152, 125, 26, 100, 32, 187], [172, 82, 174, 47, 121, 142, 113, 18, 56, 176, 65, 34], [3, 106, 118, 25, 131, 71, 8, 102, 83, 79], [192, 158, 107, 24, 63, 78, 178, 175, 127]]",true
100,443818,2571,2-opt,CMT5.vrp,"[[21, 173, 122, 36, 166, 20, 37, 120, 112, 105], [147, 73, 72, 51, 58, 111], [50, 12, 130, 55, 49, 182, 159, 183, 185, 62], [195, 115, 90, 42, 191, 66, 156, 93, 86, 157, 30, 29, 167, 179], [164, 85, 165, 163, 148, 117, 16, 198, 53, 186, 139], [40, 162, 189, 57, 109, 39, 151, 17], [41, 143, 137, 89, 91, 141, 101, 64, 28, 59, 13, 123, 133, 170, 150, 126], [70, 128, 15, 5, 103, 140, 196, 136, 197, 188], [54, 48, 45, 98, 99, 27], [96, 104, 116, 145, 135, 92, 110, 10, 129, 149, 46], [108, 11, 52, 31, 75, 67, 190, 68, 61], [168, 7, 35, 84, 134, 119, 80, 161, 44, 160, 43, 199, 1, 194], [132, 180, 19, 177, 14, 69, 169, 9, 97, 76, 95], [77, 38, 153, 154, 124, 88, 138, 155, 171, 193, 33], [181, 146, 144, 74, 23, 184, 22, 114, 94, 2], [4, 87, 60, 81, 6], [152, 125, 26, 100, 32, 187], [172, 82, 174, 47, 121, 142, 113, 18, 56, 176, 65, 34], [3, 106, 118, 25, 131, 71, 8, 102, 83, 79], [192, 158, 107, 24, 63, 78, 178, 175, 127]]",true
101,448495,2564,2-opt,CMT5.vrp,"[[21, 173, 122, 36, 166, 20, 37, 120, 112, 105], [147, 73, 72, 51, 58, 111], [50, 12, 130, 55, 49, 182, 159, 183, 185, 62], [195, 115, 90, 42, 191, 66, 156, 93, 86, 157, 30, 29, 167, 179], [164, 85, 165, 163, 148, 117, 16, 198, 53, 186, 139], [40, 162, 189, 57, 109, 39, 151, 17], [41, 143, 137, 89, 91, 141, 101, 64, 28, 59, 13, 123, 133, 170, 150, 126], [70, 128, 15, 5, 103, 140, 196, 136, 197, 188], [54, 48, 45, 98, 99, 27], [96, 104, 116, 145, 135, 92, 110, 10, 129, 149, 46], [108, 11, 52, 31, 75, 67, 190, 68, 61], [168, 7, 35, 84, 134, 119, 80, 161, 44, 160, 43, 199, 1, 194], [132, 180, 19, 177, 14, 69, 169, 9, 97, 76, 95], [77, 38, 153, 154, 124, 88, 138, 155, 171, 193, 33], [181, 146, 144, 74, 23, 184, 22, 114, 94, 2], [4, 87, 60, 81, 6], [152, 125, 26, 100, 32, 187], [172, 47, 174, 82, 121, 142, 113, 18, 56, 176, 65, 34], [3, 106, 118, 25, 131, 71, 8, 102, 83, 79], [192, 158, 107, 24, 63, 78, 178, 175, 127]]",true
102,452252,2557,2-opt,CMT5.vrp,"[[21, 173, 122, 36, 166, 20, 37, 120, 112, 105], [147, 73, 72, 51, 58, 111], [50, 12, 130, 55, 49, 182, 159, 183, 185, 62], [195, 115, 90, 42, 191, 66, 156, 93, 86, 157, 30, 29, 167, 179], [85, 164, 165, 163, 148, 117, 16, 198, 53, 186, 139], [40, 162, 189, 57, 109, 39, 151, 17], [41, 143, 137, 89, 91, 141, 101, 64, 28, 59, 13, 123, 133, 170, 150, 126], [70, 128, 15, 5, 103, 140, 196, 136, 197, 188], [54, 48, 45, 98, 99, 27], [96, 104, 116, 145, 135, 92, 110, 10, 129, 149, 46], [108, 11, 52, 31, 75, 67, 190, 68, 61], [168, 7, 35, 84, 134, 119, 80, 161, 44, 160, 43, 199, 1, 194], [132, 180, 19, 177, 14, 69, 169, 9, 97, 76, 95], [77, 38, 153, 154, 124, 88, 138, 155, 171, 193, 33], [181, 146, 144, 74, 23, 184, 22, 114, 94, 2], [4, 87, 60, 81, 6], [152, 125, 26, 100, 32, 187], [172, 47, 174, 82, 121, 142, 113, 18, 56, 176, 65, 34], [3, 106, 118, 25, 131, 71, 8, 102, 83, 79], [192, 158, 107, 24, 63, 78, 178, 175, 127]]",true
103,455760,2550,swap,CMT5.vrp,"[[21, 173, 122, 36, 166, 20, 37, 120, 112, 105], [147, 146, 72, 51, 58, 111], [50, 12, 130, 55, 49, 182, 159, 183, 185, 62], [195, 115, 90, 42, 191, 66, 156, 93, 86, 157, 30, 29, 167, 179], [85, 164, 165, 163, 148, 117, 16, 198, 53, 186, 139], [40, 162, 189, 57, 109, 39, 151, 17], [41, 143, 137, 89, 91, 141, 101, 64, 28, 59, 13, 123, 133, 170, 150, 126], [70, 128, 15, 5, 103, 140, 196, 136, 197, 188], [54, 48, 45, 98, 99, 27], [96, 104, 116, 145, 135, 92, 110, 10, 129, 149, 46], [108, 11, 52, 31, 75, 67, 190, 68, 61], [168, 7, 35, 84, 134, 119, 80, 161, 44, 160, 43, 199, 1, 194], [132, 180, 19, 177, 14, 69, 169, 9, 97, 76, 95], [77, 38, 153, 154, 124, 88, 138, 155, 171, 193, 33], [181, 73, 144, 74, 23, 184, 22, 114, 94, 2], [4, 87, 60, 81, 6], [152, 125, 26, 100, 32, 187], [172, 47, 174, 82, 121, 142, 113, 18, 56, 176, 65, 34], [3, 106, 118, 25, 131, 71, 8, 102, 83, 79], [192, 158, 107, 24, 63, 78, 178, 175, 127]]",true
104,461630,2544,swap,CMT5.vrp,"[[21, 173, 122, 36, 166, 20, 37, 120, 139, 105], [147, 146, 72, 51, 58, 111], [50, 12, 130, 55, 49, 182, 159, 183, 185, 62], [195, 115, 90, 42, 191, 66, 156, 93, 86, 157, 30, 29, 167, 179], [85, 164, 165, 163, 148, 117, 16, 198, 53, 186, 112], [40, 162, 189, 57, 109, 39, 151, 17], [41, 143, 137, 89, 91, 141, 101, 64, 28, 59, 13, 123, 133, 170, 150, 126], [70, 128, 15, 5, 103, 140, 196, 136, 197, 188], [54, 48, 45, 98, 99, 27], [96, 104, 116, 145, 135, 92, 110, 10, 129, 149, 46], [108, 11, 52, 31, 75, 67, 190, 68, 61], [168, 7, 35, 84, 134, 119, 80, 161, 44, 160, 43, 199, 1, 194], [132, 180, 19, 177, 14, 69, 169, 9, 97, 76, 95], [77, 38, 153, 154, 124, 88, 138, 155, 171, 193, 33], [181, 73, 144, 74, 23, 184, 22, 114, 94, 2], [4, 87, 60, 81, 6], [152, 125, 26, 100, 32, 187], [172, 47, 174, 82, 121, 142, 113, 18, 56, 176, 65, 34], [3, 106, 118, 25, 131, 71, 8, 102, 83, 79], [192, 158, 107, 24, 63, 78, 178, 175, 127]]",true
105,465593,2534,swap,CMT5.vrp,"[[21, 173, 122, 36, 166, 20, 37, 120, 139, 61], [147, 146, 72, 51, 58, 111], [50, 12, 130, 55, 49, 182, 159, 183, 185, 62], [195, 115, 90, 42, 191, 66, 156, 93, 86, 157, 30, 29, 167, 179], [85, 164, 165, 163, 148, 117, 16, 198, 53, 186, 112], [40, 162, 189, 57, 109, 39, 151, 17], [41, 143, 137, 89, 91, 141, 101, 64, 28, 59, 13, 123, 133, 170, 150, 126], [70, 128, 15, 5, 103, 140, 196, 136, 197, 188], [54, 48, 45, 98, 99, 27], [96, 104, 116, 145, 135, 92, 110, 10, 129, 149, 46], [108, 11, 52, 31, 75, 67, 190, 68, 105], [168, 7, 35, 84, 134, 119, 80, 161, 44, 160, 43, 199, 1, 194], [132, 180, 19, 177, 14, 69, 169, 9, 97, 76, 95], [77, 38, 153, 154, 124, 88, 138, 155, 171, 193, 33], [181, 73, 144, 74, 23, 184, 22, 114, 94, 2], [4, 87, 60, 81, 6], [152, 125, 26, 100, 32, 187], [172, 47, 174, 82, 121, 142, 113, 18, 56, 176, 65, 34], [3, 106, 118, 25, 131, 71, 8, 102, 83, 79], [192, 158, 107, 24, 63, 78, 178, 175, 127]]",true
106,468947,2528,swap,CMT5.vrp,"[[21, 173, 122, 36, 166, 20, 37, 120, 139, 61], [147, 146, 72, 51, 58, 111], [50, 12, 130, 55, 49, 182, 159, 183, 185, 62], [195, 115, 90, 42, 191, 66, 156, 93, 86, 157, 30, 29, 167, 179], [85, 164, 165, 163, 148, 117, 16, 198, 53, 196, 112], [40, 162, 189, 57, 109, 39, 151, 17], [41, 143, 137, 89, 91, 141, 101, 64, 28, 59, 13, 123, 133, 170, 150, 126], [70, 128, 15, 5, 103, 140, 186, 136, 197, 188], [54, 48, 45, 98, 99, 27], [96, 104, 116, 145, 135, 92, 110, 10, 129, 149, 46], [108, 11, 52, 31, 75, 67, 190, 68, 105], [168, 7, 35, 84, 134, 119, 80, 161, 44, 160, 43, 199, 1, 194], [132, 180, 19, 177, 14, 69, 169, 9, 97, 76, 95], [77, 38, 153, 154, 124, 88, 138, 155, 171, 193, 33], [181, 73, 144, 74, 23, 184, 22, 114, 94, 2], [4, 87, 60, 81, 6], [152, 125, 26, 100, 32, 187], [172, 47, 174, 82, 121, 142, 113, 18, 56, 176, 65, 34], [3, 106, 118, 25, 131, 71, 8, 102, 83, 79], [192, 158, 107, 24, 63, 78, 178, 175, 127]]",true
107,472409,2522,swap,CMT5.vrp,"[[21, 173, 122, 36, 166, 20, 37, 120, 139, 61], [147, 146, 72, 51, 58, 111], [50, 12, 130, 55, 49, 182, 159, 183, 185, 62], [195, 115, 90, 42, 191, 66, 156, 93, 86, 157, 30, 29, 167, 179], [85, 164, 165, 163, 148, 117, 16, 198, 53, 196, 112], [40, 162, 189, 57, 109, 39, 151, 17], [41, 143, 137, 89, 91, 141, 101, 64, 28, 59, 13, 123, 133, 170, 150, 81], [70, 128, 15, 5, 103, 140, 186, 136, 197, 188], [54, 48, 45, 98, 99, 27], [96, 104, 116, 145, 135, 92, 110, 10, 129, 149, 46], [108, 11, 52, 31, 75, 67, 190, 68, 105], [168, 7, 35, 84, 134, 119, 80, 161, 44, 160, 43, 199, 1, 194], [132, 180, 19, 177, 14, 69, 169, 9, 97, 76, 95], [77, 38, 153, 154, 124, 88, 138, 155, 171, 193, 33], [181, 73, 144, 74, 23, 184, 22, 114, 94, 2], [4, 87, 60, 126, 6], [152, 125, 26, 100, 32, 187], [172, 47, 174, 82, 121, 142, 113, 18, 56, 176, 65, 34], [3, 106, 118, 25, 131, 71, 8, 102, 83, 79], [192, 158, 107, 24, 63, 78, 178, 175, 127]]",true
108,478733,2516,swap,CMT5.vrp,"[[21, 173, 122, 36, 166, 20, 37, 120, 139, 61], [147, 146, 72, 51, 58, 111], [50, 12, 130, 55, 49, 182, 159, 183, 185, 62], [195, 115, 90, 42, 191, 66, 156, 93, 86, 157, 30, 99, 167, 179], [85, 164, 165, 163, 148, 117, 16, 198, 53, 196, 112], [40, 162, 189, 57, 109, 39, 151, 17], [41, 143, 137, 89, 91, 141, 101, 64, 28, 59, 13, 123, 133, 170, 150, 81], [70, 128, 15, 5, 103, 140, 186, 136, 197, 188], [54, 48, 45, 98, 29, 27], [96, 104, 116, 145, 135, 92, 110, 10, 129, 149, 46], [108, 11, 52, 31, 75, 67, 190, 68, 105], [168, 7, 35, 84, 134, 119, 80, 161, 44, 160, 43, 199, 1, 194], [132, 180, 19, 177, 14, 69, 169, 9, 97, 76, 95], [77, 38, 153, 154, 124, 88, 138, 155, 171, 193, 33], [181, 73, 144, 74, 23, 184, 22, 114, 94, 2], [4, 87, 60, 126, 6], [152, 125, 26, 100, 32, 187], [172, 47, 174, 82, 121, 142, 113, 18, 56, 176, 65, 34], [3, 106, 118, 25, 131, 71, 8, 102, 83, 79], [192, 158, 107, 24, 63, 78, 178, 175, 127]]",true
109,487238,2508,swap,CMT5.vrp,"[[21, 173, 122, 36, 166, 20, 37, 120, 139, 61], [147, 146, 72, 51, 58, 111], [50, 12, 130, 55, 49, 182, 159, 183, 185, 62], [195, 115, 90, 42, 191, 66, 156, 93, 86, 157, 27, 99, 167, 179], [85, 164, 165, 163, 148, 117, 16, 198, 53, 196, 112], [40, 162, 189, 57, 109, 39, 151, 17], [41, 143, 137, 89, 91, 141, 101, 64, 28, 59, 13, 123, 133, 170, 150, 81], [70, 128, 15, 5, 103, 140, 186, 136, 197, 188], [54, 48, 45, 98, 29, 30], [96, 104, 116, 145, 135, 92, 110, 10, 129, 149, 46], [108, 11, 52, 31, 75, 67, 190, 68, 105], [168, 7, 35, 84, 134, 119, 80, 161, 44, 160, 43, 199, 1, 194], [132, 180, 19, 177, 14, 69, 169, 9, 97, 76, 95], [77, 38, 153, 154, 124, 88, 138, 155, 171, 193, 33], [181, 73, 144, 74, 23, 184, 22, 114, 94, 2], [4, 87, 60, 126, 6], [152, 125, 26, 100, 32, 187], [172, 47, 174, 82, 121, 142, 113, 18, 56, 176, 65, 34], [3, 106, 118, 25, 131, 71, 8, 102, 83, 79], [192, 158, 107, 24, 63, 78, 178, 175, 127]]",true
110,493916,2501,swap,CMT5.vrp,"[[21, 173, 122, 36, 166, 20, 37, 120, 139, 61], [147, 146, 72, 51, 58, 111], [50, 12, 130, 55, 49, 182, 159, 183, 185, 62], [195, 115, 90, 42, 68, 66, 156, 93, 86, 157, 27, 99, 167, 179], [85, 164, 165, 163, 148, 117, 16, 198, 53, 196, 112], [40, 162, 189, 57, 109, 39, 151, 17], [41, 143, 137, 89, 91, 141, 101, 64, 28, 59, 13, 123, 133, 170, 150, 81], [70, 128, 15, 5, 103, 140, 186, 136, 197, 188], [54, 48, 45, 98, 29, 30], [96, 104, 116, 145, 135, 92, 110, 10, 129, 149, 46], [108, 11, 52, 31, 75, 67, 190, 191, 105], [168, 7, 35, 84, 134, 119, 80, 161, 44, 160, 43, 199, 1, 194], [132, 180, 19, 177, 14, 69, 169, 9, 97, 76, 95], [77, 38, 153, 154, 124, 88, 138, 155, 171, 193, 33], [181, 73, 144, 74, 23, 184, 22, 114, 94, 2], [4, 87, 60, 126, 6], [152, 125, 26, 100, 32, 187], [172, 47, 174, 82, 121, 142, 113, 18, 56, 176, 65, 34], [3, 106, 118, 25, 131, 71, 8, 102, 83, 79], [192, 158, 107, 24, 63, 78, 178, 175, 127]]",true
111,502273,2493,swap,CMT5.vrp,"[[21, 173, 122, 36, 166, 20, 37, 120, 139, 61], [147, 146, 72, 51, 58, 111], [50, 12, 130, 55, 49, 182, 159, 183, 185, 62], [190, 115, 90, 42, 68, 66, 156, 93, 86, 157, 27, 99, 167, 179], [85, 164, 165, 163, 148, 117, 16, 198, 53, 196, 112], [40, 162, 189, 57, 109, 39, 151, 17], [41, 143, 137, 89, 91, 141, 101, 64, 28, 59, 13, 123, 133, 170, 150, 81], [70, 128, 15, 5, 103, 140, 186, 136, 197, 188], [54, 48, 45, 98, 29, 30], [96, 104, 116, 145, 135, 92, 110, 10, 129, 149, 46], [108, 11, 52, 31, 75, 67, 195, 191, 105], [168, 7, 35, 84, 134, 119, 80, 161, 44, 160, 43, 199, 1, 194], [132, 180, 19, 177, 14, 69, 169, 9, 97, 76, 95], [77, 38, 153, 154, 124, 88, 138, 155, 171, 193, 33], [181, 73, 144, 74, 23, 184, 22, 114, 94, 2], [4, 87, 60, 126, 6], [152, 125, 26, 100, 32, 187], [172, 47, 174, 82, 121, 142, 113, 18, 56, 176, 65, 34], [3, 106, 118, 25, 131, 71, 8, 102, 83, 79], [192, 158, 107, 24, 63, 78, 178, 175, 127]]",true
112,510856,2487,or-opt,CMT5.vrp,"[[21, 173, 122, 36, 166, 20, 37, 120, 139, 61], [147, 146, 72, 51, 58, 111], [50, 12, 130, 55, 49, 182, 159, 183, 185, 62], [190, 115, 90, 42, 68, 66, 156, 93, 86, 157, 27, 99, 167, 179], [85, 164, 165, 163, 148, 117, 16, 198, 53, 196, 112], [40, 162, 189, 57, 109, 39, 151, 17], [41, 143, 137, 89, 91, 141, 101, 64, 28, 59, 13, 123, 133, 170, 150, 81], [70, 128, 15, 5, 103, 140, 186, 136, 197, 188], [54, 48, 29, 45, 98, 30], [96, 104, 116, 145, 135, 92, 110, 10, 129, 149, 46], [108, 11, 52, 31, 75, 67, 195, 191, 105], [168, 7, 35, 84, 134, 119, 80, 161, 44, 160, 43, 199, 1, 194], [132, 180, 19, 177, 14, 69, 169, 9, 97, 76, 95], [77, 38, 153, 154, 124, 88, 138, 155, 171, 193, 33], [181, 73, 144, 74, 23, 184, 22, 114, 94, 2], [4, 87, 60, 126, 6], [152, 125, 26, 100, 32, 187], [172, 47, 174, 82, 121, 142, 113, 18, 56, 176, 65, 34], [3, 106, 118, 25, 131, 71, 8, 102, 83, 79], [192, 158, 107, 24, 63, 78, 178, 175, 127]]",true
113,521793,2481,swap,CMT5.vrp,"[[21, 173, 122, 36, 166, 20, 37, 120, 139, 61], [147, 146, 72, 51, 58, 111], [50, 12, 130, 55, 49, 182, 159, 183, 185, 62], [190, 115, 90, 42, 68, 196, 156, 93, 86, 157, 27, 99, 167, 179], [85, 164, 165, 163, 148, 117, 16, 198, 53, 66, 112], [40, 162, 189, 57, 109, 39, 151, 17], [41, 143, 137, 89, 91, 141, 101, 64, 28, 59, 13, 123, 133, 170, 150, 81], [70, 128, 15, 5, 103, 140, 186, 136, 197, 188], [54, 48, 29, 45, 98, 30], [96, 104, 116, 145, 135, 92, 110, 10, 129, 149, 46], [108, 11, 52, 31, 75, 67, 195, 191, 105], [168, 7, 35, 84, 134, 119, 80, 161, 44, 160, 43, 199, 1, 194], [132, 180, 19, 177, 14, 69, 169, 9, 97, 76, 95], [77, 38, 153, 154, 124, 88, 138, 155, 171, 193, 33], [181, 73, 144, 74, 23, 184, 22, 114, 94, 2], [4, 87, 60, 126, 6], [152, 125, 26, 100, 32, 187], [172, 47, 174, 82, 121, 142, 113, 18, 56, 176, 65, 34], [3, 106, 118, 25, 131, 71, 8, 102, 83, 79], [192, 158, 107, 24, 63, 78, 178, 175, 127]]",true
114,532154,2476,swap,CMT5.vrp,"[[21, 173, 122, 36, 166, 20, 37, 120, 139, 61], [147, 146, 72, 51, 58, 111], [50, 12, 130, 55, 49, 182, 159, 183, 185, 62], [190, 115, 90, 42, 68, 196, 156, 93, 86, 157, 27, 99, 167, 179], [85, 164, 165, 163, 148, 117, 16, 198, 53, 66, 112], [40, 162, 189, 57, 109, 39, 76, 17], [41, 143, 137, 89, 91, 141, 101, 64, 28, 59, 13, 123, 133, 170, 150, 81], [70, 128, 15, 5, 103, 140, 186, 136, 197, 188], [54, 48, 29, 45, 98, 30], [96, 104, 116, 145, 135, 92, 110, 10, 129, 149, 46], [108, 11, 52, 31, 75, 67, 195, 191, 105], [168, 7, 35, 84, 134, 119, 80, 161, 44, 160, 43, 199, 1, 194], [132, 180, 19, 177, 14, 69, 169, 9, 97, 151, 95], [77, 38, 153, 154, 124, 88, 138, 155, 171, 193, 33], [181, 73, 144, 74, 23, 184, 22, 114, 94, 2], [4, 87, 60, 126, 6], [152, 125, 26, 100, 32, 187], [172, 47, 174, 82, 121, 142, 113, 18, 56, 176, 65, 34], [3, 106, 118, 25, 131, 71, 8, 102, 83, 79], [192, 158, 107, 24, 63, 78, 178, 175, 127]]",true
115,538913,2470,2-opt,CMT5.vrp,"[[21, 173, 36, 122, 166, 20, 37, 120, 139, 61], [147, 146, 72, 51, 58, 111], [50, 12, 130, 55, 49, 182, 159, 183, 185, 62], [190, 115, 90, 42, 68, 196, 156, 93, 86, 157, 27, 99, 167, 179], [85, 164, 165, 163, 148, 117, 16, 198, 53, 66, 112], [40, 162, 189, 57, 109, 39, 76, 17], [41, 143, 137, 89, 91, 141, 101, 64, 28, 59, 13, 123, 133, 170, 150, 81], [70, 128, 15, 5, 103, 140, 186, 136, 197, 188], [54, 48, 29, 45, 98, 30], [96, 104, 116, 145, 135, 92, 110, 10, 129, 149, 46], [108, 11, 52, 31, 75, 67, 195, 191, 105], [168, 7, 35, 84, 134, 119, 80, 161, 44, 160, 43, 199, 1, 194], [132, 180, 19, 177, 14, 69, 169, 9, 97, 151, 95], [77, 38, 153, 154, 124, 88, 138, 155, 171, 193, 33], [181, 73, 144, 74, 23, 184, 22, 114, 94, 2], [4, 87, 60, 126, 6], [152, 125, 26, 100, 32, 187], [172, 47, 174, 82, 121, 142, 113, 18, 56, 176, 65, 34], [3, 106, 118, 25, 131, 71, 8, 102, 83, 79], [192, 158, 107, 24, 63, 78, 178, 175, 127]]",true
116,544006,2465,swap,CMT5.vrp,"[[21, 173, 36, 122, 166, 20, 37, 120, 139, 61], [147, 146, 72, 51, 58, 111], [50, 12, 130, 55, 49, 182, 159, 183, 185, 62], [190, 115, 90, 42, 68, 196, 156, 93, 86, 157, 27, 99, 167, 179], [85, 164, 165, 163, 148, 117, 16, 198, 53, 66, 112], [40, 162, 189, 57, 109, 39, 76, 17], [41, 143, 137, 89, 91, 141, 101, 64, 28, 59, 13, 123, 133, 170, 150, 81], [70, 128, 15, 5, 103, 140, 186, 136, 197, 188], [54, 48, 29, 45, 98, 30], [96, 104, 116, 145, 135, 92, 131, 10, 129, 149, 46], [108, 11, 52, 31, 75, 67, 195, 191, 105], [168, 7, 35, 84, 134, 119, 80, 161, 44, 160, 43, 199, 1, 194], [132, 180, 19, 177, 14, 69, 169, 9, 97, 151, 95], [77, 38, 153, 154, 124, 88, 138, 155, 171, 193, 33], [181, 73, 144, 74, 23, 184, 22, 114, 94, 2], [4, 87, 60, 126, 6], [152, 125, 26, 100, 32, 187], [172, 47, 174, 82, 121, 142, 113, 18, 56, 176, 65, 34], [3, 106, 118, 25, 110, 71, 8, 102, 83, 79], [192, 158, 107, 24, 63, 78, 178, 175, 127]]",true
117,550791,2461,swap,CMT5.vrp,"[[21, 173, 36, 122, 166, 20, 37, 120, 139, 61], [147, 146, 72, 46, 58, 111], [50, 12, 130, 55, 49, 182, 159, 183, 185, 62], [190, 115, 90, 42, 68, 196, 156, 93, 86, 157, 27, 99, 167, 179], [85, 164, 165, 163, 148, 117, 16, 198, 53, 66, 112], [40, 162, 189, 57, 109, 39, 76, 17], [41, 143, 137, 89, 91, 141, 101, 64, 28, 59, 13, 123, 133, 170, 150, 81], [70, 128, 15, 5, 103, 140, 186, 136, 197, 188], [54, 48, 29, 45, 98, 30], [96, 104, 116, 145, 135, 92, 131, 10, 129, 149, 51], [108, 11, 52, 31, 75, 67, 195, 191, 105], [168, 7, 35, 84, 134, 119, 80, 161, 44, 160, 43, 199, 1, 194], [132, 180, 19, 177, 14, 69, 169, 9, 97, 151, 95], [77, 38, 153, 154, 124, 88, 138, 155, 171, 193, 33], [181, 73, 144, 74, 23, 184, 22, 114, 94, 2], [4, 87, 60, 126, 6], [152, 125, 26, 100, 32, 187], [172, 47, 174, 82, 121, 142, 113, 18, 56, 176, 65, 34], [3, 106, 118, 25, 110, 71, 8, 102, 83, 79], [192, 158, 107, 24, 63, 78, 178, 175, 127]]",true
118,556213,2456,swap,CMT5.vrp,"[[21, 173, 36, 122, 166, 20, 37, 120, 139, 61], [147, 146, 18, 46, 58, 111], [50, 12, 130, 55, 49, 182, 159, 183, 185, 62], [190, 115, 90, 42, 68, 196, 156, 93, 86, 157, 27, 99, 167, 179], [85, 164, 165, 163, 148, 117, 16, 198, 53, 66, 112], [40, 162, 189, 57, 109, 39, 76, 17], [41, 143, 137, 89, 91, 141, 101, 64, 28, 59, 13, 123, 133, 170, 150, 81], [70, 128, 15, 5, 103, 140, 186, 136, 197, 188], [54, 48, 29, 45, 98, 30], [96, 104, 116, 145, 135, 92, 131, 10, 129, 149, 51], [108, 11, 52, 31, 75, 67, 195, 191, 105], [168, 7, 35, 84, 134, 119, 80, 161, 44, 160, 43, 199, 1, 194], [132, 180, 19, 177, 14, 69, 169, 9, 97, 151, 95], [77, 38, 153, 154, 124, 88, 138, 155, 171, 193, 33], [181, 73, 144, 74, 23, 184, 22, 114, 94, 2], [4, 87, 60, 126, 6], [152, 125, 26, 100, 32, 187], [172, 47, 174, 82, 121, 142, 113, 72, 56, 176, 65, 34], [3, 106, 118, 25, 110, 71, 8, 102, 83, 79], [192, 158, 107, 24, 63, 78, 178, 175, 127]]",true
119,560346,2452,swap,CMT5.vrp,"[[21, 173, 36, 122, 166, 20, 37, 120, 139, 61], [147, 146, 18, 46, 58, 111], [50, 12, 130, 55, 49, 182, 159, 183, 185, 62], [190, 115, 90, 42, 68, 196, 156, 93, 86, 157, 27, 99, 167, 179], [85, 164, 165, 163, 148, 117, 16, 198, 53, 66, 112], [40, 162, 189, 57, 109, 39, 76, 17], [41, 143, 137, 89, 91, 141, 101, 64, 28, 59, 13, 123, 133, 108, 150, 81], [70, 128, 15, 5, 103, 140, 186, 136, 197, 188], [54, 48, 29, 45, 98, 30], [96, 104, 116, 145, 135, 92, 131, 10, 129, 149, 51], [170, 11, 52, 31, 75, 67, 195, 191, 105], [168, 7, 35, 84, 134, 119, 80, 161, 44, 160, 43, 199, 1, 194], [132, 180, 19, 177, 14, 69, 169, 9, 97, 151, 95], [77, 38, 153, 154, 124, 88, 138, 155, 171, 193, 33], [181, 73, 144, 74, 23, 184, 22, 114, 94, 2], [4, 87, 60, 126, 6], [152, 125, 26, 100, 32, 187], [172, 47, 174, 82, 121, 142, 113, 72, 56, 176, 65, 34], [3, 106, 118, 25, 110, 71, 8, 102, 83, 79], [192, 158, 107, 24, 63, 78, 178, 175, 127]]",true
120,565726,2448,swap,CMT5.vrp,"[[21, 173, 36, 122, 166, 20, 37, 120, 139, 61], [147, 146, 18, 46, 58, 111], [50, 12, 32, 55, 49, 182, 159, 183, 185, 62], [190, 115, 90, 42, 68, 196, 156, 93, 86, 157, 27, 99, 167, 179], [85, 164, 165, 163, 148, 117, 16, 198, 53, 66, 112], [40, 162, 189, 57, 109, 39, 76, 17], [41, 143, 137, 89, 91, 141, 101, 64, 28, 59, 13, 123, 133, 108, 150, 81], [70, 128, 15, 5, 103, 140, 186, 136, 197, 188], [54, 48, 29, 45, 98, 30], [96, 104, 116, 145, 135, 92, 131, 10, 129, 149, 51], [170, 11, 52, 31, 75, 67, 195, 191, 105], [168, 7, 35, 84, 134, 119, 80, 161, 44, 160, 43, 199, 1, 194], [132, 180, 19, 177, 14, 69, 169, 9, 97, 151, 95], [77, 38, 153, 154, 124, 88, 138, 155, 171, 193, 33], [181, 73, 144, 74, 23, 184, 22, 114, 94, 2], [4, 87, 60, 126, 6], [152, 125, 26, 100, 130, 187], [172, 47, 174, 82, 121, 142, 113, 72, 56, 176, 65, 34], [3, 106, 118, 25, 110, 71, 8, 102, 83, 79], [192, 158, 107, 24, 63, 78, 178, 175, 127]]",true
121,570064,2443,swap,CMT5.vrp,"[[21, 173, 36, 122, 166, 20, 37, 120, 139, 61], [147, 146, 18, 46, 58, 111], [50, 12, 32, 55, 49, 182, 159, 183, 185, 62], [190, 115, 90, 42, 68, 196, 156, 93, 86, 157, 27, 99, 167, 179], [85, 164, 165, 163, 148, 117, 16, 198, 53, 66, 112], [187, 162, 189, 57, 109, 39, 76, 17], [41, 143, 137, 89, 91, 141, 101, 64, 28, 59, 13, 123, 133, 108, 150, 81], [70, 128, 15, 5, 103, 140, 186, 136, 197, 188], [54, 48, 29, 45, 98, 30], [96, 104, 116, 145, 135, 92, 131, 10, 129, 149, 51], [170, 11, 52, 31, 75, 67, 195, 191, 105], [168, 7, 35, 84, 134, 119, 80, 161, 44, 160, 43, 199, 1, 194], [132, 180, 19, 177, 14, 69, 169, 9, 97, 151, 95], [77, 38, 153, 154, 124, 88, 138, 155, 171, 193, 33], [181, 73, 144, 74, 23, 184, 22, 114, 94, 2], [4, 87, 60, 126, 6], [152, 125, 26, 100, 130, 40], [172, 47, 174, 82, 121, 142, 113, 72, 56, 176, 65, 34], [3, 106, 118, 25, 110, 71, 8, 102, 83, 79], [192, 158, 107, 24, 63, 78, 178, 175, 127]]",true
122,574155,2439,swap,CMT5.vrp,"[[21, 173, 36, 122, 166, 20, 37, 120, 139, 61], [147, 146, 18, 46, 58, 111], [50, 12, 32, 55, 49, 182, 159, 183, 185, 62], [190, 115, 90, 42, 68, 196, 156, 93, 86, 157, 27, 99, 167, 179], [85, 164, 165, 163, 148, 117, 16, 198, 53, 66, 112], [187, 162, 189, 57, 109, 39, 76, 17], [41, 143, 137, 89, 91, 141, 101, 64, 28, 59, 13, 123, 133, 108, 150, 81], [70, 128, 15, 5, 103, 140, 186, 136, 197, 188], [54, 48, 29, 45, 98, 30], [96, 104, 116, 145, 135, 92, 131, 10, 129, 149, 51], [170, 11, 52, 31, 75, 67, 192, 191, 105], [168, 7, 35, 84, 134, 119, 80, 161, 44, 160, 43, 199, 1, 194], [132, 180, 19, 177, 14, 69, 169, 9, 97, 151, 95], [77, 38, 153, 154, 124, 88, 138, 155, 171, 193, 33], [181, 73, 144, 74, 23, 184, 22, 114, 94, 2], [4, 87, 60, 126, 6], [152, 125, 26, 100, 130, 40], [172, 47, 174, 82, 121, 142, 113, 72, 56, 176, 65, 34], [3, 106, 118, 25, 110, 71, 8, 102, 83, 79], [195, 158, 107, 24, 63, 78, 178, 175, 127]]",true
123,577630,2435,swap,CMT5.vrp,"[[21, 173, 36, 122, 166, 20, 37, 120, 139, 61], [147, 146, 18, 46, 58, 111], [50, 12, 32, 55, 49, 182, 159, 183, 185, 62], [190, 115, 90, 42, 68, 196, 156, 93, 86, 157, 27, 99, 167, 179], [85, 164, 165, 163, 148, 117, 16, 198, 53, 66, 112], [187, 162, 189, 57, 109, 39, 76, 17], [41, 143, 137, 89, 91, 141, 101, 64, 28, 59, 13, 123, 133, 108, 150, 81], [70, 128, 15, 5, 103, 140, 186, 136, 197, 188], [125, 48, 29, 45, 98, 30], [96, 104, 116, 145, 135, 92, 131, 10, 129, 149, 51], [170, 11, 52, 31, 75, 67, 192, 191, 105], [168, 7, 35, 84, 134, 119, 80, 161, 44, 160, 43, 199, 1, 194], [132, 180, 19, 177, 14, 69, 169, 9, 97, 151, 95], [77, 38, 153, 154, 124, 88, 138, 155, 171, 193, 33], [181, 73, 144, 74, 23, 184, 22, 114, 94, 2], [4, 87, 60, 126, 6], [152, 54, 26, 100, 130, 40], [172, 47, 174, 82, 121, 142, 113, 72, 56, 176, 65, 34], [3, 106, 118, 25, 110, 71, 8, 102, 83, 79], [195, 158, 107, 24, 63, 78, 178, 175, 127]]",true
124,581770,2431,2-opt,CMT5.vrp,"[[21, 173, 36, 122, 166, 20, 37, 120, 139, 61], [147, 146, 18, 46, 58, 111], [50, 12, 32, 55, 49, 182, 159, 183, 185, 62], [190, 115, 90, 42, 68, 196, 156, 93, 86, 157, 27, 99, 167, 179], [85, 164, 165, 163, 148, 117, 16, 198, 53, 66, 112], [187, 162, 189, 57, 109, 39, 76, 17], [41, 143, 137, 89, 91, 141, 101, 64, 28, 59, 13, 123, 133, 108, 150, 81], [70, 128, 15, 5, 103, 140, 186, 136, 197, 188], [125, 98, 45, 29, 48, 30], [96, 104, 116, 145, 135, 92, 131, 10, 129, 149, 51], [170, 11, 52, 31, 75, 67, 192, 191, 105], [168, 7, 35, 84, 134, 119, 80, 161, 44, 160, 43, 199, 1, 194], [132, 180, 19, 177, 14, 69, 169, 9, 97, 151, 95], [77, 38, 153, 154, 124, 88, 138, 155, 171, 193, 33], [181, 73, 144, 74, 23, 184, 22, 114, 94, 2], [4, 87, 60, 126, 6], [152, 54, 26, 100, 130, 40], [172, 47, 174, 82, 121, 142, 113, 72, 56, 176, 65, 34], [3, 106, 118, 25, 110, 71, 8, 102, 83, 79], [195, 158, 107, 24, 63, 78, 178, 175, 127]]",true
125,586702,2427,swap,CMT5.vrp,"[[21, 173, 36, 122, 166, 20, 37, 120, 139, 61], [147, 146, 18, 46, 58, 111], [50, 12, 32, 55, 49, 182, 159, 183, 185, 62], [190, 115, 90, 42, 68, 196, 156, 93, 86, 157, 27, 99, 167, 179], [85, 164, 165, 163, 148, 117, 16, 198, 53, 66, 112], [187, 162, 189, 57, 109, 39, 76, 17], [41, 143, 137, 89, 91, 141, 101, 64, 28, 59, 13, 123, 133, 108, 150, 81], [70, 128, 15, 5, 103, 140, 186, 136, 197, 188], [125, 98, 45, 29, 48, 30], [96, 104, 116, 145, 135, 92, 131, 10, 129, 149, 51], [170, 11, 52, 31, 75, 67, 192, 191, 105], [168, 7, 35, 84, 134, 119, 80, 161, 44, 160, 43, 199, 1, 194], [132, 180, 19, 177, 14, 69, 169, 9, 97, 151, 95], [77, 38, 153, 154, 124, 88, 138, 155, 171, 193, 33], [181, 73, 144, 74, 23, 184, 22, 114, 94, 2], [4, 87, 60, 126, 6], [152, 54, 26, 100, 130, 40], [172, 47, 174, 82, 121, 142, 113, 72, 118, 176, 65, 34], [3, 106, 56, 25, 110, 71, 8, 102, 83, 79], [195, 158, 107, 24, 63, 78, 178, 175, 127]]",true
126,592734,2423,swap,CMT5.vrp,"[[21, 173, 36, 122, 166, 20, 37, 120, 139, 61], [147, 146, 18, 46, 58, 111], [50, 12, 32, 55, 49, 182, 159, 183, 185, 62], [190, 115, 90, 42, 68, 196, 156, 93, 86, 157, 27, 99, 167, 179], [85, 164, 165, 163, 148, 117, 16, 198, 53, 66, 112], [187, 162, 189, 57, 109, 39, 76, 17], [41, 143, 137, 89, 91, 141, 101, 64, 28, 59, 13, 128, 133, 108, 150, 81], [70, 123, 15, 5, 103, 140, 186, 136, 197, 188], [125, 98, 45, 29, 48, 30], [96, 104, 116, 145, 135, 92, 131, 10, 129, 149, 51], [170, 11, 52, 31, 75, 67, 192, 191, 105], [168, 7, 35, 84, 134, 119, 80, 161, 44, 160, 43, 199, 1, 194], [132, 180, 19, 177, 14, 69, 169, 9, 97, 151, 95], [77, 38, 153, 154, 124, 88, 138, 155, 171, 193, 33], [181, 73, 144, 74, 23, 184, 22, 114, 94, 2], [4, 87, 60, 126, 6], [152, 54, 26, 100, 130, 40], [172, 47, 174, 82, 121, 142, 113, 72, 118, 176, 65, 34], [3, 106, 56, 25, 110, 71, 8, 102, 83, 79], [195, 158, 107, 24, 63, 78, 178, 175, 127]]",true
127,599989,2418,swap,CMT5.vrp,"[[21, 173, 36, 122, 166, 20, 37, 120, 139, 61], [147, 146, 18, 46, 58, 111], [50, 12, 32, 55, 49, 182, 159, 183, 185, 62], [190, 115, 90, 42, 68, 196, 156, 93, 86, 157, 27, 99, 167, 179], [85, 164, 165, 163, 148, 117, 16, 198, 53, 66, 112], [187, 162, 189, 57, 109, 39, 76, 17], [41, 143, 137, 89, 91, 141, 101, 64, 28, 59, 70, 128, 133, 108, 150, 81], [13, 123, 15, 5, 103, 140, 186, 136, 197, 188], [125, 98, 45, 29, 48, 30], [96, 104, 116, 145, 135, 92, 131, 10, 129, 149, 51], [170, 11, 52, 31, 75, 67, 192, 191, 105], [168, 7, 35, 84, 134, 119, 80, 161, 44, 160, 43, 199, 1, 194], [132, 180, 19, 177, 14, 69, 169, 9, 97, 151, 95], [77, 38, 153, 154, 124, 88, 138, 155, 171, 193, 33], [181, 73, 144, 74, 23, 184, 22, 114, 94, 2], [4, 87, 60, 126, 6], [152, 54, 26, 100, 130, 40], [172, 47, 174, 82, 121, 142, 113, 72, 118, 176, 65, 34], [3, 106, 56, 25, 110, 71, 8, 102, 83, 79], [195, 158, 107, 24, 63, 78, 178, 175, 127]]",true
128,605665,2415,swap,CMT5.vrp,"[[21, 173, 36, 122, 166, 20, 37, 120, 139, 61], [147, 146, 18, 46, 58, 111], [50, 12, 32, 55, 49, 182, 159, 183, 185, 62], [190, 115, 90, 42, 68, 196, 156, 93, 86, 157, 27, 99, 167, 179], [85, 164, 165, 163, 148, 117, 16, 198, 53, 66, 112], [187, 162, 189, 57, 109, 39, 76, 17], [41, 143, 137, 89, 91, 141, 101, 64, 28, 59, 70, 128, 133, 108, 150, 81], [13, 123, 15, 5, 103, 140, 186, 136, 197, 188], [125, 98, 45, 29, 48, 30], [96, 104, 116, 145, 135, 92, 131, 10, 129, 71, 51], [170, 11, 52, 31, 75, 67, 192, 191, 105], [168, 7, 35, 84, 134, 119, 80, 161, 44, 160, 43, 199, 1, 194], [132, 180, 19, 177, 14, 69, 169, 9, 97, 151, 95], [77, 38, 153, 154, 124, 88, 138, 155, 171, 193, 33], [181, 73, 144, 74, 23, 184, 22, 114, 94, 2], [4, 87, 60, 126, 6], [152, 54, 26, 100, 130, 40], [172, 47, 174, 82, 121, 142, 113, 72, 118, 176, 65, 34], [3, 106, 56, 25, 110, 149, 8, 102, 83, 79], [195, 158, 107, 24, 63, 78, 178, 175, 127]]",true
129,612092,2411,swap,CMT5.vrp,"[[21, 173, 36, 122, 166, 20, 37, 120, 139, 61], [147, 146, 18, 46, 58, 111], [50, 12, 32, 55, 49, 182, 159, 183, 185, 62], [190, 115, 90, 42, 68, 22, 156, 93, 86, 157, 27, 99, 167, 179], [85, 164, 165, 163, 148, 117, 16, 198, 53, 66, 112], [187, 162, 189, 57, 109, 39, 76, 17], [41, 143, 137, 89, 91, 141, 101, 64, 28, 59, 70, 128, 133, 108, 150, 81], [13, 123, 15, 5, 103, 140, 186, 136, 197, 188], [125, 98, 45, 29, 48, 30], [96, 104, 116, 145, 135, 92, 131, 10, 129, 71, 51], [170, 11, 52, 31, 75, 67, 192, 191, 105], [168, 7, 35, 84, 134, 119, 80, 161, 44, 160, 43, 199, 1, 194], [132, 180, 19, 177, 14, 69, 169, 9, 97, 151, 95], [77, 38, 153, 154, 124, 88, 138, 155, 171, 193, 33], [181, 73, 144, 74, 23, 184, 196, 114, 94, 2], [4, 87, 60, 126, 6], [152, 54, 26, 100, 130, 40], [172, 47, 174, 82, 121, 142, 113, 72, 118, 176, 65, 34], [3, 106, 56, 25, 110, 149, 8, 102, 83, 79], [195, 158, 107, 24, 63, 78, 178, 175, 127]]",true
130,616936,2406,swap,CMT5.vrp,"[[21, 173, 36, 122, 166, 20, 37, 120, 139, 61], [147, 146, 18, 46, 58, 111], [50, 12, 32, 55, 49, 182, 159, 183, 185, 62], [190, 115, 90, 42, 68, 22, 156, 93, 86, 157, 27, 99, 167, 179], [85, 164, 165, 163, 148, 117, 16, 198, 53, 66, 112], [187, 162, 189, 57, 109, 39, 76, 17], [41, 143, 137, 89, 91, 141, 101, 64, 28, 59, 70, 128, 133, 108, 150, 81], [13, 123, 15, 5, 103, 140, 114, 136, 197, 188], [125, 98, 45, 29, 48, 30], [96, 104, 116, 145, 135, 92, 131, 10, 129, 71, 51], [170, 11, 52, 31, 75, 67, 192, 191, 105], [168, 7, 35, 84, 134, 119, 80, 161, 44, 160, 43, 199, 1, 194], [132, 180, 19, 177, 14, 69, 169, 9, 97, 151, 95], [77, 38, 153, 154, 124, 88, 138, 155, 171, 193, 33], [181, 73, 144, 74, 23, 184, 196, 186, 94, 2], [4, 87, 60, 126, 6], [152, 54, 26, 100, 130, 40], [172, 47, 174, 82, 121, 142, 113, 72, 118, 176, 65, 34], [3, 106, 56, 25, 110, 149, 8, 102, 83, 79], [195, 158, 107, 24, 63, 78, 178, 175, 127]]",true
131,620435,2401,swap,CMT5.vrp,"[[21, 173, 36, 122, 166, 20, 37, 120, 139, 61], [147, 146, 18, 46, 58, 111], [50, 12, 32, 55, 49, 182, 159, 183, 185, 62], [190, 115, 90, 42, 68, 22, 156, 93, 86, 157, 27, 99, 167, 179], [85, 164, 165, 163, 148, 117, 16, 198, 53, 66, 112], [187, 162, 189, 57, 109, 39, 76, 17], [41, 143, 137, 89, 91, 141, 94, 64, 28, 59, 70, 128, 133, 108, 150, 81], [13, 123, 15, 5, 103, 140, 114, 136, 197, 188], [125, 98, 45, 29, 48, 30], [96, 104, 116, 145, 135, 92, 131, 10, 129, 71, 51], [170, 11, 52, 31, 75, 67, 192, 191, 105], [168, 7, 35, 84, 134, 119, 80, 161, 44, 160, 43, 199, 1, 194], [132, 180, 19, 177, 14, 69, 169, 9, 97, 151, 95], [77, 38, 153, 154, 124, 88, 138, 155, 171, 193, 33], [181, 73, 144, 74, 23, 184, 196, 186, 101, 2], [4, 87, 60, 126, 6], [152, 54, 26, 100, 130, 40], [172, 47, 174, 82, 121, 142, 113, 72, 118, 176, 65, 34], [3, 106, 56, 25, 110, 149, 8, 102, 83, 79], [195, 158, 107, 24, 63, 78, 178, 175, 127]]",true
132,623960,2396,swap,CMT5.vrp,"[[21, 173, 36, 122, 166, 20, 37, 120, 139, 61], [147, 146, 18, 46, 58, 111], [50, 12, 32, 55, 49, 182, 159, 183, 185, 62], [190, 115, 90, 42, 68, 22, 156, 93, 86, 157, 27, 99, 167, 179], [85, 164, 165, 163, 148, 117, 16, 198, 53, 66, 112], [187, 162, 189, 57, 109, 39, 76, 17], [41, 143, 137, 89, 91, 141, 114, 64, 28, 59, 70, 128, 133, 108, 150, 81], [13, 123, 15, 5, 103, 140, 94, 136, 197, 188], [125, 98, 45, 29, 48, 30], [96, 104, 116, 145, 135, 92, 131, 10, 129, 71, 51], [170, 11, 52, 31, 75, 67, 192, 191, 105], [168, 7, 35, 84, 134, 119, 80, 161, 44, 160, 43, 199, 1, 194], [132, 180, 19, 177, 14, 69, 169, 9, 97, 151, 95], [77, 38, 153, 154, 124, 88, 138, 155, 171, 193, 33], [181, 73, 144, 74, 23, 184, 196, 186, 101, 2], [4, 87, 60, 126, 6], [152, 54, 26, 100, 130, 40], [172, 47, 174, 82, 121, 142, 113, 72, 118, 176, 65, 34], [3, 106, 56, 25, 110, 149, 8, 102, 83, 79], [195, 158, 107, 24, 63, 78, 178, 175, 127]]",true
133,627993,2393,swap,CMT5.vrp,"[[21, 173, 36, 122, 166, 20, 37, 120, 139, 61], [147, 146, 18, 46, 58, 111], [50, 12, 32, 55, 49, 182, 159, 183, 185, 62], [190, 115, 90, 42, 68, 22, 156, 93, 101, 157, 27, 99, 167, 179], [85, 164, 165, 163, 148, 117, 16, 198, 53, 66, 112], [187, 162, 189, 57, 109, 39, 76, 17], [41, 143, 137, 89, 91, 141, 114, 64, 28, 59, 70, 128, 133, 108, 150, 81], [13, 123, 15, 5, 103, 140, 94, 136, 197, 188], [125, 98, 45, 29, 48, 30], [96, 104, 116, 145, 135, 92, 131, 10, 129, 71, 51], [170, 11, 52, 31, 75, 67, 192, 191, 105], [168, 7, 35, 84, 134, 119, 80, 161, 44, 160, 43, 199, 1, 194], [132, 180, 19, 177, 14, 69, 169, 9, 97, 151, 95], [77, 38, 153, 154, 124, 88, 138, 155, 171, 193, 33], [181, 73, 144, 74, 23, 184, 196, 186, 86, 2], [4, 87, 60, 126, 6], [152, 54, 26, 100, 130, 40], [172, 47, 174, 82, 121, 142, 113, 72, 118, 176, 65, 34], [3, 106, 56, 25, 110, 149, 8, 102, 83, 79], [195, 158, 107, 24, 63, 78, 178, 175, 127]]",true
134,632095,2390,swap,CMT5.vrp,"[[21, 173, 36, 122, 166, 20, 37, 120, 139, 61], [147, 146, 18, 46, 58, 111], [50, 12, 32, 55, 49, 182, 159, 183, 185, 62], [190, 115, 90, 42, 68, 22, 156, 93, 101, 157, 27, 99, 167, 179], [85, 164, 165, 163, 148, 117, 16, 198, 53, 66, 112], [187, 162, 189, 57, 109, 39, 76, 17], [41, 143, 137, 89, 91, 141, 114, 64, 28, 59, 70, 128, 133, 108, 150, 81], [13, 123, 15, 5, 103, 140, 94, 136, 197, 188], [125, 98, 45, 29, 48, 30], [96, 104, 116, 145, 135, 92, 131, 10, 129, 71, 51], [170, 11, 52, 31, 75, 158, 192, 191, 105], [168, 7, 35, 84, 134, 119, 80, 161, 44, 160, 43, 199, 1, 194], [132, 180, 19, 177, 14, 69, 169, 9, 97, 151, 95], [77, 38, 153, 154, 124, 88, 138, 155, 171, 193, 33], [181, 73, 144, 74, 23, 184, 196, 186, 86, 2], [4, 87, 60, 126, 6], [152, 54, 26, 100, 130, 40], [172, 47, 174, 82, 121, 142, 113, 72, 118, 176, 65, 34], [3, 106, 56, 25, 110, 149, 8, 102, 83, 79], [195, 67, 107, 24, 63, 78, 178, 175, 127]]",true
135,635980,2382,swap,CMT5.vrp,"[[21, 173, 36, 122, 166, 20, 37, 120, 139, 61], [147, 146, 18, 46, 58, 111], [50, 12, 32, 55, 49, 182, 159, 183, 185, 62], [190, 115, 90, 42, 68, 22, 156, 93, 101, 157, 27, 99, 167, 179], [85, 164, 165, 163, 148, 117, 16, 198, 53, 66, 112], [187, 162, 189, 57, 109, 39, 76, 17], [41, 143, 137, 89, 91, 141, 114, 64, 28, 59, 70, 128, 133, 108, 150, 81], [13, 123, 15, 5, 103, 140, 94, 136, 197, 195], [125, 98, 45, 29, 48, 30], [96, 104, 116, 145, 135, 92, 131, 10, 129, 71, 51], [170, 11, 52, 31, 75, 158, 192, 191, 105], [168, 7, 35, 84, 134, 119, 80, 161, 44, 160, 43, 199, 1, 194], [132, 180, 19, 177, 14, 69, 169, 9, 97, 151, 95], [77, 38, 153, 154, 124, 88, 138, 155, 171, 193, 33], [181, 73, 144, 74, 23, 184, 196, 186, 86, 2], [4, 87, 60, 126, 6], [152, 54, 26, 100, 130, 40], [172, 47, 174, 82, 121, 142, 113, 72, 118, 176, 65, 34], [3, 106, 56, 25, 110, 149, 8, 102, 83, 79], [188, 67, 107, 24, 63, 78, 178, 175, 127]]",true
136,640331,2378,swap,CMT5.vrp,"[[21, 173, 36, 122, 166, 20, 37, 120, 139, 61], [147, 146, 18, 46, 58, 111], [50, 12, 32, 55, 49, 182, 159, 183, 185, 62], [190, 115, 90, 42, 68, 22, 156, 93, 101, 157, 27, 99, 167, 179], [85, 164, 165, 163, 148, 117, 16, 198, 53, 66, 112], [187, 162, 189, 57, 109, 39, 76, 17], [41, 143, 137, 89, 91, 141, 114, 64, 28, 59, 70, 128, 133, 108, 150, 81], [13, 123, 15, 5, 103, 140, 94, 136, 197, 191], [125, 98, 45, 29, 48, 30], [96, 104, 116, 145, 135, 92, 131, 10, 129, 71, 51], [170, 11, 52, 31, 75, 158, 192, 195, 105], [168, 7, 35, 84, 134, 119, 80, 161, 44, 160, 43, 199, 1, 194], [132, 180, 19, 177, 14, 69, 169, 9, 97, 151, 95], [77, 38, 153, 154, 124, 88, 138, 155, 171, 193, 33], [181, 73, 144, 74, 23, 184, 196, 186, 86, 2], [4, 87, 60, 126, 6], [152, 54, 26, 100, 130, 40], [172, 47, 174, 82, 121, 142, 113, 72, 118, 176, 65, 34], [3, 106, 56, 25, 110, 149, 8, 102, 83, 79], [188, 67, 107, 24, 63, 78, 178, 175, 127]]",true
137,644683,2375,2-opt,CMT5.vrp,"[[21, 173, 36, 122, 166, 20, 37, 120, 139, 61], [147, 146, 18, 46, 58, 111], [50, 12, 32, 55, 49, 182, 159, 183, 185, 62], [190, 115, 90, 42, 68, 22, 156, 93, 101, 157, 27, 99, 167, 179], [85, 164, 165, 163, 148, 117, 16, 198, 53, 66, 112], [187, 162, 189, 57, 109, 39, 76, 17], [41, 143, 137, 89, 91, 141, 114, 64, 28, 59, 70, 128, 133, 108, 150, 81], [13, 123, 15, 5, 103, 140, 94, 136, 197, 191], [125, 98, 45, 29, 48, 30], [96, 104, 116, 145, 135, 92, 131, 10, 129, 71, 51], [52, 11, 170, 31, 75, 158, 192, 195, 105], [168, 7, 35, 84, 134, 119, 80, 161, 44, 160, 43, 199, 1, 194], [132, 180, 19, 177, 14, 69, 169, 9, 97, 151, 95], [77, 38, 153, 154, 124, 88, 138, 155, 171, 193, 33], [181, 73, 144, 74, 23, 184, 196, 186, 86, 2], [4, 87, 60, 126, 6], [152, 54, 26, 100, 130, 40], [172, 47, 174, 82, 121, 142, 113, 72, 118, 176, 65, 34], [3, 106, 56, 25, 110, 149, 8, 102, 83, 79], [188, 67, 107, 24, 63, 78, 178, 175, 127]]",true
138,648534,2370,swap,CMT5.vrp,"[[21, 173, 36, 122, 166, 20, 37, 120, 139, 61], [147, 146, 18, 46, 58, 111], [50, 12, 32, 55, 49, 182, 159, 183, 185, 62], [190, 115, 90, 42, 68, 22, 156, 93, 101, 157, 27, 99, 167, 179], [85, 164, 31, 163, 148, 117, 16, 198, 53, 66, 112], [187, 162, 189, 57, 109, 39, 76, 17], [41, 143, 137, 89, 91, 141, 114, 64, 28, 59, 70, 128, 133, 108, 150, 81], [13, 123, 15, 5, 103, 140, 94, 136, 197, 191], [125, 98, 45, 29, 48, 30], [96, 104, 116, 145, 135, 92, 131, 10, 129, 71, 51], [52, 11, 170, 165, 75, 158, 192, 195, 105], [168, 7, 35, 84, 134, 119, 80, 161, 44, 160, 43, 199, 1, 194], [132, 180, 19, 177, 14, 69, 169, 9, 97, 151, 95], [77, 38, 153, 154, 124, 88, 138, 155, 171, 193, 33], [181, 73, 144, 74, 23, 184, 196, 186, 86, 2], [4, 87, 60, 126, 6], [152, 54, 26, 100, 130, 40], [172, 47, 174, 82, 121, 142, 113, 72, 118, 176, 65, 34], [3, 106, 56, 25, 110, 149, 8, 102, 83, 79], [188, 67, 107, 24, 63, 78, 178, 175, 127]]",true
139,652736,2361,swap,CMT5.vrp,"[[21, 173, 36, 122, 166, 20, 37, 120, 139, 61], [147, 146, 18, 46, 58, 111], [50, 12, 32, 55, 49, 182, 159, 183, 185, 62], [190, 115, 90, 42, 68, 22, 156, 93, 101, 157, 27, 99, 167, 179], [85, 164, 31, 163, 148, 117, 16, 198, 53, 66, 112], [75, 162, 189, 57, 109, 39, 76, 17], [41, 143, 137, 89, 91, 141, 114, 64, 28, 59, 70, 128, 133, 108, 150, 81], [13, 123, 15, 5, 103, 140, 94, 136, 197, 191], [125, 98, 45, 29, 48, 30], [96, 104, 116, 145, 135, 92, 131, 10, 129, 71, 51], [52, 11, 170, 165, 187, 158, 192, 195, 105], [168, 7, 35, 84, 134, 119, 80, 161, 44, 160, 43, 199, 1, 194], [132, 180, 19, 177, 14, 69, 169, 9, 97, 151, 95], [77, 38, 153, 154, 124, 88, 138, 155, 171, 193, 33], [181, 73, 144, 74, 23, 184, 196, 186, 86, 2], [4, 87, 60, 126, 6], [152, 54, 26, 100, 130, 40], [172, 47, 174, 82, 121, 142, 113, 72, 118, 176, 65, 34], [3, 106, 56, 25, 110, 149, 8, 102, 83, 79], [188, 67, 107, 24, 63, 78, 178, 175, 127]]",true
140,657294,2358,swap,CMT5.vrp,"[[21, 173, 36, 122, 166, 20, 37, 120, 139, 61], [147, 146, 18, 46, 58, 111], [50, 12, 32, 55, 49, 182, 159, 183, 185, 62], [190, 115, 90, 42, 68, 22, 156, 93, 101, 157, 27, 99, 167, 179], [85, 164, 31, 163, 148, 117, 16, 198, 53, 66, 112], [75, 162, 189, 57, 109, 39, 76, 17], [41, 143, 137, 89, 91, 141, 114, 64, 28, 59, 70, 128, 133, 108, 150, 81], [13, 123, 15, 5, 103, 140, 94, 136, 197, 191], [125, 98, 45, 29, 48, 30], [96, 104, 116, 145, 135, 92, 131, 10, 129, 71, 51], [52, 11, 170, 165, 151, 158, 192, 195, 105], [168, 7, 35, 84, 134, 119, 80, 161, 44, 160, 43, 199, 1, 194], [132, 180, 19, 177, 14, 69, 169, 9, 97, 187, 95], [77, 38, 153, 154, 124, 88, 138, 155, 171, 193, 33], [181, 73, 144, 74, 23, 184, 196, 186, 86, 2], [4, 87, 60, 126, 6], [152, 54, 26, 100, 130, 40], [172, 47, 174, 82, 121, 142, 113, 72, 118, 176, 65, 34], [3, 106, 56, 25, 110, 149, 8, 102, 83, 79], [188, 67, 107, 24, 63, 78, 178, 175, 127]]",true
141,663823,2355,swap,CMT5.vrp,"[[21, 173, 36, 122, 166, 20, 37, 120, 139, 2], [147, 146, 18, 46, 58, 111], [50, 12, 32, 55, 49, 182, 159, 183, 185, 62], [190, 115, 90, 42, 68, 22, 156, 93, 101, 157, 27, 99, 167, 179], [85, 164, 31, 163, 148, 117, 16, 198, 53, 66, 112], [75, 162, 189, 57, 109, 39, 76, 17], [41, 143, 137, 89, 91, 141, 114, 64, 28, 59, 70, 128, 133, 108, 150, 81], [13, 123, 15, 5, 103, 140, 94, 136, 197, 191], [125, 98, 45, 29, 48, 30], [96, 104, 116, 145, 135, 92, 131, 10, 129, 71, 51], [52, 11, 170, 165, 151, 158, 192, 195, 105], [168, 7, 35, 84, 134, 119, 80, 161, 44, 160, 43, 199, 1, 194], [132, 180, 19, 177, 14, 69, 169, 9, 97, 187, 95], [77, 38, 153, 154, 124, 88, 138, 155, 171, 193, 33], [181, 73, 144, 74, 23, 184, 196, 186, 86, 61], [4, 87, 60, 126, 6], [152, 54, 26, 100, 130, 40], [172, 47, 174, 82, 121, 142, 113, 72, 118, 176, 65, 34], [3, 106, 56, 25, 110, 149, 8, 102, 83, 79], [188, 67, 107, 24, 63, 78, 178, 175, 127]]",true
142,668028,2352,swap,CMT5.vrp,"[[21, 173, 36, 122, 166, 20, 37, 120, 157, 2], [147, 146, 18, 46, 58, 111], [50, 12, 32, 55, 49, 182, 159, 183, 185, 62], [190, 115, 90, 42, 68, 22, 156, 93, 101, 139, 27, 99, 167, 179], [85, 164, 31, 163, 148, 117, 16, 198, 53, 66, 112], [75, 162, 189, 57, 109, 39, 76, 17], [41, 143, 137, 89, 91, 141, 114, 64, 28, 59, 70, 128, 133, 108, 150, 81], [13, 123, 15, 5, 103, 140, 94, 136, 197, 191], [125, 98, 45, 29, 48, 30], [96, 104, 116, 145, 135, 92, 131, 10, 129, 71, 51], [52, 11, 170, 165, 151, 158, 192, 195, 105], [168, 7, 35, 84, 134, 119, 80, 161, 44, 160, 43, 199, 1, 194], [132, 180, 19, 177, 14, 69, 169, 9, 97, 187, 95], [77, 38, 153, 154, 124, 88, 138, 155, 171, 193, 33], [181, 73, 144, 74, 23, 184, 196, 186, 86, 61], [4, 87, 60, 126, 6], [152, 54, 26, 100, 130, 40], [172, 47, 174, 82, 121, 142, 113, 72, 118, 176, 65, 34], [3, 106, 56, 25, 110, 149, 8, 102, 83, 79], [188, 67, 107, 24, 63, 78, 178, 175, 127]]",true
143,671680,2349,2-opt,CMT5.vrp,"[[21, 173, 36, 122, 166, 20, 37, 120, 157, 2], [147, 146, 18, 46, 58, 111], [50, 12, 32, 55, 49, 182, 62, 185, 183, 159], [190, 115, 90, 42, 68, 22, 156, 93, 101, 139, 27, 99, 167, 179], [85, 164, 31, 163, 148, 117, 16, 198, 53, 66, 112], [75, 162, 189, 57, 109, 39, 76, 17], [41, 143, 137, 89, 91, 141, 114, 64, 28, 59, 70, 128, 133, 108, 150, 81], [13, 123, 15, 5, 103, 140, 94, 136, 197, 191], [125, 98, 45, 29, 48, 30], [96, 104, 116, 145, 135, 92, 131, 10, 129, 71, 51], [52, 11, 170, 165, 151, 158, 192, 195, 105], [168, 7, 35, 84, 134, 119, 80, 161, 44, 160, 43, 199, 1, 194], [132, 180, 19, 177, 14, 69, 169, 9, 97, 187, 95], [77, 38, 153, 154, 124, 88, 138, 155, 171, 193, 33], [181, 73, 144, 74, 23, 184, 196, 186, 86, 61], [4, 87, 60, 126, 6], [152, 54, 26, 100, 130, 40], [172, 47, 174, 82, 121, 142, 113, 72, 118, 176, 65, 34], [3, 106, 56, 25, 110, 149, 8, 102, 83, 79], [188, 67, 107, 24, 63, 78, 178, 175, 127]]",true
144,675831,2342,swap,CMT5.vrp,"[[21, 173, 36, 122, 166, 20, 37, 120, 157, 2], [147, 146, 18, 46, 58, 111], [50, 12, 32, 55, 49, 116, 62, 185, 183, 159], [190, 115, 90, 42, 68, 22, 156, 93, 101, 139, 27, 99, 167, 179], [85, 164, 31, 163, 148, 117, 16, 198, 53, 66, 112], [75, 162, 189, 57, 109, 39, 76, 17], [41, 143, 137, 89, 91, 141, 114, 64, 28, 59, 70, 128, 133, 108, 150, 81], [13, 123, 15, 5, 103, 140, 94, 136, 197, 191], [125, 98, 45, 29, 48, 30], [96, 104, 182, 145, 135, 92, 131, 10, 129, 71, 51], [52, 11, 170, 165, 151, 158, 192, 195, 105], [168, 7, 35, 84, 134, 119, 80, 161, 44, 160, 43, 199, 1, 194], [132, 180, 19, 177, 14, 69, 169, 9, 97, 187, 95], [77, 38, 153, 154, 124, 88, 138, 155, 171, 193, 33], [181, 73, 144, 74, 23, 184, 196, 186, 86, 61], [4, 87, 60, 126, 6], [152, 54, 26, 100, 130, 40], [172, 47, 174, 82, 121, 142, 113, 72, 118, 176, 65, 34], [3, 106, 56, 25, 110, 149, 8, 102, 83, 79], [188, 67, 107, 24, 63, 78, 178, 175, 127]]",true
145,679555,2338,swap,CMT5.vrp,"[[21, 173, 36, 122, 166, 20, 37, 120, 157, 2], [147, 146, 18, 46, 58, 111], [50, 12, 32, 55, 49, 116, 62, 185, 183, 104], [190, 115, 90, 42, 68, 22, 156, 93, 101, 139, 27, 99, 167, 179], [85, 164, 31, 163, 148, 117, 16, 198, 53, 66, 112], [75, 162, 189, 57, 109, 39, 76, 17], [41, 143, 137, 89, 91, 141, 114, 64, 28, 59, 70, 128, 133, 108, 150, 81], [13, 123, 15, 5, 103, 140, 94, 136, 197, 191], [125, 98, 45, 29, 48, 30], [96, 159, 182, 145, 135, 92, 131, 10, 129, 71, 51], [52, 11, 170, 165, 151, 158, 192, 195, 105], [168, 7, 35, 84, 134, 119, 80, 161, 44, 160, 43, 199, 1, 194], [132, 180, 19, 177, 14, 69, 169, 9, 97, 187, 95], [77, 38, 153, 154, 124, 88, 138, 155, 171, 193, 33], [181, 73, 144, 74, 23, 184, 196, 186, 86, 61], [4, 87, 60, 126, 6], [152, 54, 26, 100, 130, 40], [172, 47, 174, 82, 121, 142, 113, 72, 118, 176, 65, 34], [3, 106, 56, 25, 110, 149, 8, 102, 83, 79], [188, 67, 107, 24, 63, 78, 178, 175, 127]]",true
146,683331,2335,2-opt,CMT5.vrp,"[[21, 173, 36, 122, 166, 20, 37, 120, 157, 2], [147, 146, 18, 46, 58, 111], [50, 12, 32, 55, 49, 116, 62, 185, 183, 104], [190, 115, 90, 68, 42, 22, 156, 93, 101, 139, 27, 99, 167, 179], [85, 164, 31, 163, 148, 117, 16, 198, 53, 66, 112], [75, 162, 189, 57, 109, 39, 76, 17], [41, 143, 137, 89, 91, 141, 114, 64, 28, 59, 70, 128, 133, 108, 150, 81], [13, 123, 15, 5, 103, 140, 94, 136, 197, 191], [125, 98, 45, 29, 48, 30], [96, 159, 182, 145, 135, 92, 131, 10, 129, 71, 51], [52, 11, 170, 165, 151, 158, 192, 195, 105], [168, 7, 35, 84, 134, 119, 80, 161, 44, 160, 43, 199, 1, 194], [132, 180, 19, 177, 14, 69, 169, 9, 97, 187, 95], [77, 38, 153, 154, 124, 88, 138, 155, 171, 193, 33], [181, 73, 144, 74, 23, 184, 196, 186, 86, 61], [4, 87, 60, 126, 6], [152, 54, 26, 100, 130, 40], [172, 47, 174, 82, 121, 142, 113, 72, 118, 176, 65, 34], [3, 106, 56, 25, 110, 149, 8, 102, 83, 79], [188, 67, 107, 24, 63, 78, 178, 175, 127]]",true
147,687295,2332,swap,CMT5.vrp,"[[21, 173, 36, 122, 166, 20, 37, 120, 157, 2], [147, 146, 18, 46, 58, 111], [50, 12, 32, 55, 49, 116, 62, 185, 183, 104], [190, 115, 90, 68, 42, 22, 156, 93, 101, 139, 27, 99, 167, 179], [85, 164, 31, 163, 148, 117, 16, 198, 53, 66, 112], [75, 162, 189, 57, 109, 39, 76, 17], [41, 143, 137, 89, 91, 141, 114, 64, 28, 59, 70, 128, 133, 108, 150, 81], [13, 123, 15, 5, 103, 140, 94, 136, 197, 191], [125, 98, 45, 29, 48, 30], [96, 159, 182, 145, 135, 92, 131, 10, 129, 71, 149], [52, 11, 170, 165, 151, 158, 192, 195, 105], [168, 7, 35, 84, 134, 119, 80, 161, 44, 160, 43, 199, 1, 194], [132, 180, 19, 177, 14, 69, 169, 9, 97, 187, 95], [77, 38, 153, 154, 124, 88, 138, 155, 171, 193, 33], [181, 73, 144, 74, 23, 184, 196, 186, 86, 61], [4, 87, 60, 126, 6], [152, 54, 26, 100, 130, 40], [172, 47, 174, 82, 121, 142, 113, 72, 118, 176, 65, 34], [3, 106, 56, 25, 110, 51, 8, 102, 83, 79], [188, 67, 107, 24, 63, 78, 178, 175, 127]]",true
148,691437,2328,swap,CMT5.vrp,"[[21, 173, 36, 122, 166, 20, 37, 120, 157, 2], [147, 146, 18, 46, 58, 111], [50, 12, 32, 55, 49, 116, 62, 185, 183, 104], [190, 115, 90, 68, 42, 22, 156, 93, 101, 139, 27, 99, 167, 179], [85, 164, 31, 163, 148, 117, 16, 198, 53, 66, 112], [75, 162, 189, 57, 109, 39, 76, 17], [41, 143, 137, 89, 91, 141, 114, 64, 28, 59, 70, 128, 133, 108, 150, 149], [13, 123, 15, 5, 103, 140, 94, 136, 197, 191], [125, 98, 45, 29, 48, 30], [96, 159, 182, 145, 135, 92, 131, 10, 129, 71, 81], [52, 11, 170, 165, 151, 158, 192, 195, 105], [168, 7, 35, 84, 134, 119, 80, 161, 44, 160, 43, 199, 1, 194], [132, 180, 19, 177, 14, 69, 169, 9, 97, 187, 95], [77, 38, 153, 154, 124, 88, 138, 155, 171, 193, 33], [181, 73, 144, 74, 23, 184, 196, 186, 86, 61], [4, 87, 60, 126, 6], [152, 54, 26, 100, 130, 40], [172, 47, 174, 82, 121, 142, 113, 72, 118, 176, 65, 34], [3, 106, 56, 25, 110, 51, 8, 102, 83, 79], [188, 67, 107, 24, 63, 78, 178, 175, 127]]",true
149,695876,2325,swap,CMT5.vrp,"[[21, 173, 36, 122, 166, 20, 37, 120, 157, 2], [147, 146, 18, 46, 58, 111], [50, 12, 32, 55, 49, 116, 62, 185, 183, 104], [190, 115, 90, 68, 42, 22, 156, 93, 101, 139, 27, 99, 167, 179], [85, 164, 31, 163, 148, 117, 16, 198, 53, 66, 112], [75, 162, 189, 57, 109, 39, 76, 17], [41, 143, 137, 89, 91, 141, 114, 64, 28, 59, 70, 128, 133, 108, 150, 149], [13, 123, 15, 5, 103, 140, 94, 136, 197, 191], [125, 98, 45, 29, 48, 30], [96, 159, 182, 145, 135, 92, 131, 10, 129, 71, 81], [52, 11, 170, 165, 151, 158, 192, 195, 105], [168, 7, 35, 84, 134, 119, 80, 161, 44, 160, 43, 199, 1, 194], [132, 180, 19, 177, 14, 69, 169, 9, 97, 187, 95], [77, 38, 79, 154, 124, 88, 138, 155, 171, 193, 33], [181, 73, 144, 74, 23, 184, 196, 186, 86, 61], [4, 87, 60, 126, 6], [152, 54, 26, 100, 130, 40], [172, 47, 174, 82, 121, 142, 113, 72, 118, 176, 65, 34], [3, 106, 56, 25, 110, 51, 8, 102, 83, 153], [188, 67, 107, 24, 63, 78, 178, 175, 127]]",true
150,699316,2323,swap,CMT5.vrp,"[[21, 173, 36, 122, 166, 20, 37, 120, 157, 2], [147, 146, 18, 46, 58, 111], [50, 12, 32, 55, 49, 116, 62, 185, 23, 104], [190, 115, 90, 68, 42, 22, 156, 93, 101, 139, 27, 99, 167, 179], [85, 164, 31, 163, 148, 117, 16, 198, 53, 66, 112], [75, 162, 189, 57, 109, 39, 76, 17], [41, 143, 137, 89, 91, 141, 114, 64, 28, 59, 70, 128, 133, 108, 150, 149], [13, 123, 15, 5, 103, 140, 94, 136, 197, 191], [125, 98, 45, 29, 48, 30], [96, 159, 182, 145, 135, 92, 131, 10, 129, 71, 81], [52, 11, 170, 165, 151, 158, 192, 195, 105], [168, 7, 35, 84, 134, 119, 80, 161, 44, 160, 43, 199, 1, 194], [132, 180, 19, 177, 14, 69, 169, 9, 97, 187, 95], [77, 38, 79, 154, 124, 88, 138, 155, 171, 193, 33], [181, 73, 144, 74, 183, 184, 196, 186, 86, 61], [4, 87, 60, 126, 6], [152, 54, 26, 100, 130, 40], [172, 47, 174, 82, 121, 142, 113, 72, 118, 176, 65, 34], [3, 106, 56, 25, 110, 51, 8, 102, 83, 153], [188, 67, 107, 24, 63, 78, 178, 175, 127]]",true
151,703007,2320,swap,CMT5.vrp,"[[21, 173, 36, 122, 166, 20, 37, 120, 157, 2], [147, 146, 18, 46, 58, 111], [50, 12, 32, 55, 49, 116, 62, 185, 23, 104], [190, 115, 90, 68, 42, 22, 156, 93, 101, 139, 27, 99, 167, 179], [85, 164, 31, 163, 148, 117, 16, 198, 53, 66, 112], [75, 162, 189, 57, 109, 39, 76, 17], [41, 143, 137, 89, 91, 141, 114, 64, 28, 59, 70, 128, 19, 108, 150, 149], [13, 123, 15, 5, 103, 140, 94, 136, 197, 191], [125, 98, 45, 29, 48, 30], [96, 159, 182, 145, 135, 92, 131, 10, 129, 71, 81], [52, 11, 170, 165, 151, 158, 192, 195, 105], [168, 7, 35, 84, 134, 119, 80, 161, 44, 160, 43, 199, 1, 194], [132, 180, 133, 177, 14, 69, 169, 9, 97, 187, 95], [77, 38, 79, 154, 124, 88, 138, 155, 171, 193, 33], [181, 73, 144, 74, 183, 184, 196, 186, 86, 61], [4, 87, 60, 126, 6], [152, 54, 26, 100, 130, 40], [172, 47, 174, 82, 121, 142, 113, 72, 118, 176, 65, 34], [3, 106, 56, 25, 110, 51, 8, 102, 83, 153], [188, 67, 107, 24, 63, 78, 178, 175, 127]]",true
152,707672,2315,2-opt,CMT5.vrp,"[[21, 173, 36, 122, 166, 20, 37, 120, 157, 2], [147, 146, 18, 46, 58, 111], [50, 12, 32, 55, 49, 116, 62, 185, 23, 104], [190, 115, 90, 68, 42, 22, 156, 93, 101, 139, 27, 99, 167, 179], [85, 164, 31, 163, 148, 117, 16, 198, 53, 66, 112], [75, 162, 189, 57, 109, 39, 76, 17], [41, 143, 137, 89, 91, 141, 114, 64, 28, 59, 70, 128, 19, 108, 150, 149], [13, 123, 15, 5, 103, 140, 94, 136, 197, 191], [125, 98, 45, 29, 48, 30], [96, 159, 182, 145, 135, 92, 131, 10, 129, 71, 81], [52, 11, 170, 165, 151, 158, 192, 195, 105], [168, 7, 35, 84, 134, 119, 80, 161, 44, 160, 43, 199, 1, 194], [132, 180, 177, 133, 14, 69, 169, 9, 97, 187, 95], [77, 38, 79, 154, 124, 88, 138, 155, 171, 193, 33], [181, 73, 144, 74, 183, 184, 196, 186, 86, 61], [4, 87, 60, 126, 6], [152, 54, 26, 100, 130, 40], [172, 47, 174, 82, 121, 142, 113, 72, 118, 176, 65, 34], [3, 106, 56, 25, 110, 51, 8, 102, 83, 153], [188, 67, 107, 24, 63, 78, 178, 175, 127]]",true
153,712069,2313,swap,CMT5.vrp,"[[21, 173, 36, 122, 166, 20, 37, 120, 157, 2], [147, 146, 18, 46, 58, 111], [50, 12, 32, 55, 49, 116, 62, 185, 23, 104], [190, 115, 90, 68, 42, 22, 156, 93, 101, 139, 27, 99, 167, 179], [85, 164, 31, 163, 148, 117, 67, 198, 53, 66, 112], [75, 162, 189, 57, 109, 39, 76, 17], [41, 143, 137, 89, 91, 141, 114, 64, 28, 59, 70, 128, 19, 108, 150, 149], [13, 123, 15, 5, 103, 140, 94, 136, 197, 191], [125, 98, 45, 29, 48, 30], [96, 159, 182, 145, 135, 92, 131, 10, 129, 71, 81], [52, 11, 170, 165, 151, 158, 192, 195, 105], [168, 7, 35, 84, 134, 119, 80, 161, 44, 160, 43, 199, 1, 194], [132, 180, 177, 133, 14, 69, 169, 9, 97, 187, 95], [77, 38, 79, 154, 124, 88, 138, 155, 171, 193, 33], [181, 73, 144, 74, 183, 184, 196, 186, 86, 61], [4, 87, 60, 126, 6], [152, 54, 26, 100, 130, 40], [172, 47, 174, 82, 121, 142, 113, 72, 118, 176, 65, 34], [3, 106, 56, 25, 110, 51, 8, 102, 83, 153], [188, 16, 107, 24, 63, 78, 178, 175, 127]]",true
154,716143,2311,2-opt,CMT5.vrp,"[[21, 173, 36, 122, 166, 20, 37, 120, 157, 2], [147, 146, 18, 46, 58, 111], [50, 12, 32, 55, 49, 116, 62, 185, 23, 104], [190, 115, 90, 68, 42, 22, 156, 93, 101, 139, 27, 99, 167, 179], [85, 164, 31, 163, 148, 117, 67, 198, 53, 66, 112], [75, 162, 189, 57, 109, 39, 76, 17], [41, 143, 137, 89, 91, 141, 114, 64, 28, 59, 70, 128, 19, 108, 150, 149], [13, 123, 15, 5, 103, 140, 94, 136, 197, 191], [125, 98, 45, 29, 48, 30], [96, 159, 182, 145, 135, 92, 131, 10, 129, 71, 81], [52, 11, 170, 165, 151, 158, 192, 195, 105], [168, 7, 35, 84, 134, 119, 80, 161, 44, 160, 43, 199, 1, 194], [132, 180, 177, 133, 14, 69, 169, 9, 97, 187, 95], [77, 38, 79, 154, 124, 88, 138, 155, 171, 193, 33], [181, 73, 144, 74, 183, 184, 196, 186, 86, 61], [4, 87, 60, 126, 6], [152, 54, 26, 100, 130, 40], [118, 72, 113, 142, 121, 82, 174, 47, 172, 176, 65, 34], [3, 106, 56, 25, 110, 51, 8, 102, 83, 153], [188, 16, 107, 24, 63, 78, 178, 175, 127]]",true
155,720294,2306,swap,CMT5.vrp,"[[21, 173, 36, 122, 166, 20, 37, 120, 157, 2], [147, 146, 18, 46, 176, 111], [50, 12, 32, 55, 49, 116, 62, 185, 23, 104], [190, 115, 90, 68, 42, 22, 156, 93, 101, 139, 27, 99, 167, 179], [85, 164, 31, 163, 148, 117, 67, 198, 53, 66, 112], [75, 162, 189, 57, 109, 39, 76, 17], [41, 143, 137, 89, 91, 141, 114, 64, 28, 59, 70, 128, 19, 108, 150, 149], [13, 123, 15, 5, 103, 140, 94, 136, 197, 191], [125, 98, 45, 29, 48, 30], [96, 159, 182, 145, 135, 92, 131, 10, 129, 71, 81], [52, 11, 170, 165, 151, 158, 192, 195, 105], [168, 7, 35, 84, 134, 119, 80, 161, 44, 160, 43, 199, 1, 194], [132, 180, 177, 133, 14, 69, 169, 9, 97, 187, 95], [77, 38, 79, 154, 124, 88, 138, 155, 171, 193, 33], [181, 73, 144, 74, 183, 184, 196, 186, 86, 61], [4, 87, 60, 126, 6], [152, 54, 26, 100, 130, 40], [118, 72, 113, 142, 121, 82, 174, 47, 172, 58, 65, 34], [3, 106, 56, 25, 110, 51, 8, 102, 83, 153], [188, 16, 107, 24, 63, 78, 178, 175, 127]]",true
156,724559,2300,swap,CMT5.vrp,"[[21, 173, 36, 122, 166, 20, 37, 120, 157, 2], [147, 146, 18, 46, 176, 65], [50, 12, 32, 55, 49, 116, 62, 185, 23, 104], [190, 115, 90, 68, 42, 22, 156, 93, 101, 139, 27, 99, 167, 179], [85, 164, 31, 163, 148, 117, 67, 198, 53, 66, 112], [75, 162, 189, 57, 109, 39, 76, 17], [41, 143, 137, 89, 91, 141, 114, 64, 28, 59, 70, 128, 19, 108, 150, 149], [13, 123, 15, 5, 103, 140, 94, 136, 197, 191], [125, 98, 45, 29, 48, 30], [96, 159, 182, 145, 135, 92, 131, 10, 129, 71, 81], [52, 11, 170, 165, 151, 158, 192, 195, 105], [168, 7, 35, 84, 134, 119, 80, 161, 44, 160, 43, 199, 1, 194], [132, 180, 177, 133, 14, 69, 169, 9, 97, 187, 95], [77, 38, 79, 154, 124, 88, 138, 155, 171, 193, 33], [181, 73, 144, 74, 183, 184, 196, 186, 86, 61], [4, 87, 60, 126, 6], [152, 54, 26, 100, 130, 40], [118, 72, 113, 142, 121, 82, 174, 47, 172, 58, 111, 34], [3, 106, 56, 25, 110, 51, 8, 102, 83, 153], [188, 16, 107, 24, 63, 78, 178, 175, 127]]",true
157,729131,2296,swap,CMT5.vrp,"[[21, 173, 36, 122, 166, 20, 37, 120, 157, 2], [147, 146, 18, 46, 176, 65], [50, 12, 32, 55, 49, 116, 62, 185, 23, 104], [190, 115, 90, 68, 42, 22, 156, 93, 101, 139, 27, 99, 167, 179], [85, 164, 31, 163, 148, 117, 67, 198, 53, 66, 112], [75, 162, 189, 57, 109, 39, 76, 17], [41, 143, 137, 89, 91, 141, 114, 64, 28, 59, 70, 128, 19, 108, 150, 149], [13, 123, 15, 5, 103, 140, 94, 136, 197, 191], [125, 98, 45, 29, 48, 30], [96, 159, 182, 145, 135, 92, 131, 10, 129, 71, 81], [52, 11, 170, 165, 151, 158, 192, 195, 105], [168, 7, 35, 84, 134, 119, 80, 161, 44, 160, 43, 199, 1, 194], [132, 180, 177, 133, 14, 69, 169, 9, 97, 187, 95], [77, 38, 79, 154, 124, 88, 138, 155, 171, 193, 33], [181, 73, 144, 74, 183, 184, 196, 186, 86, 61], [4, 87, 60, 126, 6], [152, 54, 26, 100, 130, 40], [106, 72, 113, 142, 121, 82, 174, 47, 172, 58, 111, 34], [3, 118, 56, 25, 110, 51, 8, 102, 83, 153], [188, 16, 107, 24, 63, 78, 178, 175, 127]]",true
158,734060,2280,swap,CMT5.vrp,"[[21, 173, 36, 122, 166, 20, 37, 120, 157, 2], [147, 146, 18, 46, 176, 65], [50, 12, 32, 55, 49, 116, 62, 185, 23, 104], [190, 115, 90, 68, 42, 22, 156, 93, 101, 139, 27, 99, 167, 179], [85, 164, 31, 163, 148, 117, 67, 198, 53, 66, 112], [75, 162, 189, 57, 109, 39, 76, 17], [41, 143, 137, 89, 91, 141, 114, 64, 28, 59, 70, 128, 19, 108, 150, 149], [13, 123, 15, 5, 103, 140, 94, 136, 197, 191], [125, 98, 45, 29, 48, 30], [96, 159, 182, 145, 135, 92, 131, 10, 129, 71, 81], [52, 11, 170, 165, 151, 158, 192, 195, 105], [168, 7, 35, 84, 134, 119, 80, 161, 44, 160, 43, 199, 1, 194], [132, 180, 177, 133, 14, 69, 169, 9, 97, 187, 95], [77, 38, 79, 154, 124, 88, 138, 155, 171, 193, 33], [181, 73, 144, 74, 183, 184, 196, 186, 86, 61], [4, 87, 60, 126, 6], [152, 54, 26, 100, 130, 40], [106, 3, 113, 142, 121, 82, 174, 47, 172, 58, 111, 34], [72, 118, 56, 25, 110, 51, 8, 102, 83, 153], [188, 16, 107, 24, 63, 78, 178, 175, 127]]",true
159,738104,2273,swap,CMT5.vrp,"[[21, 173, 36, 122, 166, 20, 37, 120, 157, 2], [147, 146, 18, 46, 176, 65], [50, 12, 32, 106, 49, 116, 62, 185, 23, 104], [190, 115, 90, 68, 42, 22, 156, 93, 101, 139, 27, 99, 167, 179], [85, 164, 31, 163, 148, 117, 67, 198, 53, 66, 112], [75, 162, 189, 57, 109, 39, 76, 17], [41, 143, 137, 89, 91, 141, 114, 64, 28, 59, 70, 128, 19, 108, 150, 149], [13, 123, 15, 5, 103, 140, 94, 136, 197, 191], [125, 98, 45, 29, 48, 30], [96, 159, 182, 145, 135, 92, 131, 10, 129, 71, 81], [52, 11, 170, 165, 151, 158, 192, 195, 105], [168, 7, 35, 84, 134, 119, 80, 161, 44, 160, 43, 199, 1, 194], [132, 180, 177, 133, 14, 69, 169, 9, 97, 187, 95], [77, 38, 79, 154, 124, 88, 138, 155, 171, 193, 33], [181, 73, 144, 74, 183, 184, 196, 186, 86, 61], [4, 87, 60, 126, 6], [152, 54, 26, 100, 130, 40], [55, 3, 113, 142, 121, 82, 174, 47, 172, 58, 111, 34], [72, 118, 56, 25, 110, 51, 8, 102, 83, 153], [188, 16, 107, 24, 63, 78, 178, 175, 127]]",true
160,742883,2270,swap,CMT5.vrp,"[[21, 173, 36, 122, 166, 20, 37, 120, 157, 2], [147, 146, 18, 46, 176, 65], [50, 12, 32, 106, 49, 116, 62, 185, 23, 104], [190, 115, 90, 68, 42, 22, 156, 93, 101, 139, 27, 99, 167, 179], [85, 164, 31, 163, 148, 117, 67, 198, 53, 66, 112], [75, 162, 189, 57, 109, 39, 76, 17], [41, 143, 137, 89, 91, 141, 114, 64, 28, 59, 70, 128, 19, 108, 150, 149], [13, 123, 15, 5, 103, 140, 94, 136, 197, 191], [125, 98, 45, 29, 48, 30], [96, 159, 182, 145, 135, 92, 131, 10, 129, 71, 81], [52, 11, 170, 165, 151, 158, 192, 195, 105], [168, 7, 35, 84, 134, 119, 80, 161, 44, 160, 43, 199, 1, 194], [132, 180, 177, 133, 14, 69, 169, 9, 97, 187, 95], [77, 38, 79, 154, 124, 88, 138, 155, 171, 193, 33], [181, 73, 144, 74, 183, 184, 196, 186, 86, 61], [4, 87, 60, 126, 6], [152, 54, 26, 100, 130, 40], [55, 3, 113, 142, 121, 82, 174, 47, 172, 58, 111, 127], [72, 118, 56, 25, 110, 51, 8, 102, 83, 153], [188, 16, 107, 24, 63, 78, 178, 175, 34]]",true
161,748190,2268,swap,CMT5.vrp,"[[21, 173, 36, 122, 166, 20, 37, 120, 157, 2], [147, 146, 18, 46, 176, 65], [50, 12, 32, 106, 49, 116, 62, 185, 23, 104], [160, 115, 90, 68, 42, 22, 156, 93, 101, 139, 27, 99, 167, 179], [85, 164, 31, 163, 148, 117, 67, 198, 53, 66, 112], [75, 162, 189, 57, 109, 39, 76, 17], [41, 143, 137, 89, 91, 141, 114, 64, 28, 59, 70, 128, 19, 108, 150, 149], [13, 123, 15, 5, 103, 140, 94, 136, 197, 191], [125, 98, 45, 29, 48, 30], [96, 159, 182, 145, 135, 92, 131, 10, 129, 71, 81], [52, 11, 170, 165, 151, 158, 192, 195, 105], [168, 7, 35, 84, 134, 119, 80, 161, 44, 190, 43, 199, 1, 194], [132, 180, 177, 133, 14, 69, 169, 9, 97, 187, 95], [77, 38, 79, 154, 124, 88, 138, 155, 171, 193, 33], [181, 73, 144, 74, 183, 184, 196, 186, 86, 61], [4, 87, 60, 126, 6], [152, 54, 26, 100, 130, 40], [55, 3, 113, 142, 121, 82, 174, 47, 172, 58, 111, 127], [72, 118, 56, 25, 110, 51, 8, 102, 83, 153], [188, 16, 107, 24, 63, 78, 178, 175, 34]]",true
162,752649,2264,swap,CMT5.vrp,"[[21, 173, 36, 122, 166, 20, 37, 120, 157, 2], [147, 146, 18, 46, 176, 65], [50, 12, 32, 106, 49, 116, 62, 185, 23, 104], [160, 115, 90, 68, 42, 22, 156, 93, 101, 139, 27, 99, 167, 179], [85, 164, 31, 163, 148, 117, 67, 198, 53, 66, 112], [75, 162, 189, 57, 109, 39, 76, 17], [41, 143, 137, 89, 91, 141, 114, 64, 28, 59, 70, 128, 19, 108, 150, 168], [13, 123, 15, 5, 103, 140, 94, 136, 197, 191], [125, 98, 45, 29, 48, 30], [96, 159, 182, 145, 135, 92, 131, 10, 129, 71, 81], [52, 11, 170, 165, 151, 158, 192, 195, 105], [149, 7, 35, 84, 134, 119, 80, 161, 44, 190, 43, 199, 1, 194], [132, 180, 177, 133, 14, 69, 169, 9, 97, 187, 95], [77, 38, 79, 154, 124, 88, 138, 155, 171, 193, 33], [181, 73, 144, 74, 183, 184, 196, 186, 86, 61], [4, 87, 60, 126, 6], [152, 54, 26, 100, 130, 40], [55, 3, 113, 142, 121, 82, 174, 47, 172, 58, 111, 127], [72, 118, 56, 25, 110, 51, 8, 102, 83, 153], [188, 16, 107, 24, 63, 78, 178, 175, 34]]",true
163,757202,2257,swap,CMT5.vrp,"[[21, 173, 36, 122, 166, 20, 37, 120, 157, 2], [147, 146, 18, 46, 176, 65], [50, 12, 32, 106, 49, 116, 62, 185, 23, 104], [160, 115, 90, 68, 42, 22, 156, 93, 101, 139, 27, 99, 167, 179], [85, 164, 31, 163, 148, 117, 67, 198, 53, 66, 112], [75, 162, 189, 57, 109, 39, 76, 17], [41, 143, 137, 89, 91, 141, 114, 64, 28, 172, 70, 128, 19, 108, 150, 168], [13, 123, 15, 5, 103, 140, 94, 136, 197, 191], [125, 98, 45, 29, 48, 30], [96, 159, 182, 145, 135, 92, 131, 10, 129, 71, 81], [52, 11, 170, 165, 151, 158, 192, 195, 105], [149, 7, 35, 84, 134, 119, 80, 161, 44, 190, 43, 199, 1, 194], [132, 180, 177, 133, 14, 69, 169, 9, 97, 187, 95], [77, 38, 79, 154, 124, 88, 138, 155, 171, 193, 33], [181, 73, 144, 74, 183, 184, 196, 186, 86, 61], [4, 87, 60, 126, 6], [152, 54, 26, 100, 130, 40], [55, 3, 113, 142, 121, 82, 174, 47, 59, 58, 111, 127], [72, 118, 56, 25, 110, 51, 8, 102, 83, 153], [188, 16, 107, 24, 63, 78, 178, 175, 34]]",true
164,764279,2254,swap,CMT5.vrp,"[[21, 173, 36, 122, 166, 20, 37, 120, 157, 2], [147, 146, 18, 46, 176, 65], [50, 12, 32, 106, 49, 116, 62, 185, 23, 104], [160, 115, 90, 68, 42, 22, 156, 93, 101, 139, 27, 99, 167, 179], [85, 164, 31, 163, 148, 117, 67, 198, 53, 66, 112], [75, 162, 189, 57, 109, 39, 76, 17], [41, 143, 137, 89, 91, 141, 114, 64, 28, 172, 70, 128, 19, 35, 150, 168], [13, 123, 15, 5, 103, 140, 94, 136, 197, 191], [125, 98, 45, 29, 48, 30], [96, 159, 182, 145, 135, 92, 131, 10, 129, 71, 81], [52, 11, 170, 165, 151, 158, 192, 195, 105], [149, 7, 108, 84, 134, 119, 80, 161, 44, 190, 43, 199, 1, 194], [132, 180, 177, 133, 14, 69, 169, 9, 97, 187, 95], [77, 38, 79, 154, 124, 88, 138, 155, 171, 193, 33], [181, 73, 144, 74, 183, 184, 196, 186, 86, 61], [4, 87, 60, 126, 6], [152, 54, 26, 100, 130, 40], [55, 3, 113, 142, 121, 82, 174, 47, 59, 58, 111, 127], [72, 118, 56, 25, 110, 51, 8, 102, 83, 153], [188, 16, 107, 24, 63, 78, 178, 175, 34]]",true
165,768555,2248,swap,CMT5.vrp,"[[21, 173, 36, 122, 166, 20, 37, 120, 157, 2], [147, 146, 18, 46, 176, 65], [50, 12, 32, 106, 49, 116, 62, 185, 23, 104], [160, 115, 90, 68, 42, 22, 156, 93, 101, 139, 27, 99, 167, 179], [85, 164, 31, 163, 148, 117, 67, 198, 53, 66, 112], [75, 162, 189, 57, 109, 39, 76, 17], [41, 143, 137, 89, 91, 141, 114, 64, 28, 172, 70, 128, 19, 35, 7, 168], [13, 123, 15, 5, 103, 140, 94, 136, 197, 191], [125, 98, 45, 29, 48, 30], [96, 159, 182, 145, 135, 92, 131, 10, 129, 71, 81], [52, 11, 170, 165, 151, 158, 192, 195, 105], [149, 150, 108, 84, 134, 119, 80, 161, 44, 190, 43, 199, 1, 194], [132, 180, 177, 133, 14, 69, 169, 9, 97, 187, 95], [77, 38, 79, 154, 124, 88, 138, 155, 171, 193, 33], [181, 73, 144, 74, 183, 184, 196, 186, 86, 61], [4, 87, 60, 126, 6], [152, 54, 26, 100, 130, 40], [55, 3, 113, 142, 121, 82, 174, 47, 59, 58, 111, 127], [72, 118, 56, 25, 110, 51, 8, 102, 83, 153], [188, 16, 107, 24, 63, 78, 178, 175, 34]]",true
166,773883,2244,swap,CMT5.vrp,"[[21, 173, 36, 122, 166, 20, 37, 120, 157, 2], [147, 146, 18, 46, 176, 65], [50, 12, 32, 106, 49, 116, 62, 185, 23, 104], [160, 115, 90, 68, 42, 22, 156, 93, 101, 139, 27, 99, 167, 179], [85, 164, 31, 163, 148, 117, 67, 198, 53, 66, 112], [75, 162, 189, 57, 109, 39, 76, 17], [41, 143, 137, 89, 91, 141, 114, 64, 28, 172, 70, 128, 19, 35, 7, 149], [13, 123, 15, 5, 103, 140, 94, 136, 197, 191], [125, 98, 45, 29, 48, 30], [96, 159, 182, 145, 135, 92, 131, 10, 129, 71, 81], [52, 11, 170, 165, 151, 158, 192, 195, 105], [168, 150, 108, 84, 134, 119, 80, 161, 44, 190, 43, 199, 1, 194], [132, 180, 177, 133, 14, 69, 169, 9, 97, 187, 95], [77, 38, 79, 154, 124, 88, 138, 155, 171, 193, 33], [181, 73, 144, 74, 183, 184, 196, 186, 86, 61], [4, 87, 60, 126, 6], [152, 54, 26, 100, 130, 40], [55, 3, 113, 142, 121, 82, 174, 47, 59, 58, 111, 127], [72, 118, 56, 25, 110, 51, 8, 102, 83, 153], [188, 16, 107, 24, 63, 78, 178, 175, 34]]",true
167,780439,2240,swap,CMT5.vrp,"[[21, 173, 36, 122, 166, 20, 37, 120, 157, 2], [147, 146, 18, 46, 176, 65], [50, 12, 32, 106, 49, 116, 62, 185, 23, 104], [160, 115, 90, 68, 42, 22, 156, 93, 101, 139, 27, 99, 167, 179], [85, 164, 31, 163, 148, 117, 67, 198, 53, 66, 112], [75, 162, 189, 57, 109, 39, 76, 17], [41, 143, 137, 89, 91, 141, 114, 64, 28, 172, 70, 128, 19, 35, 7, 149], [13, 123, 15, 5, 103, 140, 94, 136, 197, 191], [125, 98, 45, 29, 48, 30], [96, 159, 182, 145, 135, 92, 131, 10, 129, 71, 81], [52, 11, 170, 165, 151, 158, 192, 195, 105], [168, 150, 108, 84, 134, 77, 80, 161, 44, 190, 43, 199, 1, 194], [132, 180, 177, 133, 14, 69, 169, 9, 97, 187, 95], [119, 38, 79, 154, 124, 88, 138, 155, 171, 193, 33], [181, 73, 144, 74, 183, 184, 196, 186, 86, 61], [4, 87, 60, 126, 6], [152, 54, 26, 100, 130, 40], [55, 3, 113, 142, 121, 82, 174, 47, 59, 58, 111, 127], [72, 118, 56, 25, 110, 51, 8, 102, 83, 153], [188, 16, 107, 24, 63, 78, 178, 175, 34]]",true
168,784590,2237,swap,CMT5.vrp,"[[21, 173, 36, 122, 166, 20, 37, 120, 157, 2], [147, 146, 18, 46, 176, 65], [50, 12, 32, 106, 49, 116, 62, 185, 23, 104], [160, 115, 90, 68, 42, 22, 156, 93, 101, 139, 27, 99, 167, 179], [85, 164, 31, 163, 148, 117, 67, 198, 53, 66, 112], [75, 162, 189, 57, 109, 39, 76, 17], [41, 143, 137, 89, 91, 141, 114, 64, 28, 172, 70, 128, 19, 35, 7, 149], [13, 123, 15, 5, 103, 140, 94, 136, 197, 191], [125, 98, 45, 29, 48, 30], [96, 159, 182, 145, 135, 92, 131, 10, 129, 71, 81], [52, 11, 170, 165, 151, 158, 192, 195, 105], [100, 150, 108, 84, 134, 77, 80, 161, 44, 190, 43, 199, 1, 194], [132, 180, 177, 133, 14, 69, 169, 9, 97, 187, 95], [119, 38, 79, 154, 124, 88, 138, 155, 171, 193, 33], [181, 73, 144, 74, 183, 184, 196, 186, 86, 61], [4, 87, 60, 126, 6], [152, 54, 26, 168, 130, 40], [55, 3, 113, 142, 121, 82, 174, 47, 59, 58, 111, 127], [72, 118, 56, 25, 110, 51, 8, 102, 83, 153], [188, 16, 107, 24, 63, 78, 178, 175, 34]]",true
169,788429,2235,swap,CMT5.vrp,"[[21, 173, 36, 122, 166, 20, 37, 120, 157, 2], [147, 146, 18, 46, 176, 65], [50, 12, 32, 106, 49, 116, 62, 185, 23, 104], [160, 115, 90, 68, 42, 22, 156, 93, 101, 139, 27, 99, 167, 179], [85, 164, 31, 163, 148, 117, 67, 198, 53, 66, 112], [75, 162, 189, 57, 109, 39, 76, 17], [41, 143, 137, 89, 91, 141, 114, 64, 28, 172, 70, 128, 19, 35, 7, 149], [13, 123, 15, 5, 103, 121, 94, 136, 197, 191], [125, 98, 45, 29, 48, 30], [96, 159, 182, 145, 135, 92, 131, 10, 129, 71, 81], [52, 11, 170, 165, 151, 158, 192, 195, 105], [100, 150, 108, 84, 134, 77, 80, 161, 44, 190, 43, 199, 1, 194], [132, 180, 177, 133, 14, 69, 169, 9, 97, 187, 95], [119, 38, 79, 154, 124, 88, 138, 155, 171, 193, 33], [181, 73, 144, 74, 183, 184, 196, 186, 86, 61], [4, 87, 60, 126, 6], [152, 54, 26, 168, 130, 40], [55, 3, 113, 142, 140, 82, 174, 47, 59, 58, 111, 127], [72, 118, 56, 25, 110, 51, 8, 102, 83, 153], [188, 16, 107, 24, 63, 78, 178, 175, 34]]",true
170,792723,2233,swap,CMT5.vrp,"[[21, 173, 36, 122, 166, 20, 37, 120, 157, 2], [147, 146, 18, 46, 176, 65], [50, 12, 32, 106, 49, 116, 62, 185, 23, 104], [160, 115, 90, 68, 42, 22, 156, 93, 101, 139, 27, 99, 167, 179], [85, 164, 31, 163, 148, 117, 67, 198, 53, 66, 112], [75, 162, 189, 57, 109, 39, 76, 17], [41, 143, 137, 89, 91, 141, 114, 64, 28, 172, 70, 128, 19, 35, 7, 149], [13, 123, 15, 5, 103, 121, 94, 136, 197, 191], [125, 98, 45, 29, 48, 30], [96, 159, 182, 145, 135, 92, 131, 10, 129, 71, 26], [52, 11, 170, 165, 151, 158, 192, 195, 105], [100, 150, 108, 84, 134, 77, 80, 161, 44, 190, 43, 199, 1, 194], [132, 180, 177, 133, 14, 69, 169, 9, 97, 187, 95], [119, 38, 79, 154, 124, 88, 138, 155, 171, 193, 33], [181, 73, 144, 74, 183, 184, 196, 186, 86, 61], [4, 87, 60, 126, 6], [152, 54, 81, 168, 130, 40], [55, 3, 113, 142, 140, 82, 174, 47, 59, 58, 111, 127], [72, 118, 56, 25, 110, 51, 8, 102, 83, 153], [188, 16, 107, 24, 63, 78, 178, 175, 34]]",true
171,798784,2231,swap,CMT5.vrp,"[[21, 173, 36, 122, 166, 20, 37, 120, 157, 2], [147, 146, 18, 46, 176, 65], [50, 12, 32, 106, 49, 116, 62, 185, 23, 104], [160, 115, 90, 68, 42, 22, 156, 93, 101, 139, 27, 99, 167, 179], [85, 164, 31, 163, 148, 117, 67, 198, 53, 66, 112], [75, 162, 189, 57, 109, 39, 76, 17], [41, 143, 137, 89, 91, 141, 114, 64, 28, 172, 70, 128, 19, 35, 7, 149], [13, 123, 79, 5, 103, 121, 94, 136, 197, 191], [125, 98, 45, 29, 48, 30], [96, 159, 182, 145, 135, 92, 131, 10, 129, 71, 26], [52, 11, 170, 165, 151, 158, 192, 195, 105], [100, 150, 108, 84, 134, 77, 80, 161, 44, 190, 43, 199, 1, 194], [132, 180, 177, 133, 14, 69, 169, 9, 97, 187, 95], [119, 38, 15, 154, 124, 88, 138, 155, 171, 193, 33], [181, 73, 144, 74, 183, 184, 196, 186, 86, 61], [4, 87, 60, 126, 6], [152, 54, 81, 168, 130, 40], [55, 3, 113, 142, 140, 82, 174, 47, 59, 58, 111, 127], [72, 118, 56, 25, 110, 51, 8, 102, 83, 153], [188, 16, 107, 24, 63, 78, 178, 175, 34]]",true
172,802692,2229,swap,CMT5.vrp,"[[21, 173, 36, 122, 166, 20, 37, 120, 157, 2], [147, 146, 18, 46, 176, 175], [50, 12, 32, 106, 49, 116, 62, 185, 23, 104], [160, 115, 90, 68, 42, 22, 156, 93, 101, 139, 27, 99, 167, 179], [85, 164, 31, 163, 148, 117, 67, 198, 53, 66, 112], [75, 162, 189, 57, 109, 39, 76, 17], [41, 143, 137, 89, 91, 141, 114, 64, 28, 172, 70, 128, 19, 35, 7, 149], [13, 123, 79, 5, 103, 121, 94, 136, 197, 191], [125, 98, 45, 29, 48, 30], [96, 159, 182, 145, 135, 92, 131, 10, 129, 71, 26], [52, 11, 170, 165, 151, 158, 192, 195, 105], [100, 150, 108, 84, 134, 77, 80, 161, 44, 190, 43, 199, 1, 194], [132, 180, 177, 133, 14, 69, 169, 9, 97, 187, 95], [119, 38, 15, 154, 124, 88, 138, 155, 171, 193, 33], [181, 73, 144, 74, 183, 184, 196, 186, 86, 61], [4, 87, 60, 126, 6], [152, 54, 81, 168, 130, 40], [55, 3, 113, 142, 140, 82, 174, 47, 59, 58, 111, 127], [72, 118, 56, 25, 110, 51, 8, 102, 83, 153], [188, 16, 107, 24, 63, 78, 178, 65, 34]]",true
173,806345,2227,swap,CMT5.vrp,"[[21, 173, 36, 122, 166, 20, 37, 120, 157, 2], [147, 146, 18, 46, 65, 175], [50, 12, 32, 106, 49, 116, 62, 185, 23, 104], [160, 115, 90, 68, 42, 22, 156, 93, 101, 139, 27, 99, 167, 179], [85, 164, 31, 163, 148, 117, 67, 198, 53, 66, 112], [75, 162, 189, 57, 109, 39, 76, 17], [41, 143, 137, 89, 91, 141, 114, 64, 28, 172, 70, 128, 19, 35, 7, 149], [13, 123, 79, 5, 103, 121, 94, 136, 197, 191], [125, 98, 45, 29, 48, 30], [96, 159, 182, 145, 135, 92, 131, 10, 129, 71, 26], [52, 11, 170, 165, 151, 158, 192, 195, 105], [100, 150, 108, 84, 134, 77, 80, 161, 44, 190, 43, 199, 1, 194], [132, 180, 177, 133, 14, 69, 169, 9, 97, 187, 95], [119, 38, 15, 154, 124, 88, 138, 155, 171, 193, 33], [181, 73, 144, 74, 183, 184, 196, 186, 86, 61], [4, 87, 60, 126, 6], [152, 54, 81, 168, 130, 40], [55, 3, 113, 142, 140, 82, 174, 47, 59, 58, 111, 127], [72, 118, 56, 25, 110, 51, 8, 102, 83, 153], [188, 16, 107, 24, 63, 78, 178, 176, 34]]",true
174,810680,2225,swap,CMT5.vrp,"[[21, 173, 36, 122, 166, 20, 37, 120, 157, 2], [147, 146, 18, 46, 65, 175], [50, 12, 32, 106, 49, 116, 62, 185, 23, 104], [160, 115, 90, 68, 42, 22, 156, 93, 101, 139, 27, 99, 167, 179], [85, 164, 31, 163, 148, 73, 67, 198, 53, 66, 112], [75, 162, 189, 57, 109, 39, 76, 17], [41, 143, 137, 89, 91, 141, 114, 64, 28, 172, 70, 128, 19, 35, 7, 149], [13, 123, 79, 5, 103, 121, 94, 136, 197, 191], [125, 98, 45, 29, 48, 30], [96, 159, 182, 145, 135, 92, 131, 10, 129, 71, 26], [52, 11, 170, 165, 151, 158, 192, 195, 105], [100, 150, 108, 84, 134, 77, 80, 161, 44, 190, 43, 199, 1, 194], [132, 180, 177, 133, 14, 69, 169, 9, 97, 187, 95], [119, 38, 15, 154, 124, 88, 138, 155, 171, 193, 33], [181, 117, 144, 74, 183, 184, 196, 186, 86, 61], [4, 87, 60, 126, 6], [152, 54, 81, 168, 130, 40], [55, 3, 113, 142, 140, 82, 174, 47, 59, 58, 111, 127], [72, 118, 56, 25, 110, 51, 8, 102, 83, 153], [188, 16, 107, 24, 63, 78, 178, 176, 34]]",true
175,814576,2216,swap,CMT5.vrp,"[[21, 173, 36, 122, 166, 20, 37, 120, 157, 2], [147, 146, 18, 46, 65, 175], [50, 12, 32, 106, 49, 116, 62, 185, 23, 104], [160, 115, 90, 68, 42, 22, 156, 93, 101, 139, 27, 99, 167, 179], [85, 164, 31, 163, 148, 73, 67, 198, 53, 66, 112], [75, 162, 189, 57, 109, 39, 76, 17], [41, 143, 137, 89, 91, 141, 114, 64, 28, 172, 70, 128, 19, 35, 7, 149], [13, 123, 79, 5, 103, 121, 94, 136, 197, 191], [125, 98, 45, 29, 48, 30], [96, 159, 182, 145, 135, 92, 131, 10, 129, 71, 26], [52, 11, 170, 165, 151, 158, 192, 195, 105], [100, 150, 108, 84, 134, 77, 80, 161, 44, 190, 43, 199, 1, 194], [132, 180, 177, 133, 14, 69, 169, 9, 97, 187, 95], [119, 38, 15, 154, 124, 88, 138, 155, 171, 193, 33], [16, 117, 144, 74, 183, 184, 196, 186, 86, 61], [4, 87, 60, 126, 6], [152, 54, 81, 168, 130, 40], [55, 3, 113, 142, 140, 82, 174, 47, 59, 58, 111, 127], [72, 118, 56, 25, 110, 51, 8, 102, 83, 153], [188, 181, 107, 24, 63, 78, 178, 176, 34]]",true
176,818559,2212,2-opt,CMT5.vrp,"[[21, 173, 36, 122, 166, 20, 37, 120, 157, 2], [147, 146, 18, 46, 65, 175], [50, 12, 32, 106, 49, 116, 62, 185, 23, 104], [160, 115, 90, 68, 42, 22, 156, 93, 101, 139, 27, 99, 167, 179], [85, 164, 31, 163, 148, 73, 67, 198, 53, 66, 112], [75, 162, 189, 57, 109, 39, 76, 17], [41, 143, 137, 89, 91, 141, 114, 64, 28, 172, 70, 128, 19, 35, 7, 149], [13, 123, 79, 5, 103, 121, 94, 136, 197, 191], [125, 98, 45, 29, 48, 30], [96, 159, 182, 145, 135, 92, 131, 10, 129, 71, 26], [52, 11, 170, 165, 151, 158, 192, 195, 105], [100, 150, 108, 84, 134, 77, 80, 161, 44, 190, 43, 199, 1, 194], [132, 180, 177, 133, 14, 69, 169, 9, 97, 187, 95], [119, 38, 15, 154, 124, 88, 138, 155, 171, 193, 33], [16, 117, 144, 74, 183, 184, 196, 186, 86, 61], [4, 87, 60, 126, 6], [152, 54, 81, 168, 130, 40], [55, 3, 113, 142, 140, 82, 174, 47, 59, 58, 111, 127], [72, 118, 56, 25, 110, 51, 8, 102, 83, 153], [188, 63, 24, 107, 181, 78, 178, 176, 34]]",true
177,822824,2210,2-opt,CMT5.vrp,"[[21, 173, 36, 122, 166, 20, 37, 120, 157, 2], [147, 146, 18, 46, 65, 175], [50, 12, 32, 106, 49, 116, 62, 185, 23, 104], [160, 115, 90, 68, 42, 22, 156, 93, 101, 139, 27, 99, 179, 167], [85, 164, 31, 163, 148, 73, 67, 198, 53, 66, 112], [75, 162, 189, 57, 109, 39, 76, 17], [41, 143, 137, 89, 91, 141, 114, 64, 28, 172, 70, 128, 19, 35, 7, 149], [13, 123, 79, 5, 103, 121, 94, 136, 197, 191], [125, 98, 45, 29, 48, 30], [96, 159, 182, 145, 135, 92, 131, 10, 129, 71, 26], [52, 11, 170, 165, 151, 158, 192, 195, 105], [100, 150, 108, 84, 134, 77, 80, 161, 44, 190, 43, 199, 1, 194], [132, 180, 177, 133, 14, 69, 169, 9, 97, 187, 95], [119, 38, 15, 154, 124, 88, 138, 155, 171, 193, 33], [16, 117, 144, 74, 183, 184, 196, 186, 86, 61], [4, 87, 60, 126, 6], [152, 54, 81, 168, 130, 40], [55, 3, 113, 142, 140, 82, 174, 47, 59, 58, 111, 127], [72, 118, 56, 25, 110, 51, 8, 102, 83, 153], [188, 63, 24, 107, 181, 78, 178, 176, 34]]",true
178,827824,2209,swap,CMT5.vrp,"[[21, 173, 36, 122, 166, 20, 37, 120, 157, 2], [147, 146, 18, 46, 65, 175], [50, 12, 32, 106, 49, 116, 62, 185, 23, 104], [160, 115, 90, 68, 42, 22, 156, 93, 101, 139, 27, 99, 179, 167], [85, 164, 31, 163, 148, 73, 67, 198, 53, 66, 112], [75, 162, 189, 57, 109, 39, 130, 17], [41, 143, 137, 89, 91, 141, 114, 64, 28, 172, 70, 128, 19, 35, 7, 149], [13, 123, 79, 5, 103, 121, 94, 136, 197, 191], [125, 98, 45, 29, 48, 30], [96, 159, 182, 145, 135, 92, 131, 10, 129, 71, 26], [52, 11, 170, 165, 151, 158, 192, 195, 105], [100, 150, 108, 84, 134, 77, 80, 161, 44, 190, 43, 199, 1, 194], [132, 180, 177, 133, 14, 69, 169, 9, 97, 187, 95], [119, 38, 15, 154, 124, 88, 138, 155, 171, 193, 33], [16, 117, 144, 74, 183, 184, 196, 186, 86, 61], [4, 87, 60, 126, 6], [152, 54, 81, 168, 76, 40], [55, 3, 113, 142, 140, 82, 174, 47, 59, 58, 111, 127], [72, 118, 56, 25, 110, 51, 8, 102, 83, 153], [188, 63, 24, 107, 181, 78, 178, 176, 34]]",true
179,831638,2206,swap,CMT5.vrp,"[[21, 173, 36, 122, 166, 20, 37, 120, 157, 2], [147, 146, 18, 46, 65, 175], [50, 12, 32, 106, 49, 116, 62, 185, 23, 104], [160, 115, 90, 68, 42, 22, 156, 93, 101, 139, 27, 99, 179, 167], [85, 164, 31, 163, 148, 73, 67, 198, 53, 66, 112], [75, 162, 189, 57, 109, 39, 130, 40], [41, 143, 137, 89, 91, 141, 114, 64, 28, 172, 70, 128, 19, 35, 7, 149], [13, 123, 79, 5, 103, 121, 94, 136, 197, 191], [125, 98, 45, 29, 48, 30], [96, 159, 182, 145, 135, 92, 131, 10, 129, 71, 26], [52, 11, 170, 165, 151, 158, 192, 195, 105], [100, 150, 108, 84, 134, 77, 80, 161, 44, 190, 43, 199, 1, 194], [132, 180, 177, 133, 14, 69, 169, 9, 97, 187, 95], [119, 38, 15, 154, 124, 88, 138, 155, 171, 193, 33], [16, 117, 144, 74, 183, 184, 196, 186, 86, 61], [4, 87, 60, 126, 6], [152, 54, 81, 168, 76, 17], [55, 3, 113, 142, 140, 82, 174, 47, 59, 58, 111, 127], [72, 118, 56, 25, 110, 51, 8, 102, 83, 153], [188, 63, 24, 107, 181, 78, 178, 176, 34]]",true
180,835577,2204,2-opt,CMT5.vrp,"[[21, 173, 36, 122, 166, 20, 37, 120, 157, 2], [147, 146, 18, 46, 65, 175], [50, 12, 32, 106, 49, 116, 62, 185, 23, 104], [160, 115, 90, 68, 42, 22, 156, 93, 101, 139, 27, 99, 179, 167], [85, 164, 31, 163, 148, 73, 67, 198, 53, 66, 112], [75, 162, 189, 57, 109, 39, 130, 40], [41, 143, 137, 89, 91, 141, 114, 28, 64, 172, 70, 128, 19, 35, 7, 149], [13, 123, 79, 5, 103, 121, 94, 136, 197, 191], [125, 98, 45, 29, 48, 30], [96, 159, 182, 145, 135, 92, 131, 10, 129, 71, 26], [52, 11, 170, 165, 151, 158, 192, 195, 105], [100, 150, 108, 84, 134, 77, 80, 161, 44, 190, 43, 199, 1, 194], [132, 180, 177, 133, 14, 69, 169, 9, 97, 187, 95], [119, 38, 15, 154, 124, 88, 138, 155, 171, 193, 33], [16, 117, 144, 74, 183, 184, 196, 186, 86, 61], [4, 87, 60, 126, 6], [152, 54, 81, 168, 76, 17], [55, 3, 113, 142, 140, 82, 174, 47, 59, 58, 111, 127], [72, 118, 56, 25, 110, 51, 8, 102, 83, 153], [188, 63, 24, 107, 181, 78, 178, 176, 34]]",true
181,842075,2203,2-opt,CMT5.vrp,"[[120, 37, 20, 166, 122, 36, 173, 21, 157, 2], [147, 146, 18, 46, 65, 175], [50, 12, 32, 106, 49, 116, 62, 185, 23, 104], [160, 115, 90, 68, 42, 22, 156, 93, 101, 139, 27, 99, 179, 167], [85, 164, 31, 163, 148, 73, 67, 198, 53, 66, 112], [75, 162, 189, 57, 109, 39, 130, 40], [41, 143, 137, 89, 91, 141, 114, 28, 64, 172, 70, 128, 19, 35, 7, 149], [13, 123, 79, 5, 103, 121, 94, 136, 197, 191], [125, 98, 45, 29, 48, 30], [96, 159, 182, 145, 135, 92, 131, 10, 129, 71, 26], [52, 11, 170, 165, 151, 158, 192, 195, 105], [100, 150, 108, 84, 134, 77, 80, 161, 44, 190, 43, 199, 1, 194], [132, 180, 177, 133, 14, 69, 169, 9, 97, 187, 95], [119, 38, 15, 154, 124, 88, 138, 155, 171, 193, 33], [16, 117, 144, 74, 183, 184, 196, 186, 86, 61], [4, 87, 60, 126, 6], [152, 54, 81, 168, 76, 17], [55, 3, 113, 142, 140, 82, 174, 47, 59, 58, 111, 127], [72, 118, 56, 25, 110, 51, 8, 102, 83, 153], [188, 63, 24, 107, 181, 78, 178, 176, 34]]",true
182,847124,2202,2-opt,CMT5.vrp,"[[120, 37, 20, 166, 122, 36, 173, 21, 157, 2], [147, 146, 18, 46, 65, 175], [50, 12, 32, 106, 49, 116, 62, 185, 23, 104], [160, 115, 90, 68, 42, 22, 93, 156, 101, 139, 27, 99, 179, 167], [85, 164, 31, 163, 148, 73, 67, 198, 53, 66, 112], [75, 162, 189, 57, 109, 39, 130, 40], [41, 143, 137, 89, 91, 141, 114, 28, 64, 172, 70, 128, 19, 35, 7, 149], [13, 123, 79, 5, 103, 121, 94, 136, 197, 191], [125, 98, 45, 29, 48, 30], [96, 159, 182, 145, 135, 92, 131, 10, 129, 71, 26], [52, 11, 170, 165, 151, 158, 192, 195, 105], [100, 150, 108, 84, 134, 77, 80, 161, 44, 190, 43, 199, 1, 194], [132, 180, 177, 133, 14, 69, 169, 9, 97, 187, 95], [119, 38, 15, 154, 124, 88, 138, 155, 171, 193, 33], [16, 117, 144, 74, 183, 184, 196, 186, 86, 61], [4, 87, 60, 126, 6], [152, 54, 81, 168, 76, 17], [55, 3, 113, 142, 140, 82, 174, 47, 59, 58, 111, 127], [72, 118, 56, 25, 110, 51, 8, 102, 83, 153], [188, 63, 24, 107, 181, 78, 178, 176, 34]]",true
183,850915,2200,swap,CMT5.vrp,"[[120, 37, 20, 166, 122, 36, 173, 21, 157, 2], [147, 146, 18, 46, 65, 175], [50, 12, 32, 106, 49, 116, 62, 185, 23, 104], [160, 115, 90, 68, 42, 22, 93, 156, 101, 139, 27, 99, 179, 167], [85, 164, 31, 163, 148, 73, 67, 198, 53, 66, 112], [75, 162, 189, 57, 109, 39, 130, 40], [41, 143, 137, 89, 91, 141, 114, 28, 64, 172, 70, 128, 19, 35, 7, 149], [13, 123, 79, 5, 103, 121, 94, 136, 197, 191], [125, 98, 45, 29, 48, 30], [96, 159, 182, 145, 135, 92, 131, 10, 129, 71, 26], [52, 11, 170, 165, 151, 158, 192, 195, 105], [100, 150, 108, 84, 134, 77, 80, 161, 44, 190, 43, 199, 1, 194], [132, 180, 177, 133, 14, 69, 169, 9, 97, 187, 95], [119, 38, 15, 154, 124, 88, 138, 155, 171, 193, 33], [188, 117, 144, 74, 183, 184, 196, 186, 86, 61], [4, 87, 60, 126, 6], [152, 54, 81, 168, 76, 17], [55, 3, 113, 142, 140, 82, 174, 47, 59, 58, 111, 127], [72, 118, 56, 25, 110, 51, 8, 102, 83, 153], [16, 63, 24, 107, 181, 78, 178, 176, 34]]",true
184,854296,2199,swap,CMT5.vrp,"[[120, 37, 20, 166, 122, 36, 173, 21, 157, 2], [147, 146, 18, 46, 65, 175], [50, 12, 32, 106, 49, 116, 62, 185, 23, 104], [160, 115, 90, 68, 42, 22, 93, 156, 101, 139, 27, 99, 179, 167], [85, 164, 31, 163, 148, 73, 67, 198, 53, 66, 112], [75, 162, 189, 57, 109, 39, 130, 40], [41, 143, 137, 89, 91, 141, 114, 28, 64, 172, 70, 128, 19, 35, 7, 149], [13, 123, 79, 5, 103, 121, 94, 136, 1, 191], [125, 98, 45, 29, 48, 30], [96, 159, 182, 145, 135, 92, 131, 10, 129, 71, 26], [52, 11, 170, 165, 151, 158, 192, 195, 105], [100, 150, 108, 84, 134, 77, 80, 161, 44, 190, 43, 199, 197, 194], [132, 180, 177, 133, 14, 69, 169, 9, 97, 187, 95], [119, 38, 15, 154, 124, 88, 138, 155, 171, 193, 33], [188, 117, 144, 74, 183, 184, 196, 186, 86, 61], [4, 87, 60, 126, 6], [152, 54, 81, 168, 76, 17], [55, 3, 113, 142, 140, 82, 174, 47, 59, 58, 111, 127], [72, 118, 56, 25, 110, 51, 8, 102, 83, 153], [16, 63, 24, 107, 181, 78, 178, 176, 34]]",true
185,858609,2195,swap,CMT5.vrp,"[[120, 37, 20, 166, 122, 36, 173, 21, 157, 2], [147, 146, 18, 46, 65, 175], [50, 12, 32, 106, 49, 116, 62, 185, 23, 104], [160, 115, 90, 68, 42, 22, 93, 156, 101, 139, 27, 99, 179, 167], [85, 164, 31, 163, 148, 73, 67, 198, 53, 66, 112], [75, 162, 189, 57, 109, 39, 130, 40], [41, 143, 137, 89, 91, 141, 114, 28, 64, 172, 70, 128, 19, 35, 7, 149], [13, 123, 79, 5, 103, 121, 94, 196, 1, 191], [125, 98, 45, 29, 48, 30], [96, 159, 182, 145, 135, 92, 131, 10, 129, 71, 26], [52, 11, 170, 165, 151, 158, 192, 195, 105], [100, 150, 108, 84, 134, 77, 80, 161, 44, 190, 43, 199, 197, 194], [132, 180, 177, 133, 14, 69, 169, 9, 97, 187, 95], [119, 38, 15, 154, 124, 88, 138, 155, 171, 193, 33], [188, 117, 144, 74, 183, 184, 136, 186, 86, 61], [4, 87, 60, 126, 6], [152, 54, 81, 168, 76, 17], [55, 3, 113, 142, 140, 82, 174, 47, 59, 58, 111, 127], [72, 118, 56, 25, 110, 51, 8, 102, 83, 153], [16, 63, 24, 107, 181, 78, 178, 176, 34]]",true
186,863152,2193,swap,CMT5.vrp,"[[120, 37, 20, 166, 122, 36, 173, 21, 157, 2], [147, 146, 18, 46, 65, 175], [50, 12, 32, 106, 49, 116, 62, 185, 23, 104], [160, 115, 90, 68, 42, 22, 93, 156, 101, 139, 27, 99, 179, 167], [85, 164, 31, 163, 148, 73, 67, 198, 53, 66, 112], [75, 162, 189, 57, 109, 39, 130, 40], [41, 143, 137, 89, 91, 141, 114, 28, 64, 172, 70, 128, 19, 35, 7, 149], [13, 123, 79, 5, 103, 121, 94, 196, 1, 191], [125, 98, 45, 29, 48, 30], [96, 159, 182, 145, 135, 92, 131, 10, 129, 71, 26], [52, 11, 170, 165, 151, 158, 192, 195, 105], [100, 150, 108, 84, 134, 77, 80, 161, 44, 190, 43, 199, 197, 194], [132, 180, 177, 133, 14, 69, 169, 9, 97, 187, 95], [119, 38, 15, 154, 124, 88, 138, 155, 171, 193, 33], [188, 16, 144, 74, 183, 184, 136, 186, 86, 61], [4, 87, 60, 126, 6], [152, 54, 81, 168, 76, 17], [55, 3, 113, 142, 140, 82, 174, 47, 59, 58, 111, 127], [72, 118, 56, 25, 110, 51, 8, 102, 83, 153], [117, 63, 24, 107, 181, 78, 178, 176, 34]]",true
187,867721,2191,swap,CMT5.vrp,"[[120, 37, 20, 166, 122, 36, 173, 21, 157, 2], [147, 146, 18, 46, 65, 175], [50, 12, 32, 106, 49, 116, 62, 185, 23, 104], [160, 115, 90, 68, 42, 22, 93, 156, 101, 139, 27, 99, 179, 167], [85, 164, 31, 163, 148, 73, 67, 198, 53, 66, 112], [75, 162, 189, 57, 109, 39, 130, 40], [41, 143, 137, 89, 91, 141, 114, 28, 64, 172, 70, 128, 19, 35, 7, 149], [13, 123, 79, 5, 103, 121, 94, 186, 1, 191], [125, 98, 45, 29, 48, 30], [96, 159, 182, 145, 135, 92, 131, 10, 129, 71, 26], [52, 11, 170, 165, 151, 158, 192, 195, 105], [100, 150, 108, 84, 134, 77, 80, 161, 44, 190, 43, 199, 197, 194], [132, 180, 177, 133, 14, 69, 169, 9, 97, 187, 95], [119, 38, 15, 154, 124, 88, 138, 155, 171, 193, 33], [188, 16, 144, 74, 183, 184, 136, 196, 86, 61], [4, 87, 60, 126, 6], [152, 54, 81, 168, 76, 17], [55, 3, 113, 142, 140, 82, 174, 47, 59, 58, 111, 127], [72, 118, 56, 25, 110, 51, 8, 102, 83, 153], [117, 63, 24, 107, 181, 78, 178, 176, 34]]",true
188,871878,2190,swap,CMT5.vrp,"[[120, 37, 20, 166, 122, 36, 173, 21, 157, 2], [147, 146, 18, 46, 65, 175], [50, 12, 32, 106, 49, 116, 62, 185, 23, 104], [160, 115, 90, 68, 42, 22, 93, 156, 101, 139, 27, 99, 179, 167], [85, 164, 31, 163, 148, 73, 67, 198, 53, 66, 112], [75, 162, 189, 57, 109, 39, 130, 40], [41, 143, 137, 89, 91, 141, 114, 28, 64, 172, 70, 128, 19, 35, 7, 149], [13, 123, 79, 5, 103, 121, 94, 186, 1, 191], [125, 98, 45, 29, 48, 30], [96, 159, 182, 145, 135, 92, 131, 10, 129, 71, 26], [52, 11, 170, 77, 151, 158, 192, 195, 105], [100, 150, 108, 84, 134, 165, 80, 161, 44, 190, 43, 199, 197, 194], [132, 180, 177, 133, 14, 69, 169, 9, 97, 187, 95], [119, 38, 15, 154, 124, 88, 138, 155, 171, 193, 33], [188, 16, 144, 74, 183, 184, 136, 196, 86, 61], [4, 87, 60, 126, 6], [152, 54, 81, 168, 76, 17], [55, 3, 113, 142, 140, 82, 174, 47, 59, 58, 111, 127], [72, 118, 56, 25, 110, 51, 8, 102, 83, 153], [117, 63, 24, 107, 181, 78, 178, 176, 34]]",true
189,877761,2188,swap,CMT5.vrp,"[[120, 37, 20, 166, 122, 36, 173, 21, 157, 2], [147, 146, 18, 46, 65, 175], [50, 12, 32, 106, 49, 116, 62, 185, 23, 104], [160, 115, 90, 68, 42, 22, 93, 156, 101, 139, 27, 99, 179, 167], [85, 164, 31, 163, 148, 73, 67, 198, 53, 66, 112], [75, 162, 189, 57, 109, 39, 130, 40], [41, 143, 137, 89, 91, 141, 114, 28, 64, 172, 70, 128, 19, 35, 7, 149], [13, 123, 79, 5, 103, 121, 94, 186, 1, 191], [125, 98, 45, 29, 48, 30], [96, 159, 182, 145, 135, 92, 131, 10, 129, 71, 26], [52, 11, 165, 77, 151, 158, 192, 195, 105], [100, 150, 108, 84, 134, 170, 80, 161, 44, 190, 43, 199, 197, 194], [132, 180, 177, 133, 14, 69, 169, 9, 97, 187, 95], [119, 38, 15, 154, 124, 88, 138, 155, 171, 193, 33], [188, 16, 144, 74, 183, 184, 136, 196, 86, 61], [4, 87, 60, 126, 6], [152, 54, 81, 168, 76, 17], [55, 3, 113, 142, 140, 82, 174, 47, 59, 58, 111, 127], [72, 118, 56, 25, 110, 51, 8, 102, 83, 153], [117, 63, 24, 107, 181, 78, 178, 176, 34]]",true
190,883768,2187,swap,CMT5.vrp,"[[120, 37, 20, 166, 122, 36, 173, 21, 157, 2], [147, 146, 18, 46, 65, 175], [50, 12, 32, 106, 49, 116, 62, 185, 23, 104], [160, 115, 90, 68, 42, 22, 93, 156, 101, 139, 27, 99, 179, 167], [85, 164, 31, 163, 148, 73, 67, 198, 53, 66, 112], [75, 162, 189, 57, 109, 39, 130, 40], [41, 143, 137, 89, 91, 141, 114, 28, 64, 172, 70, 128, 19, 78, 7, 149], [13, 123, 79, 5, 103, 121, 94, 186, 1, 191], [125, 98, 45, 29, 48, 30], [96, 159, 182, 145, 135, 92, 131, 10, 129, 71, 26], [52, 11, 165, 77, 151, 158, 192, 195, 105], [100, 150, 108, 84, 134, 170, 80, 161, 44, 190, 43, 199, 197, 194], [132, 180, 177, 133, 14, 69, 169, 9, 97, 187, 95], [119, 38, 15, 154, 124, 88, 138, 155, 171, 193, 33], [188, 16, 144, 74, 183, 184, 136, 196, 86, 61], [4, 87, 60, 126, 6], [152, 54, 81, 168, 76, 17], [55, 3, 113, 142, 140, 82, 174, 47, 59, 58, 111, 127], [72, 118, 56, 25, 110, 51, 8, 102, 83, 153], [117, 63, 24, 107, 181, 35, 178, 176, 34]]",true
191,888211,2186,swap,CMT5.vrp,"[[120, 37, 20, 166, 122, 36, 173, 21, 157, 2], [147, 146, 18, 46, 65, 175], [50, 12, 32, 106, 49, 116, 62, 185, 23, 104], [160, 115, 90, 68, 42, 22, 93, 156, 101, 139, 27, 99, 179, 167], [85, 164, 31, 163, 148, 73, 67, 198, 53, 66, 112], [75, 162, 189, 57, 109, 39, 130, 40], [41, 143, 137, 89, 91, 141, 114, 28, 64, 172, 70, 128, 19, 78, 7, 149], [13, 123, 79, 5, 103, 121, 94, 186, 1, 191], [125, 98, 45, 29, 48, 30], [96, 159, 182, 145, 135, 92, 131, 10, 129, 71, 26], [52, 11, 165, 77, 151, 158, 192, 195, 105], [100, 150, 108, 84, 134, 170, 80, 161, 44, 190, 43, 199, 136, 194], [132, 180, 177, 133, 14, 69, 169, 9, 97, 187, 95], [119, 38, 15, 154, 124, 88, 138, 155, 171, 193, 33], [188, 16, 144, 74, 183, 184, 197, 196, 86, 61], [4, 87, 60, 126, 6], [152, 54, 81, 168, 76, 17], [55, 3, 113, 142, 140, 82, 174, 47, 59, 58, 111, 127], [72, 118, 56, 25, 110, 51, 8, 102, 83, 153], [117, 63, 24, 107, 181, 35, 178, 176, 34]]",true
192,892853,2185,swap,CMT5.vrp,"[[120, 37, 20, 166, 122, 36, 173, 21, 157, 2], [147, 146, 18, 46, 65, 34], [50, 12, 32, 106, 49, 116, 62, 185, 23, 104], [160, 115, 90, 68, 42, 22, 93, 156, 101, 139, 27, 99, 179, 167], [85, 164, 31, 163, 148, 73, 67, 198, 53, 66, 112], [75, 162, 189, 57, 109, 39, 130, 40], [41, 143, 137, 89, 91, 141, 114, 28, 64, 172, 70, 128, 19, 78, 7, 149], [13, 123, 79, 5, 103, 121, 94, 186, 1, 191], [125, 98, 45, 29, 48, 30], [96, 159, 182, 145, 135, 92, 131, 10, 129, 71, 26], [52, 11, 165, 77, 151, 158, 192, 195, 105], [100, 150, 108, 84, 134, 170, 80, 161, 44, 190, 43, 199, 136, 194], [132, 180, 177, 133, 14, 69, 169, 9, 97, 187, 95], [119, 38, 15, 154, 124, 88, 138, 155, 171, 193, 33], [188, 16, 144, 74, 183, 184, 197, 196, 86, 61], [4, 87, 60, 126, 6], [152, 54, 81, 168, 76, 17], [55, 3, 113, 142, 140, 82, 174, 47, 59, 58, 111, 127], [72, 118, 56, 25, 110, 51, 8, 102, 83, 153], [117, 63, 24, 107, 181, 35, 178, 176, 175]]",true
193,896935,2184,swap,CMT5.vrp,"[[120, 37, 20, 166, 122, 36, 173, 21, 157, 2], [147, 146, 18, 46, 65, 34], [50, 12, 32, 106, 49, 116, 62, 185, 23, 104], [160, 115, 90, 68, 42, 22, 93, 156, 101, 139, 27, 99, 179, 167], [85, 164, 31, 163, 148, 73, 67, 198, 53, 66, 112], [75, 162, 189, 57, 109, 39, 130, 40], [41, 143, 137, 89, 91, 141, 114, 28, 64, 172, 70, 128, 19, 78, 7, 149], [13, 123, 79, 5, 103, 121, 94, 186, 1, 191], [125, 98, 45, 29, 48, 30], [96, 159, 182, 145, 135, 92, 131, 10, 129, 71, 26], [52, 11, 165, 77, 151, 158, 192, 195, 105], [100, 150, 108, 84, 134, 170, 80, 161, 44, 3, 43, 199, 136, 194], [132, 180, 177, 133, 14, 69, 169, 9, 97, 187, 95], [119, 38, 15, 154, 124, 88, 138, 155, 171, 193, 33], [188, 16, 144, 74, 183, 184, 197, 196, 86, 61], [4, 87, 60, 126, 6], [152, 54, 81, 168, 76, 17], [55, 190, 113, 142, 140, 82, 174, 47, 59, 58, 111, 127], [72, 118, 56, 25, 110, 51, 8, 102, 83, 153], [117, 63, 24, 107, 181, 35, 178, 176, 175]]",true
194,901103,2165,swap,CMT5.vrp,"[[120, 37, 20, 166, 122, 36, 173, 21, 157, 2], [147, 146, 18, 46, 65, 34], [50, 12, 32, 106, 49, 116, 62, 185, 23, 104], [160, 115, 90, 68, 42, 22, 93, 156, 101, 139, 27, 99, 179, 167], [85, 164, 31, 163, 148, 73, 67, 198, 53, 66, 112], [75, 162, 189, 57, 109, 39, 130, 40], [41, 143, 137, 89, 91, 141, 114, 28, 64, 172, 70, 128, 19, 78, 7, 149], [13, 123, 79, 5, 103, 121, 94, 186, 1, 191], [125, 98, 45, 29, 48, 30], [96, 159, 182, 145, 135, 92, 131, 10, 129, 71, 26], [52, 11, 165, 77, 151, 158, 192, 195, 105], [100, 150, 108, 84, 134, 170, 80, 161, 44, 3, 55, 199, 136, 194], [132, 180, 177, 133, 14, 69, 169, 9, 97, 187, 95], [119, 38, 15, 154, 124, 88, 138, 155, 171, 193, 33], [188, 16, 144, 74, 183, 184, 197, 196, 86, 61], [4, 87, 60, 126, 6], [152, 54, 81, 168, 76, 17], [43, 190, 113, 142, 140, 82, 174, 47, 59, 58, 111, 127], [72, 118, 56, 25, 110, 51, 8, 102, 83, 153], [117, 63, 24, 107, 181, 35, 178, 176, 175]]",true
195,905621,2161,2-opt,CMT5.vrp,"[[120, 37, 20, 166, 122, 36, 173, 21, 157, 2], [147, 146, 18, 46, 65, 34], [50, 12, 32, 106, 49, 116, 62, 185, 23, 104], [160, 115, 90, 68, 42, 22, 93, 156, 101, 139, 27, 99, 179, 167], [85, 164, 31, 163, 148, 73, 67, 198, 53, 66, 112], [75, 162, 189, 57, 109, 39, 130, 40], [41, 143, 137, 89, 91, 141, 114, 28, 64, 172, 70, 128, 19, 78, 7, 149], [13, 123, 79, 5, 103, 121, 94, 186, 1, 191], [125, 98, 45, 29, 48, 30], [96, 159, 182, 145, 135, 92, 131, 10, 129, 71, 26], [52, 11, 165, 77, 151, 158, 192, 195, 105], [100, 150, 108, 84, 134, 170, 80, 161, 44, 55, 3, 199, 136, 194], [132, 180, 177, 133, 14, 69, 169, 9, 97, 187, 95], [119, 38, 15, 154, 124, 88, 138, 155, 171, 193, 33], [188, 16, 144, 74, 183, 184, 197, 196, 86, 61], [4, 87, 60, 126, 6], [152, 54, 81, 168, 76, 17], [43, 190, 113, 142, 140, 82, 174, 47, 59, 58, 111, 127], [72, 118, 56, 25, 110, 51, 8, 102, 83, 153], [117, 63, 24, 107, 181, 35, 178, 176, 175]]",true
196,911362,2160,swap,CMT5.vrp,"[[120, 37, 20, 166, 122, 36, 173, 21, 157, 2], [147, 146, 18, 46, 65, 34], [50, 12, 32, 106, 49, 116, 62, 185, 23, 104], [160, 115, 90, 68, 42, 22, 93, 156, 101, 139, 27, 99, 179, 167], [85, 164, 31, 163, 148, 73, 67, 198, 53, 66, 112], [75, 162, 189, 57, 109, 39, 130, 40], [41, 143, 137, 89, 91, 141, 114, 28, 64, 172, 70, 128, 19, 78, 7, 149], [13, 123, 79, 5, 103, 121, 94, 186, 1, 191], [125, 98, 45, 29, 48, 30], [96, 159, 182, 145, 135, 92, 131, 10, 129, 71, 26], [52, 11, 165, 77, 151, 158, 192, 195, 105], [100, 150, 108, 84, 134, 170, 80, 161, 44, 55, 3, 197, 136, 194], [132, 180, 177, 133, 14, 69, 169, 9, 97, 187, 95], [119, 38, 15, 154, 124, 88, 138, 155, 171, 193, 33], [188, 16, 144, 74, 183, 184, 199, 196, 86, 61], [4, 87, 60, 126, 6], [152, 54, 81, 168, 76, 17], [43, 190, 113, 142, 140, 82, 174, 47, 59, 58, 111, 127], [72, 118, 56, 25, 110, 51, 8, 102, 83, 153], [117, 63, 24, 107, 181, 35, 178, 176, 175]]",true
197,915793,2159,swap,CMT5.vrp,"[[120, 37, 20, 166, 122, 36, 173, 21, 157, 2], [147, 146, 18, 46, 65, 34], [50, 12, 32, 106, 49, 116, 62, 185, 23, 104], [160, 115, 90, 68, 42, 22, 93, 156, 101, 139, 27, 99, 179, 167], [85, 164, 31, 163, 148, 73, 67, 198, 53, 66, 112], [75, 162, 189, 57, 109, 39, 130, 40], [41, 143, 137, 89, 91, 141, 114, 28, 64, 172, 70, 128, 19, 78, 35, 149], [13, 123, 79, 5, 103, 121, 94, 186, 1, 191], [125, 98, 45, 29, 48, 30], [96, 159, 182, 145, 135, 92, 131, 10, 129, 71, 26], [52, 11, 165, 77, 151, 158, 192, 195, 105], [100, 150, 108, 84, 134, 170, 80, 161, 44, 55, 3, 197, 136, 194], [132, 180, 177, 133, 14, 69, 169, 9, 97, 187, 95], [119, 38, 15, 154, 124, 88, 138, 155, 171, 193, 33], [188, 16, 144, 74, 183, 184, 199, 196, 86, 61], [4, 87, 60, 126, 6], [152, 54, 81, 168, 76, 17], [43, 190, 113, 142, 140, 82, 174, 47, 59, 58, 111, 127], [72, 118, 56, 25, 110, 51, 8, 102, 83, 153], [117, 63, 24, 107, 181, 7, 178, 176, 175]]",true
198,919952,2157,swap,CMT5.vrp,"[[120, 37, 20, 166, 122, 36, 173, 21, 157, 2], [147, 146, 18, 46, 65, 34], [50, 12, 32, 106, 49, 116, 62, 185, 23, 104], [160, 115, 90, 68, 42, 22, 93, 156, 101, 139, 27, 99, 179, 167], [85, 164, 31, 163, 148, 73, 67, 198, 53, 66, 112], [75, 162, 189, 57, 109, 39, 130, 40], [41, 143, 137, 89, 113, 141, 114, 28, 64, 172, 70, 128, 19, 78, 35, 149], [13, 123, 79, 5, 103, 121, 94, 186, 1, 191], [125, 98, 45, 29, 48, 30], [96, 159, 182, 145, 135, 92, 131, 10, 129, 71, 26], [52, 11, 165, 77, 151, 158, 192, 195, 105], [100, 150, 108, 84, 134, 170, 80, 161, 44, 55, 3, 197, 136, 194], [132, 180, 177, 133, 14, 69, 169, 9, 97, 187, 95], [119, 38, 15, 154, 124, 88, 138, 155, 171, 193, 33], [188, 16, 144, 74, 183, 184, 199, 196, 86, 61], [4, 87, 60, 126, 6], [152, 54, 81, 168, 76, 17], [43, 190, 91, 142, 140, 82, 174, 47, 59, 58, 111, 127], [72, 118, 56, 25, 110, 51, 8, 102, 83, 153], [117, 63, 24, 107, 181, 7, 178, 176, 175]]",true
199,925035,2152,swap,CMT5.vrp,"[[120, 37, 20, 166, 122, 36, 173, 21, 157, 2], [147, 146, 18, 46, 65, 34], [50, 12, 32, 106, 49, 116, 62, 185, 23, 104], [160, 115, 90, 68, 42, 22, 93, 156, 101, 139, 27, 99, 179, 167], [85, 164, 31, 163, 148, 73, 67, 198, 53, 66, 112], [75, 162, 189, 57, 109, 39, 130, 40], [41, 143, 137, 89, 113, 142, 114, 28, 64, 172, 70, 128, 19, 78, 35, 149], [13, 123, 79, 5, 103, 121, 94, 186, 1, 191], [125, 98, 45, 29, 48, 30], [96, 159, 182, 145, 135, 92, 131, 10, 129, 71, 26], [52, 11, 165, 77, 151, 158, 192, 195, 105], [100, 150, 108, 84, 134, 170, 80, 161, 44, 55, 3, 197, 136, 194], [132, 180, 177, 133, 14, 69, 169, 9, 97, 187, 95], [119, 38, 15, 154, 124, 88, 138, 155, 171, 193, 33], [188, 16, 144, 74, 183, 184, 199, 196, 86, 61], [4, 87, 60, 126, 6], [152, 54, 81, 168, 76, 17], [43, 190, 91, 141, 140, 82, 174, 47, 59, 58, 111, 127], [72, 118, 56, 25, 110, 51, 8, 102, 83, 153], [117, 63, 24, 107, 181, 7, 178, 176, 175]]",true
200,929528,2151,swap,CMT5.vrp,"[[120, 37, 20, 166, 122, 36, 173, 21, 157, 2], [147, 146, 18, 46, 65, 34], [50, 12, 32, 106, 49, 116, 62, 185, 23, 104], [160, 115, 90, 68, 42, 22, 93, 156, 101, 139, 27, 99, 179, 167], [85, 164, 31, 163, 148, 73, 67, 198, 53, 66, 112], [75, 162, 189, 57, 109, 39, 130, 40], [41, 143, 137, 89, 113, 142, 114, 28, 64, 172, 70, 128, 19, 78, 35, 149], [13, 123, 79, 5, 103, 121, 94, 186, 1, 191], [125, 98, 45, 29, 48, 30], [96, 159, 182, 145, 135, 92, 131, 10, 129, 71, 26], [52, 11, 165, 77, 151, 158, 192, 195, 105], [100, 150, 108, 84, 134, 170, 80, 161, 44, 55, 3, 197, 136, 194], [132, 180, 177, 133, 14, 69, 169, 9, 97, 187, 95], [119, 38, 15, 154, 124, 88, 138, 155, 171, 193, 33], [188, 16, 144, 74, 183, 184, 199, 196, 86, 61], [4, 87, 60, 126, 6], [152, 54, 81, 168, 76, 17], [43, 190, 91, 141, 140, 82, 174, 47, 59, 58, 111, 127], [72, 118, 56, 25, 110, 178, 8, 102, 83, 153], [117, 63, 24, 107, 181, 7, 51, 176, 175]]",true
201,936924,2150,swap,CMT5.vrp,"[[120, 88, 20, 166, 122, 36, 173, 21, 157, 2], [147, 146, 18, 46, 65, 34], [50, 12, 32, 106, 49, 116, 62, 185, 23, 104], [160, 115, 90, 68, 42, 22, 93, 156, 101, 139, 27, 99, 179, 167], [85, 164, 31, 163, 148, 73, 67, 198, 53, 66, 112], [75, 162, 189, 57, 109, 39, 130, 40], [41, 143, 137, 89, 113, 142, 114, 28, 64, 172, 70, 128, 19, 78, 35, 149], [13, 123, 79, 5, 103, 121, 94, 186, 1, 191], [125, 98, 45, 29, 48, 30], [96, 159, 182, 145, 135, 92, 131, 10, 129, 71, 26], [52, 11, 165, 77, 151, 158, 192, 195, 105], [100, 150, 108, 84, 134, 170, 80, 161, 44, 55, 3, 197, 136, 194], [132, 180, 177, 133, 14, 69, 169, 9, 97, 187, 95], [119, 38, 15, 154, 124, 37, 138, 155, 171, 193, 33], [188, 16, 144, 74, 183, 184, 199, 196, 86, 61], [4, 87, 60, 126, 6], [152, 54, 81, 168, 76, 17], [43, 190, 91, 141, 140, 82, 174, 47, 59, 58, 111, 127], [72, 118, 56, 25, 110, 178, 8, 102, 83, 153], [117, 63, 24, 107, 181, 7, 51, 176, 175]]",true
202,944124,2150,2-opt,CMT5.vrp,"[[120, 88, 20, 166, 122, 36, 173, 21, 157, 2], [147, 146, 18, 46, 65, 34], [50, 12, 32, 106, 49, 116, 62, 185, 23, 104], [160, 115, 90, 68, 42, 22, 93, 156, 101, 139, 27, 99, 179, 167], [85, 164, 31, 163, 148, 73, 67, 198, 53, 66, 112], [75, 162, 189, 57, 109, 39, 130, 40], [41, 143, 137, 89, 113, 142, 114, 28, 64, 172, 70, 128, 19, 78, 35, 149], [13, 123, 79, 5, 103, 121, 94, 186, 1, 191], [125, 98, 45, 29, 48, 30], [96, 159, 182, 145, 135, 92, 131, 10, 129, 71, 26], [52, 11, 165, 77, 151, 192, 158, 195, 105], [100, 150, 108, 84, 134, 170, 80, 161, 44, 55, 3, 197, 136, 194], [132, 180, 177, 133, 14, 69, 169, 9, 97, 187, 95], [119, 38, 15, 154, 124, 37, 138, 155, 171, 193, 33], [188, 16, 144, 74, 183, 184, 199, 196, 86, 61], [4, 87, 60, 126, 6], [152, 54, 81, 168, 76, 17], [43, 190, 91, 141, 140, 82, 174, 47, 59, 58, 111, 127], [72, 118, 56, 25, 110, 178, 8, 102, 83, 153], [117, 63, 24, 107, 181, 7, 51, 176, 175]]",true
203,951202,2149,2-opt,CMT5.vrp,"[[120, 88, 20, 166, 122, 36, 173, 21, 157, 2], [147, 146, 18, 46, 65, 34], [50, 12, 32, 106, 49, 116, 62, 185, 23, 104], [160, 115, 90, 68, 42, 22, 93, 156, 101, 139, 27, 99, 179, 167], [85, 164, 31, 163, 148, 73, 67, 198, 53, 66, 112], [75, 162, 189, 57, 109, 39, 130, 40], [41, 143, 137, 89, 113, 142, 114, 28, 64, 172, 70, 128, 19, 78, 35, 149], [13, 123, 79, 5, 103, 121, 94, 186, 1, 191], [125, 98, 45, 29, 48, 30], [96, 159, 182, 145, 135, 92, 131, 10, 129, 71, 26], [52, 11, 165, 77, 151, 192, 158, 195, 105], [100, 150, 108, 84, 134, 170, 80, 161, 44, 55, 3, 197, 136, 194], [132, 180, 177, 133, 14, 69, 169, 9, 97, 187, 95], [119, 38, 15, 154, 124, 37, 138, 155, 171, 193, 33], [188, 16, 144, 74, 183, 184, 199, 196, 86, 61], [4, 87, 60, 126, 6], [152, 54, 81, 168, 76, 17], [43, 190, 91, 141, 140, 82, 174, 47, 59, 58, 111, 127], [72, 118, 56, 25, 110, 178, 8, 102, 83, 153], [117, 63, 24, 107, 181, 51, 7, 176, 175]]",true
204,955279,2148,swap,CMT5.vrp,"[[120, 88, 20, 166, 122, 36, 173, 21, 157, 2], [147, 146, 18, 46, 65, 34], [50, 12, 32, 106, 49, 116, 62, 185, 23, 104], [160, 115, 90, 68, 42, 22, 93, 156, 101, 139, 27, 99, 179, 167], [85, 164, 31, 163, 148, 73, 67, 198, 53, 66, 112], [75, 162, 189, 57, 109, 39, 130, 40], [41, 143, 137, 89, 113, 142, 114, 28, 64, 172, 70, 128, 19, 78, 35, 149], [13, 123, 79, 5, 103, 121, 94, 186, 1, 191], [125, 98, 45, 29, 48, 30], [96, 159, 182, 145, 135, 92, 131, 10, 129, 71, 100], [52, 11, 165, 77, 151, 192, 158, 195, 105], [26, 150, 108, 84, 134, 170, 80, 161, 44, 55, 3, 197, 136, 194], [132, 180, 177, 133, 14, 69, 169, 9, 97, 187, 95], [119, 38, 15, 154, 124, 37, 138, 155, 171, 193, 33], [188, 16, 144, 74, 183, 184, 199, 196, 86, 61], [4, 87, 60, 126, 6], [152, 54, 81, 168, 76, 17], [43, 190, 91, 141, 140, 82, 174, 47, 59, 58, 111, 127], [72, 118, 56, 25, 110, 178, 8, 102, 83, 153], [117, 63, 24, 107, 181, 51, 7, 176, 175]]",true
205,960532,2148,swap,CMT5.vrp,"[[120, 88, 37, 166, 122, 36, 173, 21, 157, 2], [147, 146, 18, 46, 65, 34], [50, 12, 32, 106, 49, 116, 62, 185, 23, 104], [160, 115, 90, 68, 42, 22, 93, 156, 101, 139, 27, 99, 179, 167], [85, 164, 31, 163, 148, 73, 67, 198, 53, 66, 112], [75, 162, 189, 57, 109, 39, 130, 40], [41, 143, 137, 89, 113, 142, 114, 28, 64, 172, 70, 128, 19, 78, 35, 149], [13, 123, 79, 5, 103, 121, 94, 186, 1, 191], [125, 98, 45, 29, 48, 30], [96, 159, 182, 145, 135, 92, 131, 10, 129, 71, 100], [52, 11, 165, 77, 151, 192, 158, 195, 105], [26, 150, 108, 84, 134, 170, 80, 161, 44, 55, 3, 197, 136, 194], [132, 180, 177, 133, 14, 69, 169, 9, 97, 187, 95], [119, 38, 15, 154, 124, 20, 138, 155, 171, 193, 33], [188, 16, 144, 74, 183, 184, 199, 196, 86, 61], [4, 87, 60, 126, 6], [152, 54, 81, 168, 76, 17], [43, 190, 91, 141, 140, 82, 174, 47, 59, 58, 111, 127], [72, 118, 56, 25, 110, 178, 8, 102, 83, 153], [117, 63, 24, 107, 181, 51, 7, 176, 175]]",true
206,964180,2147,swap,CMT5.vrp,"[[120, 88, 37, 138, 122, 36, 173, 21, 157, 2], [147, 146, 18, 46, 65, 34], [50, 12, 32, 106, 49, 116, 62, 185, 23, 104], [160, 115, 90, 68, 42, 22, 93, 156, 101, 139, 27, 99, 179, 167], [85, 164, 31, 163, 148, 73, 67, 198, 53, 66, 112], [75, 162, 189, 57, 109, 39, 130, 40], [41, 143, 137, 89, 113, 142, 114, 28, 64, 172, 70, 128, 19, 78, 35, 149], [13, 123, 79, 5, 103, 121, 94, 186, 1, 191], [125, 98, 45, 29, 48, 30], [96, 159, 182, 145, 135, 92, 131, 10, 129, 71, 100], [52, 11, 165, 77, 151, 192, 158, 195, 105], [26, 150, 108, 84, 134, 170, 80, 161, 44, 55, 3, 197, 136, 194], [132, 180, 177, 133, 14, 69, 169, 9, 97, 187, 95], [119, 38, 15, 154, 124, 20, 166, 155, 171, 193, 33], [188, 16, 144, 74, 183, 184, 199, 196, 86, 61], [4, 87, 60, 126, 6], [152, 54, 81, 168, 76, 17], [43, 190, 91, 141, 140, 82, 174, 47, 59, 58, 111, 127], [72, 118, 56, 25, 110, 178, 8, 102, 83, 153], [117, 63, 24, 107, 181, 51, 7, 176, 175]]",true
207,967587,2146,2-opt,CMT5.vrp,"[[120, 88, 37, 138, 122, 36, 173, 21, 157, 2], [147, 146, 18, 46, 65, 34], [50, 12, 32, 106, 49, 116, 62, 185, 23, 104], [160, 115, 90, 68, 42, 22, 93, 156, 101, 139, 27, 99, 179, 167], [85, 164, 31, 163, 148, 73, 67, 198, 53, 66, 112], [130, 39, 109, 57, 189, 162, 75, 40], [41, 143, 137, 89, 113, 142, 114, 28, 64, 172, 70, 128, 19, 78, 35, 149], [13, 123, 79, 5, 103, 121, 94, 186, 1, 191], [125, 98, 45, 29, 48, 30], [96, 159, 182, 145, 135, 92, 131, 10, 129, 71, 100], [52, 11, 165, 77, 151, 192, 158, 195, 105], [26, 150, 108, 84, 134, 170, 80, 161, 44, 55, 3, 197, 136, 194], [132, 180, 177, 133, 14, 69, 169, 9, 97, 187, 95], [119, 38, 15, 154, 124, 20, 166, 155, 171, 193, 33], [188, 16, 144, 74, 183, 184, 199, 196, 86, 61], [4, 87, 60, 126, 6], [152, 54, 81, 168, 76, 17], [43, 190, 91, 141, 140, 82, 174, 47, 59, 58, 111, 127], [72, 118, 56, 25, 110, 178, 8, 102, 83, 153], [117, 63, 24, 107, 181, 51, 7, 176, 175]]",true
208,971419,2146,swap,CMT5.vrp,"[[120, 88, 37, 138, 122, 36, 173, 21, 157, 2], [147, 146, 18, 46, 65, 34], [50, 12, 32, 106, 144, 116, 62, 185, 23, 104], [160, 115, 90, 68, 42, 22, 93, 156, 101, 139, 27, 99, 179, 167], [85, 164, 31, 163, 148, 73, 67, 198, 53, 66, 112], [130, 39, 109, 57, 189, 162, 75, 40], [41, 143, 137, 89, 113, 142, 114, 28, 64, 172, 70, 128, 19, 78, 35, 149], [13, 123, 79, 5, 103, 121, 94, 186, 1, 191], [125, 98, 45, 29, 48, 30], [96, 159, 182, 145, 135, 92, 131, 10, 129, 71, 100], [52, 11, 165, 77, 151, 192, 158, 195, 105], [26, 150, 108, 84, 134, 170, 80, 161, 44, 55, 3, 197, 136, 194], [132, 180, 177, 133, 14, 69, 169, 9, 97, 187, 95], [119, 38, 15, 154, 124, 20, 166, 155, 171, 193, 33], [188, 16, 49, 74, 183, 184, 199, 196, 86, 61], [4, 87, 60, 126, 6], [152, 54, 81, 168, 76, 17], [43, 190, 91, 141, 140, 82, 174, 47, 59, 58, 111, 127], [72, 118, 56, 25, 110, 178, 8, 102, 83, 153], [117, 63, 24, 107, 181, 51, 7, 176, 175]]",true
209,977848,2141,swap,CMT5.vrp,"[[120, 88, 37, 138, 122, 36, 173, 21, 157, 2], [147, 146, 18, 46, 65, 34], [50, 12, 32, 106, 144, 116, 62, 185, 23, 104], [160, 115, 90, 68, 42, 22, 93, 156, 101, 139, 27, 99, 179, 167], [85, 164, 31, 163, 148, 73, 67, 198, 53, 66, 112], [130, 39, 109, 57, 189, 162, 75, 40], [41, 143, 137, 89, 113, 142, 114, 28, 64, 172, 70, 128, 19, 78, 35, 149], [13, 123, 79, 5, 103, 121, 94, 186, 1, 191], [125, 98, 45, 29, 48, 30], [96, 159, 182, 145, 135, 92, 131, 10, 129, 71, 100], [52, 11, 165, 77, 151, 192, 158, 195, 105], [26, 150, 108, 84, 134, 170, 80, 161, 44, 55, 3, 197, 136, 194], [132, 180, 177, 133, 14, 69, 169, 9, 97, 187, 95], [119, 38, 15, 154, 124, 20, 166, 155, 171, 86, 33], [188, 16, 49, 74, 183, 184, 199, 196, 193, 61], [4, 87, 60, 126, 6], [152, 54, 81, 168, 76, 17], [43, 190, 91, 141, 140, 82, 174, 47, 59, 58, 111, 127], [72, 118, 56, 25, 110, 178, 8, 102, 83, 153], [117, 63, 24, 107, 181, 51, 7, 176, 175]]",true
210,983160,2137,swap,CMT5.vrp,"[[120, 88, 37, 138, 122, 36, 173, 21, 157, 2], [147, 146, 18, 46, 65, 34], [50, 12, 32, 106, 144, 116, 62, 185, 23, 104], [160, 115, 90, 68, 42, 22, 93, 156, 101, 139, 27, 99, 179, 167], [85, 164, 31, 163, 148, 73, 67, 198, 53, 66, 112], [130, 39, 109, 57, 189, 162, 75, 40], [41, 143, 137, 89, 113, 142, 114, 28, 64, 172, 70, 128, 19, 78, 35, 149], [13, 123, 79, 5, 103, 121, 94, 186, 1, 191], [125, 98, 45, 29, 48, 30], [96, 159, 182, 145, 135, 92, 131, 10, 129, 71, 100], [52, 11, 165, 77, 151, 192, 158, 195, 105], [26, 150, 108, 84, 134, 170, 80, 161, 44, 55, 3, 197, 136, 194], [132, 180, 177, 133, 14, 69, 169, 9, 97, 187, 95], [119, 38, 15, 154, 124, 20, 166, 155, 171, 86, 61], [188, 16, 49, 74, 183, 184, 199, 196, 193, 33], [4, 87, 60, 126, 6], [152, 54, 81, 168, 76, 17], [43, 190, 91, 141, 140, 82, 174, 47, 59, 58, 111, 127], [72, 118, 56, 25, 110, 178, 8, 102, 83, 153], [117, 63, 24, 107, 181, 51, 7, 176, 175]]",true
211,986974,2134,swap,CMT5.vrp,"[[120, 88, 37, 138, 122, 36, 173, 21, 157, 2], [147, 146, 18, 46, 65, 34], [50, 12, 32, 106, 144, 116, 62, 185, 23, 104], [160, 115, 90, 68, 42, 22, 93, 156, 101, 139, 27, 99, 179, 167], [85, 164, 31, 163, 148, 73, 67, 198, 53, 66, 112], [130, 39, 109, 57, 189, 162, 75, 40], [41, 143, 137, 89, 113, 142, 114, 28, 64, 172, 70, 128, 19, 78, 35, 149], [13, 123, 79, 5, 103, 121, 94, 186, 1, 191], [125, 98, 45, 29, 48, 30], [96, 159, 74, 145, 135, 92, 131, 10, 129, 71, 100], [52, 11, 165, 77, 151, 192, 158, 195, 105], [26, 150, 108, 84, 134, 170, 80, 161, 44, 55, 3, 197, 136, 194], [132, 180, 177, 133, 14, 69, 169, 9, 97, 187, 95], [119, 38, 15, 154, 124, 20, 166, 155, 171, 86, 61], [188, 16, 49, 182, 183, 184, 199, 196, 193, 33], [4, 87, 60, 126, 6], [152, 54, 81, 168, 76, 17], [43, 190, 91, 141, 140, 82, 174, 47, 59, 58, 111, 127], [72, 118, 56, 25, 110, 178, 8, 102, 83, 153], [117, 63, 24, 107, 181, 51, 7, 176, 175]]",true
212,991207,2132,swap,CMT5.vrp,"[[120, 88, 37, 138, 122, 36, 173, 21, 157, 2], [147, 146, 18, 46, 65, 34], [50, 12, 32, 106, 144, 116, 62, 185, 23, 104], [160, 115, 90, 68, 42, 22, 93, 156, 101, 139, 27, 99, 179, 167], [85, 164, 31, 163, 148, 73, 67, 198, 53, 66, 112], [130, 39, 109, 57, 189, 162, 75, 40], [41, 143, 137, 89, 113, 142, 114, 28, 64, 172, 70, 128, 19, 78, 35, 149], [13, 123, 79, 5, 103, 121, 94, 186, 1, 191], [125, 98, 45, 29, 48, 30], [96, 49, 74, 145, 135, 92, 131, 10, 129, 71, 100], [52, 11, 165, 77, 151, 192, 158, 195, 105], [26, 150, 108, 84, 134, 170, 80, 161, 44, 55, 3, 197, 136, 194], [132, 180, 177, 133, 14, 69, 169, 9, 97, 187, 95], [119, 38, 15, 154, 124, 20, 166, 155, 171, 86, 61], [188, 16, 159, 182, 183, 184, 199, 196, 193, 33], [4, 87, 60, 126, 6], [152, 54, 81, 168, 76, 17], [43, 190, 91, 141, 140, 82, 174, 47, 59, 58, 111, 127], [72, 118, 56, 25, 110, 178, 8, 102, 83, 153], [117, 63, 24, 107, 181, 51, 7, 176, 175]]",true
213,996502,2130,swap,CMT5.vrp,"[[120, 88, 37, 138, 155, 36, 173, 21, 157, 2], [147, 146, 18, 46, 65, 34], [50, 12, 32, 106, 144, 116, 62, 185, 23, 104], [160, 115, 90, 68, 42, 22, 93, 156, 101, 139, 27, 99, 179, 167], [85, 164, 31, 163, 148, 73, 67, 198, 53, 66, 112], [130, 39, 109, 57, 189, 162, 75, 40], [41, 143, 137, 89, 113, 142, 114, 28, 64, 172, 70, 128, 19, 78, 35, 149], [13, 123, 79, 5, 103, 121, 94, 186, 1, 191], [125, 98, 45, 29, 48, 30], [96, 49, 74, 145, 135, 92, 131, 10, 129, 71, 100], [52, 11, 165, 77, 151, 192, 158, 195, 105], [26, 150, 108, 84, 134, 170, 80, 161, 44, 55, 3, 197, 136, 194], [132, 180, 177, 133, 14, 69, 169, 9, 97, 187, 95], [119, 38, 15, 154, 124, 20, 166, 122, 171, 86, 61], [188, 16, 159, 182, 183, 184, 199, 196, 193, 33], [4, 87, 60, 126, 6], [152, 54, 81, 168, 76, 17], [43, 190, 91, 141, 140, 82, 174, 47, 59, 58, 111, 127], [72, 118, 56, 25, 110, 178, 8, 102, 83, 153], [117, 63, 24, 107, 181, 51, 7, 176, 175]]",true
214,1000840,2128,2-opt,CMT5.vrp,"[[120, 88, 37, 138, 36, 155, 173, 21, 157, 2], [147, 146, 18, 46, 65, 34], [50, 12, 32, 106, 144, 116, 62, 185, 23, 104], [160, 115, 90, 68, 42, 22, 93, 156, 101, 139, 27, 99, 179, 167], [85, 164, 31, 163, 148, 73, 67, 198, 53, 66, 112], [130, 39, 109, 57, 189, 162, 75, 40], [41, 143, 137, 89, 113, 142, 114, 28, 64, 172, 70, 128, 19, 78, 35, 149], [13, 123, 79, 5, 103, 121, 94, 186, 1, 191], [125, 98, 45, 29, 48, 30], [96, 49, 74, 145, 135, 92, 131, 10, 129, 71, 100], [52, 11, 165, 77, 151, 192, 158, 195, 105], [26, 150, 108, 84, 134, 170, 80, 161, 44, 55, 3, 197, 136, 194], [132, 180, 177, 133, 14, 69, 169, 9, 97, 187, 95], [119, 38, 15, 154, 124, 20, 166, 122, 171, 86, 61], [188, 16, 159, 182, 183, 184, 199, 196, 193, 33], [4, 87, 60, 126, 6], [152, 54, 81, 168, 76, 17], [43, 190, 91, 141, 140, 82, 174, 47, 59, 58, 111, 127], [72, 118, 56, 25, 110, 178, 8, 102, 83, 153], [117, 63, 24, 107, 181, 51, 7, 176, 175]]",true
215,1005639,2126,swap,CMT5.vrp,"[[120, 88, 37, 138, 36, 155, 173, 21, 157, 2], [147, 146, 18, 46, 65, 34], [50, 12, 32, 106, 144, 116, 62, 185, 23, 104], [160, 115, 90, 68, 42, 22, 93, 156, 101, 139, 27, 99, 179, 167], [85, 164, 31, 163, 148, 73, 67, 198, 53, 66, 112], [130, 39, 109, 57, 189, 162, 75, 40], [41, 143, 137, 89, 113, 142, 114, 28, 64, 172, 70, 128, 19, 78, 35, 149], [13, 123, 79, 5, 103, 171, 94, 186, 1, 191], [125, 98, 45, 29, 48, 30], [96, 49, 74, 145, 135, 92, 131, 10, 129, 71, 100], [52, 11, 165, 77, 151, 192, 158, 195, 105], [26, 150, 108, 84, 134, 170, 80, 161, 44, 55, 3, 197, 136, 194], [132, 180, 177, 133, 14, 69, 169, 9, 97, 187, 95], [119, 38, 15, 154, 124, 20, 166, 122, 121, 86, 61], [188, 16, 159, 182, 183, 184, 199, 196, 193, 33], [4, 87, 60, 126, 6], [152, 54, 81, 168, 76, 17], [43, 190, 91, 141, 140, 82, 174, 47, 59, 58, 111, 127], [72, 118, 56, 25, 110, 178, 8, 102, 83, 153], [117, 63, 24, 107, 181, 51, 7, 176, 175]]",true
216,1010796,2125,swap,CMT5.vrp,"[[120, 88, 37, 138, 36, 155, 173, 21, 157, 2], [147, 146, 18, 46, 65, 34], [50, 12, 32, 106, 144, 116, 62, 185, 23, 104], [160, 115, 90, 68, 42, 22, 93, 156, 101, 139, 27, 99, 179, 167], [85, 164, 31, 163, 148, 73, 67, 198, 53, 66, 112], [130, 39, 109, 57, 189, 162, 75, 40], [41, 143, 137, 89, 113, 142, 114, 28, 64, 172, 70, 128, 19, 78, 35, 149], [13, 123, 79, 5, 103, 171, 94, 186, 196, 191], [125, 98, 45, 29, 48, 30], [96, 49, 74, 145, 135, 92, 131, 10, 129, 71, 100], [52, 11, 165, 77, 151, 192, 158, 195, 105], [26, 150, 108, 84, 134, 170, 80, 161, 44, 55, 3, 197, 136, 194], [132, 180, 177, 133, 14, 69, 169, 9, 97, 187, 95], [119, 38, 15, 154, 124, 20, 166, 122, 121, 86, 61], [188, 16, 159, 182, 183, 184, 199, 1, 193, 33], [4, 87, 60, 126, 6], [152, 54, 81, 168, 76, 17], [43, 190, 91, 141, 140, 82, 174, 47, 59, 58, 111, 127], [72, 118, 56, 25, 110, 178, 8, 102, 83, 153], [117, 63, 24, 107, 181, 51, 7, 176, 175]]",true
217,1014902,2121,swap,CMT5.vrp,"[[120, 88, 37, 138, 36, 155, 173, 21, 157, 2], [147, 146, 18, 46, 65, 34], [50, 12, 32, 106, 144, 116, 62, 185, 23, 104], [160, 115, 90, 68, 42, 22, 93, 156, 101, 139, 27, 99, 179, 167], [85, 164, 31, 163, 148, 73, 67, 198, 53, 66, 112], [130, 39, 109, 57, 189, 162, 75, 40], [41, 143, 137, 89, 113, 142, 114, 28, 64, 172, 70, 128, 19, 78, 35, 149], [13, 123, 79, 5, 103, 171, 94, 186, 196, 193], [125, 98, 45, 29, 48, 30], [96, 49, 74, 145, 135, 92, 131, 10, 129, 71, 100], [52, 11, 165, 77, 151, 192, 158, 195, 105], [26, 150, 108, 84, 134, 170, 80, 161, 44, 55, 3, 197, 136, 194], [132, 180, 177, 133, 14, 69, 169, 9, 97, 187, 95], [119, 38, 15, 154, 124, 20, 166, 122, 121, 86, 61], [188, 16, 159, 182, 183, 184, 199, 1, 191, 33], [4, 87, 60, 126, 6], [152, 54, 81, 168, 76, 17], [43, 190, 91, 141, 140, 82, 174, 47, 59, 58, 111, 127], [72, 118, 56, 25, 110, 178, 8, 102, 83, 153], [117, 63, 24, 107, 181, 51, 7, 176, 175]]",true
218,1018502,2117,swap,CMT5.vrp,"[[120, 88, 37, 138, 36, 155, 173, 21, 157, 2], [147, 146, 18, 46, 65, 34], [50, 12, 32, 106, 144, 116, 62, 185, 23, 104], [160, 115, 90, 68, 42, 22, 93, 156, 101, 139, 27, 99, 179, 167], [85, 164, 31, 163, 148, 73, 182, 198, 53, 66, 112], [130, 39, 109, 57, 189, 162, 75, 40], [41, 143, 137, 89, 113, 142, 114, 28, 64, 172, 70, 128, 19, 78, 35, 149], [13, 123, 79, 5, 103, 171, 94, 186, 196, 193], [125, 98, 45, 29, 48, 30], [96, 49, 74, 145, 135, 92, 131, 10, 129, 71, 100], [52, 11, 165, 77, 151, 192, 158, 195, 105], [26, 150, 108, 84, 134, 170, 80, 161, 44, 55, 3, 197, 136, 194], [132, 180, 177, 133, 14, 69, 169, 9, 97, 187, 95], [119, 38, 15, 154, 124, 20, 166, 122, 121, 86, 61], [188, 16, 159, 67, 183, 184, 199, 1, 191, 33], [4, 87, 60, 126, 6], [152, 54, 81, 168, 76, 17], [43, 190, 91, 141, 140, 82, 174, 47, 59, 58, 111, 127], [72, 118, 56, 25, 110, 178, 8, 102, 83, 153], [117, 63, 24, 107, 181, 51, 7, 176, 175]]",true
219,1022436,2116,swap,CMT5.vrp,"[[120, 88, 37, 138, 36, 155, 173, 21, 157, 2], [147, 146, 18, 46, 65, 34], [50, 12, 32, 106, 144, 116, 62, 185, 23, 104], [160, 115, 90, 68, 42, 22, 93, 156, 101, 139, 27, 99, 179, 167], [85, 164, 31, 163, 148, 73, 182, 198, 53, 193, 112], [130, 39, 109, 57, 189, 162, 75, 40], [41, 143, 137, 89, 113, 142, 114, 28, 64, 172, 70, 128, 19, 78, 35, 149], [13, 123, 79, 5, 103, 171, 94, 186, 196, 66], [125, 98, 45, 29, 48, 30], [96, 49, 74, 145, 135, 92, 131, 10, 129, 71, 100], [52, 11, 165, 77, 151, 192, 158, 195, 105], [26, 150, 108, 84, 134, 170, 80, 161, 44, 55, 3, 197, 136, 194], [132, 180, 177, 133, 14, 69, 169, 9, 97, 187, 95], [119, 38, 15, 154, 124, 20, 166, 122, 121, 86, 61], [188, 16, 159, 67, 183, 184, 199, 1, 191, 33], [4, 87, 60, 126, 6], [152, 54, 81, 168, 76, 17], [43, 190, 91, 141, 140, 82, 174, 47, 59, 58, 111, 127], [72, 118, 56, 25, 110, 178, 8, 102, 83, 153], [117, 63, 24, 107, 181, 51, 7, 176, 175]]",true
220,1027303,2112,swap,CMT5.vrp,"[[120, 88, 37, 138, 36, 155, 173, 21, 157, 2], [147, 146, 18, 46, 65, 34], [50, 12, 32, 106, 144, 116, 62, 185, 23, 104], [160, 115, 90, 68, 42, 22, 93, 156, 101, 139, 27, 99, 179, 167], [85, 164, 31, 163, 148, 73, 182, 198, 53, 193, 61], [130, 39, 109, 57, 189, 162, 75, 40], [41, 143, 137, 89, 113, 142, 114, 28, 64, 172, 70, 128, 19, 78, 35, 149], [13, 123, 79, 5, 103, 171, 94, 186, 196, 66], [125, 98, 45, 29, 48, 30], [96, 49, 74, 145, 135, 92, 131, 10, 129, 71, 100], [52, 11, 165, 77, 151, 192, 158, 195, 105], [26, 150, 108, 84, 134, 170, 80, 161, 44, 55, 3, 197, 136, 194], [132, 180, 177, 133, 14, 69, 169, 9, 97, 187, 95], [119, 38, 15, 154, 124, 20, 166, 122, 121, 86, 112], [188, 16, 159, 67, 183, 184, 199, 1, 191, 33], [4, 87, 60, 126, 6], [152, 54, 81, 168, 76, 17], [43, 190, 91, 141, 140, 82, 174, 47, 59, 58, 111, 127], [72, 118, 56, 25, 110, 178, 8, 102, 83, 153], [117, 63, 24, 107, 181, 51, 7, 176, 175]]",true
221,1033629,2111,swap,CMT5.vrp,"[[120, 88, 37, 138, 36, 155, 173, 21, 157, 2], [147, 146, 18, 46, 65, 34], [50, 12, 32, 106, 144, 116, 62, 185, 23, 104], [160, 115, 90, 68, 42, 22, 93, 156, 101, 139, 27, 99, 179, 167], [85, 164, 31, 163, 148, 73, 182, 198, 53, 33, 61], [130, 39, 109, 57, 189, 162, 75, 40], [41, 143, 137, 89, 113, 142, 114, 28, 64, 172, 70, 128, 19, 78, 35, 149], [13, 123, 79, 5, 103, 171, 94, 186, 196, 66], [125, 98, 45, 29, 48, 30], [96, 49, 74, 145, 135, 92, 131, 10, 129, 71, 100], [52, 11, 165, 77, 151, 192, 158, 195, 105], [26, 150, 108, 84, 134, 170, 80, 161, 44, 55, 3, 197, 136, 194], [132, 180, 177, 133, 14, 69, 169, 9, 97, 187, 95], [119, 38, 15, 154, 124, 20, 166, 122, 121, 86, 112], [188, 16, 159, 67, 183, 184, 199, 1, 191, 193], [4, 87, 60, 126, 6], [152, 54, 81, 168, 76, 17], [43, 190, 91, 141, 140, 82, 174, 47, 59, 58, 111, 127], [72, 118, 56, 25, 110, 178, 8, 102, 83, 153], [117, 63, 24, 107, 181, 51, 7, 176, 175]]",true
222,1040159,2110,2-opt,CMT5.vrp,"[[120, 88, 37, 138, 36, 155, 173, 21, 157, 2], [147, 146, 18, 46, 65, 34], [50, 12, 32, 106, 144, 116, 62, 185, 23, 104], [160, 115, 90, 68, 42, 22, 93, 156, 101, 139, 27, 99, 179, 167], [85, 164, 31, 163, 148, 73, 182, 198, 53, 33, 61], [130, 39, 109, 57, 189, 162, 75, 40], [41, 143, 89, 137, 113, 142, 114, 28, 64, 172, 70, 128, 19, 78, 35, 149], [13, 123, 79, 5, 103, 171, 94, 186, 196, 66], [125, 98, 45, 29, 48, 30], [96, 49, 74, 145, 135, 92, 131, 10, 129, 71, 100], [52, 11, 165, 77, 151, 192, 158, 195, 105], [26, 150, 108, 84, 134, 170, 80, 161, 44, 55, 3, 197, 136, 194], [132, 180, 177, 133, 14, 69, 169, 9, 97, 187, 95], [119, 38, 15, 154, 124, 20, 166, 122, 121, 86, 112], [188, 16, 159, 67, 183, 184, 199, 1, 191, 193], [4, 87, 60, 126, 6], [152, 54, 81, 168, 76, 17], [43, 190, 91, 141, 140, 82, 174, 47, 59, 58, 111, 127], [72, 118, 56, 25, 110, 178, 8, 102, 83, 153], [117, 63, 24, 107, 181, 51, 7, 176, 175]]",true
223,1044712,2110,swap,CMT5.vrp,"[[120, 88, 37, 138, 36, 155, 173, 21, 157, 2], [147, 146, 18, 46, 65, 34], [50, 12, 32, 106, 144, 116, 62, 185, 23, 104], [160, 115, 90, 68, 42, 22, 93, 156, 101, 139, 27, 99, 179, 167], [85, 164, 31, 163, 148, 73, 182, 198, 53, 33, 61], [130, 39, 109, 57, 189, 162, 75, 40], [41, 143, 89, 137, 113, 142, 114, 94, 64, 172, 70, 128, 19, 78, 35, 149], [13, 123, 79, 5, 103, 171, 28, 186, 196, 66], [125, 98, 45, 29, 48, 30], [96, 49, 74, 145, 135, 92, 131, 10, 129, 71, 100], [52, 11, 165, 77, 151, 192, 158, 195, 105], [26, 150, 108, 84, 134, 170, 80, 161, 44, 55, 3, 197, 136, 194], [132, 180, 177, 133, 14, 69, 169, 9, 97, 187, 95], [119, 38, 15, 154, 124, 20, 166, 122, 121, 86, 112], [188, 16, 159, 67, 183, 184, 199, 1, 191, 193], [4, 87, 60, 126, 6], [152, 54, 81, 168, 76, 17], [43, 190, 91, 141, 140, 82, 174, 47, 59, 58, 111, 127], [72, 118, 56, 25, 110, 178, 8, 102, 83, 153], [117, 63, 24, 107, 181, 51, 7, 176, 175]]",true
224,1050213,2108,swap,CMT5.vrp,"[[120, 88, 37, 138, 36, 155, 173, 21, 157, 2], [147, 146, 18, 46, 65, 34], [50, 12, 32, 106, 144, 116, 62, 185, 23, 104], [160, 115, 90, 68, 42, 22, 93, 156, 101, 139, 27, 99, 179, 167], [85, 164, 31, 163, 148, 73, 182, 198, 53, 33, 61], [130, 39, 109, 57, 189, 162, 75, 40], [41, 143, 89, 137, 113, 142, 114, 94, 64, 172, 70, 128, 19, 78, 178, 149], [13, 123, 79, 5, 103, 171, 28, 186, 196, 66], [125, 98, 45, 29, 48, 30], [96, 49, 74, 145, 135, 92, 131, 10, 129, 71, 100], [52, 11, 165, 77, 151, 192, 158, 195, 105], [26, 150, 108, 84, 134, 170, 80, 161, 44, 55, 3, 197, 136, 194], [132, 180, 177, 133, 14, 69, 169, 9, 97, 187, 95], [119, 38, 15, 154, 124, 20, 166, 122, 121, 86, 112], [188, 16, 159, 67, 183, 184, 199, 1, 191, 193], [4, 87, 60, 126, 6], [152, 54, 81, 168, 76, 17], [43, 190, 91, 141, 140, 82, 174, 47, 59, 58, 111, 127], [72, 118, 56, 25, 110, 35, 8, 102, 83, 153], [117, 63, 24, 107, 181, 51, 7, 176, 175]]",true
225,1053989,2105,swap,CMT5.vrp,"[[120, 88, 37, 138, 36, 155, 173, 21, 157, 2], [147, 146, 18, 46, 65, 34], [50, 12, 32, 106, 144, 116, 62, 185, 23, 104], [160, 115, 90, 68, 42, 22, 93, 156, 101, 139, 27, 99, 179, 167], [85, 164, 31, 163, 148, 73, 182, 198, 53, 33, 61], [130, 39, 109, 57, 189, 162, 75, 40], [41, 143, 89, 137, 113, 142, 114, 94, 64, 172, 70, 128, 19, 78, 178, 176], [13, 123, 79, 5, 103, 171, 28, 186, 196, 66], [125, 98, 45, 29, 48, 30], [96, 49, 74, 145, 135, 92, 131, 10, 129, 71, 100], [52, 11, 165, 77, 151, 192, 158, 195, 105], [26, 150, 108, 84, 134, 170, 80, 161, 44, 55, 3, 197, 136, 194], [132, 180, 177, 133, 14, 69, 169, 9, 97, 187, 95], [119, 38, 15, 154, 124, 20, 166, 122, 121, 86, 112], [188, 16, 159, 67, 183, 184, 199, 1, 191, 193], [4, 87, 60, 126, 6], [152, 54, 81, 168, 76, 17], [43, 190, 91, 141, 140, 82, 174, 47, 59, 58, 111, 127], [72, 118, 56, 25, 110, 35, 8, 102, 83, 153], [117, 63, 24, 107, 181, 51, 7, 149, 175]]",true
226,1058580,2104,or-opt,CMT5.vrp,"[[120, 88, 37, 138, 36, 155, 173, 21, 157, 2], [147, 146, 18, 46, 65, 34], [50, 12, 32, 106, 144, 116, 62, 185, 23, 104], [160, 115, 90, 68, 42, 22, 93, 156, 101, 139, 27, 99, 179, 167], [85, 164, 31, 163, 148, 73, 182, 198, 53, 33, 61], [130, 39, 109, 57, 189, 162, 75, 40], [41, 143, 89, 137, 113, 142, 114, 94, 64, 172, 70, 128, 19, 78, 178, 176], [13, 123, 79, 5, 103, 171, 28, 186, 196, 66], [125, 98, 45, 29, 48, 30], [96, 49, 74, 145, 135, 92, 131, 10, 129, 71, 100], [52, 11, 165, 77, 151, 192, 158, 195, 105], [26, 150, 108, 84, 134, 170, 80, 161, 44, 55, 3, 197, 136, 194], [132, 180, 177, 133, 14, 69, 169, 9, 97, 187, 95], [119, 38, 15, 154, 124, 20, 166, 122, 121, 86, 112], [188, 16, 159, 67, 183, 184, 199, 1, 191, 193], [4, 87, 60, 126, 6], [152, 54, 81, 168, 76, 17], [43, 190, 91, 141, 140, 82, 174, 47, 59, 58, 111, 127], [72, 118, 56, 25, 110, 35, 8, 102, 83, 153], [117, 63, 24, 107, 181, 149, 51, 7, 175]]",true
227,1062616,2104,swap,CMT5.vrp,"[[120, 88, 37, 138, 36, 155, 173, 21, 157, 2], [147, 146, 18, 46, 65, 34], [50, 12, 32, 106, 144, 116, 62, 185, 23, 104], [160, 115, 90, 68, 42, 22, 93, 156, 101, 139, 27, 99, 179, 167], [85, 164, 31, 163, 148, 73, 182, 198, 53, 33, 61], [130, 39, 109, 57, 189, 162, 75, 40], [41, 143, 89, 137, 113, 142, 114, 94, 64, 172, 70, 128, 19, 78, 178, 176], [13, 123, 79, 5, 103, 171, 28, 186, 196, 66], [125, 98, 45, 29, 48, 30], [96, 49, 74, 145, 135, 92, 131, 10, 129, 71, 100], [52, 11, 165, 77, 151, 192, 158, 195, 105], [26, 150, 108, 84, 134, 170, 80, 161, 44, 55, 3, 197, 136, 194], [132, 180, 177, 133, 14, 69, 169, 9, 97, 187, 95], [119, 38, 15, 154, 124, 20, 166, 122, 121, 86, 112], [188, 16, 159, 67, 183, 184, 190, 1, 191, 193], [4, 87, 60, 126, 6], [152, 54, 81, 168, 76, 17], [43, 199, 91, 141, 140, 82, 174, 47, 59, 58, 111, 127], [72, 118, 56, 25, 110, 35, 8, 102, 83, 153], [117, 63, 24, 107, 181, 149, 51, 7, 175]]",true
228,1066805,2101,swap,CMT5.vrp,"[[120, 88, 37, 138, 36, 155, 173, 21, 157, 2], [147, 146, 18, 46, 65, 34], [50, 12, 32, 106, 144, 116, 62, 185, 23, 104], [160, 115, 90, 68, 42, 22, 93, 156, 101, 139, 27, 99, 179, 167], [85, 164, 31, 163, 148, 73, 182, 198, 53, 33, 61], [130, 39, 109, 57, 189, 162, 75, 40], [41, 143, 89, 137, 113, 142, 114, 94, 64, 172, 70, 128, 19, 78, 178, 176], [13, 123, 79, 5, 103, 171, 28, 186, 196, 66], [125, 98, 45, 29, 48, 30], [96, 49, 74, 145, 135, 92, 131, 10, 129, 71, 100], [52, 11, 165, 77, 151, 192, 158, 195, 105], [26, 150, 108, 84, 134, 170, 80, 161, 44, 55, 3, 197, 136, 194], [132, 180, 177, 133, 14, 69, 169, 9, 97, 187, 95], [119, 38, 15, 154, 124, 20, 166, 122, 121, 86, 112], [188, 16, 159, 67, 183, 184, 190, 43, 191, 193], [4, 87, 60, 126, 6], [152, 54, 81, 168, 76, 17], [1, 199, 91, 141, 140, 82, 174, 47, 59, 58, 111, 127], [72, 118, 56, 25, 110, 35, 8, 102, 83, 153], [117, 63, 24, 107, 181, 149, 51, 7, 175]]",true
229,1071601,2098,swap,CMT5.vrp,"[[120, 88, 37, 138, 36, 155, 173, 21, 157, 2], [147, 146, 18, 46, 65, 34], [50, 12, 32, 106, 144, 116, 62, 185, 23, 183], [160, 115, 90, 68, 42, 22, 93, 156, 101, 139, 27, 99, 179, 167], [85, 164, 31, 163, 148, 73, 182, 198, 53, 33, 61], [130, 39, 109, 57, 189, 162, 75, 40], [41, 143, 89, 137, 113, 142, 114, 94, 64, 172, 70, 128, 19, 78, 178, 176], [13, 123, 79, 5, 103, 171, 28, 186, 196, 66], [125, 98, 45, 29, 48, 30], [96, 49, 74, 145, 135, 92, 131, 10, 129, 71, 100], [52, 11, 165, 77, 151, 192, 158, 195, 105], [26, 150, 108, 84, 134, 170, 80, 161, 44, 55, 3, 197, 136, 194], [132, 180, 177, 133, 14, 69, 169, 9, 97, 187, 95], [119, 38, 15, 154, 124, 20, 166, 122, 121, 86, 112], [188, 16, 159, 67, 104, 184, 190, 43, 191, 193], [4, 87, 60, 126, 6], [152, 54, 81, 168, 76, 17], [1, 199, 91, 141, 140, 82, 174, 47, 59, 58, 111, 127], [72, 118, 56, 25, 110, 35, 8, 102, 83, 153], [117, 63, 24, 107, 181, 149, 51, 7, 175]]",true
230,1076723,2097,swap,CMT5.vrp,"[[120, 88, 37, 138, 36, 155, 173, 21, 157, 2], [147, 146, 18, 46, 65, 34], [50, 12, 32, 106, 144, 116, 62, 185, 23, 183], [160, 115, 90, 68, 42, 22, 93, 156, 101, 139, 27, 99, 179, 167], [85, 164, 31, 163, 148, 73, 182, 198, 53, 33, 61], [130, 39, 109, 57, 189, 162, 75, 40], [41, 143, 89, 137, 113, 142, 114, 94, 64, 172, 70, 128, 19, 78, 178, 176], [13, 123, 79, 5, 103, 171, 28, 186, 196, 66], [125, 98, 45, 29, 48, 30], [96, 49, 74, 145, 135, 92, 131, 10, 129, 71, 100], [52, 11, 165, 77, 151, 192, 158, 195, 105], [26, 150, 108, 84, 134, 170, 80, 161, 44, 55, 3, 197, 191, 194], [132, 180, 177, 133, 14, 69, 169, 9, 97, 187, 95], [119, 38, 15, 154, 124, 20, 166, 122, 121, 86, 112], [188, 16, 159, 67, 104, 184, 190, 43, 136, 193], [4, 87, 60, 126, 6], [152, 54, 81, 168, 76, 17], [1, 199, 91, 141, 140, 82, 174, 47, 59, 58, 111, 127], [72, 118, 56, 25, 110, 35, 8, 102, 83, 153], [117, 63, 24, 107, 181, 149, 51, 7, 175]]",true
231,1080696,2093,swap,CMT5.vrp,"[[120, 88, 37, 138, 36, 155, 173, 21, 157, 2], [147, 146, 18, 46, 65, 34], [50, 12, 32, 106, 144, 116, 62, 185, 23, 183], [160, 115, 90, 68, 42, 22, 93, 156, 101, 139, 27, 99, 179, 167], [85, 164, 31, 163, 148, 73, 182, 198, 53, 33, 61], [130, 39, 109, 57, 189, 162, 75, 40], [41, 143, 89, 137, 113, 142, 114, 94, 64, 172, 70, 128, 19, 78, 178, 176], [13, 123, 79, 5, 103, 171, 28, 186, 196, 66], [125, 98, 45, 29, 48, 30], [96, 49, 74, 145, 135, 92, 131, 10, 129, 71, 100], [52, 11, 165, 77, 151, 192, 158, 195, 105], [26, 150, 108, 84, 134, 170, 80, 161, 44, 55, 3, 1, 191, 194], [132, 180, 177, 133, 14, 69, 169, 9, 97, 187, 95], [119, 38, 15, 154, 124, 20, 166, 122, 121, 86, 112], [188, 16, 159, 67, 104, 184, 190, 43, 136, 193], [4, 87, 60, 126, 6], [152, 54, 81, 168, 76, 17], [197, 199, 91, 141, 140, 82, 174, 47, 59, 58, 111, 127], [72, 118, 56, 25, 110, 35, 8, 102, 83, 153], [117, 63, 24, 107, 181, 149, 51, 7, 175]]",true
232,1085270,2093,2-opt,CMT5.vrp,"[[120, 88, 37, 138, 36, 155, 173, 21, 157, 2], [147, 146, 18, 46, 65, 34], [50, 12, 32, 106, 144, 116, 62, 185, 23, 183], [160, 115, 90, 68, 42, 22, 93, 156, 101, 139, 27, 99, 179, 167], [85, 164, 31, 163, 148, 73, 182, 198, 53, 33, 61], [130, 39, 109, 57, 189, 162, 75, 40], [41, 143, 89, 137, 113, 142, 114, 94, 64, 172, 70, 128, 19, 78, 178, 176], [13, 123, 79, 5, 103, 171, 28, 186, 196, 66], [125, 98, 45, 29, 48, 30], [96, 49, 74, 145, 135, 92, 131, 10, 129, 71, 100], [52, 11, 165, 77, 151, 192, 158, 195, 105], [26, 150, 108, 84, 134, 170, 80, 161, 44, 55, 3, 1, 191, 194], [132, 180, 177, 133, 14, 69, 169, 9, 97, 187, 95], [119, 38, 15, 154, 124, 20, 166, 122, 121, 86, 112], [188, 16, 159, 67, 104, 184, 190, 43, 136, 193], [4, 87, 60, 126, 6], [152, 54, 81, 168, 76, 17], [197, 199, 91, 141, 140, 82, 174, 47, 59, 58, 111, 127], [72, 118, 56, 25, 110, 35, 8, 102, 83, 153], [117, 63, 107, 24, 181, 149, 51, 7, 175]]",true
233,1089322,2093,or-opt,CMT5.vrp,"[[120, 88, 37, 138, 36, 155, 173, 21, 157, 2], [147, 146, 18, 46, 65, 34], [50, 12, 32, 106, 144, 116, 62, 185, 23, 183], [160, 115, 90, 68, 42, 22, 93, 156, 101, 139, 27, 99, 179, 167], [85, 164, 31, 163, 148, 73, 182, 198, 53, 33, 61], [130, 57, 189, 162, 75, 39, 109, 40], [41, 143, 89, 137, 113, 142, 114, 94, 64, 172, 70, 128, 19, 78, 178, 176], [13, 123, 79, 5, 103, 171, 28, 186, 196, 66], [125, 98, 45, 29, 48, 30], [96, 49, 74, 145, 135, 92, 131, 10, 129, 71, 100], [52, 11, 165, 77, 151, 192, 158, 195, 105], [26, 150, 108, 84, 134, 170, 80, 161, 44, 55, 3, 1, 191, 194], [132, 180, 177, 133, 14, 69, 169, 9, 97, 187, 95], [119, 38, 15, 154, 124, 20, 166, 122, 121, 86, 112], [188, 16, 159, 67, 104, 184, 190, 43, 136, 193], [4, 87, 60, 126, 6], [152, 54, 81, 168, 76, 17], [197, 199, 91, 141, 140, 82, 174, 47, 59, 58, 111, 127], [72, 118, 56, 25, 110, 35, 8, 102, 83, 153], [117, 63, 107, 24, 181, 149, 51, 7, 175]]",true
234,1093808,2093,swap,CMT5.vrp,"[[120, 88, 37, 138, 36, 155, 173, 21, 157, 2], [147, 146, 18, 46, 65, 34], [50, 130, 32, 106, 144, 116, 62, 185, 23, 183], [160, 115, 90, 68, 42, 22, 93, 156, 101, 139, 27, 99, 179, 167], [85, 164, 31, 163, 148, 73, 182, 198, 53, 33, 61], [12, 57, 189, 162, 75, 39, 109, 40], [41, 143, 89, 137, 113, 142, 114, 94, 64, 172, 70, 128, 19, 78, 178, 176], [13, 123, 79, 5, 103, 171, 28, 186, 196, 66], [125, 98, 45, 29, 48, 30], [96, 49, 74, 145, 135, 92, 131, 10, 129, 71, 100], [52, 11, 165, 77, 151, 192, 158, 195, 105], [26, 150, 108, 84, 134, 170, 80, 161, 44, 55, 3, 1, 191, 194], [132, 180, 177, 133, 14, 69, 169, 9, 97, 187, 95], [119, 38, 15, 154, 124, 20, 166, 122, 121, 86, 112], [188, 16, 159, 67, 104, 184, 190, 43, 136, 193], [4, 87, 60, 126, 6], [152, 54, 81, 168, 76, 17], [197, 199, 91, 141, 140, 82, 174, 47, 59, 58, 111, 127], [72, 118, 56, 25, 110, 35, 8, 102, 83, 153], [117, 63, 107, 24, 181, 149, 51, 7, 175]]",true
235,1098206,2090,swap,CMT5.vrp,"[[120, 88, 37, 138, 36, 155, 173, 21, 157, 2], [147, 146, 18, 46, 65, 34], [76, 130, 32, 106, 144, 116, 62, 185, 23, 183], [160, 115, 90, 68, 42, 22, 93, 156, 101, 139, 27, 99, 179, 167], [85, 164, 31, 163, 148, 73, 182, 198, 53, 33, 61], [12, 57, 189, 162, 75, 39, 109, 40], [41, 143, 89, 137, 113, 142, 114, 94, 64, 172, 70, 128, 19, 78, 178, 176], [13, 123, 79, 5, 103, 171, 28, 186, 196, 66], [125, 98, 45, 29, 48, 30], [96, 49, 74, 145, 135, 92, 131, 10, 129, 71, 100], [52, 11, 165, 77, 151, 192, 158, 195, 105], [26, 150, 108, 84, 134, 170, 80, 161, 44, 55, 3, 1, 191, 194], [132, 180, 177, 133, 14, 69, 169, 9, 97, 187, 95], [119, 38, 15, 154, 124, 20, 166, 122, 121, 86, 112], [188, 16, 159, 67, 104, 184, 190, 43, 136, 193], [4, 87, 60, 126, 6], [152, 54, 81, 168, 50, 17], [197, 199, 91, 141, 140, 82, 174, 47, 59, 58, 111, 127], [72, 118, 56, 25, 110, 35, 8, 102, 83, 153], [117, 63, 107, 24, 181, 149, 51, 7, 175]]",true
236,1102243,2087,swap,CMT5.vrp,"[[120, 88, 37, 138, 36, 155, 173, 21, 157, 2], [147, 146, 18, 46, 65, 34], [76, 40, 32, 106, 144, 116, 62, 185, 23, 183], [160, 115, 90, 68, 42, 22, 93, 156, 101, 139, 27, 99, 179, 167], [85, 164, 31, 163, 148, 73, 182, 198, 53, 33, 61], [12, 57, 189, 162, 75, 39, 109, 130], [41, 143, 89, 137, 113, 142, 114, 94, 64, 172, 70, 128, 19, 78, 178, 176], [13, 123, 79, 5, 103, 171, 28, 186, 196, 66], [125, 98, 45, 29, 48, 30], [96, 49, 74, 145, 135, 92, 131, 10, 129, 71, 100], [52, 11, 165, 77, 151, 192, 158, 195, 105], [26, 150, 108, 84, 134, 170, 80, 161, 44, 55, 3, 1, 191, 194], [132, 180, 177, 133, 14, 69, 169, 9, 97, 187, 95], [119, 38, 15, 154, 124, 20, 166, 122, 121, 86, 112], [188, 16, 159, 67, 104, 184, 190, 43, 136, 193], [4, 87, 60, 126, 6], [152, 54, 81, 168, 50, 17], [197, 199, 91, 141, 140, 82, 174, 47, 59, 58, 111, 127], [72, 118, 56, 25, 110, 35, 8, 102, 83, 153], [117, 63, 107, 24, 181, 149, 51, 7, 175]]",true
237,1106223,2086,swap,CMT5.vrp,"[[120, 88, 37, 138, 36, 155, 173, 21, 157, 2], [147, 146, 18, 46, 65, 34], [76, 40, 32, 106, 144, 116, 62, 185, 23, 183], [160, 115, 90, 68, 42, 22, 93, 156, 101, 139, 27, 99, 179, 167], [85, 164, 31, 163, 148, 73, 182, 198, 53, 33, 61], [50, 57, 189, 162, 75, 39, 109, 130], [41, 143, 89, 137, 113, 142, 114, 94, 64, 172, 70, 128, 19, 78, 178, 176], [13, 123, 79, 5, 103, 171, 28, 186, 196, 66], [125, 98, 45, 29, 48, 30], [96, 49, 74, 145, 135, 92, 131, 10, 129, 71, 100], [52, 11, 165, 77, 151, 192, 158, 195, 105], [26, 150, 108, 84, 134, 170, 80, 161, 44, 55, 3, 1, 191, 194], [132, 180, 177, 133, 14, 69, 169, 9, 97, 187, 95], [119, 38, 15, 154, 124, 20, 166, 122, 121, 86, 112], [188, 16, 159, 67, 104, 184, 190, 43, 136, 193], [4, 87, 60, 126, 6], [152, 54, 81, 168, 12, 17], [197, 199, 91, 141, 140, 82, 174, 47, 59, 58, 111, 127], [72, 118, 56, 25, 110, 35, 8, 102, 83, 153], [117, 63, 107, 24, 181, 149, 51, 7, 175]]",true

