iteracion,tiempo_us,coste,operador,instancia,ruta_actual,conSplit
0,0,6381,Swap,CMT5.vrp,"[[21, 84, 107, 93, 8, 189, 166, 104, 59, 42, 167], [73, 144, 51, 123, 146, 5, 108, 130, 97, 50, 182], [30, 106, 185, 113, 11, 156, 23, 191, 89, 174, 183, 195, 159, 103], [54, 179, 157, 140, 148, 85, 92, 91, 33, 163, 165, 115, 53], [186, 139, 81, 56, 164, 20, 109, 39, 151, 17, 137, 173, 105], [141, 197, 122, 28, 116, 76, 64, 154, 58, 7, 188, 150, 101, 77, 128, 172], [37, 29, 184, 196, 136, 143, 170, 142, 127, 149, 98, 99], [10, 112, 90, 95, 102, 110, 57, 135, 66, 41, 45, 46], [74, 31, 52, 120, 168, 131, 190, 68, 61, 161, 49, 26, 134], [55, 35, 70, 12, 44, 160, 43, 83, 94, 198, 132, 88, 19], [2, 78, 9, 22, 126, 69, 169, 147, 124, 176], [138, 155, 193, 153, 13, 199, 16, 133, 38, 1], [180, 118, 111, 72, 75, 145, 86, 117, 114, 129, 34, 60], [40, 158, 152, 125, 119, 100, 32, 63, 15, 82], [162, 177, 36, 4, 62, 18, 65, 87, 47, 121, 71], [67, 25, 181, 194, 3, 80, 27, 171, 79, 192], [6, 178, 14, 187, 24, 96, 175, 48]]",false
1,19831,6212,Swap,CMT5.vrp,"[[21, 84, 107, 93, 8, 189, 166, 104, 59, 42, 167], [73, 144, 51, 123, 146, 5, 108, 130, 97, 50, 182], [30, 106, 185, 113, 11, 156, 23, 191, 89, 174, 183, 195, 159, 103], [54, 179, 157, 140, 148, 85, 92, 91, 33, 163, 165, 115, 53], [186, 139, 81, 56, 164, 20, 109, 39, 151, 17, 137, 173, 105], [141, 197, 122, 28, 116, 76, 64, 154, 58, 7, 188, 150, 170, 77, 128, 172], [37, 29, 184, 196, 136, 143, 101, 142, 127, 149, 98, 99], [10, 112, 90, 95, 102, 110, 57, 135, 66, 41, 45, 46], [74, 31, 52, 120, 168, 131, 190, 68, 61, 161, 49, 26, 134], [55, 35, 70, 12, 44, 160, 43, 83, 94, 198, 132, 88, 19], [2, 78, 9, 22, 126, 69, 169, 147, 124, 176], [138, 155, 193, 153, 13, 199, 16, 133, 38, 1], [180, 118, 111, 72, 75, 145, 86, 117, 114, 129, 34, 60], [40, 158, 152, 125, 119, 100, 32, 63, 15, 82], [162, 177, 36, 4, 62, 18, 65, 87, 47, 121, 71], [67, 25, 181, 194, 3, 80, 27, 171, 79, 192], [6, 178, 14, 187, 24, 96, 175, 48]]",false
2,35689,6056,Swap,CMT5.vrp,"[[21, 84, 107, 93, 8, 189, 166, 104, 59, 42, 167], [73, 144, 51, 123, 111, 5, 108, 130, 97, 50, 182], [30, 106, 185, 113, 11, 156, 23, 191, 89, 174, 183, 195, 159, 103], [54, 179, 157, 140, 148, 85, 92, 91, 33, 163, 165, 115, 53], [186, 139, 81, 56, 164, 20, 109, 39, 151, 17, 137, 173, 105], [141, 197, 122, 28, 116, 76, 64, 154, 58, 7, 188, 150, 170, 77, 128, 172], [37, 29, 184, 196, 136, 143, 101, 142, 127, 149, 98, 99], [10, 112, 90, 95, 102, 110, 57, 135, 66, 41, 45, 46], [74, 31, 52, 120, 168, 131, 190, 68, 61, 161, 49, 26, 134], [55, 35, 70, 12, 44, 160, 43, 83, 94, 198, 132, 88, 19], [2, 78, 9, 22, 126, 69, 169, 147, 124, 176], [138, 155, 193, 153, 13, 199, 16, 133, 38, 1], [180, 118, 146, 72, 75, 145, 86, 117, 114, 129, 34, 60], [40, 158, 152, 125, 119, 100, 32, 63, 15, 82], [162, 177, 36, 4, 62, 18, 65, 87, 47, 121, 71], [67, 25, 181, 194, 3, 80, 27, 171, 79, 192], [6, 178, 14, 187, 24, 96, 175, 48]]",false
3,52340,5947,Swap,CMT5.vrp,"[[21, 84, 107, 93, 8, 189, 166, 104, 59, 42, 167], [73, 144, 51, 123, 111, 5, 108, 130, 97, 50, 182], [30, 106, 185, 113, 11, 156, 23, 191, 89, 137, 183, 195, 159, 103], [54, 179, 157, 140, 148, 85, 92, 91, 33, 163, 165, 115, 53], [186, 139, 81, 56, 164, 20, 109, 39, 151, 17, 174, 173, 105], [141, 197, 122, 28, 116, 76, 64, 154, 58, 7, 188, 150, 170, 77, 128, 172], [37, 29, 184, 196, 136, 143, 101, 142, 127, 149, 98, 99], [10, 112, 90, 95, 102, 110, 57, 135, 66, 41, 45, 46], [74, 31, 52, 120, 168, 131, 190, 68, 61, 161, 49, 26, 134], [55, 35, 70, 12, 44, 160, 43, 83, 94, 198, 132, 88, 19], [2, 78, 9, 22, 126, 69, 169, 147, 124, 176], [138, 155, 193, 153, 13, 199, 16, 133, 38, 1], [180, 118, 146, 72, 75, 145, 86, 117, 114, 129, 34, 60], [40, 158, 152, 125, 119, 100, 32, 63, 15, 82], [162, 177, 36, 4, 62, 18, 65, 87, 47, 121, 71], [67, 25, 181, 194, 3, 80, 27, 171, 79, 192], [6, 178, 14, 187, 24, 96, 175, 48]]",false
4,70004,5843,Swap,CMT5.vrp,"[[21, 84, 107, 93, 8, 189, 148, 104, 59, 42, 167], [73, 144, 51, 123, 111, 5, 108, 130, 97, 50, 182], [30, 106, 185, 113, 11, 156, 23, 191, 89, 137, 183, 195, 159, 103], [54, 179, 157, 140, 166, 85, 92, 91, 33, 163, 165, 115, 53], [186, 139, 81, 56, 164, 20, 109, 39, 151, 17, 174, 173, 105], [141, 197, 122, 28, 116, 76, 64, 154, 58, 7, 188, 150, 170, 77, 128, 172], [37, 29, 184, 196, 136, 143, 101, 142, 127, 149, 98, 99], [10, 112, 90, 95, 102, 110, 57, 135, 66, 41, 45, 46], [74, 31, 52, 120, 168, 131, 190, 68, 61, 161, 49, 26, 134], [55, 35, 70, 12, 44, 160, 43, 83, 94, 198, 132, 88, 19], [2, 78, 9, 22, 126, 69, 169, 147, 124, 176], [138, 155, 193, 153, 13, 199, 16, 133, 38, 1], [180, 118, 146, 72, 75, 145, 86, 117, 114, 129, 34, 60], [40, 158, 152, 125, 119, 100, 32, 63, 15, 82], [162, 177, 36, 4, 62, 18, 65, 87, 47, 121, 71], [67, 25, 181, 194, 3, 80, 27, 171, 79, 192], [6, 178, 14, 187, 24, 96, 175, 48]]",false
5,78348,5747,Swap,CMT5.vrp,"[[21, 84, 107, 93, 8, 189, 148, 104, 59, 42, 167], [73, 144, 51, 123, 111, 5, 108, 130, 97, 50, 182], [30, 106, 185, 113, 11, 156, 23, 191, 89, 137, 183, 195, 159, 103], [54, 179, 157, 140, 166, 85, 92, 91, 33, 163, 165, 115, 53], [186, 139, 81, 56, 164, 132, 109, 39, 151, 17, 174, 173, 105], [141, 197, 122, 28, 116, 76, 64, 154, 58, 7, 188, 150, 170, 77, 128, 172], [37, 29, 184, 196, 136, 143, 101, 142, 127, 149, 98, 99], [10, 112, 90, 95, 102, 110, 57, 135, 66, 41, 45, 46], [74, 31, 52, 120, 168, 131, 190, 68, 61, 161, 49, 26, 134], [55, 35, 70, 12, 44, 160, 43, 83, 94, 198, 20, 88, 19], [2, 78, 9, 22, 126, 69, 169, 147, 124, 176], [138, 155, 193, 153, 13, 199, 16, 133, 38, 1], [180, 118, 146, 72, 75, 145, 86, 117, 114, 129, 34, 60], [40, 158, 152, 125, 119, 100, 32, 63, 15, 82], [162, 177, 36, 4, 62, 18, 65, 87, 47, 121, 71], [67, 25, 181, 194, 3, 80, 27, 171, 79, 192], [6, 178, 14, 187, 24, 96, 175, 48]]",false
6,89525,5656,Swap,CMT5.vrp,"[[21, 84, 107, 93, 8, 189, 148, 104, 59, 42, 167], [73, 144, 51, 123, 111, 5, 108, 130, 97, 50, 182], [30, 106, 185, 113, 11, 156, 23, 191, 89, 137, 183, 195, 159, 103], [54, 179, 157, 140, 166, 85, 92, 91, 33, 163, 165, 115, 53], [186, 139, 81, 56, 164, 132, 109, 39, 151, 17, 174, 173, 105], [141, 197, 122, 28, 116, 76, 64, 154, 58, 7, 188, 150, 170, 77, 128, 172], [37, 29, 184, 196, 136, 143, 101, 142, 127, 149, 98, 99], [10, 112, 90, 95, 102, 110, 57, 135, 66, 41, 45, 46], [74, 31, 52, 71, 168, 131, 190, 68, 61, 161, 49, 26, 134], [55, 35, 70, 12, 44, 160, 43, 83, 94, 198, 20, 88, 19], [2, 78, 9, 22, 126, 69, 169, 147, 124, 176], [138, 155, 193, 153, 13, 199, 16, 133, 38, 1], [180, 118, 146, 72, 75, 145, 86, 117, 114, 129, 34, 60], [40, 158, 152, 125, 119, 100, 32, 63, 15, 82], [162, 177, 36, 4, 62, 18, 65, 87, 47, 121, 120], [67, 25, 181, 194, 3, 80, 27, 171, 79, 192], [6, 178, 14, 187, 24, 96, 175, 48]]",false
7,97764,5568,Swap,CMT5.vrp,"[[21, 84, 107, 93, 8, 189, 148, 104, 59, 42, 167], [73, 144, 51, 123, 111, 5, 108, 130, 97, 50, 182], [30, 106, 185, 113, 36, 156, 23, 191, 89, 137, 183, 195, 159, 103], [54, 179, 157, 140, 166, 85, 92, 91, 33, 163, 165, 115, 53], [186, 139, 81, 56, 164, 132, 109, 39, 151, 17, 174, 173, 105], [141, 197, 122, 28, 116, 76, 64, 154, 58, 7, 188, 150, 170, 77, 128, 172], [37, 29, 184, 196, 136, 143, 101, 142, 127, 149, 98, 99], [10, 112, 90, 95, 102, 110, 57, 135, 66, 41, 45, 46], [74, 31, 52, 71, 168, 131, 190, 68, 61, 161, 49, 26, 134], [55, 35, 70, 12, 44, 160, 43, 83, 94, 198, 20, 88, 19], [2, 78, 9, 22, 126, 69, 169, 147, 124, 176], [138, 155, 193, 153, 13, 199, 16, 133, 38, 1], [180, 118, 146, 72, 75, 145, 86, 117, 114, 129, 34, 60], [40, 158, 152, 125, 119, 100, 32, 63, 15, 82], [162, 177, 11, 4, 62, 18, 65, 87, 47, 121, 120], [67, 25, 181, 194, 3, 80, 27, 171, 79, 192], [6, 178, 14, 187, 24, 96, 175, 48]]",false
8,104735,5481,Swap,CMT5.vrp,"[[21, 84, 107, 93, 8, 189, 148, 104, 59, 42, 167], [73, 144, 51, 123, 111, 5, 108, 130, 97, 50, 182], [30, 106, 185, 113, 36, 156, 23, 191, 89, 137, 183, 195, 159, 193], [54, 179, 157, 140, 166, 85, 92, 91, 33, 163, 165, 115, 53], [186, 139, 81, 56, 164, 132, 109, 39, 151, 17, 174, 173, 105], [141, 197, 122, 28, 116, 76, 64, 154, 58, 7, 188, 150, 170, 77, 128, 172], [37, 29, 184, 196, 136, 143, 101, 142, 127, 149, 98, 99], [10, 112, 90, 95, 102, 110, 57, 135, 66, 41, 45, 46], [74, 31, 52, 71, 168, 131, 190, 68, 61, 161, 49, 26, 134], [55, 35, 70, 12, 44, 160, 43, 83, 94, 198, 20, 88, 19], [2, 78, 9, 22, 126, 69, 169, 147, 124, 176], [138, 155, 103, 153, 13, 199, 16, 133, 38, 1], [180, 118, 146, 72, 75, 145, 86, 117, 114, 129, 34, 60], [40, 158, 152, 125, 119, 100, 32, 63, 15, 82], [162, 177, 11, 4, 62, 18, 65, 87, 47, 121, 120], [67, 25, 181, 194, 3, 80, 27, 171, 79, 192], [6, 178, 14, 187, 24, 96, 175, 48]]",false
9,112328,5397,Swap,CMT5.vrp,"[[21, 84, 107, 93, 8, 189, 148, 104, 59, 36, 167], [73, 144, 51, 123, 111, 5, 108, 130, 97, 50, 182], [30, 106, 185, 113, 42, 156, 23, 191, 89, 137, 183, 195, 159, 193], [54, 179, 157, 140, 166, 85, 92, 91, 33, 163, 165, 115, 53], [186, 139, 81, 56, 164, 132, 109, 39, 151, 17, 174, 173, 105], [141, 197, 122, 28, 116, 76, 64, 154, 58, 7, 188, 150, 170, 77, 128, 172], [37, 29, 184, 196, 136, 143, 101, 142, 127, 149, 98, 99], [10, 112, 90, 95, 102, 110, 57, 135, 66, 41, 45, 46], [74, 31, 52, 71, 168, 131, 190, 68, 61, 161, 49, 26, 134], [55, 35, 70, 12, 44, 160, 43, 83, 94, 198, 20, 88, 19], [2, 78, 9, 22, 126, 69, 169, 147, 124, 176], [138, 155, 103, 153, 13, 199, 16, 133, 38, 1], [180, 118, 146, 72, 75, 145, 86, 117, 114, 129, 34, 60], [40, 158, 152, 125, 119, 100, 32, 63, 15, 82], [162, 177, 11, 4, 62, 18, 65, 87, 47, 121, 120], [67, 25, 181, 194, 3, 80, 27, 171, 79, 192], [6, 178, 14, 187, 24, 96, 175, 48]]",false
10,120023,5318,Swap,CMT5.vrp,"[[21, 84, 107, 93, 8, 189, 148, 104, 59, 36, 167], [73, 144, 51, 123, 111, 5, 108, 130, 97, 50, 182], [30, 106, 185, 113, 42, 156, 23, 191, 89, 137, 183, 195, 159, 193], [54, 179, 157, 140, 166, 85, 92, 91, 33, 163, 165, 115, 53], [186, 139, 81, 56, 164, 132, 109, 39, 151, 17, 174, 173, 105], [141, 197, 122, 28, 116, 114, 64, 154, 58, 7, 188, 150, 170, 77, 128, 172], [37, 29, 184, 196, 136, 143, 101, 142, 127, 149, 98, 99], [10, 112, 90, 95, 102, 110, 57, 135, 66, 41, 45, 46], [74, 31, 52, 71, 168, 131, 190, 68, 61, 161, 49, 26, 134], [55, 35, 70, 12, 44, 160, 43, 83, 94, 198, 20, 88, 19], [2, 78, 9, 22, 126, 69, 169, 147, 124, 176], [138, 155, 103, 153, 13, 199, 16, 133, 38, 1], [180, 118, 146, 72, 75, 145, 86, 117, 76, 129, 34, 60], [40, 158, 152, 125, 119, 100, 32, 63, 15, 82], [162, 177, 11, 4, 62, 18, 65, 87, 47, 121, 120], [67, 25, 181, 194, 3, 80, 27, 171, 79, 192], [6, 178, 14, 187, 24, 96, 175, 48]]",false
11,126735,5226,Swap,CMT5.vrp,"[[21, 188, 107, 93, 8, 189, 148, 104, 59, 36, 167], [73, 144, 51, 123, 111, 5, 108, 130, 97, 50, 182], [30, 106, 185, 113, 42, 156, 23, 191, 89, 137, 183, 195, 159, 193], [54, 179, 157, 140, 166, 85, 92, 91, 33, 163, 165, 115, 53], [186, 139, 81, 56, 164, 132, 109, 39, 151, 17, 174, 173, 105], [141, 197, 122, 28, 116, 114, 64, 154, 58, 7, 84, 150, 170, 77, 128, 172], [37, 29, 184, 196, 136, 143, 101, 142, 127, 149, 98, 99], [10, 112, 90, 95, 102, 110, 57, 135, 66, 41, 45, 46], [74, 31, 52, 71, 168, 131, 190, 68, 61, 161, 49, 26, 134], [55, 35, 70, 12, 44, 160, 43, 83, 94, 198, 20, 88, 19], [2, 78, 9, 22, 126, 69, 169, 147, 124, 176], [138, 155, 103, 153, 13, 199, 16, 133, 38, 1], [180, 118, 146, 72, 75, 145, 86, 117, 76, 129, 34, 60], [40, 158, 152, 125, 119, 100, 32, 63, 15, 82], [162, 177, 11, 4, 62, 18, 65, 87, 47, 121, 120], [67, 25, 181, 194, 3, 80, 27, 171, 79, 192], [6, 178, 14, 187, 24, 96, 175, 48]]",false
12,139588,5149,Swap,CMT5.vrp,"[[21, 188, 107, 93, 8, 189, 148, 104, 59, 36, 167], [73, 144, 51, 123, 111, 5, 108, 130, 97, 50, 182], [30, 106, 185, 113, 42, 156, 23, 191, 89, 137, 183, 195, 159, 193], [54, 179, 157, 140, 166, 85, 92, 91, 33, 163, 165, 115, 53], [186, 139, 81, 56, 164, 132, 109, 39, 151, 17, 174, 173, 105], [141, 197, 122, 28, 116, 114, 64, 154, 58, 7, 84, 150, 170, 77, 128, 172], [37, 29, 184, 196, 136, 143, 101, 142, 127, 149, 98, 99], [10, 112, 90, 95, 102, 110, 57, 135, 66, 41, 45, 46], [74, 31, 52, 71, 168, 131, 190, 68, 61, 161, 49, 26, 134], [55, 35, 70, 12, 44, 160, 43, 199, 94, 198, 20, 88, 19], [2, 78, 9, 22, 126, 69, 169, 147, 124, 176], [138, 155, 103, 153, 13, 83, 16, 133, 38, 1], [180, 118, 146, 72, 75, 145, 86, 117, 76, 129, 34, 60], [40, 158, 152, 125, 119, 100, 32, 63, 15, 82], [162, 177, 11, 4, 62, 18, 65, 87, 47, 121, 120], [67, 25, 181, 194, 3, 80, 27, 171, 79, 192], [6, 178, 14, 187, 24, 96, 175, 48]]",false
13,147881,5063,Swap,CMT5.vrp,"[[21, 188, 107, 93, 8, 189, 148, 104, 59, 36, 167], [73, 144, 51, 123, 111, 5, 108, 130, 97, 50, 182], [30, 106, 185, 113, 42, 156, 23, 191, 89, 137, 183, 195, 159, 193], [54, 179, 157, 140, 166, 85, 92, 91, 33, 163, 165, 115, 53], [186, 139, 81, 56, 164, 132, 109, 39, 151, 17, 174, 173, 105], [141, 197, 122, 28, 116, 114, 64, 154, 58, 7, 84, 150, 170, 77, 128, 172], [37, 29, 184, 196, 136, 143, 101, 142, 127, 149, 98, 99], [10, 112, 90, 95, 102, 110, 57, 135, 66, 41, 45, 46], [74, 31, 52, 71, 168, 131, 190, 68, 61, 161, 49, 26, 134], [55, 35, 70, 12, 44, 160, 43, 199, 94, 198, 20, 88, 19], [2, 16, 9, 22, 126, 69, 169, 147, 124, 176], [138, 155, 103, 153, 13, 83, 78, 133, 38, 1], [180, 118, 146, 72, 75, 145, 86, 117, 76, 129, 34, 60], [40, 158, 152, 125, 119, 100, 32, 63, 15, 82], [162, 177, 11, 4, 62, 18, 65, 87, 47, 121, 120], [67, 25, 181, 194, 3, 80, 27, 171, 79, 192], [6, 178, 14, 187, 24, 96, 175, 48]]",false
14,157570,4985,Swap,CMT5.vrp,"[[21, 188, 107, 93, 8, 189, 148, 104, 59, 36, 167], [73, 144, 51, 123, 111, 5, 108, 130, 97, 50, 182], [30, 106, 185, 113, 42, 156, 23, 191, 89, 137, 183, 195, 159, 193], [54, 179, 157, 140, 166, 85, 92, 91, 33, 163, 165, 115, 53], [186, 139, 81, 56, 164, 132, 109, 39, 151, 17, 174, 173, 105], [141, 197, 122, 28, 116, 114, 64, 154, 58, 7, 84, 150, 170, 77, 128, 172], [37, 29, 184, 196, 136, 143, 101, 142, 127, 149, 98, 99], [1, 112, 90, 95, 102, 110, 57, 135, 66, 41, 45, 46], [74, 31, 52, 71, 168, 131, 190, 68, 61, 161, 49, 26, 134], [55, 35, 70, 12, 44, 160, 43, 199, 94, 198, 20, 88, 19], [2, 16, 9, 22, 126, 69, 169, 147, 124, 176], [138, 155, 103, 153, 13, 83, 78, 133, 38, 10], [180, 118, 146, 72, 75, 145, 86, 117, 76, 129, 34, 60], [40, 158, 152, 125, 119, 100, 32, 63, 15, 82], [162, 177, 11, 4, 62, 18, 65, 87, 47, 121, 120], [67, 25, 181, 194, 3, 80, 27, 171, 79, 192], [6, 178, 14, 187, 24, 96, 175, 48]]",false
15,169273,4911,Swap,CMT5.vrp,"[[21, 188, 107, 93, 8, 189, 148, 104, 59, 36, 167], [73, 144, 51, 123, 111, 5, 108, 130, 97, 50, 182], [30, 106, 185, 113, 42, 116, 23, 191, 89, 137, 183, 195, 159, 193], [54, 179, 157, 140, 166, 85, 92, 91, 33, 163, 165, 115, 53], [186, 139, 81, 56, 164, 132, 109, 39, 151, 17, 174, 173, 105], [141, 197, 122, 28, 156, 114, 64, 154, 58, 7, 84, 150, 170, 77, 128, 172], [37, 29, 184, 196, 136, 143, 101, 142, 127, 149, 98, 99], [1, 112, 90, 95, 102, 110, 57, 135, 66, 41, 45, 46], [74, 31, 52, 71, 168, 131, 190, 68, 61, 161, 49, 26, 134], [55, 35, 70, 12, 44, 160, 43, 199, 94, 198, 20, 88, 19], [2, 16, 9, 22, 126, 69, 169, 147, 124, 176], [138, 155, 103, 153, 13, 83, 78, 133, 38, 10], [180, 118, 146, 72, 75, 145, 86, 117, 76, 129, 34, 60], [40, 158, 152, 125, 119, 100, 32, 63, 15, 82], [162, 177, 11, 4, 62, 18, 65, 87, 47, 121, 120], [67, 25, 181, 194, 3, 80, 27, 171, 79, 192], [6, 178, 14, 187, 24, 96, 175, 48]]",false
16,178567,4837,Swap,CMT5.vrp,"[[21, 188, 107, 93, 8, 189, 148, 104, 59, 36, 167], [73, 144, 51, 123, 111, 5, 108, 130, 97, 50, 182], [30, 106, 185, 113, 42, 116, 23, 191, 89, 137, 183, 195, 159, 193], [54, 179, 157, 140, 166, 85, 92, 91, 33, 163, 56, 115, 53], [186, 139, 81, 165, 164, 132, 109, 39, 151, 17, 174, 173, 105], [141, 197, 122, 28, 156, 114, 64, 154, 58, 7, 84, 150, 170, 77, 128, 172], [37, 29, 184, 196, 136, 143, 101, 142, 127, 149, 98, 99], [1, 112, 90, 95, 102, 110, 57, 135, 66, 41, 45, 46], [74, 31, 52, 71, 168, 131, 190, 68, 61, 161, 49, 26, 134], [55, 35, 70, 12, 44, 160, 43, 199, 94, 198, 20, 88, 19], [2, 16, 9, 22, 126, 69, 169, 147, 124, 176], [138, 155, 103, 153, 13, 83, 78, 133, 38, 10], [180, 118, 146, 72, 75, 145, 86, 117, 76, 129, 34, 60], [40, 158, 152, 125, 119, 100, 32, 63, 15, 82], [162, 177, 11, 4, 62, 18, 65, 87, 47, 121, 120], [67, 25, 181, 194, 3, 80, 27, 171, 79, 192], [6, 178, 14, 187, 24, 96, 175, 48]]",false
17,188632,4765,Swap,CMT5.vrp,"[[21, 188, 86, 93, 8, 189, 148, 104, 59, 36, 167], [73, 144, 51, 123, 111, 5, 108, 130, 97, 50, 182], [30, 106, 185, 113, 42, 116, 23, 191, 89, 137, 183, 195, 159, 193], [54, 179, 157, 140, 166, 85, 92, 91, 33, 163, 56, 115, 53], [186, 139, 81, 165, 164, 132, 109, 39, 151, 17, 174, 173, 105], [141, 197, 122, 28, 156, 114, 64, 154, 58, 7, 84, 150, 170, 77, 128, 172], [37, 29, 184, 196, 136, 143, 101, 142, 127, 149, 98, 99], [1, 112, 90, 95, 102, 110, 57, 135, 66, 41, 45, 46], [74, 31, 52, 71, 168, 131, 190, 68, 61, 161, 49, 26, 134], [55, 35, 70, 12, 44, 160, 43, 199, 94, 198, 20, 88, 19], [2, 16, 9, 22, 126, 69, 169, 147, 124, 176], [138, 155, 103, 153, 13, 83, 78, 133, 38, 10], [180, 118, 146, 72, 75, 145, 107, 117, 76, 129, 34, 60], [40, 158, 152, 125, 119, 100, 32, 63, 15, 82], [162, 177, 11, 4, 62, 18, 65, 87, 47, 121, 120], [67, 25, 181, 194, 3, 80, 27, 171, 79, 192], [6, 178, 14, 187, 24, 96, 175, 48]]",false
18,198467,4694,Swap,CMT5.vrp,"[[21, 188, 86, 93, 8, 189, 148, 104, 59, 36, 167], [73, 144, 51, 123, 111, 5, 108, 130, 97, 50, 182], [30, 22, 185, 113, 42, 116, 23, 191, 89, 137, 183, 195, 159, 193], [54, 179, 157, 140, 166, 85, 92, 91, 33, 163, 56, 115, 53], [186, 139, 81, 165, 164, 132, 109, 39, 151, 17, 174, 173, 105], [141, 197, 122, 28, 156, 114, 64, 154, 58, 7, 84, 150, 170, 77, 128, 172], [37, 29, 184, 196, 136, 143, 101, 142, 127, 149, 98, 99], [1, 112, 90, 95, 102, 110, 57, 135, 66, 41, 45, 46], [74, 31, 52, 71, 168, 131, 190, 68, 61, 161, 49, 26, 134], [55, 35, 70, 12, 44, 160, 43, 199, 94, 198, 20, 88, 19], [2, 16, 9, 106, 126, 69, 169, 147, 124, 176], [138, 155, 103, 153, 13, 83, 78, 133, 38, 10], [180, 118, 146, 72, 75, 145, 107, 117, 76, 129, 34, 60], [40, 158, 152, 125, 119, 100, 32, 63, 15, 82], [162, 177, 11, 4, 62, 18, 65, 87, 47, 121, 120], [67, 25, 181, 194, 3, 80, 27, 171, 79, 192], [6, 178, 14, 187, 24, 96, 175, 48]]",false
19,207960,4627,Swap,CMT5.vrp,"[[21, 188, 86, 93, 8, 189, 148, 104, 59, 36, 167], [73, 144, 51, 123, 111, 5, 108, 130, 97, 50, 182], [30, 22, 185, 113, 42, 116, 23, 191, 89, 137, 183, 195, 159, 193], [54, 179, 157, 140, 166, 85, 92, 91, 33, 163, 56, 115, 53], [186, 139, 81, 165, 164, 132, 109, 39, 151, 17, 174, 173, 105], [141, 197, 122, 28, 156, 114, 64, 154, 58, 7, 84, 150, 170, 77, 128, 172], [37, 29, 184, 196, 136, 143, 101, 142, 127, 149, 98, 99], [1, 112, 90, 95, 162, 110, 57, 135, 66, 41, 45, 46], [74, 31, 52, 71, 168, 131, 190, 68, 61, 161, 49, 26, 134], [55, 35, 70, 12, 44, 160, 43, 199, 94, 198, 20, 88, 19], [2, 16, 9, 106, 126, 69, 169, 147, 124, 176], [138, 155, 103, 153, 13, 83, 78, 133, 38, 10], [180, 118, 146, 72, 75, 145, 107, 117, 76, 129, 34, 60], [40, 158, 152, 125, 119, 100, 32, 63, 15, 82], [102, 177, 11, 4, 62, 18, 65, 87, 47, 121, 120], [67, 25, 181, 194, 3, 80, 27, 171, 79, 192], [6, 178, 14, 187, 24, 96, 175, 48]]",false
20,215513,4563,Swap,CMT5.vrp,"[[21, 188, 86, 93, 8, 189, 148, 104, 59, 36, 167], [73, 144, 51, 123, 111, 5, 108, 130, 97, 50, 182], [30, 22, 185, 113, 42, 116, 23, 191, 89, 137, 183, 195, 159, 193], [54, 179, 157, 140, 166, 85, 92, 91, 33, 163, 56, 115, 53], [186, 139, 81, 165, 164, 132, 109, 39, 151, 17, 174, 173, 105], [141, 197, 122, 28, 156, 114, 64, 154, 58, 7, 84, 150, 170, 77, 128, 172], [37, 29, 184, 196, 136, 143, 101, 142, 127, 149, 98, 99], [1, 112, 90, 95, 162, 110, 57, 135, 66, 41, 45, 46], [74, 31, 52, 71, 168, 131, 190, 68, 61, 161, 49, 26, 134], [55, 35, 70, 12, 44, 160, 43, 199, 94, 198, 20, 88, 19], [2, 16, 9, 106, 126, 69, 169, 180, 124, 176], [138, 155, 103, 153, 13, 83, 78, 133, 38, 10], [147, 118, 146, 72, 75, 145, 107, 117, 76, 129, 34, 60], [40, 158, 152, 125, 119, 100, 32, 63, 15, 82], [102, 177, 11, 4, 62, 18, 65, 87, 47, 121, 120], [67, 25, 181, 194, 3, 80, 27, 171, 79, 192], [6, 178, 14, 187, 24, 96, 175, 48]]",false
21,224394,4500,Swap,CMT5.vrp,"[[21, 188, 86, 93, 8, 189, 148, 104, 59, 36, 167], [73, 144, 51, 123, 111, 5, 108, 130, 97, 50, 182], [30, 22, 185, 113, 42, 116, 23, 191, 89, 137, 183, 195, 159, 193], [54, 179, 157, 140, 166, 85, 92, 91, 33, 163, 56, 115, 53], [186, 139, 81, 165, 164, 132, 109, 39, 151, 17, 174, 173, 105], [141, 197, 122, 28, 156, 114, 64, 154, 58, 7, 84, 150, 170, 77, 128, 172], [37, 29, 184, 196, 136, 143, 101, 142, 127, 149, 98, 99], [1, 112, 90, 95, 162, 110, 57, 135, 66, 41, 45, 46], [74, 31, 52, 71, 168, 131, 190, 68, 61, 161, 49, 26, 134], [55, 35, 70, 12, 44, 160, 43, 199, 94, 198, 20, 88, 124], [2, 16, 9, 106, 126, 69, 169, 180, 19, 176], [138, 155, 103, 153, 13, 83, 78, 133, 38, 10], [147, 118, 146, 72, 75, 145, 107, 117, 76, 129, 34, 60], [40, 158, 152, 125, 119, 100, 32, 63, 15, 82], [102, 177, 11, 4, 62, 18, 65, 87, 47, 121, 120], [67, 25, 181, 194, 3, 80, 27, 171, 79, 192], [6, 178, 14, 187, 24, 96, 175, 48]]",false
22,230570,4419,Swap,CMT5.vrp,"[[21, 188, 86, 93, 8, 189, 148, 104, 59, 36, 167], [73, 144, 51, 123, 111, 5, 108, 130, 97, 50, 182], [30, 22, 185, 113, 42, 116, 23, 191, 89, 137, 183, 195, 159, 193], [54, 179, 157, 140, 166, 85, 92, 91, 33, 163, 56, 115, 53], [186, 139, 81, 165, 164, 132, 109, 39, 151, 17, 174, 173, 105], [141, 197, 198, 28, 156, 114, 64, 154, 58, 7, 84, 150, 170, 77, 128, 172], [37, 29, 184, 196, 136, 143, 101, 142, 127, 149, 98, 99], [1, 112, 90, 95, 162, 110, 57, 135, 66, 41, 45, 46], [74, 31, 52, 71, 168, 131, 190, 68, 61, 161, 49, 26, 134], [55, 35, 70, 12, 44, 160, 43, 199, 94, 122, 20, 88, 124], [2, 16, 9, 106, 126, 69, 169, 180, 19, 176], [138, 155, 103, 153, 13, 83, 78, 133, 38, 10], [147, 118, 146, 72, 75, 145, 107, 117, 76, 129, 34, 60], [40, 158, 152, 125, 119, 100, 32, 63, 15, 82], [102, 177, 11, 4, 62, 18, 65, 87, 47, 121, 120], [67, 25, 181, 194, 3, 80, 27, 171, 79, 192], [6, 178, 14, 187, 24, 96, 175, 48]]",false
23,240275,4366,Swap,CMT5.vrp,"[[21, 188, 86, 93, 8, 189, 148, 104, 59, 36, 167], [73, 144, 51, 123, 111, 5, 108, 130, 97, 50, 182], [30, 22, 185, 113, 42, 116, 23, 191, 89, 137, 183, 195, 159, 193], [54, 179, 157, 140, 166, 85, 92, 91, 33, 163, 56, 115, 53], [186, 139, 81, 165, 164, 132, 109, 39, 151, 17, 174, 173, 105], [141, 197, 198, 28, 156, 114, 64, 154, 58, 7, 84, 150, 170, 77, 128, 172], [37, 29, 184, 196, 136, 143, 101, 142, 127, 149, 98, 99], [1, 112, 90, 95, 162, 110, 57, 135, 66, 41, 45, 46], [74, 31, 52, 71, 168, 131, 190, 68, 61, 161, 49, 26, 169], [55, 35, 70, 12, 44, 160, 43, 199, 94, 122, 20, 88, 124], [2, 16, 9, 106, 126, 69, 134, 180, 19, 176], [138, 155, 103, 153, 13, 83, 78, 133, 38, 10], [147, 118, 146, 72, 75, 145, 107, 117, 76, 129, 34, 60], [40, 158, 152, 125, 119, 100, 32, 63, 15, 82], [102, 177, 11, 4, 62, 18, 65, 87, 47, 121, 120], [67, 25, 181, 194, 3, 80, 27, 171, 79, 192], [6, 178, 14, 187, 24, 96, 175, 48]]",false
24,249595,4316,Swap,CMT5.vrp,"[[21, 188, 86, 93, 8, 189, 148, 104, 59, 36, 167], [73, 144, 51, 123, 111, 5, 108, 130, 97, 50, 182], [30, 22, 185, 113, 42, 116, 23, 191, 89, 137, 183, 195, 159, 193], [54, 179, 157, 140, 166, 85, 66, 91, 33, 163, 56, 115, 53], [186, 139, 81, 165, 164, 132, 109, 39, 151, 17, 174, 173, 105], [141, 197, 198, 28, 156, 114, 64, 154, 58, 7, 84, 150, 170, 77, 128, 172], [37, 29, 184, 196, 136, 143, 101, 142, 127, 149, 98, 99], [1, 112, 90, 95, 162, 110, 57, 135, 92, 41, 45, 46], [74, 31, 52, 71, 168, 131, 190, 68, 61, 161, 49, 26, 169], [55, 35, 70, 12, 44, 160, 43, 199, 94, 122, 20, 88, 124], [2, 16, 9, 106, 126, 69, 134, 180, 19, 176], [138, 155, 103, 153, 13, 83, 78, 133, 38, 10], [147, 118, 146, 72, 75, 145, 107, 117, 76, 129, 34, 60], [40, 158, 152, 125, 119, 100, 32, 63, 15, 82], [102, 177, 11, 4, 62, 18, 65, 87, 47, 121, 120], [67, 25, 181, 194, 3, 80, 27, 171, 79, 192], [6, 178, 14, 187, 24, 96, 175, 48]]",false
25,256890,4233,Swap,CMT5.vrp,"[[21, 188, 86, 93, 8, 189, 148, 104, 59, 36, 167], [73, 144, 51, 123, 111, 85, 108, 130, 97, 50, 182], [30, 22, 185, 113, 42, 116, 23, 191, 89, 137, 183, 195, 159, 193], [54, 179, 157, 140, 166, 5, 66, 91, 33, 163, 56, 115, 53], [186, 139, 81, 165, 164, 132, 109, 39, 151, 17, 174, 173, 105], [141, 197, 198, 28, 156, 114, 64, 154, 58, 7, 84, 150, 170, 77, 128, 172], [37, 29, 184, 196, 136, 143, 101, 142, 127, 149, 98, 99], [1, 112, 90, 95, 162, 110, 57, 135, 92, 41, 45, 46], [74, 31, 52, 71, 168, 131, 190, 68, 61, 161, 49, 26, 169], [55, 35, 70, 12, 44, 160, 43, 199, 94, 122, 20, 88, 124], [2, 16, 9, 106, 126, 69, 134, 180, 19, 176], [138, 155, 103, 153, 13, 83, 78, 133, 38, 10], [147, 118, 146, 72, 75, 145, 107, 117, 76, 129, 34, 60], [40, 158, 152, 125, 119, 100, 32, 63, 15, 82], [102, 177, 11, 4, 62, 18, 65, 87, 47, 121, 120], [67, 25, 181, 194, 3, 80, 27, 171, 79, 192], [6, 178, 14, 187, 24, 96, 175, 48]]",false
26,264156,4183,Swap,CMT5.vrp,"[[21, 188, 86, 93, 8, 189, 148, 104, 59, 36, 167], [73, 144, 51, 123, 111, 85, 108, 130, 97, 50, 182], [30, 22, 185, 113, 42, 116, 23, 191, 89, 137, 183, 195, 159, 193], [54, 179, 157, 140, 166, 5, 66, 91, 33, 163, 56, 115, 53], [186, 139, 81, 165, 164, 132, 109, 39, 151, 17, 174, 173, 105], [141, 197, 198, 28, 156, 114, 64, 154, 58, 7, 84, 150, 170, 77, 128, 172], [37, 29, 184, 196, 136, 143, 101, 142, 127, 149, 98, 99], [1, 112, 90, 95, 162, 110, 57, 135, 92, 18, 45, 46], [74, 31, 52, 71, 168, 131, 190, 68, 61, 161, 49, 26, 169], [55, 35, 70, 12, 44, 160, 43, 199, 94, 122, 20, 88, 124], [2, 16, 9, 106, 126, 69, 134, 180, 19, 176], [138, 155, 103, 153, 13, 83, 78, 133, 38, 10], [147, 118, 146, 72, 75, 145, 107, 117, 76, 129, 34, 60], [40, 158, 152, 125, 119, 100, 32, 63, 15, 82], [102, 177, 11, 4, 62, 41, 65, 87, 47, 121, 120], [67, 25, 181, 194, 3, 80, 27, 171, 79, 192], [6, 178, 14, 187, 24, 96, 175, 48]]",false
27,272371,4135,Swap,CMT5.vrp,"[[21, 188, 86, 93, 8, 189, 148, 104, 59, 36, 167], [73, 144, 51, 123, 111, 85, 108, 130, 97, 50, 182], [30, 22, 185, 113, 42, 116, 23, 191, 89, 137, 183, 195, 159, 193], [54, 179, 157, 140, 166, 5, 66, 91, 33, 163, 56, 115, 53], [186, 139, 81, 165, 164, 132, 109, 39, 151, 17, 174, 173, 105], [141, 197, 198, 28, 156, 114, 64, 154, 58, 7, 84, 150, 170, 77, 128, 172], [37, 29, 184, 196, 136, 143, 101, 142, 127, 149, 98, 99], [1, 112, 90, 95, 162, 110, 57, 135, 92, 18, 45, 46], [74, 31, 52, 71, 80, 131, 190, 68, 61, 161, 49, 26, 169], [55, 35, 70, 12, 44, 160, 43, 199, 94, 122, 20, 88, 124], [2, 16, 9, 106, 126, 69, 134, 180, 19, 176], [138, 155, 103, 153, 13, 83, 78, 133, 38, 10], [147, 118, 146, 72, 75, 145, 107, 117, 76, 129, 34, 60], [40, 158, 152, 125, 119, 100, 32, 63, 15, 82], [102, 177, 11, 4, 62, 41, 65, 87, 47, 121, 120], [67, 25, 181, 194, 3, 168, 27, 171, 79, 192], [6, 178, 14, 187, 24, 96, 175, 48]]",false
28,281448,4087,Swap,CMT5.vrp,"[[21, 188, 86, 93, 8, 189, 148, 104, 59, 36, 167], [73, 144, 51, 123, 111, 85, 108, 130, 97, 49, 182], [30, 22, 185, 113, 42, 116, 23, 191, 89, 137, 183, 195, 159, 193], [54, 179, 157, 140, 166, 5, 66, 91, 33, 163, 56, 115, 53], [186, 139, 81, 165, 164, 132, 109, 39, 151, 17, 174, 173, 105], [141, 197, 198, 28, 156, 114, 64, 154, 58, 7, 84, 150, 170, 77, 128, 172], [37, 29, 184, 196, 136, 143, 101, 142, 127, 149, 98, 99], [1, 112, 90, 95, 162, 110, 57, 135, 92, 18, 45, 46], [74, 31, 52, 71, 80, 131, 190, 68, 61, 161, 50, 26, 169], [55, 35, 70, 12, 44, 160, 43, 199, 94, 122, 20, 88, 124], [2, 16, 9, 106, 126, 69, 134, 180, 19, 176], [138, 155, 103, 153, 13, 83, 78, 133, 38, 10], [147, 118, 146, 72, 75, 145, 107, 117, 76, 129, 34, 60], [40, 158, 152, 125, 119, 100, 32, 63, 15, 82], [102, 177, 11, 4, 62, 41, 65, 87, 47, 121, 120], [67, 25, 181, 194, 3, 168, 27, 171, 79, 192], [6, 178, 14, 187, 24, 96, 175, 48]]",false
29,290619,4044,Swap,CMT5.vrp,"[[21, 188, 86, 93, 8, 189, 148, 104, 59, 36, 167], [73, 144, 51, 123, 111, 85, 108, 130, 97, 49, 182], [30, 22, 185, 113, 42, 116, 23, 191, 89, 137, 183, 195, 159, 193], [54, 179, 157, 140, 166, 5, 66, 91, 33, 163, 56, 115, 53], [186, 139, 81, 165, 164, 132, 109, 39, 151, 17, 174, 173, 105], [141, 197, 198, 28, 156, 114, 64, 154, 58, 7, 84, 150, 170, 77, 128, 172], [37, 29, 184, 196, 136, 143, 101, 142, 127, 149, 98, 99], [1, 112, 61, 95, 162, 110, 57, 135, 92, 18, 45, 46], [74, 31, 52, 71, 80, 131, 190, 68, 90, 161, 50, 26, 169], [55, 35, 70, 12, 44, 160, 43, 199, 94, 122, 20, 88, 124], [2, 16, 9, 106, 126, 69, 134, 180, 19, 176], [138, 155, 103, 153, 13, 83, 78, 133, 38, 10], [147, 118, 146, 72, 75, 145, 107, 117, 76, 129, 34, 60], [40, 158, 152, 125, 119, 100, 32, 63, 15, 82], [102, 177, 11, 4, 62, 41, 65, 87, 47, 121, 120], [67, 25, 181, 194, 3, 168, 27, 171, 79, 192], [6, 178, 14, 187, 24, 96, 175, 48]]",false
30,299731,4003,Swap,CMT5.vrp,"[[21, 188, 86, 93, 55, 189, 148, 104, 59, 36, 167], [73, 144, 51, 123, 111, 85, 108, 130, 97, 49, 182], [30, 22, 185, 113, 42, 116, 23, 191, 89, 137, 183, 195, 159, 193], [54, 179, 157, 140, 166, 5, 66, 91, 33, 163, 56, 115, 53], [186, 139, 81, 165, 164, 132, 109, 39, 151, 17, 174, 173, 105], [141, 197, 198, 28, 156, 114, 64, 154, 58, 7, 84, 150, 170, 77, 128, 172], [37, 29, 184, 196, 136, 143, 101, 142, 127, 149, 98, 99], [1, 112, 61, 95, 162, 110, 57, 135, 92, 18, 45, 46], [74, 31, 52, 71, 80, 131, 190, 68, 90, 161, 50, 26, 169], [8, 35, 70, 12, 44, 160, 43, 199, 94, 122, 20, 88, 124], [2, 16, 9, 106, 126, 69, 134, 180, 19, 176], [138, 155, 103, 153, 13, 83, 78, 133, 38, 10], [147, 118, 146, 72, 75, 145, 107, 117, 76, 129, 34, 60], [40, 158, 152, 125, 119, 100, 32, 63, 15, 82], [102, 177, 11, 4, 62, 41, 65, 87, 47, 121, 120], [67, 25, 181, 194, 3, 168, 27, 171, 79, 192], [6, 178, 14, 187, 24, 96, 175, 48]]",false
31,308208,3962,Swap,CMT5.vrp,"[[21, 188, 86, 93, 194, 189, 148, 104, 59, 36, 167], [73, 144, 51, 123, 111, 85, 108, 130, 97, 49, 182], [30, 22, 185, 113, 42, 116, 23, 191, 89, 137, 183, 195, 159, 193], [54, 179, 157, 140, 166, 5, 66, 91, 33, 163, 56, 115, 53], [186, 139, 81, 165, 164, 132, 109, 39, 151, 17, 174, 173, 105], [141, 197, 198, 28, 156, 114, 64, 154, 58, 7, 84, 150, 170, 77, 128, 172], [37, 29, 184, 196, 136, 143, 101, 142, 127, 149, 98, 99], [1, 112, 61, 95, 162, 110, 57, 135, 92, 18, 45, 46], [74, 31, 52, 71, 80, 131, 190, 68, 90, 161, 50, 26, 169], [8, 35, 70, 12, 44, 160, 43, 199, 94, 122, 20, 88, 124], [2, 16, 9, 106, 126, 69, 134, 180, 19, 176], [138, 155, 103, 153, 13, 83, 78, 133, 38, 10], [147, 118, 146, 72, 75, 145, 107, 117, 76, 129, 34, 60], [40, 158, 152, 125, 119, 100, 32, 63, 15, 82], [102, 177, 11, 4, 62, 41, 65, 87, 47, 121, 120], [67, 25, 181, 55, 3, 168, 27, 171, 79, 192], [6, 178, 14, 187, 24, 96, 175, 48]]",false
32,316447,3917,Swap,CMT5.vrp,"[[21, 188, 86, 93, 194, 189, 148, 104, 59, 36, 167], [73, 144, 51, 123, 111, 85, 108, 130, 97, 49, 182], [30, 22, 185, 113, 42, 116, 23, 191, 89, 137, 183, 195, 159, 193], [54, 179, 157, 140, 166, 5, 66, 91, 33, 163, 56, 115, 53], [186, 139, 81, 165, 164, 132, 109, 39, 151, 17, 174, 173, 105], [141, 197, 198, 28, 156, 114, 64, 154, 58, 7, 84, 150, 170, 77, 128, 172], [37, 29, 184, 196, 136, 143, 101, 142, 127, 149, 98, 99], [1, 112, 61, 95, 162, 110, 57, 135, 92, 18, 45, 46], [25, 31, 52, 71, 80, 131, 190, 68, 90, 161, 50, 26, 169], [8, 35, 70, 12, 44, 160, 43, 199, 94, 122, 20, 88, 124], [2, 16, 9, 106, 126, 69, 134, 180, 19, 176], [138, 155, 103, 153, 13, 83, 78, 133, 38, 10], [147, 118, 146, 72, 75, 145, 107, 117, 76, 129, 34, 60], [40, 158, 152, 125, 119, 100, 32, 63, 15, 82], [102, 177, 11, 4, 62, 41, 65, 87, 47, 121, 120], [67, 74, 181, 55, 3, 168, 27, 171, 79, 192], [6, 178, 14, 187, 24, 96, 175, 48]]",false
33,325307,3878,Swap,CMT5.vrp,"[[21, 188, 86, 93, 194, 189, 148, 104, 59, 36, 167], [73, 144, 51, 123, 111, 85, 108, 130, 97, 49, 182], [30, 22, 185, 113, 42, 116, 23, 191, 89, 137, 183, 195, 159, 193], [54, 179, 157, 140, 166, 5, 66, 91, 33, 163, 56, 115, 53], [186, 139, 81, 165, 164, 132, 109, 39, 151, 17, 174, 173, 105], [141, 197, 198, 28, 156, 114, 64, 154, 58, 7, 84, 150, 170, 77, 128, 172], [37, 192, 184, 196, 136, 143, 101, 142, 127, 149, 98, 99], [1, 112, 61, 95, 162, 110, 57, 135, 92, 18, 45, 46], [25, 31, 52, 71, 80, 131, 190, 68, 90, 161, 50, 26, 169], [8, 35, 70, 12, 44, 160, 43, 199, 94, 122, 20, 88, 124], [2, 16, 9, 106, 126, 69, 134, 180, 19, 176], [138, 155, 103, 153, 13, 83, 78, 133, 38, 10], [147, 118, 146, 72, 75, 145, 107, 117, 76, 129, 34, 60], [40, 158, 152, 125, 119, 100, 32, 63, 15, 82], [102, 177, 11, 4, 62, 41, 65, 87, 47, 121, 120], [67, 74, 181, 55, 3, 168, 27, 171, 79, 29], [6, 178, 14, 187, 24, 96, 175, 48]]",false
34,330981,3828,Swap,CMT5.vrp,"[[21, 37, 86, 93, 194, 189, 148, 104, 59, 36, 167], [73, 144, 51, 123, 111, 85, 108, 130, 97, 49, 182], [30, 22, 185, 113, 42, 116, 23, 191, 89, 137, 183, 195, 159, 193], [54, 179, 157, 140, 166, 5, 66, 91, 33, 163, 56, 115, 53], [186, 139, 81, 165, 164, 132, 109, 39, 151, 17, 174, 173, 105], [141, 197, 198, 28, 156, 114, 64, 154, 58, 7, 84, 150, 170, 77, 128, 172], [188, 192, 184, 196, 136, 143, 101, 142, 127, 149, 98, 99], [1, 112, 61, 95, 162, 110, 57, 135, 92, 18, 45, 46], [25, 31, 52, 71, 80, 131, 190, 68, 90, 161, 50, 26, 169], [8, 35, 70, 12, 44, 160, 43, 199, 94, 122, 20, 88, 124], [2, 16, 9, 106, 126, 69, 134, 180, 19, 176], [138, 155, 103, 153, 13, 83, 78, 133, 38, 10], [147, 118, 146, 72, 75, 145, 107, 117, 76, 129, 34, 60], [40, 158, 152, 125, 119, 100, 32, 63, 15, 82], [102, 177, 11, 4, 62, 41, 65, 87, 47, 121, 120], [67, 74, 181, 55, 3, 168, 27, 171, 79, 29], [6, 178, 14, 187, 24, 96, 175, 48]]",false
35,336282,3789,Swap,CMT5.vrp,"[[21, 37, 86, 93, 194, 189, 148, 104, 59, 36, 167], [73, 144, 51, 123, 111, 85, 108, 130, 97, 49, 182], [30, 22, 185, 113, 42, 116, 23, 191, 89, 137, 183, 195, 159, 193], [54, 179, 157, 140, 166, 5, 66, 91, 33, 163, 56, 115, 53], [186, 139, 81, 165, 164, 132, 109, 39, 151, 17, 174, 173, 105], [141, 197, 198, 28, 156, 114, 64, 154, 58, 7, 84, 150, 170, 77, 128, 175], [188, 192, 184, 196, 136, 143, 101, 142, 127, 149, 98, 99], [1, 112, 61, 95, 162, 110, 57, 135, 92, 18, 45, 46], [25, 31, 52, 71, 80, 131, 190, 68, 90, 161, 50, 26, 169], [8, 35, 70, 12, 44, 160, 43, 199, 94, 122, 20, 88, 124], [2, 16, 9, 106, 126, 69, 134, 180, 19, 176], [138, 155, 103, 153, 13, 83, 78, 133, 38, 10], [147, 118, 146, 72, 75, 145, 107, 117, 76, 129, 34, 60], [40, 158, 152, 125, 119, 100, 32, 63, 15, 82], [102, 177, 11, 4, 62, 41, 65, 87, 47, 121, 120], [67, 74, 181, 55, 3, 168, 27, 171, 79, 29], [6, 178, 14, 187, 24, 96, 172, 48]]",false
36,344108,3755,Swap,CMT5.vrp,"[[21, 37, 86, 93, 194, 189, 148, 104, 59, 36, 167], [73, 144, 51, 123, 111, 150, 108, 130, 97, 49, 182], [30, 22, 185, 113, 42, 116, 23, 191, 89, 137, 183, 195, 159, 193], [54, 179, 157, 140, 166, 5, 66, 91, 33, 163, 56, 115, 53], [186, 139, 81, 165, 164, 132, 109, 39, 151, 17, 174, 173, 105], [141, 197, 198, 28, 156, 114, 64, 154, 58, 7, 84, 85, 170, 77, 128, 175], [188, 192, 184, 196, 136, 143, 101, 142, 127, 149, 98, 99], [1, 112, 61, 95, 162, 110, 57, 135, 92, 18, 45, 46], [25, 31, 52, 71, 80, 131, 190, 68, 90, 161, 50, 26, 169], [8, 35, 70, 12, 44, 160, 43, 199, 94, 122, 20, 88, 124], [2, 16, 9, 106, 126, 69, 134, 180, 19, 176], [138, 155, 103, 153, 13, 83, 78, 133, 38, 10], [147, 118, 146, 72, 75, 145, 107, 117, 76, 129, 34, 60], [40, 158, 152, 125, 119, 100, 32, 63, 15, 82], [102, 177, 11, 4, 62, 41, 65, 87, 47, 121, 120], [67, 74, 181, 55, 3, 168, 27, 171, 79, 29], [6, 178, 14, 187, 24, 96, 172, 48]]",false
37,348150,3722,Swap,CMT5.vrp,"[[21, 37, 86, 93, 194, 189, 148, 104, 59, 36, 167], [73, 144, 51, 123, 111, 150, 108, 130, 97, 49, 182], [30, 22, 185, 113, 42, 116, 23, 191, 89, 137, 183, 195, 159, 193], [54, 179, 157, 140, 166, 5, 66, 101, 33, 163, 56, 115, 53], [186, 139, 81, 165, 164, 132, 109, 39, 151, 17, 174, 173, 105], [141, 197, 198, 28, 156, 114, 64, 154, 58, 7, 84, 85, 170, 77, 128, 175], [188, 192, 184, 196, 136, 143, 91, 142, 127, 149, 98, 99], [1, 112, 61, 95, 162, 110, 57, 135, 92, 18, 45, 46], [25, 31, 52, 71, 80, 131, 190, 68, 90, 161, 50, 26, 169], [8, 35, 70, 12, 44, 160, 43, 199, 94, 122, 20, 88, 124], [2, 16, 9, 106, 126, 69, 134, 180, 19, 176], [138, 155, 103, 153, 13, 83, 78, 133, 38, 10], [147, 118, 146, 72, 75, 145, 107, 117, 76, 129, 34, 60], [40, 158, 152, 125, 119, 100, 32, 63, 15, 82], [102, 177, 11, 4, 62, 41, 65, 87, 47, 121, 120], [67, 74, 181, 55, 3, 168, 27, 171, 79, 29], [6, 178, 14, 187, 24, 96, 172, 48]]",false
38,354241,3689,Swap,CMT5.vrp,"[[21, 37, 86, 93, 194, 189, 148, 104, 59, 36, 167], [73, 144, 51, 123, 111, 150, 108, 130, 97, 49, 182], [30, 22, 185, 113, 42, 116, 23, 191, 89, 137, 183, 195, 159, 193], [54, 179, 157, 140, 166, 5, 66, 101, 33, 163, 56, 115, 53], [186, 139, 81, 165, 164, 132, 109, 39, 151, 17, 174, 173, 105], [141, 197, 198, 28, 156, 114, 64, 154, 58, 7, 84, 85, 170, 77, 128, 175], [188, 192, 184, 196, 136, 143, 91, 142, 127, 149, 98, 99], [1, 112, 61, 95, 162, 110, 25, 135, 92, 18, 45, 46], [57, 31, 52, 71, 80, 131, 190, 68, 90, 161, 50, 26, 169], [8, 35, 70, 12, 44, 160, 43, 199, 94, 122, 20, 88, 124], [2, 16, 9, 106, 126, 69, 134, 180, 19, 176], [138, 155, 103, 153, 13, 83, 78, 133, 38, 10], [147, 118, 146, 72, 75, 145, 107, 117, 76, 129, 34, 60], [40, 158, 152, 125, 119, 100, 32, 63, 15, 82], [102, 177, 11, 4, 62, 41, 65, 87, 47, 121, 120], [67, 74, 181, 55, 3, 168, 27, 171, 79, 29], [6, 178, 14, 187, 24, 96, 172, 48]]",false
39,361146,3658,Swap,CMT5.vrp,"[[21, 37, 86, 93, 194, 189, 148, 104, 59, 36, 167], [73, 144, 51, 123, 111, 150, 108, 130, 97, 49, 182], [30, 22, 185, 113, 42, 116, 23, 191, 89, 137, 183, 195, 159, 193], [54, 179, 157, 140, 166, 5, 66, 101, 33, 163, 56, 115, 53], [186, 139, 119, 165, 164, 132, 109, 39, 151, 17, 174, 173, 105], [141, 197, 198, 28, 156, 114, 64, 154, 58, 7, 84, 85, 170, 77, 128, 175], [188, 192, 184, 196, 136, 143, 91, 142, 127, 149, 98, 99], [1, 112, 61, 95, 162, 110, 25, 135, 92, 18, 45, 46], [57, 31, 52, 71, 80, 131, 190, 68, 90, 161, 50, 26, 169], [8, 35, 70, 12, 44, 160, 43, 199, 94, 122, 20, 88, 124], [2, 16, 9, 106, 126, 69, 134, 180, 19, 176], [138, 155, 103, 153, 13, 83, 78, 133, 38, 10], [147, 118, 146, 72, 75, 145, 107, 117, 76, 129, 34, 60], [40, 158, 152, 125, 81, 100, 32, 63, 15, 82], [102, 177, 11, 4, 62, 41, 65, 87, 47, 121, 120], [67, 74, 181, 55, 3, 168, 27, 171, 79, 29], [6, 178, 14, 187, 24, 96, 172, 48]]",false
40,366769,3628,Swap,CMT5.vrp,"[[21, 37, 86, 93, 194, 189, 148, 104, 59, 36, 167], [73, 144, 51, 123, 111, 150, 108, 130, 97, 49, 182], [30, 22, 185, 113, 42, 116, 23, 191, 89, 137, 183, 195, 159, 193], [54, 179, 157, 140, 166, 5, 66, 101, 33, 163, 56, 115, 53], [186, 139, 119, 165, 164, 77, 109, 39, 151, 17, 174, 173, 105], [141, 197, 198, 28, 156, 114, 64, 154, 58, 7, 84, 85, 170, 132, 128, 175], [188, 192, 184, 196, 136, 143, 91, 142, 127, 149, 98, 99], [1, 112, 61, 95, 162, 110, 25, 135, 92, 18, 45, 46], [57, 31, 52, 71, 80, 131, 190, 68, 90, 161, 50, 26, 169], [8, 35, 70, 12, 44, 160, 43, 199, 94, 122, 20, 88, 124], [2, 16, 9, 106, 126, 69, 134, 180, 19, 176], [138, 155, 103, 153, 13, 83, 78, 133, 38, 10], [147, 118, 146, 72, 75, 145, 107, 117, 76, 129, 34, 60], [40, 158, 152, 125, 81, 100, 32, 63, 15, 82], [102, 177, 11, 4, 62, 41, 65, 87, 47, 121, 120], [67, 74, 181, 55, 3, 168, 27, 171, 79, 29], [6, 178, 14, 187, 24, 96, 172, 48]]",false
41,370961,3598,Swap,CMT5.vrp,"[[21, 64, 86, 93, 194, 189, 148, 104, 59, 36, 167], [73, 144, 51, 123, 111, 150, 108, 130, 97, 49, 182], [30, 22, 185, 113, 42, 116, 23, 191, 89, 137, 183, 195, 159, 193], [54, 179, 157, 140, 166, 5, 66, 101, 33, 163, 56, 115, 53], [186, 139, 119, 165, 164, 77, 109, 39, 151, 17, 174, 173, 105], [141, 197, 198, 28, 156, 114, 37, 154, 58, 7, 84, 85, 170, 132, 128, 175], [188, 192, 184, 196, 136, 143, 91, 142, 127, 149, 98, 99], [1, 112, 61, 95, 162, 110, 25, 135, 92, 18, 45, 46], [57, 31, 52, 71, 80, 131, 190, 68, 90, 161, 50, 26, 169], [8, 35, 70, 12, 44, 160, 43, 199, 94, 122, 20, 88, 124], [2, 16, 9, 106, 126, 69, 134, 180, 19, 176], [138, 155, 103, 153, 13, 83, 78, 133, 38, 10], [147, 118, 146, 72, 75, 145, 107, 117, 76, 129, 34, 60], [40, 158, 152, 125, 81, 100, 32, 63, 15, 82], [102, 177, 11, 4, 62, 41, 65, 87, 47, 121, 120], [67, 74, 181, 55, 3, 168, 27, 171, 79, 29], [6, 178, 14, 187, 24, 96, 172, 48]]",false
42,376617,3569,Swap,CMT5.vrp,"[[21, 64, 86, 93, 194, 189, 148, 104, 59, 36, 167], [73, 144, 51, 123, 111, 150, 108, 130, 97, 49, 182], [30, 22, 185, 113, 42, 116, 23, 191, 89, 137, 183, 195, 159, 193], [54, 179, 157, 140, 166, 5, 15, 101, 33, 163, 56, 115, 53], [186, 139, 119, 165, 164, 77, 109, 39, 151, 17, 174, 173, 105], [141, 197, 198, 28, 156, 114, 37, 154, 58, 7, 84, 85, 170, 132, 128, 175], [188, 192, 184, 196, 136, 143, 91, 142, 127, 149, 98, 99], [1, 112, 61, 95, 162, 110, 25, 135, 92, 18, 45, 46], [57, 31, 52, 71, 80, 131, 190, 68, 90, 161, 50, 26, 169], [8, 35, 70, 12, 44, 160, 43, 199, 94, 122, 20, 88, 124], [2, 16, 9, 106, 126, 69, 134, 180, 19, 176], [138, 155, 103, 153, 13, 83, 78, 133, 38, 10], [147, 118, 146, 72, 75, 145, 107, 117, 76, 129, 34, 60], [40, 158, 152, 125, 81, 100, 32, 63, 66, 82], [102, 177, 11, 4, 62, 41, 65, 87, 47, 121, 120], [67, 74, 181, 55, 3, 168, 27, 171, 79, 29], [6, 178, 14, 187, 24, 96, 172, 48]]",false
43,383001,3528,Swap,CMT5.vrp,"[[21, 64, 86, 93, 194, 189, 148, 104, 59, 36, 167], [73, 144, 51, 123, 111, 150, 108, 130, 97, 49, 182], [30, 22, 185, 113, 42, 116, 23, 191, 89, 137, 183, 195, 159, 193], [54, 179, 82, 140, 166, 5, 15, 101, 33, 163, 56, 115, 53], [186, 139, 119, 165, 164, 77, 109, 39, 151, 17, 174, 173, 105], [141, 197, 198, 28, 156, 114, 37, 154, 58, 7, 84, 85, 170, 132, 128, 175], [188, 192, 184, 196, 136, 143, 91, 142, 127, 149, 98, 99], [1, 112, 61, 95, 162, 110, 25, 135, 92, 18, 45, 46], [57, 31, 52, 71, 80, 131, 190, 68, 90, 161, 50, 26, 169], [8, 35, 70, 12, 44, 160, 43, 199, 94, 122, 20, 88, 124], [2, 16, 9, 106, 126, 69, 134, 180, 19, 176], [138, 155, 103, 153, 13, 83, 78, 133, 38, 10], [147, 118, 146, 72, 75, 145, 107, 117, 76, 129, 34, 60], [40, 158, 152, 125, 81, 100, 32, 63, 66, 157], [102, 177, 11, 4, 62, 41, 65, 87, 47, 121, 120], [67, 74, 181, 55, 3, 168, 27, 171, 79, 29], [6, 178, 14, 187, 24, 96, 172, 48]]",false
44,389991,3501,Swap,CMT5.vrp,"[[21, 64, 86, 93, 194, 189, 148, 104, 59, 36, 167], [73, 144, 51, 123, 111, 150, 108, 130, 97, 49, 182], [30, 22, 185, 113, 42, 116, 23, 191, 89, 137, 183, 195, 159, 193], [54, 179, 82, 140, 166, 5, 15, 101, 33, 163, 56, 161, 53], [186, 139, 119, 165, 164, 77, 109, 39, 151, 17, 174, 173, 105], [141, 197, 198, 28, 156, 114, 37, 154, 58, 7, 84, 85, 170, 132, 128, 175], [188, 192, 184, 196, 136, 143, 91, 142, 127, 149, 98, 99], [1, 112, 61, 95, 162, 110, 25, 135, 92, 18, 45, 46], [57, 31, 52, 71, 80, 131, 190, 68, 90, 115, 50, 26, 169], [8, 35, 70, 12, 44, 160, 43, 199, 94, 122, 20, 88, 124], [2, 16, 9, 106, 126, 69, 134, 180, 19, 176], [138, 155, 103, 153, 13, 83, 78, 133, 38, 10], [147, 118, 146, 72, 75, 145, 107, 117, 76, 129, 34, 60], [40, 158, 152, 125, 81, 100, 32, 63, 66, 157], [102, 177, 11, 4, 62, 41, 65, 87, 47, 121, 120], [67, 74, 181, 55, 3, 168, 27, 171, 79, 29], [6, 178, 14, 187, 24, 96, 172, 48]]",false
45,394124,3474,Swap,CMT5.vrp,"[[21, 64, 86, 93, 194, 189, 148, 104, 59, 36, 167], [73, 144, 51, 123, 111, 150, 108, 130, 97, 49, 182], [186, 22, 185, 113, 42, 116, 23, 191, 89, 137, 183, 195, 159, 193], [54, 179, 82, 140, 166, 5, 15, 101, 33, 163, 56, 161, 53], [30, 139, 119, 165, 164, 77, 109, 39, 151, 17, 174, 173, 105], [141, 197, 198, 28, 156, 114, 37, 154, 58, 7, 84, 85, 170, 132, 128, 175], [188, 192, 184, 196, 136, 143, 91, 142, 127, 149, 98, 99], [1, 112, 61, 95, 162, 110, 25, 135, 92, 18, 45, 46], [57, 31, 52, 71, 80, 131, 190, 68, 90, 115, 50, 26, 169], [8, 35, 70, 12, 44, 160, 43, 199, 94, 122, 20, 88, 124], [2, 16, 9, 106, 126, 69, 134, 180, 19, 176], [138, 155, 103, 153, 13, 83, 78, 133, 38, 10], [147, 118, 146, 72, 75, 145, 107, 117, 76, 129, 34, 60], [40, 158, 152, 125, 81, 100, 32, 63, 66, 157], [102, 177, 11, 4, 62, 41, 65, 87, 47, 121, 120], [67, 74, 181, 55, 3, 168, 27, 171, 79, 29], [6, 178, 14, 187, 24, 96, 172, 48]]",false
46,399643,3448,Swap,CMT5.vrp,"[[21, 64, 86, 93, 194, 189, 148, 104, 59, 36, 167], [73, 144, 51, 123, 111, 150, 108, 130, 97, 49, 182], [186, 22, 185, 113, 42, 116, 23, 191, 89, 137, 183, 195, 159, 193], [54, 179, 82, 140, 166, 5, 15, 101, 33, 163, 56, 161, 50], [30, 139, 119, 165, 164, 77, 109, 39, 151, 17, 174, 173, 105], [141, 197, 198, 28, 156, 114, 37, 154, 58, 7, 84, 85, 170, 132, 128, 175], [188, 192, 184, 196, 136, 143, 91, 142, 127, 149, 98, 99], [1, 112, 61, 95, 162, 110, 25, 135, 92, 18, 45, 46], [57, 31, 52, 71, 80, 131, 190, 68, 90, 115, 53, 26, 169], [8, 35, 70, 12, 44, 160, 43, 199, 94, 122, 20, 88, 124], [2, 16, 9, 106, 126, 69, 134, 180, 19, 176], [138, 155, 103, 153, 13, 83, 78, 133, 38, 10], [147, 118, 146, 72, 75, 145, 107, 117, 76, 129, 34, 60], [40, 158, 152, 125, 81, 100, 32, 63, 66, 157], [102, 177, 11, 4, 62, 41, 65, 87, 47, 121, 120], [67, 74, 181, 55, 3, 168, 27, 171, 79, 29], [6, 178, 14, 187, 24, 96, 172, 48]]",false
47,405981,3423,Swap,CMT5.vrp,"[[21, 64, 86, 93, 194, 189, 148, 104, 59, 36, 167], [73, 144, 51, 123, 111, 150, 108, 130, 97, 49, 182], [186, 22, 185, 113, 42, 116, 23, 191, 89, 137, 183, 195, 159, 193], [54, 179, 82, 140, 166, 5, 15, 101, 33, 163, 56, 161, 50], [30, 139, 119, 165, 164, 77, 109, 39, 151, 17, 174, 173, 105], [141, 197, 198, 28, 156, 114, 37, 154, 58, 7, 84, 85, 170, 132, 128, 175], [188, 192, 184, 196, 136, 143, 91, 142, 127, 149, 98, 99], [1, 112, 61, 95, 162, 110, 25, 135, 92, 18, 45, 46], [57, 31, 52, 71, 80, 131, 190, 68, 90, 115, 53, 26, 169], [8, 35, 70, 12, 44, 160, 43, 199, 94, 122, 20, 88, 124], [2, 40, 9, 106, 126, 69, 134, 180, 19, 176], [138, 155, 103, 153, 13, 83, 78, 133, 38, 10], [147, 118, 146, 72, 75, 145, 107, 117, 76, 129, 34, 60], [16, 158, 152, 125, 81, 100, 32, 63, 66, 157], [102, 177, 11, 4, 62, 41, 65, 87, 47, 121, 120], [67, 74, 181, 55, 3, 168, 27, 171, 79, 29], [6, 178, 14, 187, 24, 96, 172, 48]]",false
48,411866,3402,Swap,CMT5.vrp,"[[21, 64, 86, 93, 194, 189, 148, 104, 59, 36, 167], [73, 144, 51, 123, 111, 150, 108, 130, 97, 49, 182], [186, 22, 185, 113, 42, 116, 23, 191, 89, 137, 183, 195, 159, 193], [54, 179, 82, 140, 166, 5, 15, 101, 33, 163, 56, 161, 50], [30, 139, 119, 165, 164, 77, 109, 39, 151, 2, 174, 173, 105], [141, 197, 198, 28, 156, 114, 37, 154, 58, 7, 84, 85, 170, 132, 128, 175], [188, 192, 184, 196, 136, 143, 91, 142, 127, 149, 98, 99], [1, 112, 61, 95, 162, 110, 25, 135, 92, 18, 45, 46], [57, 31, 52, 71, 80, 131, 190, 68, 90, 115, 53, 26, 169], [8, 35, 70, 12, 44, 160, 43, 199, 94, 122, 20, 88, 124], [17, 40, 9, 106, 126, 69, 134, 180, 19, 176], [138, 155, 103, 153, 13, 83, 78, 133, 38, 10], [147, 118, 146, 72, 75, 145, 107, 117, 76, 129, 34, 60], [16, 158, 152, 125, 81, 100, 32, 63, 66, 157], [102, 177, 11, 4, 62, 41, 65, 87, 47, 121, 120], [67, 74, 181, 55, 3, 168, 27, 171, 79, 29], [6, 178, 14, 187, 24, 96, 172, 48]]",false
49,418303,3380,Swap,CMT5.vrp,"[[21, 64, 86, 93, 194, 189, 148, 104, 59, 36, 167], [73, 144, 51, 123, 111, 150, 108, 130, 97, 49, 182], [186, 22, 185, 113, 42, 116, 23, 191, 89, 137, 183, 195, 159, 193], [54, 139, 82, 140, 166, 5, 15, 101, 33, 163, 56, 161, 50], [30, 179, 119, 165, 164, 77, 109, 39, 151, 2, 174, 173, 105], [141, 197, 198, 28, 156, 114, 37, 154, 58, 7, 84, 85, 170, 132, 128, 175], [188, 192, 184, 196, 136, 143, 91, 142, 127, 149, 98, 99], [1, 112, 61, 95, 162, 110, 25, 135, 92, 18, 45, 46], [57, 31, 52, 71, 80, 131, 190, 68, 90, 115, 53, 26, 169], [8, 35, 70, 12, 44, 160, 43, 199, 94, 122, 20, 88, 124], [17, 40, 9, 106, 126, 69, 134, 180, 19, 176], [138, 155, 103, 153, 13, 83, 78, 133, 38, 10], [147, 118, 146, 72, 75, 145, 107, 117, 76, 129, 34, 60], [16, 158, 152, 125, 81, 100, 32, 63, 66, 157], [102, 177, 11, 4, 62, 41, 65, 87, 47, 121, 120], [67, 74, 181, 55, 3, 168, 27, 171, 79, 29], [6, 178, 14, 187, 24, 96, 172, 48]]",false
50,423395,3359,Swap,CMT5.vrp,"[[21, 64, 86, 93, 194, 189, 148, 104, 59, 36, 167], [73, 144, 51, 123, 111, 150, 108, 130, 97, 49, 182], [186, 22, 185, 113, 42, 116, 23, 191, 89, 137, 183, 195, 159, 193], [54, 139, 82, 140, 166, 5, 15, 101, 33, 163, 56, 161, 50], [30, 179, 119, 165, 164, 77, 109, 39, 151, 2, 174, 173, 105], [141, 197, 198, 28, 156, 114, 37, 154, 58, 7, 84, 85, 170, 132, 35, 175], [188, 192, 184, 196, 136, 143, 91, 142, 127, 149, 98, 99], [1, 112, 61, 95, 162, 110, 25, 135, 92, 18, 45, 46], [57, 31, 52, 71, 80, 131, 190, 68, 90, 115, 53, 26, 169], [8, 128, 70, 12, 44, 160, 43, 199, 94, 122, 20, 88, 124], [17, 40, 9, 106, 126, 69, 134, 180, 19, 176], [138, 155, 103, 153, 13, 83, 78, 133, 38, 10], [147, 118, 146, 72, 75, 145, 107, 117, 76, 129, 34, 60], [16, 158, 152, 125, 81, 100, 32, 63, 66, 157], [102, 177, 11, 4, 62, 41, 65, 87, 47, 121, 120], [67, 74, 181, 55, 3, 168, 27, 171, 79, 29], [6, 178, 14, 187, 24, 96, 172, 48]]",false
51,430204,3339,Swap,CMT5.vrp,"[[21, 64, 86, 93, 194, 189, 148, 104, 59, 36, 167], [73, 144, 51, 123, 111, 150, 108, 130, 97, 49, 182], [186, 22, 185, 113, 42, 116, 23, 191, 89, 137, 183, 195, 159, 193], [54, 139, 82, 140, 166, 5, 15, 101, 33, 163, 56, 161, 50], [30, 179, 119, 165, 164, 77, 109, 39, 151, 2, 174, 173, 105], [141, 197, 198, 28, 156, 114, 37, 154, 58, 7, 84, 85, 170, 132, 35, 175], [188, 192, 184, 196, 136, 143, 91, 142, 127, 149, 27, 99], [1, 112, 61, 95, 162, 110, 25, 135, 92, 18, 45, 46], [57, 31, 52, 71, 80, 131, 190, 68, 90, 115, 53, 26, 169], [8, 128, 70, 12, 44, 160, 43, 199, 94, 122, 20, 88, 124], [17, 40, 9, 106, 126, 69, 134, 180, 19, 176], [138, 155, 103, 153, 13, 83, 78, 133, 38, 10], [147, 118, 146, 72, 75, 145, 107, 117, 76, 129, 34, 60], [16, 158, 152, 125, 81, 100, 32, 63, 66, 157], [102, 177, 11, 4, 62, 41, 65, 87, 47, 121, 120], [67, 74, 181, 55, 3, 168, 98, 171, 79, 29], [6, 178, 14, 187, 24, 96, 172, 48]]",false
52,438149,3314,Swap,CMT5.vrp,"[[21, 64, 86, 93, 194, 189, 148, 104, 59, 36, 167], [73, 144, 51, 123, 111, 150, 108, 130, 97, 49, 182], [186, 22, 185, 113, 42, 116, 23, 191, 89, 137, 183, 195, 159, 193], [54, 139, 82, 140, 166, 5, 15, 101, 33, 163, 56, 161, 50], [30, 179, 119, 165, 164, 77, 109, 39, 151, 2, 174, 173, 105], [141, 197, 198, 28, 156, 114, 37, 154, 58, 7, 84, 85, 170, 132, 35, 175], [188, 192, 184, 196, 136, 143, 91, 142, 127, 45, 27, 99], [1, 112, 61, 95, 162, 110, 25, 135, 92, 18, 149, 46], [57, 31, 52, 71, 80, 131, 190, 68, 90, 115, 53, 26, 169], [8, 128, 70, 12, 44, 160, 43, 199, 94, 122, 20, 88, 124], [17, 40, 9, 106, 126, 69, 134, 180, 19, 176], [138, 155, 103, 153, 13, 83, 78, 133, 38, 10], [147, 118, 146, 72, 75, 145, 107, 117, 76, 129, 34, 60], [16, 158, 152, 125, 81, 100, 32, 63, 66, 157], [102, 177, 11, 4, 62, 41, 65, 87, 47, 121, 120], [67, 74, 181, 55, 3, 168, 98, 171, 79, 29], [6, 178, 14, 187, 24, 96, 172, 48]]",false
53,444592,3294,Swap,CMT5.vrp,"[[21, 64, 86, 93, 194, 189, 148, 104, 59, 36, 167], [73, 144, 51, 123, 111, 150, 108, 130, 97, 49, 182], [186, 22, 185, 113, 42, 116, 23, 191, 89, 137, 183, 195, 159, 193], [54, 139, 82, 140, 166, 5, 15, 101, 33, 163, 56, 161, 50], [30, 179, 119, 165, 164, 77, 109, 39, 151, 2, 174, 173, 105], [141, 197, 198, 28, 156, 114, 37, 154, 58, 7, 84, 85, 170, 132, 35, 175], [188, 192, 184, 196, 136, 143, 91, 142, 127, 45, 27, 99], [1, 112, 61, 95, 162, 110, 25, 135, 92, 18, 149, 46], [57, 31, 52, 71, 80, 131, 190, 68, 90, 115, 53, 26, 169], [8, 128, 70, 12, 44, 160, 43, 199, 94, 122, 20, 88, 124], [17, 40, 9, 106, 129, 69, 134, 180, 19, 176], [138, 155, 103, 153, 13, 83, 78, 133, 38, 10], [147, 118, 146, 72, 75, 145, 107, 117, 76, 126, 34, 60], [16, 158, 152, 125, 81, 100, 32, 63, 66, 157], [102, 177, 11, 4, 62, 41, 65, 87, 47, 121, 120], [67, 74, 181, 55, 3, 168, 98, 171, 79, 29], [6, 178, 14, 187, 24, 96, 172, 48]]",false
54,451397,3262,Swap,CMT5.vrp,"[[21, 64, 86, 93, 194, 106, 148, 104, 59, 36, 167], [73, 144, 51, 123, 111, 150, 108, 130, 97, 49, 182], [186, 22, 185, 113, 42, 116, 23, 191, 89, 137, 183, 195, 159, 193], [54, 139, 82, 140, 166, 5, 15, 101, 33, 163, 56, 161, 50], [30, 179, 119, 165, 164, 77, 109, 39, 151, 2, 174, 173, 105], [141, 197, 198, 28, 156, 114, 37, 154, 58, 7, 84, 85, 170, 132, 35, 175], [188, 192, 184, 196, 136, 143, 91, 142, 127, 45, 27, 99], [1, 112, 61, 95, 162, 110, 25, 135, 92, 18, 149, 46], [57, 31, 52, 71, 80, 131, 190, 68, 90, 115, 53, 26, 169], [8, 128, 70, 12, 44, 160, 43, 199, 94, 122, 20, 88, 124], [17, 40, 9, 189, 129, 69, 134, 180, 19, 176], [138, 155, 103, 153, 13, 83, 78, 133, 38, 10], [147, 118, 146, 72, 75, 145, 107, 117, 76, 126, 34, 60], [16, 158, 152, 125, 81, 100, 32, 63, 66, 157], [102, 177, 11, 4, 62, 41, 65, 87, 47, 121, 120], [67, 74, 181, 55, 3, 168, 98, 171, 79, 29], [6, 178, 14, 187, 24, 96, 172, 48]]",false
55,456414,3236,Swap,CMT5.vrp,"[[21, 64, 86, 93, 194, 106, 144, 104, 59, 36, 167], [73, 148, 51, 123, 111, 150, 108, 130, 97, 49, 182], [186, 22, 185, 113, 42, 116, 23, 191, 89, 137, 183, 195, 159, 193], [54, 139, 82, 140, 166, 5, 15, 101, 33, 163, 56, 161, 50], [30, 179, 119, 165, 164, 77, 109, 39, 151, 2, 174, 173, 105], [141, 197, 198, 28, 156, 114, 37, 154, 58, 7, 84, 85, 170, 132, 35, 175], [188, 192, 184, 196, 136, 143, 91, 142, 127, 45, 27, 99], [1, 112, 61, 95, 162, 110, 25, 135, 92, 18, 149, 46], [57, 31, 52, 71, 80, 131, 190, 68, 90, 115, 53, 26, 169], [8, 128, 70, 12, 44, 160, 43, 199, 94, 122, 20, 88, 124], [17, 40, 9, 189, 129, 69, 134, 180, 19, 176], [138, 155, 103, 153, 13, 83, 78, 133, 38, 10], [147, 118, 146, 72, 75, 145, 107, 117, 76, 126, 34, 60], [16, 158, 152, 125, 81, 100, 32, 63, 66, 157], [102, 177, 11, 4, 62, 41, 65, 87, 47, 121, 120], [67, 74, 181, 55, 3, 168, 98, 171, 79, 29], [6, 178, 14, 187, 24, 96, 172, 48]]",false
56,461229,3209,Swap,CMT5.vrp,"[[21, 64, 86, 93, 194, 106, 144, 104, 59, 36, 167], [73, 148, 51, 123, 111, 150, 108, 130, 97, 49, 182], [186, 22, 185, 113, 42, 116, 23, 191, 89, 137, 183, 195, 159, 193], [54, 139, 82, 140, 166, 5, 15, 101, 33, 163, 56, 161, 50], [30, 179, 119, 165, 164, 77, 109, 39, 151, 2, 174, 173, 105], [141, 197, 198, 28, 156, 114, 37, 154, 58, 7, 84, 85, 170, 132, 35, 175], [188, 192, 184, 196, 136, 143, 91, 142, 127, 45, 27, 99], [1, 112, 61, 95, 162, 110, 25, 135, 92, 75, 149, 46], [57, 31, 52, 71, 80, 131, 190, 68, 90, 115, 53, 26, 169], [8, 128, 70, 12, 44, 160, 43, 199, 94, 122, 20, 88, 124], [17, 40, 9, 189, 129, 69, 134, 180, 19, 176], [138, 155, 103, 153, 13, 83, 78, 133, 38, 10], [147, 118, 146, 72, 18, 145, 107, 117, 76, 126, 34, 60], [16, 158, 152, 125, 81, 100, 32, 63, 66, 157], [102, 177, 11, 4, 62, 41, 65, 87, 47, 121, 120], [67, 74, 181, 55, 3, 168, 98, 171, 79, 29], [6, 178, 14, 187, 24, 96, 172, 48]]",false
57,466795,3186,Swap,CMT5.vrp,"[[21, 64, 86, 93, 194, 63, 144, 104, 59, 36, 167], [73, 148, 51, 123, 111, 150, 108, 130, 97, 49, 182], [186, 22, 185, 113, 42, 116, 23, 191, 89, 137, 183, 195, 159, 193], [54, 139, 82, 140, 166, 5, 15, 101, 33, 163, 56, 161, 50], [30, 179, 119, 165, 164, 77, 109, 39, 151, 2, 174, 173, 105], [141, 197, 198, 28, 156, 114, 37, 154, 58, 7, 84, 85, 170, 132, 35, 175], [188, 192, 184, 196, 136, 143, 91, 142, 127, 45, 27, 99], [1, 112, 61, 95, 162, 110, 25, 135, 92, 75, 149, 46], [57, 31, 52, 71, 80, 131, 190, 68, 90, 115, 53, 26, 169], [8, 128, 70, 12, 44, 160, 43, 199, 94, 122, 20, 88, 124], [17, 40, 9, 189, 129, 69, 134, 180, 19, 176], [138, 155, 103, 153, 13, 83, 78, 133, 38, 10], [147, 118, 146, 72, 18, 145, 107, 117, 76, 126, 34, 60], [16, 158, 152, 125, 81, 100, 32, 106, 66, 157], [102, 177, 11, 4, 62, 41, 65, 87, 47, 121, 120], [67, 74, 181, 55, 3, 168, 98, 171, 79, 29], [6, 178, 14, 187, 24, 96, 172, 48]]",false
58,470135,3168,Swap,CMT5.vrp,"[[21, 64, 86, 93, 194, 63, 144, 104, 59, 36, 167], [73, 148, 51, 123, 111, 150, 108, 130, 97, 49, 182], [186, 22, 185, 113, 42, 116, 23, 191, 89, 137, 183, 195, 159, 193], [54, 139, 82, 140, 166, 5, 15, 101, 33, 163, 56, 161, 50], [30, 179, 119, 165, 164, 77, 109, 39, 151, 2, 174, 173, 105], [141, 197, 198, 28, 156, 114, 37, 154, 58, 14, 84, 85, 170, 132, 35, 175], [188, 192, 184, 196, 136, 143, 91, 142, 127, 45, 27, 99], [1, 112, 61, 95, 162, 110, 25, 135, 92, 75, 149, 46], [57, 31, 52, 71, 80, 131, 190, 68, 90, 115, 53, 26, 169], [8, 128, 70, 12, 44, 160, 43, 199, 94, 122, 20, 88, 124], [17, 40, 9, 189, 129, 69, 134, 180, 19, 176], [138, 155, 103, 153, 13, 83, 78, 133, 38, 10], [147, 118, 146, 72, 18, 145, 107, 117, 76, 126, 34, 60], [16, 158, 152, 125, 81, 100, 32, 106, 66, 157], [102, 177, 11, 4, 62, 41, 65, 87, 47, 121, 120], [67, 74, 181, 55, 3, 168, 98, 171, 79, 29], [6, 178, 7, 187, 24, 96, 172, 48]]",false
59,472809,3144,Swap,CMT5.vrp,"[[21, 64, 86, 93, 194, 63, 144, 104, 59, 36, 167], [73, 148, 51, 58, 111, 150, 108, 130, 97, 49, 182], [186, 22, 185, 113, 42, 116, 23, 191, 89, 137, 183, 195, 159, 193], [54, 139, 82, 140, 166, 5, 15, 101, 33, 163, 56, 161, 50], [30, 179, 119, 165, 164, 77, 109, 39, 151, 2, 174, 173, 105], [141, 197, 198, 28, 156, 114, 37, 154, 123, 14, 84, 85, 170, 132, 35, 175], [188, 192, 184, 196, 136, 143, 91, 142, 127, 45, 27, 99], [1, 112, 61, 95, 162, 110, 25, 135, 92, 75, 149, 46], [57, 31, 52, 71, 80, 131, 190, 68, 90, 115, 53, 26, 169], [8, 128, 70, 12, 44, 160, 43, 199, 94, 122, 20, 88, 124], [17, 40, 9, 189, 129, 69, 134, 180, 19, 176], [138, 155, 103, 153, 13, 83, 78, 133, 38, 10], [147, 118, 146, 72, 18, 145, 107, 117, 76, 126, 34, 60], [16, 158, 152, 125, 81, 100, 32, 106, 66, 157], [102, 177, 11, 4, 62, 41, 65, 87, 47, 121, 120], [67, 74, 181, 55, 3, 168, 98, 171, 79, 29], [6, 178, 7, 187, 24, 96, 172, 48]]",false
60,475495,3127,Swap,CMT5.vrp,"[[21, 64, 86, 93, 194, 63, 144, 104, 59, 36, 167], [73, 148, 51, 58, 111, 150, 108, 130, 97, 49, 182], [186, 22, 185, 113, 42, 116, 23, 191, 89, 137, 41, 195, 159, 193], [54, 139, 82, 140, 166, 5, 15, 101, 33, 163, 56, 161, 50], [30, 179, 119, 165, 164, 77, 109, 39, 151, 2, 174, 173, 105], [141, 197, 198, 28, 156, 114, 37, 154, 123, 14, 84, 85, 170, 132, 35, 175], [188, 192, 184, 196, 136, 143, 91, 142, 127, 45, 27, 99], [1, 112, 61, 95, 162, 110, 25, 135, 92, 75, 149, 46], [57, 31, 52, 71, 80, 131, 190, 68, 90, 115, 53, 26, 169], [8, 128, 70, 12, 44, 160, 43, 199, 94, 122, 20, 88, 124], [17, 40, 9, 189, 129, 69, 134, 180, 19, 176], [138, 155, 103, 153, 13, 83, 78, 133, 38, 10], [147, 118, 146, 72, 18, 145, 107, 117, 76, 126, 34, 60], [16, 158, 152, 125, 81, 100, 32, 106, 66, 157], [102, 177, 11, 4, 62, 183, 65, 87, 47, 121, 120], [67, 74, 181, 55, 3, 168, 98, 171, 79, 29], [6, 178, 7, 187, 24, 96, 172, 48]]",false
61,478907,3107,Swap,CMT5.vrp,"[[21, 64, 86, 93, 194, 63, 144, 104, 59, 36, 167], [73, 148, 51, 58, 111, 150, 108, 130, 97, 49, 182], [186, 22, 185, 113, 42, 116, 23, 191, 89, 137, 41, 195, 159, 193], [54, 139, 82, 140, 166, 5, 15, 101, 33, 163, 56, 161, 50], [30, 179, 119, 165, 164, 77, 109, 39, 151, 2, 174, 173, 105], [141, 197, 198, 28, 156, 114, 37, 154, 123, 14, 84, 85, 170, 132, 35, 175], [188, 192, 184, 196, 136, 143, 91, 142, 127, 45, 27, 99], [1, 112, 61, 95, 162, 110, 25, 135, 92, 75, 149, 46], [57, 31, 52, 71, 80, 131, 190, 68, 90, 115, 53, 26, 169], [8, 128, 70, 12, 44, 160, 43, 199, 94, 122, 20, 88, 124], [17, 40, 9, 189, 129, 69, 134, 180, 19, 176], [138, 155, 103, 153, 13, 83, 78, 133, 38, 10], [147, 118, 146, 72, 18, 145, 107, 117, 76, 126, 34, 60], [16, 158, 152, 125, 81, 100, 32, 106, 66, 157], [102, 177, 11, 4, 62, 183, 6, 87, 47, 121, 120], [67, 74, 181, 55, 3, 168, 98, 171, 79, 29], [65, 178, 7, 187, 24, 96, 172, 48]]",false
62,484356,3090,Swap,CMT5.vrp,"[[21, 64, 86, 93, 194, 63, 144, 104, 59, 36, 167], [73, 148, 51, 58, 111, 150, 108, 130, 97, 49, 182], [186, 22, 185, 113, 42, 116, 23, 191, 89, 137, 41, 195, 159, 193], [54, 139, 82, 140, 166, 5, 15, 101, 33, 163, 56, 161, 50], [30, 179, 119, 165, 164, 77, 109, 39, 151, 2, 174, 173, 172], [141, 197, 198, 28, 156, 114, 37, 154, 123, 14, 84, 85, 170, 132, 35, 175], [188, 192, 184, 196, 136, 143, 91, 142, 127, 45, 27, 99], [1, 112, 61, 95, 162, 110, 25, 135, 92, 75, 149, 46], [57, 31, 52, 71, 80, 131, 190, 68, 90, 115, 53, 26, 169], [8, 128, 70, 12, 44, 160, 43, 199, 94, 122, 20, 88, 124], [17, 40, 9, 189, 129, 69, 134, 180, 19, 176], [138, 155, 103, 153, 13, 83, 78, 133, 38, 10], [147, 118, 146, 72, 18, 145, 107, 117, 76, 126, 34, 60], [16, 158, 152, 125, 81, 100, 32, 106, 66, 157], [102, 177, 11, 4, 62, 183, 6, 87, 47, 121, 120], [67, 74, 181, 55, 3, 168, 98, 171, 79, 29], [65, 178, 7, 187, 24, 96, 105, 48]]",false
63,488932,3068,Swap,CMT5.vrp,"[[21, 64, 86, 93, 194, 63, 144, 104, 59, 36, 167], [73, 148, 51, 58, 111, 150, 108, 130, 97, 49, 182], [186, 22, 185, 113, 42, 116, 23, 191, 89, 137, 41, 195, 159, 193], [54, 139, 82, 140, 166, 5, 15, 101, 33, 163, 56, 161, 50], [30, 179, 119, 165, 164, 77, 109, 39, 151, 48, 174, 173, 172], [141, 197, 198, 28, 156, 114, 37, 154, 123, 14, 84, 85, 170, 132, 35, 175], [188, 192, 184, 196, 136, 143, 91, 142, 127, 45, 27, 99], [1, 112, 61, 95, 162, 110, 25, 135, 92, 75, 149, 46], [57, 31, 52, 71, 80, 131, 190, 68, 90, 115, 53, 26, 169], [8, 128, 70, 12, 44, 160, 43, 199, 94, 122, 20, 88, 124], [17, 40, 9, 189, 129, 69, 134, 180, 19, 176], [138, 155, 103, 153, 13, 83, 78, 133, 38, 10], [147, 118, 146, 72, 18, 145, 107, 117, 76, 126, 34, 60], [16, 158, 152, 125, 81, 100, 32, 106, 66, 157], [102, 177, 11, 4, 62, 183, 6, 87, 47, 121, 120], [67, 74, 181, 55, 3, 168, 98, 171, 79, 29], [65, 178, 7, 187, 24, 96, 105, 2]]",false
64,492244,3054,Swap,CMT5.vrp,"[[21, 64, 86, 93, 194, 63, 144, 104, 59, 36, 167], [73, 148, 51, 58, 111, 150, 108, 130, 97, 49, 182], [186, 22, 185, 113, 42, 116, 23, 191, 89, 137, 41, 195, 159, 193], [54, 139, 82, 140, 166, 5, 15, 101, 33, 163, 56, 161, 50], [30, 179, 119, 165, 164, 77, 109, 39, 151, 48, 174, 173, 172], [141, 197, 198, 28, 156, 114, 37, 154, 123, 14, 84, 85, 170, 132, 35, 175], [188, 192, 184, 196, 136, 143, 91, 142, 127, 45, 27, 99], [1, 112, 61, 95, 162, 110, 25, 135, 92, 75, 149, 46], [57, 31, 52, 71, 80, 131, 190, 68, 90, 115, 53, 26, 169], [8, 128, 70, 12, 44, 160, 43, 199, 94, 122, 20, 88, 124], [17, 40, 9, 189, 129, 69, 134, 133, 19, 176], [138, 155, 103, 153, 13, 83, 78, 180, 38, 10], [147, 118, 146, 72, 18, 145, 107, 117, 76, 126, 34, 60], [16, 158, 152, 125, 81, 100, 32, 106, 66, 157], [102, 177, 11, 4, 62, 183, 6, 87, 47, 121, 120], [67, 74, 181, 55, 3, 168, 98, 171, 79, 29], [65, 178, 7, 187, 24, 96, 105, 2]]",false
65,496310,3038,Swap,CMT5.vrp,"[[21, 64, 86, 93, 194, 63, 144, 104, 59, 36, 167], [73, 148, 51, 58, 111, 150, 108, 130, 97, 49, 182], [186, 22, 185, 113, 42, 116, 23, 191, 89, 137, 41, 195, 159, 193], [54, 139, 82, 140, 166, 5, 15, 101, 33, 163, 56, 161, 50], [30, 179, 119, 165, 164, 77, 109, 39, 151, 48, 174, 173, 172], [141, 197, 198, 28, 156, 114, 37, 154, 123, 14, 84, 85, 170, 132, 35, 175], [188, 192, 184, 196, 136, 143, 91, 142, 127, 45, 27, 99], [1, 112, 61, 95, 162, 110, 25, 135, 92, 75, 149, 46], [57, 31, 52, 71, 80, 131, 190, 68, 90, 115, 53, 26, 169], [8, 128, 70, 12, 44, 160, 43, 199, 94, 122, 20, 88, 124], [17, 40, 9, 189, 129, 11, 134, 133, 19, 176], [138, 155, 103, 153, 13, 83, 78, 180, 38, 10], [147, 118, 146, 72, 18, 145, 107, 117, 76, 126, 34, 60], [16, 158, 152, 125, 81, 100, 32, 106, 66, 157], [102, 177, 69, 4, 62, 183, 6, 87, 47, 121, 120], [67, 74, 181, 55, 3, 168, 98, 171, 79, 29], [65, 178, 7, 187, 24, 96, 105, 2]]",false
66,501260,3021,Swap,CMT5.vrp,"[[21, 64, 86, 93, 194, 63, 144, 104, 59, 36, 167], [73, 148, 51, 58, 111, 150, 108, 130, 97, 49, 182], [186, 22, 185, 113, 42, 116, 23, 191, 89, 137, 41, 195, 159, 193], [54, 139, 82, 140, 166, 5, 15, 101, 33, 163, 56, 161, 50], [30, 179, 119, 165, 164, 77, 109, 39, 151, 48, 174, 173, 172], [141, 197, 198, 28, 156, 114, 37, 154, 123, 14, 84, 85, 170, 132, 35, 175], [188, 192, 184, 196, 136, 143, 91, 142, 127, 45, 27, 99], [1, 112, 61, 95, 162, 110, 25, 135, 92, 75, 149, 46], [57, 31, 129, 71, 80, 131, 190, 68, 90, 115, 53, 26, 169], [8, 128, 70, 12, 44, 160, 43, 199, 94, 122, 20, 88, 124], [17, 40, 9, 189, 52, 11, 134, 133, 19, 176], [138, 155, 103, 153, 13, 83, 78, 180, 38, 10], [147, 118, 146, 72, 18, 145, 107, 117, 76, 126, 34, 60], [16, 158, 152, 125, 81, 100, 32, 106, 66, 157], [102, 177, 69, 4, 62, 183, 6, 87, 47, 121, 120], [67, 74, 181, 55, 3, 168, 98, 171, 79, 29], [65, 178, 7, 187, 24, 96, 105, 2]]",false
67,504713,3006,Swap,CMT5.vrp,"[[21, 64, 86, 93, 194, 63, 144, 104, 59, 36, 167], [73, 148, 51, 58, 111, 150, 108, 130, 97, 49, 182], [186, 22, 185, 113, 42, 116, 23, 191, 89, 137, 41, 195, 159, 193], [54, 139, 82, 140, 166, 5, 15, 101, 33, 163, 56, 161, 50], [87, 179, 119, 165, 164, 77, 109, 39, 151, 48, 174, 173, 172], [141, 197, 198, 28, 156, 114, 37, 154, 123, 14, 84, 85, 170, 132, 35, 175], [188, 192, 184, 196, 136, 143, 91, 142, 127, 45, 27, 99], [1, 112, 61, 95, 162, 110, 25, 135, 92, 75, 149, 46], [57, 31, 129, 71, 80, 131, 190, 68, 90, 115, 53, 26, 169], [8, 128, 70, 12, 44, 160, 43, 199, 94, 122, 20, 88, 124], [17, 40, 9, 189, 52, 11, 134, 133, 19, 176], [138, 155, 103, 153, 13, 83, 78, 180, 38, 10], [147, 118, 146, 72, 18, 145, 107, 117, 76, 126, 34, 60], [16, 158, 152, 125, 81, 100, 32, 106, 66, 157], [102, 177, 69, 4, 62, 183, 6, 30, 47, 121, 120], [67, 74, 181, 55, 3, 168, 98, 171, 79, 29], [65, 178, 7, 187, 24, 96, 105, 2]]",false
68,508991,2992,Swap,CMT5.vrp,"[[21, 64, 86, 93, 194, 63, 144, 104, 59, 36, 167], [73, 148, 51, 58, 111, 150, 108, 130, 97, 49, 182], [186, 22, 185, 113, 42, 116, 23, 191, 89, 137, 41, 195, 159, 193], [54, 139, 82, 140, 166, 5, 15, 101, 33, 163, 56, 161, 50], [87, 179, 119, 165, 164, 77, 109, 39, 151, 48, 174, 173, 172], [141, 197, 198, 28, 156, 114, 37, 154, 123, 14, 84, 85, 170, 132, 35, 175], [188, 192, 184, 196, 136, 143, 91, 142, 127, 45, 27, 99], [6, 112, 61, 95, 162, 110, 25, 135, 92, 75, 149, 46], [57, 31, 129, 71, 80, 131, 190, 68, 90, 115, 53, 26, 169], [8, 128, 70, 12, 44, 160, 43, 199, 94, 122, 20, 88, 124], [17, 40, 9, 189, 52, 11, 134, 133, 19, 176], [138, 155, 103, 153, 13, 83, 78, 180, 38, 10], [147, 118, 146, 72, 18, 145, 107, 117, 76, 126, 34, 60], [16, 158, 152, 125, 81, 100, 32, 106, 66, 157], [102, 177, 69, 4, 62, 183, 1, 30, 47, 121, 120], [67, 74, 181, 55, 3, 168, 98, 171, 79, 29], [65, 178, 7, 187, 24, 96, 105, 2]]",false
69,512264,2979,Swap,CMT5.vrp,"[[21, 64, 86, 93, 194, 63, 144, 104, 59, 36, 167], [73, 148, 51, 58, 111, 150, 108, 130, 97, 49, 182], [186, 22, 185, 113, 42, 116, 23, 191, 89, 137, 41, 195, 159, 16], [54, 139, 82, 140, 166, 5, 15, 101, 33, 163, 56, 161, 50], [87, 179, 119, 165, 164, 77, 109, 39, 151, 48, 174, 173, 172], [141, 197, 198, 28, 156, 114, 37, 154, 123, 14, 84, 85, 170, 132, 35, 175], [188, 192, 184, 196, 136, 143, 91, 142, 127, 45, 27, 99], [6, 112, 61, 95, 162, 110, 25, 135, 92, 75, 149, 46], [57, 31, 129, 71, 80, 131, 190, 68, 90, 115, 53, 26, 169], [8, 128, 70, 12, 44, 160, 43, 199, 94, 122, 20, 88, 124], [17, 40, 9, 189, 52, 11, 134, 133, 19, 176], [138, 155, 103, 153, 13, 83, 78, 180, 38, 10], [147, 118, 146, 72, 18, 145, 107, 117, 76, 126, 34, 60], [193, 158, 152, 125, 81, 100, 32, 106, 66, 157], [102, 177, 69, 4, 62, 183, 1, 30, 47, 121, 120], [67, 74, 181, 55, 3, 168, 98, 171, 79, 29], [65, 178, 7, 187, 24, 96, 105, 2]]",false
70,517487,2966,Swap,CMT5.vrp,"[[21, 64, 86, 93, 194, 63, 144, 104, 59, 36, 167], [73, 148, 51, 58, 111, 150, 108, 130, 97, 49, 182], [186, 22, 185, 113, 42, 116, 23, 191, 89, 137, 41, 195, 159, 16], [54, 139, 82, 140, 166, 5, 15, 101, 33, 163, 56, 161, 50], [87, 179, 119, 165, 164, 77, 109, 39, 151, 48, 174, 173, 172], [141, 197, 198, 28, 156, 114, 37, 154, 123, 14, 84, 85, 170, 132, 35, 175], [188, 192, 184, 196, 136, 143, 91, 142, 127, 45, 27, 99], [6, 112, 61, 95, 162, 110, 25, 135, 92, 75, 149, 46], [57, 31, 129, 71, 80, 131, 190, 68, 90, 115, 53, 26, 169], [8, 128, 70, 12, 44, 160, 43, 199, 94, 122, 20, 88, 124], [17, 40, 9, 189, 52, 11, 134, 133, 19, 176], [138, 155, 103, 153, 13, 83, 78, 180, 38, 10], [147, 118, 146, 72, 18, 145, 107, 117, 76, 126, 34, 60], [193, 158, 152, 125, 81, 100, 32, 106, 66, 157], [102, 177, 69, 4, 62, 183, 1, 171, 47, 121, 120], [67, 74, 181, 55, 3, 168, 98, 30, 79, 29], [65, 178, 7, 187, 24, 96, 105, 2]]",false
71,521329,2952,Swap,CMT5.vrp,"[[21, 64, 86, 93, 194, 63, 144, 104, 59, 36, 167], [73, 148, 51, 58, 111, 150, 108, 130, 97, 49, 182], [186, 22, 185, 113, 42, 116, 23, 191, 89, 137, 41, 195, 159, 16], [54, 139, 82, 140, 166, 5, 15, 101, 33, 163, 56, 161, 50], [87, 179, 119, 165, 164, 77, 109, 39, 151, 48, 174, 173, 172], [141, 197, 198, 28, 156, 114, 37, 154, 123, 14, 84, 85, 170, 132, 35, 175], [188, 192, 184, 196, 136, 143, 91, 142, 127, 45, 27, 99], [6, 112, 61, 95, 162, 110, 25, 135, 92, 75, 149, 46], [57, 31, 129, 71, 80, 131, 190, 68, 90, 115, 53, 26, 169], [8, 128, 70, 12, 44, 160, 43, 199, 94, 122, 20, 88, 124], [17, 40, 9, 189, 52, 11, 134, 133, 19, 176], [138, 155, 103, 153, 13, 83, 78, 180, 38, 10], [147, 118, 146, 72, 18, 145, 107, 117, 76, 126, 34, 60], [193, 158, 152, 168, 81, 100, 32, 106, 66, 157], [102, 177, 69, 4, 62, 183, 1, 171, 47, 121, 120], [67, 74, 181, 55, 3, 125, 98, 30, 79, 29], [65, 178, 7, 187, 24, 96, 105, 2]]",false
72,524601,2939,Swap,CMT5.vrp,"[[21, 64, 86, 93, 194, 63, 144, 104, 59, 36, 167], [73, 148, 51, 58, 111, 150, 108, 130, 97, 49, 182], [186, 22, 185, 113, 42, 116, 23, 183, 89, 137, 41, 195, 159, 16], [54, 139, 82, 140, 166, 5, 15, 101, 33, 163, 56, 161, 50], [87, 179, 119, 165, 164, 77, 109, 39, 151, 48, 174, 173, 172], [141, 197, 198, 28, 156, 114, 37, 154, 123, 14, 84, 85, 170, 132, 35, 175], [188, 192, 184, 196, 136, 143, 91, 142, 127, 45, 27, 99], [6, 112, 61, 95, 162, 110, 25, 135, 92, 75, 149, 46], [57, 31, 129, 71, 80, 131, 190, 68, 90, 115, 53, 26, 169], [8, 128, 70, 12, 44, 160, 43, 199, 94, 122, 20, 88, 124], [17, 40, 9, 189, 52, 11, 134, 133, 19, 176], [138, 155, 103, 153, 13, 83, 78, 180, 38, 10], [147, 118, 146, 72, 18, 145, 107, 117, 76, 126, 34, 60], [193, 158, 152, 168, 81, 100, 32, 106, 66, 157], [102, 177, 69, 4, 62, 191, 1, 171, 47, 121, 120], [67, 74, 181, 55, 3, 125, 98, 30, 79, 29], [65, 178, 7, 187, 24, 96, 105, 2]]",false
73,527802,2927,Swap,CMT5.vrp,"[[21, 64, 86, 93, 194, 63, 144, 104, 59, 36, 167], [73, 148, 51, 58, 111, 150, 108, 130, 97, 49, 182], [186, 22, 185, 113, 42, 116, 23, 183, 89, 137, 41, 195, 159, 16], [54, 139, 82, 140, 166, 5, 15, 101, 33, 163, 56, 161, 50], [87, 179, 119, 165, 164, 77, 109, 39, 151, 48, 174, 173, 172], [141, 197, 198, 28, 156, 114, 37, 154, 123, 14, 84, 85, 170, 132, 35, 175], [188, 192, 184, 196, 136, 143, 91, 142, 127, 45, 27, 99], [6, 112, 61, 95, 162, 110, 25, 135, 92, 75, 149, 46], [57, 31, 129, 71, 80, 131, 190, 68, 90, 115, 53, 26, 169], [8, 128, 70, 12, 44, 160, 43, 199, 94, 122, 20, 88, 124], [17, 40, 9, 189, 52, 11, 134, 133, 19, 176], [138, 155, 103, 153, 13, 83, 78, 180, 38, 10], [147, 118, 146, 72, 18, 145, 107, 117, 76, 126, 34, 60], [193, 158, 152, 168, 81, 100, 32, 106, 66, 157], [102, 177, 69, 4, 96, 191, 1, 171, 47, 121, 120], [67, 74, 181, 55, 3, 125, 98, 30, 79, 29], [65, 178, 7, 187, 24, 62, 105, 2]]",false
74,531667,2915,Swap,CMT5.vrp,"[[21, 64, 86, 93, 194, 63, 144, 104, 59, 36, 167], [73, 148, 51, 58, 111, 150, 108, 130, 97, 49, 182], [186, 22, 185, 113, 42, 116, 23, 183, 89, 137, 41, 195, 159, 16], [54, 139, 82, 140, 166, 5, 15, 101, 33, 163, 56, 161, 50], [87, 179, 119, 165, 164, 77, 109, 39, 151, 48, 174, 173, 172], [141, 197, 198, 28, 156, 114, 37, 154, 123, 14, 84, 85, 170, 132, 35, 175], [188, 192, 184, 196, 136, 143, 91, 142, 127, 45, 27, 99], [6, 112, 61, 169, 162, 110, 25, 135, 92, 75, 149, 46], [57, 31, 129, 71, 80, 131, 190, 68, 90, 115, 53, 26, 95], [8, 128, 70, 12, 44, 160, 43, 199, 94, 122, 20, 88, 124], [17, 40, 9, 189, 52, 11, 134, 133, 19, 176], [138, 155, 103, 153, 13, 83, 78, 180, 38, 10], [147, 118, 146, 72, 18, 145, 107, 117, 76, 126, 34, 60], [193, 158, 152, 168, 81, 100, 32, 106, 66, 157], [102, 177, 69, 4, 96, 191, 1, 171, 47, 121, 120], [67, 74, 181, 55, 3, 125, 98, 30, 79, 29], [65, 178, 7, 187, 24, 62, 105, 2]]",false
75,536769,2895,Swap,CMT5.vrp,"[[21, 64, 86, 93, 194, 63, 144, 104, 59, 36, 167], [73, 148, 51, 58, 111, 150, 108, 130, 97, 49, 182], [186, 22, 185, 113, 42, 116, 23, 183, 89, 137, 41, 195, 159, 16], [54, 139, 82, 140, 166, 5, 15, 101, 33, 163, 56, 161, 50], [87, 179, 119, 165, 164, 77, 109, 39, 26, 48, 174, 173, 172], [141, 197, 198, 28, 156, 114, 37, 154, 123, 14, 84, 85, 170, 132, 35, 175], [188, 192, 184, 196, 136, 143, 91, 142, 127, 45, 27, 99], [6, 112, 61, 169, 162, 110, 25, 135, 92, 75, 149, 46], [57, 31, 129, 71, 80, 131, 190, 68, 90, 115, 53, 151, 95], [8, 128, 70, 12, 44, 160, 43, 199, 94, 122, 20, 88, 124], [17, 40, 9, 189, 52, 11, 134, 133, 19, 176], [138, 155, 103, 153, 13, 83, 78, 180, 38, 10], [147, 118, 146, 72, 18, 145, 107, 117, 76, 126, 34, 60], [193, 158, 152, 168, 81, 100, 32, 106, 66, 157], [102, 177, 69, 4, 96, 191, 1, 171, 47, 121, 120], [67, 74, 181, 55, 3, 125, 98, 30, 79, 29], [65, 178, 7, 187, 24, 62, 105, 2]]",false
76,542243,2884,Swap,CMT5.vrp,"[[21, 64, 86, 93, 194, 63, 144, 104, 59, 36, 167], [73, 148, 51, 58, 111, 150, 108, 130, 97, 49, 182], [186, 22, 185, 113, 42, 116, 23, 183, 89, 137, 41, 195, 159, 16], [54, 139, 82, 140, 166, 5, 15, 101, 33, 163, 56, 161, 50], [87, 179, 119, 165, 164, 77, 109, 39, 26, 48, 174, 173, 172], [141, 197, 198, 28, 156, 114, 37, 154, 123, 14, 84, 85, 170, 132, 35, 175], [188, 192, 184, 196, 136, 143, 91, 142, 127, 45, 27, 99], [6, 112, 61, 169, 162, 110, 25, 135, 92, 75, 149, 46], [57, 31, 129, 71, 80, 131, 190, 68, 90, 115, 53, 151, 95], [8, 128, 70, 12, 44, 160, 43, 199, 94, 122, 20, 88, 124], [17, 40, 9, 189, 52, 11, 134, 133, 19, 176], [138, 155, 103, 153, 13, 83, 78, 180, 38, 10], [147, 118, 146, 72, 18, 145, 107, 117, 76, 126, 34, 60], [193, 158, 152, 168, 81, 100, 32, 106, 66, 157], [102, 177, 69, 4, 2, 191, 1, 171, 47, 121, 120], [67, 74, 181, 55, 3, 125, 98, 30, 79, 29], [65, 178, 7, 187, 24, 62, 105, 96]]",false
77,547639,2872,Swap,CMT5.vrp,"[[21, 64, 86, 93, 194, 63, 144, 104, 59, 36, 167], [118, 148, 51, 58, 111, 150, 108, 130, 97, 49, 182], [186, 22, 185, 113, 42, 116, 23, 183, 89, 137, 41, 195, 159, 16], [54, 139, 82, 140, 166, 5, 15, 101, 33, 163, 56, 161, 50], [87, 179, 119, 165, 164, 77, 109, 39, 26, 48, 174, 173, 172], [141, 197, 198, 28, 156, 114, 37, 154, 123, 14, 84, 85, 170, 132, 35, 175], [188, 192, 184, 196, 136, 143, 91, 142, 127, 45, 27, 99], [6, 112, 61, 169, 162, 110, 25, 135, 92, 75, 149, 46], [57, 31, 129, 71, 80, 131, 190, 68, 90, 115, 53, 151, 95], [8, 128, 70, 12, 44, 160, 43, 199, 94, 122, 20, 88, 124], [17, 40, 9, 189, 52, 11, 134, 133, 19, 176], [138, 155, 103, 153, 13, 83, 78, 180, 38, 10], [147, 73, 146, 72, 18, 145, 107, 117, 76, 126, 34, 60], [193, 158, 152, 168, 81, 100, 32, 106, 66, 157], [102, 177, 69, 4, 2, 191, 1, 171, 47, 121, 120], [67, 74, 181, 55, 3, 125, 98, 30, 79, 29], [65, 178, 7, 187, 24, 62, 105, 96]]",false
78,552763,2856,Swap,CMT5.vrp,"[[21, 64, 86, 93, 194, 63, 144, 104, 59, 36, 167], [118, 75, 51, 58, 111, 150, 108, 130, 97, 49, 182], [186, 22, 185, 113, 42, 116, 23, 183, 89, 137, 41, 195, 159, 16], [54, 139, 82, 140, 166, 5, 15, 101, 33, 163, 56, 161, 50], [87, 179, 119, 165, 164, 77, 109, 39, 26, 48, 174, 173, 172], [141, 197, 198, 28, 156, 114, 37, 154, 123, 14, 84, 85, 170, 132, 35, 175], [188, 192, 184, 196, 136, 143, 91, 142, 127, 45, 27, 99], [6, 112, 61, 169, 162, 110, 25, 135, 92, 148, 149, 46], [57, 31, 129, 71, 80, 131, 190, 68, 90, 115, 53, 151, 95], [8, 128, 70, 12, 44, 160, 43, 199, 94, 122, 20, 88, 124], [17, 40, 9, 189, 52, 11, 134, 133, 19, 176], [138, 155, 103, 153, 13, 83, 78, 180, 38, 10], [147, 73, 146, 72, 18, 145, 107, 117, 76, 126, 34, 60], [193, 158, 152, 168, 81, 100, 32, 106, 66, 157], [102, 177, 69, 4, 2, 191, 1, 171, 47, 121, 120], [67, 74, 181, 55, 3, 125, 98, 30, 79, 29], [65, 178, 7, 187, 24, 62, 105, 96]]",false
79,556118,2845,Swap,CMT5.vrp,"[[21, 64, 86, 93, 194, 63, 144, 104, 59, 36, 167], [118, 169, 51, 58, 111, 150, 108, 130, 97, 49, 182], [186, 22, 185, 113, 42, 116, 23, 183, 89, 137, 41, 195, 159, 16], [54, 139, 82, 140, 166, 5, 15, 101, 33, 163, 56, 161, 50], [87, 179, 119, 165, 164, 77, 109, 39, 26, 48, 174, 173, 172], [141, 197, 198, 28, 156, 114, 37, 154, 123, 14, 84, 85, 170, 132, 35, 175], [188, 192, 184, 196, 136, 143, 91, 142, 127, 45, 27, 99], [6, 112, 61, 75, 162, 110, 25, 135, 92, 148, 149, 46], [57, 31, 129, 71, 80, 131, 190, 68, 90, 115, 53, 151, 95], [8, 128, 70, 12, 44, 160, 43, 199, 94, 122, 20, 88, 124], [17, 40, 9, 189, 52, 11, 134, 133, 19, 176], [138, 155, 103, 153, 13, 83, 78, 180, 38, 10], [147, 73, 146, 72, 18, 145, 107, 117, 76, 126, 34, 60], [193, 158, 152, 168, 81, 100, 32, 106, 66, 157], [102, 177, 69, 4, 2, 191, 1, 171, 47, 121, 120], [67, 74, 181, 55, 3, 125, 98, 30, 79, 29], [65, 178, 7, 187, 24, 62, 105, 96]]",false
80,558731,2827,Swap,CMT5.vrp,"[[21, 64, 86, 93, 194, 63, 144, 104, 59, 36, 167], [100, 169, 51, 58, 111, 150, 108, 130, 97, 49, 182], [186, 22, 185, 113, 42, 116, 23, 183, 89, 137, 41, 195, 159, 16], [54, 139, 82, 140, 166, 5, 15, 101, 33, 163, 56, 161, 50], [87, 179, 119, 165, 164, 77, 109, 39, 26, 48, 174, 173, 172], [141, 197, 198, 28, 156, 114, 37, 154, 123, 14, 84, 85, 170, 132, 35, 175], [188, 192, 184, 196, 136, 143, 91, 142, 127, 45, 27, 99], [6, 112, 61, 75, 162, 110, 25, 135, 92, 148, 149, 46], [57, 31, 129, 71, 80, 131, 190, 68, 90, 115, 53, 151, 95], [8, 128, 70, 12, 44, 160, 43, 199, 94, 122, 20, 88, 124], [17, 40, 9, 189, 52, 11, 134, 133, 19, 176], [138, 155, 103, 153, 13, 83, 78, 180, 38, 10], [147, 73, 146, 72, 18, 145, 107, 117, 76, 126, 34, 60], [193, 158, 152, 168, 81, 118, 32, 106, 66, 157], [102, 177, 69, 4, 2, 191, 1, 171, 47, 121, 120], [67, 74, 181, 55, 3, 125, 98, 30, 79, 29], [65, 178, 7, 187, 24, 62, 105, 96]]",false
81,561994,2814,Swap,CMT5.vrp,"[[21, 64, 86, 93, 194, 63, 144, 104, 59, 36, 167], [100, 149, 51, 58, 111, 150, 108, 130, 97, 49, 182], [186, 22, 185, 113, 42, 116, 23, 183, 89, 137, 41, 195, 159, 16], [54, 139, 82, 140, 166, 5, 15, 101, 33, 163, 56, 161, 50], [87, 179, 119, 165, 164, 77, 109, 39, 26, 48, 174, 173, 172], [141, 197, 198, 28, 156, 114, 37, 154, 123, 14, 84, 85, 170, 132, 35, 175], [188, 192, 184, 196, 136, 143, 91, 142, 127, 45, 27, 99], [6, 112, 61, 75, 162, 110, 25, 135, 92, 148, 169, 46], [57, 31, 129, 71, 80, 131, 190, 68, 90, 115, 53, 151, 95], [8, 128, 70, 12, 44, 160, 43, 199, 94, 122, 20, 88, 124], [17, 40, 9, 189, 52, 11, 134, 133, 19, 176], [138, 155, 103, 153, 13, 83, 78, 180, 38, 10], [147, 73, 146, 72, 18, 145, 107, 117, 76, 126, 34, 60], [193, 158, 152, 168, 81, 118, 32, 106, 66, 157], [102, 177, 69, 4, 2, 191, 1, 171, 47, 121, 120], [67, 74, 181, 55, 3, 125, 98, 30, 79, 29], [65, 178, 7, 187, 24, 62, 105, 96]]",false
82,567446,2803,Swap,CMT5.vrp,"[[21, 64, 86, 93, 194, 63, 144, 104, 59, 36, 167], [46, 149, 51, 58, 111, 150, 108, 130, 97, 49, 182], [186, 22, 185, 113, 42, 116, 23, 183, 89, 137, 41, 195, 159, 16], [54, 139, 82, 140, 166, 5, 15, 101, 33, 163, 56, 161, 50], [87, 179, 119, 165, 164, 77, 109, 39, 26, 48, 174, 173, 172], [141, 197, 198, 28, 156, 114, 37, 154, 123, 14, 84, 85, 170, 132, 35, 175], [188, 192, 184, 196, 136, 143, 91, 142, 127, 45, 27, 99], [6, 112, 61, 75, 162, 110, 25, 135, 92, 148, 169, 100], [57, 31, 129, 71, 80, 131, 190, 68, 90, 115, 53, 151, 95], [8, 128, 70, 12, 44, 160, 43, 199, 94, 122, 20, 88, 124], [17, 40, 9, 189, 52, 11, 134, 133, 19, 176], [138, 155, 103, 153, 13, 83, 78, 180, 38, 10], [147, 73, 146, 72, 18, 145, 107, 117, 76, 126, 34, 60], [193, 158, 152, 168, 81, 118, 32, 106, 66, 157], [102, 177, 69, 4, 2, 191, 1, 171, 47, 121, 120], [67, 74, 181, 55, 3, 125, 98, 30, 79, 29], [65, 178, 7, 187, 24, 62, 105, 96]]",false
83,573221,2790,Swap,CMT5.vrp,"[[21, 64, 86, 93, 194, 63, 144, 104, 59, 36, 167], [46, 149, 51, 58, 111, 150, 108, 130, 97, 49, 182], [186, 22, 185, 113, 42, 116, 23, 183, 89, 137, 41, 195, 159, 16], [54, 139, 82, 140, 166, 5, 15, 101, 33, 163, 56, 161, 50], [87, 179, 119, 165, 164, 77, 109, 39, 26, 48, 174, 173, 172], [141, 197, 198, 28, 156, 114, 37, 154, 123, 14, 84, 85, 170, 132, 35, 175], [188, 192, 184, 196, 136, 143, 91, 142, 127, 45, 27, 99], [6, 112, 61, 75, 162, 110, 25, 135, 92, 148, 118, 100], [57, 31, 129, 71, 80, 131, 190, 68, 90, 115, 53, 151, 95], [8, 128, 70, 12, 44, 160, 43, 199, 94, 122, 20, 88, 124], [17, 40, 9, 189, 52, 11, 134, 133, 19, 176], [138, 155, 103, 153, 13, 83, 78, 180, 38, 10], [147, 73, 146, 72, 18, 145, 107, 117, 76, 126, 34, 60], [193, 158, 152, 168, 81, 169, 32, 106, 66, 157], [102, 177, 69, 4, 2, 191, 1, 171, 47, 121, 120], [67, 74, 181, 55, 3, 125, 98, 30, 79, 29], [65, 178, 7, 187, 24, 62, 105, 96]]",false
84,576925,2778,Swap,CMT5.vrp,"[[21, 64, 86, 93, 194, 63, 144, 104, 59, 36, 167], [46, 149, 51, 58, 111, 150, 108, 130, 97, 49, 182], [186, 22, 185, 113, 42, 116, 23, 183, 89, 137, 41, 195, 159, 16], [54, 139, 82, 140, 166, 5, 15, 101, 33, 163, 56, 161, 50], [87, 179, 119, 165, 164, 77, 109, 39, 26, 48, 174, 173, 172], [141, 197, 198, 28, 156, 114, 37, 154, 123, 14, 84, 85, 170, 132, 35, 175], [188, 192, 184, 196, 136, 143, 91, 142, 127, 45, 27, 99], [6, 112, 61, 75, 162, 110, 25, 135, 92, 148, 118, 187], [57, 31, 129, 71, 80, 131, 190, 68, 90, 115, 53, 151, 95], [8, 128, 70, 12, 44, 160, 43, 199, 94, 122, 20, 88, 124], [17, 40, 9, 189, 52, 11, 134, 133, 19, 176], [138, 155, 103, 153, 13, 83, 78, 180, 38, 10], [147, 73, 146, 72, 18, 145, 107, 117, 76, 126, 34, 60], [193, 158, 152, 168, 81, 169, 32, 106, 66, 157], [102, 177, 69, 4, 2, 191, 1, 171, 47, 121, 120], [67, 74, 181, 55, 3, 125, 98, 30, 79, 29], [65, 178, 7, 100, 24, 62, 105, 96]]",false
85,580912,2768,Swap,CMT5.vrp,"[[21, 64, 86, 93, 194, 63, 144, 104, 59, 36, 167], [46, 149, 51, 58, 111, 179, 108, 130, 97, 49, 182], [186, 22, 185, 113, 42, 116, 23, 183, 89, 137, 41, 195, 159, 16], [54, 139, 82, 140, 166, 5, 15, 101, 33, 163, 56, 161, 50], [87, 150, 119, 165, 164, 77, 109, 39, 26, 48, 174, 173, 172], [141, 197, 198, 28, 156, 114, 37, 154, 123, 14, 84, 85, 170, 132, 35, 175], [188, 192, 184, 196, 136, 143, 91, 142, 127, 45, 27, 99], [6, 112, 61, 75, 162, 110, 25, 135, 92, 148, 118, 187], [57, 31, 129, 71, 80, 131, 190, 68, 90, 115, 53, 151, 95], [8, 128, 70, 12, 44, 160, 43, 199, 94, 122, 20, 88, 124], [17, 40, 9, 189, 52, 11, 134, 133, 19, 176], [138, 155, 103, 153, 13, 83, 78, 180, 38, 10], [147, 73, 146, 72, 18, 145, 107, 117, 76, 126, 34, 60], [193, 158, 152, 168, 81, 169, 32, 106, 66, 157], [102, 177, 69, 4, 2, 191, 1, 171, 47, 121, 120], [67, 74, 181, 55, 3, 125, 98, 30, 79, 29], [65, 178, 7, 100, 24, 62, 105, 96]]",false
86,584132,2756,Swap,CMT5.vrp,"[[21, 64, 86, 93, 194, 63, 144, 104, 59, 36, 167], [46, 149, 51, 58, 111, 179, 132, 130, 97, 49, 182], [186, 22, 185, 113, 42, 116, 23, 183, 89, 137, 41, 195, 159, 16], [54, 139, 82, 140, 166, 5, 15, 101, 33, 163, 56, 161, 50], [87, 150, 119, 165, 164, 77, 109, 39, 26, 48, 174, 173, 172], [141, 197, 198, 28, 156, 114, 37, 154, 123, 14, 84, 85, 170, 108, 35, 175], [188, 192, 184, 196, 136, 143, 91, 142, 127, 45, 27, 99], [6, 112, 61, 75, 162, 110, 25, 135, 92, 148, 118, 187], [57, 31, 129, 71, 80, 131, 190, 68, 90, 115, 53, 151, 95], [8, 128, 70, 12, 44, 160, 43, 199, 94, 122, 20, 88, 124], [17, 40, 9, 189, 52, 11, 134, 133, 19, 176], [138, 155, 103, 153, 13, 83, 78, 180, 38, 10], [147, 73, 146, 72, 18, 145, 107, 117, 76, 126, 34, 60], [193, 158, 152, 168, 81, 169, 32, 106, 66, 157], [102, 177, 69, 4, 2, 191, 1, 171, 47, 121, 120], [67, 74, 181, 55, 3, 125, 98, 30, 79, 29], [65, 178, 7, 100, 24, 62, 105, 96]]",false
87,587405,2746,Swap,CMT5.vrp,"[[21, 64, 86, 93, 194, 63, 144, 104, 59, 36, 111], [46, 149, 51, 58, 167, 179, 132, 130, 97, 49, 182], [186, 22, 185, 113, 42, 116, 23, 183, 89, 137, 41, 195, 159, 16], [54, 139, 82, 140, 166, 5, 15, 101, 33, 163, 56, 161, 50], [87, 150, 119, 165, 164, 77, 109, 39, 26, 48, 174, 173, 172], [141, 197, 198, 28, 156, 114, 37, 154, 123, 14, 84, 85, 170, 108, 35, 175], [188, 192, 184, 196, 136, 143, 91, 142, 127, 45, 27, 99], [6, 112, 61, 75, 162, 110, 25, 135, 92, 148, 118, 187], [57, 31, 129, 71, 80, 131, 190, 68, 90, 115, 53, 151, 95], [8, 128, 70, 12, 44, 160, 43, 199, 94, 122, 20, 88, 124], [17, 40, 9, 189, 52, 11, 134, 133, 19, 176], [138, 155, 103, 153, 13, 83, 78, 180, 38, 10], [147, 73, 146, 72, 18, 145, 107, 117, 76, 126, 34, 60], [193, 158, 152, 168, 81, 169, 32, 106, 66, 157], [102, 177, 69, 4, 2, 191, 1, 171, 47, 121, 120], [67, 74, 181, 55, 3, 125, 98, 30, 79, 29], [65, 178, 7, 100, 24, 62, 105, 96]]",false
88,591821,2732,Swap,CMT5.vrp,"[[21, 64, 86, 93, 194, 63, 144, 104, 59, 5, 111], [46, 149, 51, 58, 167, 179, 132, 130, 97, 49, 182], [186, 22, 185, 113, 42, 116, 23, 183, 89, 137, 41, 195, 159, 16], [54, 139, 82, 140, 166, 36, 15, 101, 33, 163, 56, 161, 50], [87, 150, 119, 165, 164, 77, 109, 39, 26, 48, 174, 173, 172], [141, 197, 198, 28, 156, 114, 37, 154, 123, 14, 84, 85, 170, 108, 35, 175], [188, 192, 184, 196, 136, 143, 91, 142, 127, 45, 27, 99], [6, 112, 61, 75, 162, 110, 25, 135, 92, 148, 118, 187], [57, 31, 129, 71, 80, 131, 190, 68, 90, 115, 53, 151, 95], [8, 128, 70, 12, 44, 160, 43, 199, 94, 122, 20, 88, 124], [17, 40, 9, 189, 52, 11, 134, 133, 19, 176], [138, 155, 103, 153, 13, 83, 78, 180, 38, 10], [147, 73, 146, 72, 18, 145, 107, 117, 76, 126, 34, 60], [193, 158, 152, 168, 81, 169, 32, 106, 66, 157], [102, 177, 69, 4, 2, 191, 1, 171, 47, 121, 120], [67, 74, 181, 55, 3, 125, 98, 30, 79, 29], [65, 178, 7, 100, 24, 62, 105, 96]]",false
89,595719,2714,Swap,CMT5.vrp,"[[21, 64, 86, 93, 194, 63, 144, 104, 59, 5, 111], [46, 149, 51, 58, 167, 179, 132, 130, 97, 49, 182], [186, 22, 185, 113, 42, 116, 23, 183, 89, 137, 41, 195, 159, 16], [54, 139, 82, 140, 166, 36, 155, 101, 33, 163, 56, 161, 50], [87, 150, 119, 165, 164, 77, 109, 39, 26, 48, 174, 173, 172], [141, 197, 198, 28, 156, 114, 37, 154, 123, 14, 84, 85, 170, 108, 35, 175], [188, 192, 184, 196, 136, 143, 91, 142, 127, 45, 27, 99], [6, 112, 61, 75, 162, 110, 25, 135, 92, 148, 118, 187], [57, 31, 129, 71, 80, 131, 190, 68, 90, 115, 53, 151, 95], [8, 128, 70, 12, 44, 160, 43, 199, 94, 122, 20, 88, 124], [17, 40, 9, 189, 52, 11, 134, 133, 19, 176], [138, 15, 103, 153, 13, 83, 78, 180, 38, 10], [147, 73, 146, 72, 18, 145, 107, 117, 76, 126, 34, 60], [193, 158, 152, 168, 81, 169, 32, 106, 66, 157], [102, 177, 69, 4, 2, 191, 1, 171, 47, 121, 120], [67, 74, 181, 55, 3, 125, 98, 30, 79, 29], [65, 178, 7, 100, 24, 62, 105, 96]]",false
90,601541,2700,Swap,CMT5.vrp,"[[21, 64, 86, 93, 194, 63, 144, 104, 59, 5, 111], [46, 149, 51, 58, 167, 179, 132, 130, 97, 49, 182], [186, 22, 185, 113, 42, 116, 23, 183, 89, 137, 41, 195, 159, 16], [54, 139, 82, 140, 122, 36, 155, 101, 33, 163, 56, 161, 50], [87, 150, 119, 165, 164, 77, 109, 39, 26, 48, 174, 173, 172], [141, 197, 198, 28, 156, 114, 37, 154, 123, 14, 84, 85, 170, 108, 35, 175], [188, 192, 184, 196, 136, 143, 91, 142, 127, 45, 27, 99], [6, 112, 61, 75, 162, 110, 25, 135, 92, 148, 118, 187], [57, 31, 129, 71, 80, 131, 190, 68, 90, 115, 53, 151, 95], [8, 128, 70, 12, 44, 160, 43, 199, 94, 166, 20, 88, 124], [17, 40, 9, 189, 52, 11, 134, 133, 19, 176], [138, 15, 103, 153, 13, 83, 78, 180, 38, 10], [147, 73, 146, 72, 18, 145, 107, 117, 76, 126, 34, 60], [193, 158, 152, 168, 81, 169, 32, 106, 66, 157], [102, 177, 69, 4, 2, 191, 1, 171, 47, 121, 120], [67, 74, 181, 55, 3, 125, 98, 30, 79, 29], [65, 178, 7, 100, 24, 62, 105, 96]]",false
91,606057,2687,Swap,CMT5.vrp,"[[21, 64, 86, 93, 194, 74, 144, 104, 59, 5, 111], [46, 149, 51, 58, 167, 179, 132, 130, 97, 49, 182], [186, 22, 185, 113, 42, 116, 23, 183, 89, 137, 41, 195, 159, 16], [54, 139, 82, 140, 122, 36, 155, 101, 33, 163, 56, 161, 50], [87, 150, 119, 165, 164, 77, 109, 39, 26, 48, 174, 173, 172], [141, 197, 198, 28, 156, 114, 37, 154, 123, 14, 84, 85, 170, 108, 35, 175], [188, 192, 184, 196, 136, 143, 91, 142, 127, 45, 27, 99], [6, 112, 61, 75, 162, 110, 25, 135, 92, 148, 118, 187], [57, 31, 129, 71, 80, 131, 190, 68, 90, 115, 53, 151, 95], [8, 128, 70, 12, 44, 160, 43, 199, 94, 166, 20, 88, 124], [17, 40, 9, 189, 52, 11, 134, 133, 19, 176], [138, 15, 103, 153, 13, 83, 78, 180, 38, 10], [147, 73, 146, 72, 18, 145, 107, 117, 76, 126, 34, 60], [193, 158, 152, 168, 81, 169, 32, 106, 66, 157], [102, 177, 69, 4, 2, 191, 1, 171, 47, 121, 120], [67, 63, 181, 55, 3, 125, 98, 30, 79, 29], [65, 178, 7, 100, 24, 62, 105, 96]]",false
92,609016,2676,Swap,CMT5.vrp,"[[21, 64, 86, 93, 194, 74, 144, 104, 59, 5, 111], [46, 149, 51, 58, 167, 179, 132, 130, 97, 49, 182], [186, 22, 185, 113, 42, 116, 23, 183, 89, 137, 41, 195, 159, 16], [54, 139, 82, 140, 122, 36, 155, 101, 33, 163, 56, 161, 50], [87, 150, 119, 165, 164, 77, 109, 39, 26, 48, 174, 173, 172], [141, 197, 198, 28, 156, 114, 37, 154, 123, 14, 84, 85, 170, 108, 35, 175], [188, 192, 184, 196, 136, 143, 91, 142, 127, 45, 27, 99], [6, 112, 61, 75, 162, 110, 25, 135, 92, 148, 118, 187], [57, 31, 129, 71, 80, 131, 190, 68, 90, 115, 53, 151, 95], [8, 128, 70, 12, 44, 160, 43, 199, 94, 166, 20, 88, 124], [17, 40, 9, 189, 52, 11, 134, 133, 19, 176], [138, 15, 79, 153, 13, 83, 78, 180, 38, 10], [147, 73, 146, 72, 18, 145, 107, 117, 76, 126, 34, 60], [193, 158, 152, 168, 81, 169, 32, 106, 66, 157], [102, 177, 69, 4, 2, 191, 1, 171, 47, 121, 120], [67, 63, 181, 55, 3, 125, 98, 30, 103, 29], [65, 178, 7, 100, 24, 62, 105, 96]]",false
93,612263,2665,Swap,CMT5.vrp,"[[21, 64, 86, 93, 194, 74, 144, 104, 59, 5, 111], [46, 149, 51, 58, 167, 179, 132, 130, 97, 49, 182], [186, 22, 185, 113, 42, 116, 23, 183, 89, 137, 41, 195, 159, 16], [54, 139, 82, 140, 122, 36, 155, 101, 33, 25, 56, 161, 50], [87, 150, 119, 165, 164, 77, 109, 39, 26, 48, 174, 173, 172], [141, 197, 198, 28, 156, 114, 37, 154, 123, 14, 84, 85, 170, 108, 35, 175], [188, 192, 184, 196, 136, 143, 91, 142, 127, 45, 27, 99], [6, 112, 61, 75, 162, 110, 163, 135, 92, 148, 118, 187], [57, 31, 129, 71, 80, 131, 190, 68, 90, 115, 53, 151, 95], [8, 128, 70, 12, 44, 160, 43, 199, 94, 166, 20, 88, 124], [17, 40, 9, 189, 52, 11, 134, 133, 19, 176], [138, 15, 79, 153, 13, 83, 78, 180, 38, 10], [147, 73, 146, 72, 18, 145, 107, 117, 76, 126, 34, 60], [193, 158, 152, 168, 81, 169, 32, 106, 66, 157], [102, 177, 69, 4, 2, 191, 1, 171, 47, 121, 120], [67, 63, 181, 55, 3, 125, 98, 30, 103, 29], [65, 178, 7, 100, 24, 62, 105, 96]]",false
94,618671,2655,Swap,CMT5.vrp,"[[21, 64, 86, 93, 194, 74, 144, 104, 59, 5, 111], [46, 149, 51, 8, 167, 179, 132, 130, 97, 49, 182], [186, 22, 185, 113, 42, 116, 23, 183, 89, 137, 41, 195, 159, 16], [54, 139, 82, 140, 122, 36, 155, 101, 33, 25, 56, 161, 50], [87, 150, 119, 165, 164, 77, 109, 39, 26, 48, 174, 173, 172], [141, 197, 198, 28, 156, 114, 37, 154, 123, 14, 84, 85, 170, 108, 35, 175], [188, 192, 184, 196, 136, 143, 91, 142, 127, 45, 27, 99], [6, 112, 61, 75, 162, 110, 163, 135, 92, 148, 118, 187], [57, 31, 129, 71, 80, 131, 190, 68, 90, 115, 53, 151, 95], [58, 128, 70, 12, 44, 160, 43, 199, 94, 166, 20, 88, 124], [17, 40, 9, 189, 52, 11, 134, 133, 19, 176], [138, 15, 79, 153, 13, 83, 78, 180, 38, 10], [147, 73, 146, 72, 18, 145, 107, 117, 76, 126, 34, 60], [193, 158, 152, 168, 81, 169, 32, 106, 66, 157], [102, 177, 69, 4, 2, 191, 1, 171, 47, 121, 120], [67, 63, 181, 55, 3, 125, 98, 30, 103, 29], [65, 178, 7, 100, 24, 62, 105, 96]]",false
95,624952,2646,Swap,CMT5.vrp,"[[21, 64, 86, 93, 194, 74, 144, 104, 59, 5, 111], [46, 149, 51, 8, 167, 179, 132, 130, 97, 49, 182], [186, 22, 185, 113, 42, 116, 23, 183, 89, 137, 41, 195, 159, 16], [54, 139, 82, 140, 122, 36, 155, 101, 33, 25, 56, 161, 50], [87, 150, 119, 165, 164, 77, 109, 39, 26, 48, 174, 173, 172], [141, 197, 198, 28, 156, 114, 37, 154, 123, 14, 84, 85, 170, 108, 35, 175], [188, 192, 184, 196, 136, 143, 91, 142, 127, 45, 27, 99], [6, 112, 61, 75, 162, 110, 163, 135, 92, 148, 118, 187], [57, 31, 129, 71, 80, 131, 190, 68, 90, 115, 53, 151, 95], [58, 128, 70, 12, 44, 160, 43, 199, 94, 166, 20, 88, 124], [17, 40, 9, 189, 52, 11, 134, 133, 19, 176], [138, 15, 79, 153, 13, 83, 78, 180, 38, 10], [147, 73, 146, 72, 18, 145, 107, 117, 76, 126, 34, 60], [193, 158, 152, 168, 81, 169, 32, 106, 2, 157], [102, 177, 69, 4, 66, 191, 1, 171, 47, 121, 120], [67, 63, 181, 55, 3, 125, 98, 30, 103, 29], [65, 178, 7, 100, 24, 62, 105, 96]]",false
96,630436,2637,Swap,CMT5.vrp,"[[21, 64, 86, 93, 194, 74, 144, 104, 59, 5, 111], [46, 149, 51, 8, 167, 179, 132, 130, 97, 49, 182], [186, 143, 185, 113, 42, 116, 23, 183, 89, 137, 41, 195, 159, 16], [54, 139, 82, 140, 122, 36, 155, 101, 33, 25, 56, 161, 50], [87, 150, 119, 165, 164, 77, 109, 39, 26, 48, 174, 173, 172], [141, 197, 198, 28, 156, 114, 37, 154, 123, 14, 84, 85, 170, 108, 35, 175], [188, 192, 184, 196, 136, 22, 91, 142, 127, 45, 27, 99], [6, 112, 61, 75, 162, 110, 163, 135, 92, 148, 118, 187], [57, 31, 129, 71, 80, 131, 190, 68, 90, 115, 53, 151, 95], [58, 128, 70, 12, 44, 160, 43, 199, 94, 166, 20, 88, 124], [17, 40, 9, 189, 52, 11, 134, 133, 19, 176], [138, 15, 79, 153, 13, 83, 78, 180, 38, 10], [147, 73, 146, 72, 18, 145, 107, 117, 76, 126, 34, 60], [193, 158, 152, 168, 81, 169, 32, 106, 2, 157], [102, 177, 69, 4, 66, 191, 1, 171, 47, 121, 120], [67, 63, 181, 55, 3, 125, 98, 30, 103, 29], [65, 178, 7, 100, 24, 62, 105, 96]]",false
97,636496,2621,Swap,CMT5.vrp,"[[21, 64, 86, 93, 194, 74, 144, 104, 59, 5, 111], [46, 149, 51, 8, 167, 179, 132, 130, 97, 49, 182], [186, 143, 185, 113, 42, 116, 23, 183, 89, 137, 41, 195, 159, 16], [54, 139, 82, 140, 122, 36, 155, 101, 33, 25, 56, 161, 50], [87, 150, 119, 165, 164, 77, 109, 39, 26, 48, 174, 173, 172], [136, 197, 198, 28, 156, 114, 37, 154, 123, 14, 84, 85, 170, 108, 35, 175], [188, 192, 184, 196, 141, 22, 91, 142, 127, 45, 27, 99], [6, 112, 61, 75, 162, 110, 163, 135, 92, 148, 118, 187], [57, 31, 129, 71, 80, 131, 190, 68, 90, 115, 53, 151, 95], [58, 128, 70, 12, 44, 160, 43, 199, 94, 166, 20, 88, 124], [17, 40, 9, 189, 52, 11, 134, 133, 19, 176], [138, 15, 79, 153, 13, 83, 78, 180, 38, 10], [147, 73, 146, 72, 18, 145, 107, 117, 76, 126, 34, 60], [193, 158, 152, 168, 81, 169, 32, 106, 2, 157], [102, 177, 69, 4, 66, 191, 1, 171, 47, 121, 120], [67, 63, 181, 55, 3, 125, 98, 30, 103, 29], [65, 178, 7, 100, 24, 62, 105, 96]]",false
98,642504,2612,Swap,CMT5.vrp,"[[21, 64, 86, 93, 194, 74, 144, 104, 59, 5, 111], [46, 149, 51, 8, 167, 179, 132, 130, 97, 49, 182], [186, 143, 185, 113, 42, 116, 23, 183, 89, 137, 41, 195, 159, 16], [54, 139, 82, 140, 122, 36, 155, 101, 33, 25, 56, 161, 50], [87, 150, 119, 165, 164, 77, 109, 39, 26, 127, 174, 173, 172], [136, 197, 198, 28, 156, 114, 37, 154, 123, 14, 84, 85, 170, 108, 35, 175], [188, 192, 184, 196, 141, 22, 91, 142, 48, 45, 27, 99], [6, 112, 61, 75, 162, 110, 163, 135, 92, 148, 118, 187], [57, 31, 129, 71, 80, 131, 190, 68, 90, 115, 53, 151, 95], [58, 128, 70, 12, 44, 160, 43, 199, 94, 166, 20, 88, 124], [17, 40, 9, 189, 52, 11, 134, 133, 19, 176], [138, 15, 79, 153, 13, 83, 78, 180, 38, 10], [147, 73, 146, 72, 18, 145, 107, 117, 76, 126, 34, 60], [193, 158, 152, 168, 81, 169, 32, 106, 2, 157], [102, 177, 69, 4, 66, 191, 1, 171, 47, 121, 120], [67, 63, 181, 55, 3, 125, 98, 30, 103, 29], [65, 178, 7, 100, 24, 62, 105, 96]]",false
99,648576,2603,Swap,CMT5.vrp,"[[21, 64, 101, 93, 194, 74, 144, 104, 59, 5, 111], [46, 149, 51, 8, 167, 179, 132, 130, 97, 49, 182], [186, 143, 185, 113, 42, 116, 23, 183, 89, 137, 41, 195, 159, 16], [54, 139, 82, 140, 122, 36, 155, 86, 33, 25, 56, 161, 50], [87, 150, 119, 165, 164, 77, 109, 39, 26, 127, 174, 173, 172], [136, 197, 198, 28, 156, 114, 37, 154, 123, 14, 84, 85, 170, 108, 35, 175], [188, 192, 184, 196, 141, 22, 91, 142, 48, 45, 27, 99], [6, 112, 61, 75, 162, 110, 163, 135, 92, 148, 118, 187], [57, 31, 129, 71, 80, 131, 190, 68, 90, 115, 53, 151, 95], [58, 128, 70, 12, 44, 160, 43, 199, 94, 166, 20, 88, 124], [17, 40, 9, 189, 52, 11, 134, 133, 19, 176], [138, 15, 79, 153, 13, 83, 78, 180, 38, 10], [147, 73, 146, 72, 18, 145, 107, 117, 76, 126, 34, 60], [193, 158, 152, 168, 81, 169, 32, 106, 2, 157], [102, 177, 69, 4, 66, 191, 1, 171, 47, 121, 120], [67, 63, 181, 55, 3, 125, 98, 30, 103, 29], [65, 178, 7, 100, 24, 62, 105, 96]]",false
100,655897,2594,Swap,CMT5.vrp,"[[21, 64, 101, 93, 194, 74, 144, 104, 59, 5, 111], [46, 149, 51, 8, 167, 179, 132, 130, 97, 49, 182], [186, 143, 185, 113, 42, 116, 23, 183, 89, 137, 41, 195, 159, 16], [54, 139, 82, 140, 122, 36, 155, 86, 33, 25, 56, 161, 50], [87, 150, 119, 165, 164, 77, 109, 39, 26, 34, 174, 173, 172], [136, 197, 198, 28, 156, 114, 37, 154, 123, 14, 84, 85, 170, 108, 35, 175], [188, 192, 184, 196, 141, 22, 91, 142, 48, 45, 27, 99], [6, 112, 61, 75, 162, 110, 163, 135, 92, 148, 118, 187], [57, 31, 129, 71, 80, 131, 190, 68, 90, 115, 53, 151, 95], [58, 128, 70, 12, 44, 160, 43, 199, 94, 166, 20, 88, 124], [17, 40, 9, 189, 52, 11, 134, 133, 19, 176], [138, 15, 79, 153, 13, 83, 78, 180, 38, 10], [147, 73, 146, 72, 18, 145, 107, 117, 76, 126, 127, 60], [193, 158, 152, 168, 81, 169, 32, 106, 2, 157], [102, 177, 69, 4, 66, 191, 1, 171, 47, 121, 120], [67, 63, 181, 55, 3, 125, 98, 30, 103, 29], [65, 178, 7, 100, 24, 62, 105, 96]]",false
101,662852,2587,Swap,CMT5.vrp,"[[21, 64, 101, 93, 194, 74, 144, 104, 59, 30, 111], [46, 149, 51, 8, 167, 179, 132, 130, 97, 49, 182], [186, 143, 185, 113, 42, 116, 23, 183, 89, 137, 41, 195, 159, 16], [54, 139, 82, 140, 122, 36, 155, 86, 33, 25, 56, 161, 50], [87, 150, 119, 165, 164, 77, 109, 39, 26, 34, 174, 173, 172], [136, 197, 198, 28, 156, 114, 37, 154, 123, 14, 84, 85, 170, 108, 35, 175], [188, 192, 184, 196, 141, 22, 91, 142, 48, 45, 27, 99], [6, 112, 61, 75, 162, 110, 163, 135, 92, 148, 118, 187], [57, 31, 129, 71, 80, 131, 190, 68, 90, 115, 53, 151, 95], [58, 128, 70, 12, 44, 160, 43, 199, 94, 166, 20, 88, 124], [17, 40, 9, 189, 52, 11, 134, 133, 19, 176], [138, 15, 79, 153, 13, 83, 78, 180, 38, 10], [147, 73, 146, 72, 18, 145, 107, 117, 76, 126, 127, 60], [193, 158, 152, 168, 81, 169, 32, 106, 2, 157], [102, 177, 69, 4, 66, 191, 1, 171, 47, 121, 120], [67, 63, 181, 55, 3, 125, 98, 5, 103, 29], [65, 178, 7, 100, 24, 62, 105, 96]]",false
102,670021,2580,Swap,CMT5.vrp,"[[21, 64, 101, 93, 194, 74, 144, 104, 59, 30, 111], [46, 149, 51, 8, 167, 179, 132, 169, 97, 49, 182], [186, 143, 185, 113, 42, 116, 23, 183, 89, 137, 41, 195, 159, 16], [54, 139, 82, 140, 122, 36, 155, 86, 33, 25, 56, 161, 50], [87, 150, 119, 165, 164, 77, 109, 39, 26, 34, 174, 173, 172], [136, 197, 198, 28, 156, 114, 37, 154, 123, 14, 84, 85, 170, 108, 35, 175], [188, 192, 184, 196, 141, 22, 91, 142, 48, 45, 27, 99], [6, 112, 61, 75, 162, 110, 163, 135, 92, 148, 118, 187], [57, 31, 129, 71, 80, 131, 190, 68, 90, 115, 53, 151, 95], [58, 128, 70, 12, 44, 160, 43, 199, 94, 166, 20, 88, 124], [17, 40, 9, 189, 52, 11, 134, 133, 19, 176], [138, 15, 79, 153, 13, 83, 78, 180, 38, 10], [147, 73, 146, 72, 18, 145, 107, 117, 76, 126, 127, 60], [193, 158, 152, 168, 81, 130, 32, 106, 2, 157], [102, 177, 69, 4, 66, 191, 1, 171, 47, 121, 120], [67, 63, 181, 55, 3, 125, 98, 5, 103, 29], [65, 178, 7, 100, 24, 62, 105, 96]]",false
103,674903,2573,Swap,CMT5.vrp,"[[21, 64, 101, 93, 194, 74, 144, 104, 59, 30, 111], [46, 149, 51, 8, 167, 179, 132, 169, 97, 49, 182], [186, 143, 185, 113, 42, 116, 23, 183, 89, 137, 41, 195, 159, 16], [54, 139, 82, 140, 122, 36, 155, 86, 33, 25, 56, 161, 50], [87, 150, 119, 165, 164, 77, 109, 39, 26, 34, 174, 173, 172], [136, 197, 198, 28, 156, 114, 124, 154, 123, 14, 84, 85, 170, 108, 35, 175], [188, 192, 184, 196, 141, 22, 91, 142, 48, 45, 27, 99], [6, 112, 61, 75, 162, 110, 163, 135, 92, 148, 118, 187], [57, 31, 129, 71, 80, 131, 190, 68, 90, 115, 53, 151, 95], [58, 128, 70, 12, 44, 160, 43, 199, 94, 166, 20, 88, 37], [17, 40, 9, 189, 52, 11, 134, 133, 19, 176], [138, 15, 79, 153, 13, 83, 78, 180, 38, 10], [147, 73, 146, 72, 18, 145, 107, 117, 76, 126, 127, 60], [193, 158, 152, 168, 81, 130, 32, 106, 2, 157], [102, 177, 69, 4, 66, 191, 1, 171, 47, 121, 120], [67, 63, 181, 55, 3, 125, 98, 5, 103, 29], [65, 178, 7, 100, 24, 62, 105, 96]]",false
104,678438,2566,Swap,CMT5.vrp,"[[21, 64, 101, 93, 194, 74, 144, 104, 59, 30, 111], [46, 149, 51, 8, 167, 179, 132, 169, 97, 49, 182], [186, 143, 185, 113, 42, 116, 23, 183, 89, 137, 41, 195, 159, 16], [54, 139, 82, 140, 122, 36, 155, 86, 33, 25, 56, 161, 50], [87, 150, 119, 165, 164, 77, 109, 39, 26, 34, 174, 173, 172], [136, 197, 198, 28, 156, 114, 124, 154, 123, 14, 84, 85, 170, 108, 35, 175], [188, 192, 184, 196, 141, 22, 91, 142, 48, 45, 27, 99], [6, 152, 61, 75, 162, 110, 163, 135, 92, 148, 118, 187], [57, 31, 129, 71, 80, 131, 190, 68, 90, 115, 53, 151, 95], [58, 128, 70, 12, 44, 160, 43, 199, 94, 166, 20, 88, 37], [17, 40, 9, 189, 52, 11, 134, 133, 19, 176], [138, 15, 79, 153, 13, 83, 78, 180, 38, 10], [147, 73, 146, 72, 18, 145, 107, 117, 76, 126, 127, 60], [193, 158, 112, 168, 81, 130, 32, 106, 2, 157], [102, 177, 69, 4, 66, 191, 1, 171, 47, 121, 120], [67, 63, 181, 55, 3, 125, 98, 5, 103, 29], [65, 178, 7, 100, 24, 62, 105, 96]]",false
105,683042,2559,Swap,CMT5.vrp,"[[21, 64, 101, 93, 194, 74, 144, 104, 59, 30, 111], [46, 149, 51, 8, 167, 179, 132, 169, 97, 49, 182], [186, 143, 185, 113, 42, 116, 23, 183, 89, 137, 41, 195, 159, 16], [54, 139, 82, 140, 122, 36, 155, 86, 33, 25, 56, 161, 50], [87, 150, 119, 165, 164, 77, 109, 39, 26, 34, 174, 173, 172], [136, 197, 198, 28, 156, 94, 124, 154, 123, 14, 84, 85, 170, 108, 35, 175], [188, 192, 184, 196, 141, 22, 91, 142, 48, 45, 27, 99], [6, 152, 61, 75, 162, 110, 163, 135, 92, 148, 118, 187], [57, 31, 129, 71, 80, 131, 190, 68, 90, 115, 53, 151, 95], [58, 128, 70, 12, 44, 160, 43, 199, 114, 166, 20, 88, 37], [17, 40, 9, 189, 52, 11, 134, 133, 19, 176], [138, 15, 79, 153, 13, 83, 78, 180, 38, 10], [147, 73, 146, 72, 18, 145, 107, 117, 76, 126, 127, 60], [193, 158, 112, 168, 81, 130, 32, 106, 2, 157], [102, 177, 69, 4, 66, 191, 1, 171, 47, 121, 120], [67, 63, 181, 55, 3, 125, 98, 5, 103, 29], [65, 178, 7, 100, 24, 62, 105, 96]]",false
106,688482,2554,Swap,CMT5.vrp,"[[21, 64, 101, 93, 194, 74, 144, 104, 59, 30, 111], [46, 149, 51, 8, 167, 179, 132, 169, 97, 49, 182], [186, 143, 185, 113, 42, 116, 23, 183, 89, 137, 68, 195, 159, 16], [54, 139, 82, 140, 122, 36, 155, 86, 33, 25, 56, 161, 50], [87, 150, 119, 165, 164, 77, 109, 39, 26, 34, 174, 173, 172], [136, 197, 198, 28, 156, 94, 124, 154, 123, 14, 84, 85, 170, 108, 35, 175], [188, 192, 184, 196, 141, 22, 91, 142, 48, 45, 27, 99], [6, 152, 61, 75, 162, 110, 163, 135, 92, 148, 118, 187], [57, 31, 129, 71, 80, 131, 190, 41, 90, 115, 53, 151, 95], [58, 128, 70, 12, 44, 160, 43, 199, 114, 166, 20, 88, 37], [17, 40, 9, 189, 52, 11, 134, 133, 19, 176], [138, 15, 79, 153, 13, 83, 78, 180, 38, 10], [147, 73, 146, 72, 18, 145, 107, 117, 76, 126, 127, 60], [193, 158, 112, 168, 81, 130, 32, 106, 2, 157], [102, 177, 69, 4, 66, 191, 1, 171, 47, 121, 120], [67, 63, 181, 55, 3, 125, 98, 5, 103, 29], [65, 178, 7, 100, 24, 62, 105, 96]]",false
107,694613,2548,Swap,CMT5.vrp,"[[21, 64, 101, 93, 194, 74, 144, 104, 59, 30, 111], [46, 149, 51, 8, 167, 179, 132, 169, 97, 49, 182], [186, 143, 185, 113, 42, 116, 23, 183, 89, 137, 68, 195, 159, 16], [54, 139, 82, 140, 122, 36, 155, 86, 33, 25, 56, 161, 50], [87, 150, 119, 165, 164, 77, 109, 39, 26, 34, 174, 173, 172], [136, 197, 198, 28, 156, 94, 124, 154, 123, 14, 84, 85, 170, 108, 35, 175], [188, 192, 184, 196, 141, 22, 91, 142, 48, 45, 27, 99], [6, 152, 61, 75, 162, 110, 163, 135, 92, 148, 118, 187], [57, 31, 129, 71, 80, 131, 190, 41, 90, 115, 53, 151, 95], [58, 128, 70, 12, 117, 160, 43, 199, 114, 166, 20, 88, 37], [17, 40, 9, 189, 52, 11, 134, 133, 19, 176], [138, 15, 79, 153, 13, 83, 78, 180, 38, 10], [147, 73, 146, 72, 18, 145, 107, 44, 76, 126, 127, 60], [193, 158, 112, 168, 81, 130, 32, 106, 2, 157], [102, 177, 69, 4, 66, 191, 1, 171, 47, 121, 120], [67, 63, 181, 55, 3, 125, 98, 5, 103, 29], [65, 178, 7, 100, 24, 62, 105, 96]]",false
108,700578,2543,Swap,CMT5.vrp,"[[21, 64, 101, 93, 194, 74, 144, 104, 59, 30, 111], [46, 149, 51, 8, 167, 179, 132, 169, 97, 49, 182], [186, 143, 185, 113, 42, 116, 23, 183, 89, 137, 68, 195, 159, 16], [54, 139, 82, 140, 122, 36, 155, 86, 33, 25, 56, 161, 50], [87, 150, 119, 165, 164, 77, 109, 39, 26, 34, 174, 173, 172], [136, 197, 198, 28, 156, 94, 124, 154, 123, 14, 84, 85, 170, 108, 35, 175], [188, 192, 184, 196, 141, 22, 91, 142, 48, 45, 27, 58], [6, 152, 61, 75, 162, 110, 163, 135, 92, 148, 118, 187], [57, 31, 129, 71, 80, 131, 190, 41, 90, 115, 53, 151, 95], [99, 128, 70, 12, 117, 160, 43, 199, 114, 166, 20, 88, 37], [17, 40, 9, 189, 52, 11, 134, 133, 19, 176], [138, 15, 79, 153, 13, 83, 78, 180, 38, 10], [147, 73, 146, 72, 18, 145, 107, 44, 76, 126, 127, 60], [193, 158, 112, 168, 81, 130, 32, 106, 2, 157], [102, 177, 69, 4, 66, 191, 1, 171, 47, 121, 120], [67, 63, 181, 55, 3, 125, 98, 5, 103, 29], [65, 178, 7, 100, 24, 62, 105, 96]]",false
109,706441,2537,Swap,CMT5.vrp,"[[120, 64, 101, 93, 194, 74, 144, 104, 59, 30, 111], [46, 149, 51, 8, 167, 179, 132, 169, 97, 49, 182], [186, 143, 185, 113, 42, 116, 23, 183, 89, 137, 68, 195, 159, 16], [54, 139, 82, 140, 122, 36, 155, 86, 33, 25, 56, 161, 50], [87, 150, 119, 165, 164, 77, 109, 39, 26, 34, 174, 173, 172], [136, 197, 198, 28, 156, 94, 124, 154, 123, 14, 84, 85, 170, 108, 35, 175], [188, 192, 184, 196, 141, 22, 91, 142, 48, 45, 27, 58], [6, 152, 61, 75, 162, 110, 163, 135, 92, 148, 118, 187], [57, 31, 129, 71, 80, 131, 190, 41, 90, 115, 53, 151, 95], [99, 128, 70, 12, 117, 160, 43, 199, 114, 166, 20, 88, 37], [17, 40, 9, 189, 52, 11, 134, 133, 19, 176], [138, 15, 79, 153, 13, 83, 78, 180, 38, 10], [147, 73, 146, 72, 18, 145, 107, 44, 76, 126, 127, 60], [193, 158, 112, 168, 81, 130, 32, 106, 2, 157], [102, 177, 69, 4, 66, 191, 1, 171, 47, 121, 21], [67, 63, 181, 55, 3, 125, 98, 5, 103, 29], [65, 178, 7, 100, 24, 62, 105, 96]]",false
110,712324,2524,Swap,CMT5.vrp,"[[120, 64, 101, 93, 194, 74, 144, 104, 86, 30, 111], [46, 149, 51, 8, 167, 179, 132, 169, 97, 49, 182], [186, 143, 185, 113, 42, 116, 23, 183, 89, 137, 68, 195, 159, 16], [54, 139, 82, 140, 122, 36, 155, 59, 33, 25, 56, 161, 50], [87, 150, 119, 165, 164, 77, 109, 39, 26, 34, 174, 173, 172], [136, 197, 198, 28, 156, 94, 124, 154, 123, 14, 84, 85, 170, 108, 35, 175], [188, 192, 184, 196, 141, 22, 91, 142, 48, 45, 27, 58], [6, 152, 61, 75, 162, 110, 163, 135, 92, 148, 118, 187], [57, 31, 129, 71, 80, 131, 190, 41, 90, 115, 53, 151, 95], [99, 128, 70, 12, 117, 160, 43, 199, 114, 166, 20, 88, 37], [17, 40, 9, 189, 52, 11, 134, 133, 19, 176], [138, 15, 79, 153, 13, 83, 78, 180, 38, 10], [147, 73, 146, 72, 18, 145, 107, 44, 76, 126, 127, 60], [193, 158, 112, 168, 81, 130, 32, 106, 2, 157], [102, 177, 69, 4, 66, 191, 1, 171, 47, 121, 21], [67, 63, 181, 55, 3, 125, 98, 5, 103, 29], [65, 178, 7, 100, 24, 62, 105, 96]]",false
111,717261,2517,Swap,CMT5.vrp,"[[120, 64, 101, 93, 158, 74, 144, 104, 86, 30, 111], [46, 149, 51, 8, 167, 179, 132, 169, 97, 49, 182], [186, 143, 185, 113, 42, 116, 23, 183, 89, 137, 68, 195, 159, 16], [54, 139, 82, 140, 122, 36, 155, 59, 33, 25, 56, 161, 50], [87, 150, 119, 165, 164, 77, 109, 39, 26, 34, 174, 173, 172], [136, 197, 198, 28, 156, 94, 124, 154, 123, 14, 84, 85, 170, 108, 35, 175], [188, 192, 184, 196, 141, 22, 91, 142, 48, 45, 27, 58], [6, 152, 61, 75, 162, 110, 163, 135, 92, 148, 118, 187], [57, 31, 129, 71, 80, 131, 190, 41, 90, 115, 53, 151, 95], [99, 128, 70, 12, 117, 160, 43, 199, 114, 166, 20, 88, 37], [17, 40, 9, 189, 52, 11, 134, 133, 19, 176], [138, 15, 79, 153, 13, 83, 78, 180, 38, 10], [147, 73, 146, 72, 18, 145, 107, 44, 76, 126, 127, 60], [193, 194, 112, 168, 81, 130, 32, 106, 2, 157], [102, 177, 69, 4, 66, 191, 1, 171, 47, 121, 21], [67, 63, 181, 55, 3, 125, 98, 5, 103, 29], [65, 178, 7, 100, 24, 62, 105, 96]]",false
112,721390,2510,Swap,CMT5.vrp,"[[139, 64, 101, 93, 158, 74, 144, 104, 86, 30, 111], [46, 149, 51, 8, 167, 179, 132, 169, 97, 49, 182], [186, 143, 185, 113, 42, 116, 23, 183, 89, 137, 68, 195, 159, 16], [54, 120, 82, 140, 122, 36, 155, 59, 33, 25, 56, 161, 50], [87, 150, 119, 165, 164, 77, 109, 39, 26, 34, 174, 173, 172], [136, 197, 198, 28, 156, 94, 124, 154, 123, 14, 84, 85, 170, 108, 35, 175], [188, 192, 184, 196, 141, 22, 91, 142, 48, 45, 27, 58], [6, 152, 61, 75, 162, 110, 163, 135, 92, 148, 118, 187], [57, 31, 129, 71, 80, 131, 190, 41, 90, 115, 53, 151, 95], [99, 128, 70, 12, 117, 160, 43, 199, 114, 166, 20, 88, 37], [17, 40, 9, 189, 52, 11, 134, 133, 19, 176], [138, 15, 79, 153, 13, 83, 78, 180, 38, 10], [147, 73, 146, 72, 18, 145, 107, 44, 76, 126, 127, 60], [193, 194, 112, 168, 81, 130, 32, 106, 2, 157], [102, 177, 69, 4, 66, 191, 1, 171, 47, 121, 21], [67, 63, 181, 55, 3, 125, 98, 5, 103, 29], [65, 178, 7, 100, 24, 62, 105, 96]]",false
113,725278,2504,Swap,CMT5.vrp,"[[139, 64, 101, 93, 158, 74, 144, 104, 86, 30, 111], [46, 149, 51, 8, 167, 179, 132, 169, 97, 49, 182], [186, 143, 185, 113, 42, 116, 23, 183, 89, 137, 68, 195, 159, 16], [54, 120, 82, 140, 122, 36, 155, 59, 33, 25, 56, 161, 50], [87, 150, 119, 165, 164, 77, 109, 39, 26, 34, 174, 173, 172], [136, 197, 198, 28, 156, 94, 124, 154, 123, 14, 84, 85, 170, 108, 35, 175], [188, 192, 184, 196, 141, 22, 91, 142, 48, 45, 27, 58], [6, 152, 61, 75, 162, 110, 163, 135, 92, 148, 118, 187], [57, 31, 129, 71, 80, 131, 190, 41, 90, 115, 53, 151, 95], [99, 128, 70, 81, 117, 160, 43, 199, 114, 166, 20, 88, 37], [17, 40, 9, 189, 52, 11, 134, 133, 19, 176], [138, 15, 79, 153, 13, 83, 78, 180, 38, 10], [147, 73, 146, 72, 18, 145, 107, 44, 76, 126, 127, 60], [193, 194, 112, 168, 12, 130, 32, 106, 2, 157], [102, 177, 69, 4, 66, 191, 1, 171, 47, 121, 21], [67, 63, 181, 55, 3, 125, 98, 5, 103, 29], [65, 178, 7, 100, 24, 62, 105, 96]]",false
114,731052,2498,Swap,CMT5.vrp,"[[139, 64, 101, 93, 158, 62, 144, 104, 86, 30, 111], [46, 149, 51, 8, 167, 179, 132, 169, 97, 49, 182], [186, 143, 185, 113, 42, 116, 23, 183, 89, 137, 68, 195, 159, 16], [54, 120, 82, 140, 122, 36, 155, 59, 33, 25, 56, 161, 50], [87, 150, 119, 165, 164, 77, 109, 39, 26, 34, 174, 173, 172], [136, 197, 198, 28, 156, 94, 124, 154, 123, 14, 84, 85, 170, 108, 35, 175], [188, 192, 184, 196, 141, 22, 91, 142, 48, 45, 27, 58], [6, 152, 61, 75, 162, 110, 163, 135, 92, 148, 118, 187], [57, 31, 129, 71, 80, 131, 190, 41, 90, 115, 53, 151, 95], [99, 128, 70, 81, 117, 160, 43, 199, 114, 166, 20, 88, 37], [17, 40, 9, 189, 52, 11, 134, 133, 19, 176], [138, 15, 79, 153, 13, 83, 78, 180, 38, 10], [147, 73, 146, 72, 18, 145, 107, 44, 76, 126, 127, 60], [193, 194, 112, 168, 12, 130, 32, 106, 2, 157], [102, 177, 69, 4, 66, 191, 1, 171, 47, 121, 21], [67, 63, 181, 55, 3, 125, 98, 5, 103, 29], [65, 178, 7, 100, 24, 74, 105, 96]]",false
115,735704,2492,Swap,CMT5.vrp,"[[139, 64, 101, 93, 158, 62, 23, 104, 86, 30, 111], [46, 149, 51, 8, 167, 179, 132, 169, 97, 49, 182], [186, 143, 185, 113, 42, 116, 144, 183, 89, 137, 68, 195, 159, 16], [54, 120, 82, 140, 122, 36, 155, 59, 33, 25, 56, 161, 50], [87, 150, 119, 165, 164, 77, 109, 39, 26, 34, 174, 173, 172], [136, 197, 198, 28, 156, 94, 124, 154, 123, 14, 84, 85, 170, 108, 35, 175], [188, 192, 184, 196, 141, 22, 91, 142, 48, 45, 27, 58], [6, 152, 61, 75, 162, 110, 163, 135, 92, 148, 118, 187], [57, 31, 129, 71, 80, 131, 190, 41, 90, 115, 53, 151, 95], [99, 128, 70, 81, 117, 160, 43, 199, 114, 166, 20, 88, 37], [17, 40, 9, 189, 52, 11, 134, 133, 19, 176], [138, 15, 79, 153, 13, 83, 78, 180, 38, 10], [147, 73, 146, 72, 18, 145, 107, 44, 76, 126, 127, 60], [193, 194, 112, 168, 12, 130, 32, 106, 2, 157], [102, 177, 69, 4, 66, 191, 1, 171, 47, 121, 21], [67, 63, 181, 55, 3, 125, 98, 5, 103, 29], [65, 178, 7, 100, 24, 74, 105, 96]]",false
116,740853,2486,Swap,CMT5.vrp,"[[139, 64, 101, 93, 184, 62, 23, 104, 86, 30, 111], [46, 149, 51, 8, 167, 179, 132, 169, 97, 49, 182], [186, 143, 185, 113, 42, 116, 144, 183, 89, 137, 68, 195, 159, 16], [54, 120, 82, 140, 122, 36, 155, 59, 33, 25, 56, 161, 50], [87, 150, 119, 165, 164, 77, 109, 39, 26, 34, 174, 173, 172], [136, 197, 198, 28, 156, 94, 124, 154, 123, 14, 84, 85, 170, 108, 35, 175], [188, 192, 158, 196, 141, 22, 91, 142, 48, 45, 27, 58], [6, 152, 61, 75, 162, 110, 163, 135, 92, 148, 118, 187], [57, 31, 129, 71, 80, 131, 190, 41, 90, 115, 53, 151, 95], [99, 128, 70, 81, 117, 160, 43, 199, 114, 166, 20, 88, 37], [17, 40, 9, 189, 52, 11, 134, 133, 19, 176], [138, 15, 79, 153, 13, 83, 78, 180, 38, 10], [147, 73, 146, 72, 18, 145, 107, 44, 76, 126, 127, 60], [193, 194, 112, 168, 12, 130, 32, 106, 2, 157], [102, 177, 69, 4, 66, 191, 1, 171, 47, 121, 21], [67, 63, 181, 55, 3, 125, 98, 5, 103, 29], [65, 178, 7, 100, 24, 74, 105, 96]]",false
117,745857,2481,Swap,CMT5.vrp,"[[139, 64, 101, 93, 184, 62, 23, 104, 86, 30, 111], [46, 149, 51, 8, 167, 179, 132, 169, 97, 49, 182], [186, 143, 185, 113, 42, 116, 144, 183, 89, 137, 68, 195, 159, 16], [54, 120, 82, 140, 122, 36, 155, 59, 188, 25, 56, 161, 50], [87, 150, 119, 165, 164, 77, 109, 39, 26, 34, 174, 173, 172], [136, 197, 198, 28, 156, 94, 124, 154, 123, 14, 84, 85, 170, 108, 35, 175], [33, 192, 158, 196, 141, 22, 91, 142, 48, 45, 27, 58], [6, 152, 61, 75, 162, 110, 163, 135, 92, 148, 118, 187], [57, 31, 129, 71, 80, 131, 190, 41, 90, 115, 53, 151, 95], [99, 128, 70, 81, 117, 160, 43, 199, 114, 166, 20, 88, 37], [17, 40, 9, 189, 52, 11, 134, 133, 19, 176], [138, 15, 79, 153, 13, 83, 78, 180, 38, 10], [147, 73, 146, 72, 18, 145, 107, 44, 76, 126, 127, 60], [193, 194, 112, 168, 12, 130, 32, 106, 2, 157], [102, 177, 69, 4, 66, 191, 1, 171, 47, 121, 21], [67, 63, 181, 55, 3, 125, 98, 5, 103, 29], [65, 178, 7, 100, 24, 74, 105, 96]]",false
118,752318,2474,Swap,CMT5.vrp,"[[139, 64, 101, 93, 184, 62, 23, 104, 86, 30, 111], [46, 149, 51, 8, 167, 179, 132, 169, 50, 49, 182], [186, 143, 185, 113, 42, 116, 144, 183, 89, 137, 68, 195, 159, 16], [54, 120, 82, 140, 122, 36, 155, 59, 188, 25, 56, 161, 97], [87, 150, 119, 165, 164, 77, 109, 39, 26, 34, 174, 173, 172], [136, 197, 198, 28, 156, 94, 124, 154, 123, 14, 84, 85, 170, 108, 35, 175], [33, 192, 158, 196, 141, 22, 91, 142, 48, 45, 27, 58], [6, 152, 61, 75, 162, 110, 163, 135, 92, 148, 118, 187], [57, 31, 129, 71, 80, 131, 190, 41, 90, 115, 53, 151, 95], [99, 128, 70, 81, 117, 160, 43, 199, 114, 166, 20, 88, 37], [17, 40, 9, 189, 52, 11, 134, 133, 19, 176], [138, 15, 79, 153, 13, 83, 78, 180, 38, 10], [147, 73, 146, 72, 18, 145, 107, 44, 76, 126, 127, 60], [193, 194, 112, 168, 12, 130, 32, 106, 2, 157], [102, 177, 69, 4, 66, 191, 1, 171, 47, 121, 21], [67, 63, 181, 55, 3, 125, 98, 5, 103, 29], [65, 178, 7, 100, 24, 74, 105, 96]]",false
119,757474,2468,Swap,CMT5.vrp,"[[139, 64, 101, 93, 184, 62, 23, 104, 86, 30, 111], [46, 149, 51, 8, 167, 179, 132, 169, 50, 49, 182], [186, 143, 185, 113, 42, 116, 144, 183, 89, 137, 68, 195, 159, 16], [54, 120, 82, 140, 122, 36, 155, 59, 188, 25, 56, 161, 97], [87, 150, 119, 165, 164, 77, 109, 39, 26, 34, 174, 173, 172], [136, 197, 198, 28, 156, 94, 124, 154, 123, 14, 84, 85, 170, 108, 35, 175], [33, 192, 158, 196, 141, 22, 91, 142, 48, 45, 27, 58], [6, 152, 61, 75, 162, 110, 163, 135, 92, 148, 118, 187], [57, 31, 129, 71, 80, 131, 190, 41, 90, 115, 53, 151, 95], [99, 128, 70, 81, 117, 160, 43, 199, 114, 166, 20, 88, 37], [17, 40, 9, 189, 52, 11, 134, 133, 19, 178], [138, 15, 79, 153, 13, 83, 78, 180, 38, 10], [147, 73, 146, 72, 18, 145, 107, 44, 76, 126, 127, 60], [193, 194, 112, 168, 12, 130, 32, 106, 2, 157], [102, 177, 69, 4, 66, 191, 1, 171, 47, 121, 21], [67, 63, 181, 55, 3, 125, 98, 5, 103, 29], [65, 176, 7, 100, 24, 74, 105, 96]]",false
120,760568,2463,Swap,CMT5.vrp,"[[139, 64, 101, 93, 184, 62, 23, 104, 86, 30, 111], [46, 149, 51, 8, 167, 179, 132, 169, 50, 49, 182], [186, 143, 185, 113, 42, 116, 144, 183, 89, 137, 68, 195, 159, 16], [54, 120, 82, 140, 122, 36, 155, 59, 188, 25, 56, 161, 97], [81, 150, 119, 165, 164, 77, 109, 39, 26, 34, 174, 173, 172], [136, 197, 198, 28, 156, 94, 124, 154, 123, 14, 84, 85, 170, 108, 35, 175], [33, 192, 158, 196, 141, 22, 91, 142, 48, 45, 27, 58], [6, 152, 61, 75, 162, 110, 163, 135, 92, 148, 118, 187], [57, 31, 129, 71, 80, 131, 190, 41, 90, 115, 53, 151, 95], [99, 128, 70, 87, 117, 160, 43, 199, 114, 166, 20, 88, 37], [17, 40, 9, 189, 52, 11, 134, 133, 19, 178], [138, 15, 79, 153, 13, 83, 78, 180, 38, 10], [147, 73, 146, 72, 18, 145, 107, 44, 76, 126, 127, 60], [193, 194, 112, 168, 12, 130, 32, 106, 2, 157], [102, 177, 69, 4, 66, 191, 1, 171, 47, 121, 21], [67, 63, 181, 55, 3, 125, 98, 5, 103, 29], [65, 176, 7, 100, 24, 74, 105, 96]]",false
121,764697,2455,Swap,CMT5.vrp,"[[139, 64, 101, 93, 184, 62, 23, 104, 86, 30, 111], [46, 149, 51, 8, 167, 179, 132, 169, 50, 49, 182], [186, 143, 185, 113, 42, 116, 144, 183, 89, 137, 68, 195, 159, 16], [54, 120, 82, 140, 122, 36, 155, 59, 188, 25, 56, 161, 97], [81, 150, 119, 165, 164, 77, 109, 39, 26, 34, 174, 173, 172], [136, 197, 198, 28, 156, 94, 124, 154, 123, 14, 84, 85, 170, 108, 35, 175], [33, 192, 158, 196, 141, 22, 91, 142, 48, 45, 27, 58], [6, 152, 61, 75, 162, 110, 163, 135, 92, 148, 118, 187], [57, 31, 129, 71, 80, 131, 190, 41, 90, 115, 117, 151, 95], [99, 128, 70, 87, 53, 160, 43, 199, 114, 166, 20, 88, 37], [17, 40, 9, 189, 52, 11, 134, 133, 19, 178], [138, 15, 79, 153, 13, 83, 78, 180, 38, 10], [147, 73, 146, 72, 18, 145, 107, 44, 76, 126, 127, 60], [193, 194, 112, 168, 12, 130, 32, 106, 2, 157], [102, 177, 69, 4, 66, 191, 1, 171, 47, 121, 21], [67, 63, 181, 55, 3, 125, 98, 5, 103, 29], [65, 176, 7, 100, 24, 74, 105, 96]]",false
122,771064,2448,Swap,CMT5.vrp,"[[139, 64, 101, 93, 184, 62, 23, 104, 86, 30, 87], [46, 149, 51, 8, 167, 179, 132, 169, 50, 49, 182], [186, 143, 185, 113, 42, 116, 144, 183, 89, 137, 68, 195, 159, 16], [54, 120, 82, 140, 122, 36, 155, 59, 188, 25, 56, 161, 97], [81, 150, 119, 165, 164, 77, 109, 39, 26, 34, 174, 173, 172], [136, 197, 198, 28, 156, 94, 124, 154, 123, 14, 84, 85, 170, 108, 35, 175], [33, 192, 158, 196, 141, 22, 91, 142, 48, 45, 27, 58], [6, 152, 61, 75, 162, 110, 163, 135, 92, 148, 118, 187], [57, 31, 129, 71, 80, 131, 190, 41, 90, 115, 117, 151, 95], [99, 128, 70, 111, 53, 160, 43, 199, 114, 166, 20, 88, 37], [17, 40, 9, 189, 52, 11, 134, 133, 19, 178], [138, 15, 79, 153, 13, 83, 78, 180, 38, 10], [147, 73, 146, 72, 18, 145, 107, 44, 76, 126, 127, 60], [193, 194, 112, 168, 12, 130, 32, 106, 2, 157], [102, 177, 69, 4, 66, 191, 1, 171, 47, 121, 21], [67, 63, 181, 55, 3, 125, 98, 5, 103, 29], [65, 176, 7, 100, 24, 74, 105, 96]]",false
123,775738,2443,Swap,CMT5.vrp,"[[139, 64, 101, 28, 184, 62, 23, 104, 86, 30, 87], [46, 149, 51, 8, 167, 179, 132, 169, 50, 49, 182], [186, 143, 185, 113, 42, 116, 144, 183, 89, 137, 68, 195, 159, 16], [54, 120, 82, 140, 122, 36, 155, 59, 188, 25, 56, 161, 97], [81, 150, 119, 165, 164, 77, 109, 39, 26, 34, 174, 173, 172], [136, 197, 198, 93, 156, 94, 124, 154, 123, 14, 84, 85, 170, 108, 35, 175], [33, 192, 158, 196, 141, 22, 91, 142, 48, 45, 27, 58], [6, 152, 61, 75, 162, 110, 163, 135, 92, 148, 118, 187], [57, 31, 129, 71, 80, 131, 190, 41, 90, 115, 117, 151, 95], [99, 128, 70, 111, 53, 160, 43, 199, 114, 166, 20, 88, 37], [17, 40, 9, 189, 52, 11, 134, 133, 19, 178], [138, 15, 79, 153, 13, 83, 78, 180, 38, 10], [147, 73, 146, 72, 18, 145, 107, 44, 76, 126, 127, 60], [193, 194, 112, 168, 12, 130, 32, 106, 2, 157], [102, 177, 69, 4, 66, 191, 1, 171, 47, 121, 21], [67, 63, 181, 55, 3, 125, 98, 5, 103, 29], [65, 176, 7, 100, 24, 74, 105, 96]]",false
124,780831,2433,Swap,CMT5.vrp,"[[139, 64, 101, 28, 184, 62, 23, 104, 86, 30, 87], [46, 149, 51, 8, 167, 179, 132, 169, 50, 49, 182], [198, 143, 185, 113, 42, 116, 144, 183, 89, 137, 68, 195, 159, 16], [54, 120, 82, 140, 122, 36, 155, 59, 188, 25, 56, 161, 97], [81, 150, 119, 165, 164, 77, 109, 39, 26, 34, 174, 173, 172], [136, 197, 186, 93, 156, 94, 124, 154, 123, 14, 84, 85, 170, 108, 35, 175], [33, 192, 158, 196, 141, 22, 91, 142, 48, 45, 27, 58], [6, 152, 61, 75, 162, 110, 163, 135, 92, 148, 118, 187], [57, 31, 129, 71, 80, 131, 190, 41, 90, 115, 117, 151, 95], [99, 128, 70, 111, 53, 160, 43, 199, 114, 166, 20, 88, 37], [17, 40, 9, 189, 52, 11, 134, 133, 19, 178], [138, 15, 79, 153, 13, 83, 78, 180, 38, 10], [147, 73, 146, 72, 18, 145, 107, 44, 76, 126, 127, 60], [193, 194, 112, 168, 12, 130, 32, 106, 2, 157], [102, 177, 69, 4, 66, 191, 1, 171, 47, 121, 21], [67, 63, 181, 55, 3, 125, 98, 5, 103, 29], [65, 176, 7, 100, 24, 74, 105, 96]]",false
125,785717,2425,Swap,CMT5.vrp,"[[139, 64, 101, 28, 184, 62, 23, 104, 86, 30, 87], [46, 149, 51, 8, 167, 179, 132, 169, 50, 49, 182], [198, 143, 185, 113, 42, 116, 144, 183, 89, 137, 68, 192, 159, 16], [54, 120, 82, 140, 122, 36, 155, 59, 188, 25, 56, 161, 97], [81, 150, 119, 165, 164, 77, 109, 39, 26, 34, 174, 173, 172], [136, 197, 186, 93, 156, 94, 124, 154, 123, 14, 84, 85, 170, 108, 35, 175], [33, 195, 158, 196, 141, 22, 91, 142, 48, 45, 27, 58], [6, 152, 61, 75, 162, 110, 163, 135, 92, 148, 118, 187], [57, 31, 129, 71, 80, 131, 190, 41, 90, 115, 117, 151, 95], [99, 128, 70, 111, 53, 160, 43, 199, 114, 166, 20, 88, 37], [17, 40, 9, 189, 52, 11, 134, 133, 19, 178], [138, 15, 79, 153, 13, 83, 78, 180, 38, 10], [147, 73, 146, 72, 18, 145, 107, 44, 76, 126, 127, 60], [193, 194, 112, 168, 12, 130, 32, 106, 2, 157], [102, 177, 69, 4, 66, 191, 1, 171, 47, 121, 21], [67, 63, 181, 55, 3, 125, 98, 5, 103, 29], [65, 176, 7, 100, 24, 74, 105, 96]]",false
126,788675,2419,Swap,CMT5.vrp,"[[139, 64, 101, 28, 184, 62, 23, 104, 86, 30, 87], [46, 149, 51, 8, 167, 179, 132, 169, 50, 49, 182], [198, 143, 185, 113, 42, 116, 144, 183, 89, 137, 68, 160, 159, 16], [54, 120, 82, 140, 122, 36, 155, 59, 188, 25, 56, 161, 97], [81, 150, 119, 165, 164, 77, 109, 39, 26, 34, 174, 173, 172], [136, 197, 186, 93, 156, 94, 124, 154, 123, 14, 84, 85, 170, 108, 35, 175], [33, 195, 158, 196, 141, 22, 91, 142, 48, 45, 27, 58], [6, 152, 61, 75, 162, 110, 163, 135, 92, 148, 118, 187], [57, 31, 129, 71, 80, 131, 190, 41, 90, 115, 117, 151, 95], [99, 128, 70, 111, 53, 192, 43, 199, 114, 166, 20, 88, 37], [17, 40, 9, 189, 52, 11, 134, 133, 19, 178], [138, 15, 79, 153, 13, 83, 78, 180, 38, 10], [147, 73, 146, 72, 18, 145, 107, 44, 76, 126, 127, 60], [193, 194, 112, 168, 12, 130, 32, 106, 2, 157], [102, 177, 69, 4, 66, 191, 1, 171, 47, 121, 21], [67, 63, 181, 55, 3, 125, 98, 5, 103, 29], [65, 176, 7, 100, 24, 74, 105, 96]]",false
127,791863,2415,Swap,CMT5.vrp,"[[139, 64, 101, 28, 184, 62, 23, 104, 86, 30, 87], [46, 149, 51, 8, 167, 179, 132, 169, 50, 49, 182], [198, 143, 185, 113, 42, 116, 144, 183, 89, 137, 68, 160, 159, 16], [54, 120, 82, 140, 122, 36, 155, 59, 188, 25, 56, 161, 97], [81, 150, 119, 165, 164, 77, 109, 39, 26, 34, 47, 173, 172], [136, 197, 186, 93, 156, 94, 124, 154, 123, 14, 84, 85, 170, 108, 35, 175], [33, 195, 158, 196, 141, 22, 91, 142, 48, 45, 27, 58], [6, 152, 61, 75, 162, 110, 163, 135, 92, 148, 118, 187], [57, 31, 129, 71, 80, 131, 190, 41, 90, 115, 117, 151, 95], [99, 128, 70, 111, 53, 192, 43, 199, 114, 166, 20, 88, 37], [17, 40, 9, 189, 52, 11, 134, 133, 19, 178], [138, 15, 79, 153, 13, 83, 78, 180, 38, 10], [147, 73, 146, 72, 18, 145, 107, 44, 76, 126, 127, 60], [193, 194, 112, 168, 12, 130, 32, 106, 2, 157], [102, 177, 69, 4, 66, 191, 1, 171, 174, 121, 21], [67, 63, 181, 55, 3, 125, 98, 5, 103, 29], [65, 176, 7, 100, 24, 74, 105, 96]]",false
128,795264,2411,Swap,CMT5.vrp,"[[139, 64, 101, 28, 184, 62, 23, 104, 86, 30, 87], [46, 149, 51, 8, 167, 179, 132, 169, 50, 49, 182], [198, 143, 185, 113, 42, 116, 144, 183, 89, 137, 68, 160, 159, 16], [54, 120, 82, 140, 122, 36, 155, 59, 188, 25, 56, 161, 97], [81, 150, 119, 165, 164, 77, 109, 39, 26, 34, 47, 173, 172], [136, 197, 186, 93, 156, 94, 124, 154, 123, 14, 84, 85, 170, 108, 35, 175], [33, 195, 158, 196, 141, 22, 91, 142, 48, 45, 27, 58], [6, 152, 61, 75, 162, 110, 163, 135, 92, 148, 118, 187], [57, 31, 129, 71, 80, 131, 190, 41, 90, 115, 117, 151, 95], [99, 128, 70, 111, 53, 192, 43, 199, 114, 166, 20, 88, 37], [17, 40, 9, 189, 52, 11, 134, 133, 19, 178], [138, 15, 79, 153, 13, 83, 78, 69, 38, 10], [147, 73, 146, 72, 18, 145, 107, 44, 76, 126, 127, 60], [193, 194, 112, 168, 12, 130, 32, 106, 2, 157], [102, 177, 180, 4, 66, 191, 1, 171, 174, 121, 21], [67, 63, 181, 55, 3, 125, 98, 5, 103, 29], [65, 176, 7, 100, 24, 74, 105, 96]]",false
129,800055,2407,Swap,CMT5.vrp,"[[139, 64, 101, 28, 184, 62, 23, 104, 86, 30, 87], [46, 149, 51, 8, 167, 179, 132, 169, 50, 49, 182], [198, 143, 185, 113, 42, 116, 144, 183, 89, 137, 68, 160, 159, 16], [54, 120, 82, 140, 122, 36, 155, 59, 188, 25, 56, 161, 97], [81, 150, 119, 165, 164, 77, 109, 39, 26, 34, 47, 173, 172], [136, 197, 186, 93, 156, 94, 124, 154, 123, 14, 84, 85, 170, 108, 35, 175], [33, 195, 158, 196, 141, 22, 91, 142, 48, 45, 27, 58], [6, 152, 61, 75, 162, 110, 163, 135, 92, 148, 118, 187], [57, 31, 129, 71, 80, 131, 190, 41, 90, 115, 117, 151, 95], [99, 128, 70, 111, 53, 192, 43, 199, 114, 166, 20, 88, 37], [17, 40, 9, 189, 52, 11, 134, 133, 19, 178], [138, 15, 79, 153, 13, 83, 177, 69, 38, 10], [147, 73, 146, 72, 18, 145, 107, 44, 76, 126, 127, 60], [193, 194, 112, 168, 12, 130, 32, 106, 2, 157], [102, 78, 180, 4, 66, 191, 1, 171, 174, 121, 21], [67, 63, 181, 55, 3, 125, 98, 5, 103, 29], [65, 176, 7, 100, 24, 74, 105, 96]]",false
130,802920,2402,Swap,CMT5.vrp,"[[139, 64, 101, 28, 184, 62, 23, 104, 86, 30, 87], [46, 149, 51, 8, 167, 180, 132, 169, 50, 49, 182], [198, 143, 185, 113, 42, 116, 144, 183, 89, 137, 68, 160, 159, 16], [54, 120, 82, 140, 122, 36, 155, 59, 188, 25, 56, 161, 97], [81, 150, 119, 165, 164, 77, 109, 39, 26, 34, 47, 173, 172], [136, 197, 186, 93, 156, 94, 124, 154, 123, 14, 84, 85, 170, 108, 35, 175], [33, 195, 158, 196, 141, 22, 91, 142, 48, 45, 27, 58], [6, 152, 61, 75, 162, 110, 163, 135, 92, 148, 118, 187], [57, 31, 129, 71, 80, 131, 190, 41, 90, 115, 117, 151, 95], [99, 128, 70, 111, 53, 192, 43, 199, 114, 166, 20, 88, 37], [17, 40, 9, 189, 52, 11, 134, 133, 19, 178], [138, 15, 79, 153, 13, 83, 177, 69, 38, 10], [147, 73, 146, 72, 18, 145, 107, 44, 76, 126, 127, 60], [193, 194, 112, 168, 12, 130, 32, 106, 2, 157], [102, 78, 179, 4, 66, 191, 1, 171, 174, 121, 21], [67, 63, 181, 55, 3, 125, 98, 5, 103, 29], [65, 176, 7, 100, 24, 74, 105, 96]]",false
131,807616,2385,Swap,CMT5.vrp,"[[139, 64, 101, 28, 184, 62, 23, 104, 86, 30, 87], [46, 149, 51, 8, 78, 180, 132, 169, 50, 49, 182], [198, 143, 185, 113, 42, 116, 144, 183, 89, 137, 68, 160, 159, 16], [54, 120, 82, 140, 122, 36, 155, 59, 188, 25, 56, 161, 97], [81, 150, 119, 165, 164, 77, 109, 39, 26, 34, 47, 173, 172], [136, 197, 186, 93, 156, 94, 124, 154, 123, 14, 84, 85, 170, 108, 35, 175], [33, 195, 158, 196, 141, 22, 91, 142, 48, 45, 27, 58], [6, 152, 61, 75, 162, 110, 163, 135, 92, 148, 118, 187], [57, 31, 129, 71, 80, 131, 190, 41, 90, 115, 117, 151, 95], [99, 128, 70, 111, 53, 192, 43, 199, 114, 166, 20, 88, 37], [17, 40, 9, 189, 52, 11, 134, 133, 19, 178], [138, 15, 79, 153, 13, 83, 177, 69, 38, 10], [147, 73, 146, 72, 18, 145, 107, 44, 76, 126, 127, 60], [193, 194, 112, 168, 12, 130, 32, 106, 2, 157], [102, 167, 179, 4, 66, 191, 1, 171, 174, 121, 21], [67, 63, 181, 55, 3, 125, 98, 5, 103, 29], [65, 176, 7, 100, 24, 74, 105, 96]]",false
132,812017,2381,Swap,CMT5.vrp,"[[139, 64, 101, 28, 184, 62, 23, 104, 86, 30, 87], [46, 149, 51, 8, 78, 180, 132, 169, 50, 49, 182], [198, 143, 185, 113, 42, 116, 144, 183, 89, 137, 68, 160, 159, 16], [54, 120, 82, 140, 122, 36, 155, 59, 188, 25, 56, 161, 97], [81, 150, 119, 165, 164, 77, 109, 39, 26, 34, 47, 173, 172], [136, 197, 186, 93, 156, 94, 124, 154, 123, 14, 84, 85, 170, 108, 35, 175], [33, 195, 158, 196, 141, 22, 91, 142, 48, 45, 27, 58], [6, 152, 61, 75, 162, 110, 163, 135, 92, 148, 118, 187], [57, 31, 129, 71, 80, 131, 190, 41, 90, 115, 117, 151, 95], [102, 128, 70, 111, 53, 192, 43, 199, 114, 166, 20, 88, 37], [17, 40, 9, 189, 52, 11, 134, 133, 19, 178], [138, 15, 79, 153, 13, 83, 177, 69, 38, 10], [147, 73, 146, 72, 18, 145, 107, 44, 76, 126, 127, 60], [193, 194, 112, 168, 12, 130, 32, 106, 2, 157], [99, 167, 179, 4, 66, 191, 1, 171, 174, 121, 21], [67, 63, 181, 55, 3, 125, 98, 5, 103, 29], [65, 176, 7, 100, 24, 74, 105, 96]]",false
133,816436,2378,Swap,CMT5.vrp,"[[139, 64, 101, 28, 184, 62, 23, 104, 86, 30, 87], [46, 149, 51, 178, 78, 180, 132, 169, 50, 49, 182], [198, 143, 185, 113, 42, 116, 144, 183, 89, 137, 68, 160, 159, 16], [54, 120, 82, 140, 122, 36, 155, 59, 188, 25, 56, 161, 97], [81, 150, 119, 165, 164, 77, 109, 39, 26, 34, 47, 173, 172], [136, 197, 186, 93, 156, 94, 124, 154, 123, 14, 84, 85, 170, 108, 35, 175], [33, 195, 158, 196, 141, 22, 91, 142, 48, 45, 27, 58], [6, 152, 61, 75, 162, 110, 163, 135, 92, 148, 118, 187], [57, 31, 129, 71, 80, 131, 190, 41, 90, 115, 117, 151, 95], [102, 128, 70, 111, 53, 192, 43, 199, 114, 166, 20, 88, 37], [17, 40, 9, 189, 52, 11, 134, 133, 19, 8], [138, 15, 79, 153, 13, 83, 177, 69, 38, 10], [147, 73, 146, 72, 18, 145, 107, 44, 76, 126, 127, 60], [193, 194, 112, 168, 12, 130, 32, 106, 2, 157], [99, 167, 179, 4, 66, 191, 1, 171, 174, 121, 21], [67, 63, 181, 55, 3, 125, 98, 5, 103, 29], [65, 176, 7, 100, 24, 74, 105, 96]]",false
134,820006,2375,Swap,CMT5.vrp,"[[139, 64, 101, 28, 184, 62, 23, 104, 86, 30, 87], [46, 7, 51, 178, 78, 180, 132, 169, 50, 49, 182], [198, 143, 185, 113, 42, 116, 144, 183, 89, 137, 68, 160, 159, 16], [54, 120, 82, 140, 122, 36, 155, 59, 188, 25, 56, 161, 97], [81, 150, 119, 165, 164, 77, 109, 39, 26, 34, 47, 173, 172], [136, 197, 186, 93, 156, 94, 124, 154, 123, 14, 84, 85, 170, 108, 35, 175], [33, 195, 158, 196, 141, 22, 91, 142, 48, 45, 27, 58], [6, 152, 61, 75, 162, 110, 163, 135, 92, 148, 118, 187], [57, 31, 129, 71, 80, 131, 190, 41, 90, 115, 117, 151, 95], [102, 128, 70, 111, 53, 192, 43, 199, 114, 166, 20, 88, 37], [17, 40, 9, 189, 52, 11, 134, 133, 19, 8], [138, 15, 79, 153, 13, 83, 177, 69, 38, 10], [147, 73, 146, 72, 18, 145, 107, 44, 76, 126, 127, 60], [193, 194, 112, 168, 12, 130, 32, 106, 2, 157], [99, 167, 179, 4, 66, 191, 1, 171, 174, 121, 21], [67, 63, 181, 55, 3, 125, 98, 5, 103, 29], [65, 176, 149, 100, 24, 74, 105, 96]]",false
135,823637,2371,Swap,CMT5.vrp,"[[139, 64, 101, 28, 184, 62, 23, 104, 86, 30, 87], [149, 7, 51, 178, 78, 180, 132, 169, 50, 49, 182], [198, 143, 185, 113, 42, 116, 144, 183, 89, 137, 68, 160, 159, 16], [54, 120, 82, 140, 122, 36, 155, 59, 188, 25, 56, 161, 97], [81, 150, 119, 165, 164, 77, 109, 39, 26, 34, 47, 173, 172], [136, 197, 186, 93, 156, 94, 124, 154, 123, 14, 84, 85, 170, 108, 35, 175], [33, 195, 158, 196, 141, 22, 91, 142, 48, 45, 27, 58], [6, 152, 61, 75, 162, 110, 163, 135, 92, 148, 118, 187], [57, 31, 129, 71, 80, 131, 190, 41, 90, 115, 117, 151, 95], [102, 128, 70, 111, 53, 192, 43, 199, 114, 166, 20, 88, 37], [17, 40, 9, 189, 52, 11, 134, 133, 19, 8], [138, 15, 79, 153, 13, 83, 177, 69, 38, 10], [147, 73, 146, 72, 18, 145, 107, 44, 76, 126, 127, 60], [193, 194, 112, 168, 12, 130, 32, 106, 2, 157], [99, 167, 179, 4, 66, 191, 1, 171, 174, 121, 21], [67, 63, 181, 55, 3, 125, 98, 5, 103, 29], [65, 176, 46, 100, 24, 74, 105, 96]]",false
136,826716,2369,Swap,CMT5.vrp,"[[139, 64, 101, 28, 184, 62, 23, 104, 86, 54, 87], [149, 7, 51, 178, 78, 180, 132, 169, 50, 49, 182], [198, 143, 185, 113, 42, 116, 144, 183, 89, 137, 68, 160, 159, 16], [30, 120, 82, 140, 122, 36, 155, 59, 188, 25, 56, 161, 97], [81, 150, 119, 165, 164, 77, 109, 39, 26, 34, 47, 173, 172], [136, 197, 186, 93, 156, 94, 124, 154, 123, 14, 84, 85, 170, 108, 35, 175], [33, 195, 158, 196, 141, 22, 91, 142, 48, 45, 27, 58], [6, 152, 61, 75, 162, 110, 163, 135, 92, 148, 118, 187], [57, 31, 129, 71, 80, 131, 190, 41, 90, 115, 117, 151, 95], [102, 128, 70, 111, 53, 192, 43, 199, 114, 166, 20, 88, 37], [17, 40, 9, 189, 52, 11, 134, 133, 19, 8], [138, 15, 79, 153, 13, 83, 177, 69, 38, 10], [147, 73, 146, 72, 18, 145, 107, 44, 76, 126, 127, 60], [193, 194, 112, 168, 12, 130, 32, 106, 2, 157], [99, 167, 179, 4, 66, 191, 1, 171, 174, 121, 21], [67, 63, 181, 55, 3, 125, 98, 5, 103, 29], [65, 176, 46, 100, 24, 74, 105, 96]]",false
137,830019,2366,Swap,CMT5.vrp,"[[139, 64, 101, 28, 184, 62, 23, 104, 86, 54, 87], [149, 7, 51, 178, 78, 180, 132, 169, 50, 49, 182], [198, 143, 185, 113, 42, 116, 144, 183, 89, 137, 68, 160, 159, 16], [30, 120, 82, 140, 122, 36, 155, 59, 188, 25, 56, 161, 97], [81, 150, 119, 165, 164, 77, 109, 39, 26, 34, 47, 173, 172], [136, 197, 186, 93, 156, 94, 124, 154, 123, 14, 134, 85, 170, 108, 35, 175], [33, 195, 158, 196, 141, 22, 91, 142, 48, 45, 27, 58], [6, 152, 61, 75, 162, 110, 163, 135, 92, 148, 118, 187], [57, 31, 129, 71, 80, 131, 190, 41, 90, 115, 117, 151, 95], [102, 128, 70, 111, 53, 192, 43, 199, 114, 166, 20, 88, 37], [17, 40, 9, 189, 52, 11, 84, 133, 19, 8], [138, 15, 79, 153, 13, 83, 177, 69, 38, 10], [147, 73, 146, 72, 18, 145, 107, 44, 76, 126, 127, 60], [193, 194, 112, 168, 12, 130, 32, 106, 2, 157], [99, 167, 179, 4, 66, 191, 1, 171, 174, 121, 21], [67, 63, 181, 55, 3, 125, 98, 5, 103, 29], [65, 176, 46, 100, 24, 74, 105, 96]]",false
138,835522,2364,Swap,CMT5.vrp,"[[139, 64, 101, 28, 184, 62, 23, 104, 86, 54, 87], [149, 7, 51, 178, 78, 180, 132, 169, 50, 49, 182], [198, 143, 185, 113, 42, 116, 144, 183, 89, 137, 68, 160, 159, 16], [30, 120, 82, 140, 122, 36, 155, 59, 188, 25, 56, 161, 97], [100, 150, 119, 165, 164, 77, 109, 39, 26, 34, 47, 173, 172], [136, 197, 186, 93, 156, 94, 124, 154, 123, 14, 134, 85, 170, 108, 35, 175], [33, 195, 158, 196, 141, 22, 91, 142, 48, 45, 27, 58], [6, 152, 61, 75, 162, 110, 163, 135, 92, 148, 118, 187], [57, 31, 129, 71, 80, 131, 190, 41, 90, 115, 117, 151, 95], [102, 128, 70, 111, 53, 192, 43, 199, 114, 166, 20, 88, 37], [17, 40, 9, 189, 52, 11, 84, 133, 19, 8], [138, 15, 79, 153, 13, 83, 177, 69, 38, 10], [147, 73, 146, 72, 18, 145, 107, 44, 76, 126, 127, 60], [193, 194, 112, 168, 12, 130, 32, 106, 2, 157], [99, 167, 179, 4, 66, 191, 1, 171, 174, 121, 21], [67, 63, 181, 55, 3, 125, 98, 5, 103, 29], [65, 176, 46, 81, 24, 74, 105, 96]]",false
139,841241,2362,Swap,CMT5.vrp,"[[139, 64, 101, 28, 184, 160, 23, 104, 86, 54, 87], [149, 7, 51, 178, 78, 180, 132, 169, 50, 49, 182], [198, 143, 185, 113, 42, 116, 144, 183, 89, 137, 68, 62, 159, 16], [30, 120, 82, 140, 122, 36, 155, 59, 188, 25, 56, 161, 97], [100, 150, 119, 165, 164, 77, 109, 39, 26, 34, 47, 173, 172], [136, 197, 186, 93, 156, 94, 124, 154, 123, 14, 134, 85, 170, 108, 35, 175], [33, 195, 158, 196, 141, 22, 91, 142, 48, 45, 27, 58], [6, 152, 61, 75, 162, 110, 163, 135, 92, 148, 118, 187], [57, 31, 129, 71, 80, 131, 190, 41, 90, 115, 117, 151, 95], [102, 128, 70, 111, 53, 192, 43, 199, 114, 166, 20, 88, 37], [17, 40, 9, 189, 52, 11, 84, 133, 19, 8], [138, 15, 79, 153, 13, 83, 177, 69, 38, 10], [147, 73, 146, 72, 18, 145, 107, 44, 76, 126, 127, 60], [193, 194, 112, 168, 12, 130, 32, 106, 2, 157], [99, 167, 179, 4, 66, 191, 1, 171, 174, 121, 21], [67, 63, 181, 55, 3, 125, 98, 5, 103, 29], [65, 176, 46, 81, 24, 74, 105, 96]]",false
140,847259,2360,Swap,CMT5.vrp,"[[139, 64, 101, 28, 184, 160, 23, 104, 86, 54, 87], [149, 7, 51, 178, 78, 180, 132, 169, 50, 49, 182], [198, 143, 185, 113, 42, 116, 144, 183, 89, 137, 68, 62, 159, 16], [30, 120, 82, 140, 122, 36, 155, 59, 188, 25, 56, 161, 97], [100, 150, 119, 165, 164, 77, 109, 39, 26, 34, 47, 173, 172], [136, 197, 186, 93, 156, 94, 124, 154, 123, 14, 134, 85, 170, 108, 35, 175], [33, 195, 158, 196, 141, 22, 91, 142, 48, 45, 27, 58], [6, 152, 61, 75, 162, 110, 163, 135, 92, 148, 118, 32], [57, 31, 129, 71, 80, 131, 190, 41, 90, 115, 117, 151, 95], [102, 128, 70, 111, 53, 192, 43, 199, 114, 166, 20, 88, 37], [17, 40, 9, 189, 52, 11, 84, 133, 19, 8], [138, 15, 79, 153, 13, 83, 177, 69, 38, 10], [147, 73, 146, 72, 18, 145, 107, 44, 76, 126, 127, 60], [193, 194, 112, 168, 12, 130, 187, 106, 2, 157], [99, 167, 179, 4, 66, 191, 1, 171, 174, 121, 21], [67, 63, 181, 55, 3, 125, 98, 5, 103, 29], [65, 176, 46, 81, 24, 74, 105, 96]]",false
141,854301,2353,Swap,CMT5.vrp,"[[139, 64, 101, 28, 184, 160, 23, 104, 86, 54, 87], [149, 7, 51, 178, 78, 180, 132, 169, 50, 49, 182], [198, 143, 185, 113, 42, 116, 144, 183, 89, 137, 68, 62, 159, 16], [30, 120, 82, 140, 122, 36, 155, 59, 106, 25, 56, 161, 97], [100, 150, 119, 165, 164, 77, 109, 39, 26, 34, 47, 173, 172], [136, 197, 186, 93, 156, 94, 124, 154, 123, 14, 134, 85, 170, 108, 35, 175], [33, 195, 158, 196, 141, 22, 91, 142, 48, 45, 27, 58], [6, 152, 61, 75, 162, 110, 163, 135, 92, 148, 118, 32], [57, 31, 129, 71, 80, 131, 190, 41, 90, 115, 117, 151, 95], [102, 128, 70, 111, 53, 192, 43, 199, 114, 166, 20, 88, 37], [17, 40, 9, 189, 52, 11, 84, 133, 19, 8], [138, 15, 79, 153, 13, 83, 177, 69, 38, 10], [147, 73, 146, 72, 18, 145, 107, 44, 76, 126, 127, 60], [193, 194, 112, 168, 12, 130, 187, 188, 2, 157], [99, 167, 179, 4, 66, 191, 1, 171, 174, 121, 21], [67, 63, 181, 55, 3, 125, 98, 5, 103, 29], [65, 176, 46, 81, 24, 74, 105, 96]]",false
142,861006,2351,Swap,CMT5.vrp,"[[139, 64, 101, 28, 184, 160, 23, 104, 86, 54, 87], [149, 7, 51, 178, 78, 180, 132, 169, 50, 49, 182], [198, 143, 185, 113, 42, 116, 144, 183, 89, 137, 68, 62, 159, 16], [30, 120, 82, 140, 122, 36, 155, 59, 106, 25, 56, 161, 97], [100, 150, 119, 165, 164, 77, 109, 39, 26, 34, 47, 173, 172], [136, 197, 186, 93, 156, 94, 124, 154, 123, 14, 134, 85, 170, 108, 35, 175], [33, 195, 158, 196, 141, 22, 91, 142, 48, 45, 27, 58], [6, 152, 61, 75, 162, 110, 163, 135, 92, 148, 118, 32], [57, 31, 129, 71, 80, 131, 190, 41, 90, 115, 117, 151, 95], [102, 128, 70, 111, 53, 192, 43, 199, 114, 166, 20, 88, 37], [17, 40, 9, 189, 52, 11, 84, 133, 19, 8], [138, 15, 79, 153, 13, 83, 177, 69, 38, 10], [147, 73, 146, 72, 18, 145, 107, 44, 76, 126, 127, 60], [193, 194, 112, 168, 12, 130, 187, 188, 2, 157], [99, 167, 179, 4, 66, 191, 1, 171, 174, 121, 21], [105, 63, 181, 55, 3, 125, 98, 5, 103, 29], [65, 176, 46, 81, 24, 74, 67, 96]]",false
143,867171,2347,Swap,CMT5.vrp,"[[139, 64, 101, 28, 184, 160, 23, 104, 86, 54, 87], [149, 7, 51, 178, 78, 180, 132, 169, 50, 49, 182], [198, 143, 185, 113, 42, 116, 144, 183, 89, 137, 68, 62, 159, 16], [30, 120, 82, 140, 122, 36, 155, 59, 106, 25, 56, 161, 97], [100, 150, 119, 165, 164, 77, 109, 39, 26, 34, 47, 173, 172], [136, 197, 186, 93, 156, 94, 124, 154, 123, 14, 134, 85, 170, 108, 35, 175], [33, 195, 158, 196, 141, 22, 91, 142, 48, 45, 27, 58], [6, 152, 61, 75, 162, 110, 163, 135, 92, 148, 118, 32], [57, 31, 129, 71, 80, 131, 190, 41, 90, 115, 105, 151, 95], [102, 128, 70, 111, 53, 192, 43, 199, 114, 166, 20, 88, 37], [17, 40, 9, 189, 52, 11, 84, 133, 19, 8], [138, 15, 79, 153, 13, 83, 177, 69, 38, 10], [147, 73, 146, 72, 18, 145, 107, 44, 76, 126, 127, 60], [193, 194, 112, 168, 12, 130, 187, 188, 2, 157], [99, 167, 179, 4, 66, 191, 1, 171, 174, 121, 21], [117, 63, 181, 55, 3, 125, 98, 5, 103, 29], [65, 176, 46, 81, 24, 74, 67, 96]]",false
144,873293,2338,Swap,CMT5.vrp,"[[139, 64, 101, 28, 184, 160, 23, 104, 86, 54, 87], [149, 7, 51, 178, 78, 180, 132, 169, 50, 49, 182], [198, 143, 185, 113, 42, 116, 144, 183, 89, 137, 68, 62, 159, 16], [30, 120, 82, 140, 122, 36, 155, 59, 106, 25, 56, 161, 97], [100, 150, 119, 165, 164, 77, 109, 39, 26, 34, 47, 173, 172], [136, 197, 186, 93, 156, 94, 124, 154, 123, 14, 134, 85, 170, 108, 35, 175], [33, 195, 158, 196, 141, 22, 91, 142, 48, 45, 27, 58], [6, 152, 61, 75, 162, 110, 163, 135, 92, 148, 118, 32], [57, 31, 129, 71, 80, 131, 190, 41, 90, 115, 105, 188, 95], [102, 128, 70, 111, 53, 192, 43, 199, 114, 166, 20, 88, 37], [17, 40, 9, 189, 52, 11, 84, 133, 19, 8], [138, 15, 79, 153, 13, 83, 177, 69, 38, 10], [147, 73, 146, 72, 18, 145, 107, 44, 76, 126, 127, 60], [193, 194, 112, 168, 12, 130, 187, 151, 2, 157], [99, 167, 179, 4, 66, 191, 1, 171, 174, 121, 21], [117, 63, 181, 55, 3, 125, 98, 5, 103, 29], [65, 176, 46, 81, 24, 74, 67, 96]]",false
145,877781,2336,Swap,CMT5.vrp,"[[139, 64, 101, 28, 184, 160, 23, 104, 86, 54, 87], [149, 7, 51, 178, 78, 180, 132, 169, 50, 49, 182], [198, 143, 185, 113, 42, 116, 144, 183, 89, 137, 68, 62, 159, 16], [30, 120, 82, 140, 122, 36, 155, 59, 106, 25, 56, 161, 97], [100, 150, 119, 165, 164, 77, 109, 39, 26, 34, 47, 173, 172], [136, 197, 186, 93, 156, 94, 124, 154, 123, 14, 134, 85, 170, 108, 35, 175], [33, 195, 158, 196, 141, 22, 91, 142, 48, 45, 27, 58], [6, 152, 61, 75, 162, 110, 163, 135, 92, 148, 118, 32], [57, 31, 129, 71, 80, 131, 190, 41, 90, 115, 105, 188, 95], [102, 128, 70, 111, 53, 192, 43, 199, 114, 166, 20, 88, 37], [17, 40, 9, 189, 52, 11, 84, 133, 19, 8], [138, 15, 79, 153, 13, 83, 177, 69, 38, 10], [147, 73, 146, 72, 18, 145, 107, 44, 151, 126, 127, 60], [193, 194, 112, 168, 12, 130, 187, 76, 2, 157], [99, 167, 179, 4, 66, 191, 1, 171, 174, 121, 21], [117, 63, 181, 55, 3, 125, 98, 5, 103, 29], [65, 176, 46, 81, 24, 74, 67, 96]]",false
146,883294,2333,Swap,CMT5.vrp,"[[139, 64, 101, 28, 184, 160, 23, 104, 86, 54, 87], [149, 7, 51, 178, 78, 180, 132, 169, 50, 49, 182], [198, 143, 185, 113, 42, 116, 144, 183, 89, 137, 68, 62, 159, 16], [30, 120, 82, 140, 122, 36, 155, 59, 106, 25, 56, 161, 97], [100, 150, 119, 165, 164, 77, 109, 39, 26, 34, 47, 173, 172], [136, 197, 186, 93, 156, 94, 124, 154, 123, 14, 134, 85, 170, 108, 35, 175], [33, 195, 158, 196, 141, 22, 91, 142, 48, 45, 27, 58], [6, 152, 61, 75, 162, 110, 163, 135, 92, 148, 118, 32], [57, 31, 129, 71, 80, 131, 190, 41, 90, 115, 105, 188, 95], [102, 128, 70, 111, 53, 192, 43, 199, 114, 166, 20, 88, 37], [17, 40, 9, 189, 52, 11, 84, 133, 19, 8], [138, 15, 79, 153, 13, 83, 177, 69, 38, 10], [147, 73, 146, 72, 18, 145, 107, 63, 151, 126, 127, 60], [193, 194, 112, 168, 12, 130, 187, 76, 2, 157], [99, 167, 179, 4, 66, 191, 1, 171, 174, 121, 21], [117, 44, 181, 55, 3, 125, 98, 5, 103, 29], [65, 176, 46, 81, 24, 74, 67, 96]]",false
147,886799,2328,Swap,CMT5.vrp,"[[139, 64, 101, 28, 184, 160, 23, 104, 86, 54, 87], [149, 7, 51, 178, 78, 180, 132, 169, 50, 49, 182], [198, 143, 185, 113, 42, 116, 144, 183, 89, 137, 68, 62, 159, 16], [30, 120, 82, 140, 122, 36, 155, 59, 106, 25, 56, 161, 97], [100, 150, 119, 165, 164, 77, 109, 39, 26, 34, 47, 173, 172], [136, 197, 186, 93, 156, 94, 124, 154, 123, 14, 134, 85, 170, 108, 35, 175], [33, 195, 158, 196, 141, 22, 91, 142, 48, 45, 27, 58], [6, 152, 61, 75, 162, 110, 163, 135, 92, 148, 118, 32], [57, 31, 129, 71, 80, 131, 190, 41, 90, 115, 105, 188, 95], [102, 128, 70, 111, 53, 192, 43, 199, 114, 166, 20, 88, 37], [17, 40, 9, 189, 52, 11, 84, 133, 19, 8], [138, 15, 79, 153, 13, 83, 177, 69, 38, 10], [147, 73, 146, 72, 18, 145, 107, 63, 117, 126, 127, 60], [193, 194, 112, 168, 12, 130, 187, 76, 2, 157], [99, 167, 179, 4, 66, 191, 1, 171, 174, 121, 21], [151, 44, 181, 55, 3, 125, 98, 5, 103, 29], [65, 176, 46, 81, 24, 74, 67, 96]]",false
148,892306,2326,Swap,CMT5.vrp,"[[139, 64, 101, 28, 184, 160, 23, 104, 86, 54, 87], [149, 7, 51, 178, 78, 180, 132, 169, 50, 49, 182], [198, 143, 185, 113, 42, 116, 144, 183, 89, 137, 68, 62, 159, 16], [30, 120, 82, 140, 122, 36, 155, 59, 181, 25, 56, 161, 97], [100, 150, 119, 165, 164, 77, 109, 39, 26, 34, 47, 173, 172], [136, 197, 186, 93, 156, 94, 124, 154, 123, 14, 134, 85, 170, 108, 35, 175], [33, 195, 158, 196, 141, 22, 91, 142, 48, 45, 27, 58], [6, 152, 61, 75, 162, 110, 163, 135, 92, 148, 118, 32], [57, 31, 129, 71, 80, 131, 190, 41, 90, 115, 105, 188, 95], [102, 128, 70, 111, 53, 192, 43, 199, 114, 166, 20, 88, 37], [17, 40, 9, 189, 52, 11, 84, 133, 19, 8], [138, 15, 79, 153, 13, 83, 177, 69, 38, 10], [147, 73, 146, 72, 18, 145, 107, 63, 117, 126, 127, 60], [193, 194, 112, 168, 12, 130, 187, 76, 2, 157], [99, 167, 179, 4, 66, 191, 1, 171, 174, 121, 21], [151, 44, 106, 55, 3, 125, 98, 5, 103, 29], [65, 176, 46, 81, 24, 74, 67, 96]]",false
149,898092,2321,Swap,CMT5.vrp,"[[139, 64, 101, 28, 184, 160, 23, 104, 86, 54, 87], [149, 7, 51, 178, 78, 180, 132, 169, 50, 49, 182], [198, 143, 185, 113, 42, 116, 144, 183, 89, 137, 68, 62, 159, 16], [30, 120, 82, 140, 122, 36, 155, 59, 81, 25, 56, 161, 97], [100, 150, 119, 165, 164, 77, 109, 39, 26, 34, 47, 173, 172], [136, 197, 186, 93, 156, 94, 124, 154, 123, 14, 134, 85, 170, 108, 35, 175], [33, 195, 158, 196, 141, 22, 91, 142, 48, 45, 27, 58], [6, 152, 61, 75, 162, 110, 163, 135, 92, 148, 118, 32], [57, 31, 129, 71, 80, 131, 190, 41, 90, 115, 105, 188, 95], [102, 128, 70, 111, 53, 192, 43, 199, 114, 166, 20, 88, 37], [17, 40, 9, 189, 52, 11, 84, 133, 19, 8], [138, 15, 79, 153, 13, 83, 177, 69, 38, 10], [147, 73, 146, 72, 18, 145, 107, 63, 117, 126, 127, 60], [193, 194, 112, 168, 12, 130, 187, 76, 2, 157], [99, 167, 179, 4, 66, 191, 1, 171, 174, 121, 21], [151, 44, 106, 55, 3, 125, 98, 5, 103, 29], [65, 176, 46, 181, 24, 74, 67, 96]]",false
150,903729,2319,Swap,CMT5.vrp,"[[139, 64, 101, 28, 184, 160, 23, 104, 86, 54, 87], [149, 7, 51, 178, 78, 180, 132, 169, 50, 49, 182], [198, 143, 185, 113, 42, 116, 144, 183, 89, 137, 68, 62, 159, 16], [30, 120, 82, 140, 122, 36, 155, 59, 81, 25, 56, 161, 97], [100, 150, 119, 165, 164, 77, 109, 39, 26, 34, 47, 173, 172], [136, 196, 186, 93, 156, 94, 124, 154, 123, 14, 134, 85, 170, 108, 35, 175], [33, 195, 158, 197, 141, 22, 91, 142, 48, 45, 27, 58], [6, 152, 61, 75, 162, 110, 163, 135, 92, 148, 118, 32], [57, 31, 129, 71, 80, 131, 190, 41, 90, 115, 105, 188, 95], [102, 128, 70, 111, 53, 192, 43, 199, 114, 166, 20, 88, 37], [17, 40, 9, 189, 52, 11, 84, 133, 19, 8], [138, 15, 79, 153, 13, 83, 177, 69, 38, 10], [147, 73, 146, 72, 18, 145, 107, 63, 117, 126, 127, 60], [193, 194, 112, 168, 12, 130, 187, 76, 2, 157], [99, 167, 179, 4, 66, 191, 1, 171, 174, 121, 21], [151, 44, 106, 55, 3, 125, 98, 5, 103, 29], [65, 176, 46, 181, 24, 74, 67, 96]]",false
151,908592,2316,Swap,CMT5.vrp,"[[139, 64, 101, 28, 184, 160, 23, 104, 86, 54, 87], [149, 7, 51, 178, 78, 180, 132, 169, 50, 49, 182], [198, 143, 185, 113, 42, 116, 144, 183, 89, 137, 68, 62, 159, 16], [30, 120, 82, 140, 122, 36, 155, 59, 81, 25, 56, 161, 97], [100, 150, 119, 165, 164, 77, 109, 39, 26, 34, 47, 173, 172], [66, 196, 186, 93, 156, 94, 124, 154, 123, 14, 134, 85, 170, 108, 35, 175], [33, 195, 158, 197, 141, 22, 91, 142, 48, 45, 27, 58], [6, 152, 61, 75, 162, 110, 163, 135, 92, 148, 118, 32], [57, 31, 129, 71, 80, 131, 190, 41, 90, 115, 105, 188, 95], [102, 128, 70, 111, 53, 192, 43, 199, 114, 166, 20, 88, 37], [17, 40, 9, 189, 52, 11, 84, 133, 19, 8], [138, 15, 79, 153, 13, 83, 177, 69, 38, 10], [147, 73, 146, 72, 18, 145, 107, 63, 117, 126, 127, 60], [193, 194, 112, 168, 12, 130, 187, 76, 2, 157], [99, 167, 179, 4, 136, 191, 1, 171, 174, 121, 21], [151, 44, 106, 55, 3, 125, 98, 5, 103, 29], [65, 176, 46, 181, 24, 74, 67, 96]]",false
152,913745,2312,Swap,CMT5.vrp,"[[139, 64, 101, 28, 184, 160, 23, 104, 86, 54, 87], [149, 7, 51, 178, 78, 35, 132, 169, 50, 49, 182], [198, 143, 185, 113, 42, 116, 144, 183, 89, 137, 68, 62, 159, 16], [30, 120, 82, 140, 122, 36, 155, 59, 81, 25, 56, 161, 97], [100, 150, 119, 165, 164, 77, 109, 39, 26, 34, 47, 173, 172], [66, 196, 186, 93, 156, 94, 124, 154, 123, 14, 134, 85, 170, 108, 180, 175], [33, 195, 158, 197, 141, 22, 91, 142, 48, 45, 27, 58], [6, 152, 61, 75, 162, 110, 163, 135, 92, 148, 118, 32], [57, 31, 129, 71, 80, 131, 190, 41, 90, 115, 105, 188, 95], [102, 128, 70, 111, 53, 192, 43, 199, 114, 166, 20, 88, 37], [17, 40, 9, 189, 52, 11, 84, 133, 19, 8], [138, 15, 79, 153, 13, 83, 177, 69, 38, 10], [147, 73, 146, 72, 18, 145, 107, 63, 117, 126, 127, 60], [193, 194, 112, 168, 12, 130, 187, 76, 2, 157], [99, 167, 179, 4, 136, 191, 1, 171, 174, 121, 21], [151, 44, 106, 55, 3, 125, 98, 5, 103, 29], [65, 176, 46, 181, 24, 74, 67, 96]]",false
153,919826,2310,Swap,CMT5.vrp,"[[139, 64, 101, 28, 184, 160, 23, 104, 86, 54, 87], [149, 7, 51, 178, 78, 35, 132, 169, 50, 49, 182], [198, 115, 185, 113, 42, 116, 144, 183, 89, 137, 68, 62, 159, 16], [30, 120, 82, 140, 122, 36, 155, 59, 81, 25, 56, 161, 97], [100, 150, 119, 165, 164, 77, 109, 39, 26, 34, 47, 173, 172], [66, 196, 186, 93, 156, 94, 124, 154, 123, 14, 134, 85, 170, 108, 180, 175], [33, 195, 158, 197, 141, 22, 91, 142, 48, 45, 27, 58], [6, 152, 61, 75, 162, 110, 163, 135, 92, 148, 118, 32], [57, 31, 129, 71, 80, 131, 190, 41, 90, 143, 105, 188, 95], [102, 128, 70, 111, 53, 192, 43, 199, 114, 166, 20, 88, 37], [17, 40, 9, 189, 52, 11, 84, 133, 19, 8], [138, 15, 79, 153, 13, 83, 177, 69, 38, 10], [147, 73, 146, 72, 18, 145, 107, 63, 117, 126, 127, 60], [193, 194, 112, 168, 12, 130, 187, 76, 2, 157], [99, 167, 179, 4, 136, 191, 1, 171, 174, 121, 21], [151, 44, 106, 55, 3, 125, 98, 5, 103, 29], [65, 176, 46, 181, 24, 74, 67, 96]]",false
154,923717,2307,Swap,CMT5.vrp,"[[139, 64, 101, 28, 184, 160, 23, 104, 86, 54, 87], [149, 7, 51, 178, 78, 35, 132, 169, 50, 49, 182], [198, 115, 185, 113, 42, 116, 144, 183, 89, 137, 68, 62, 159, 16], [30, 120, 82, 140, 122, 36, 155, 59, 81, 25, 56, 161, 97], [100, 150, 119, 165, 164, 77, 109, 39, 26, 34, 47, 173, 172], [66, 196, 186, 93, 156, 94, 124, 154, 123, 14, 134, 85, 170, 108, 180, 175], [33, 195, 158, 197, 141, 22, 91, 142, 48, 45, 27, 58], [6, 152, 61, 75, 162, 110, 163, 135, 92, 148, 118, 32], [57, 31, 10, 71, 80, 131, 190, 41, 90, 143, 105, 188, 95], [102, 128, 70, 111, 53, 192, 43, 199, 114, 166, 20, 88, 37], [17, 40, 9, 189, 52, 11, 84, 133, 19, 8], [138, 15, 79, 153, 13, 83, 177, 69, 38, 129], [147, 73, 146, 72, 18, 145, 107, 63, 117, 126, 127, 60], [193, 194, 112, 168, 12, 130, 187, 76, 2, 157], [99, 167, 179, 4, 136, 191, 1, 171, 174, 121, 21], [151, 44, 106, 55, 3, 125, 98, 5, 103, 29], [65, 176, 46, 181, 24, 74, 67, 96]]",false
155,927112,2306,Swap,CMT5.vrp,"[[139, 64, 101, 28, 184, 160, 23, 104, 86, 54, 87], [149, 7, 51, 178, 78, 35, 132, 169, 50, 49, 182], [198, 115, 185, 113, 42, 116, 144, 183, 89, 137, 68, 62, 159, 16], [30, 120, 82, 140, 122, 36, 155, 59, 81, 25, 56, 161, 97], [100, 150, 119, 165, 164, 77, 109, 39, 26, 111, 47, 173, 172], [66, 196, 186, 93, 156, 94, 124, 154, 123, 14, 134, 85, 170, 108, 180, 175], [33, 195, 158, 197, 141, 22, 91, 142, 48, 45, 27, 58], [6, 152, 61, 75, 162, 110, 163, 135, 92, 148, 118, 32], [57, 31, 10, 71, 80, 131, 190, 41, 90, 143, 105, 188, 95], [102, 128, 70, 34, 53, 192, 43, 199, 114, 166, 20, 88, 37], [17, 40, 9, 189, 52, 11, 84, 133, 19, 8], [138, 15, 79, 153, 13, 83, 177, 69, 38, 129], [147, 73, 146, 72, 18, 145, 107, 63, 117, 126, 127, 60], [193, 194, 112, 168, 12, 130, 187, 76, 2, 157], [99, 167, 179, 4, 136, 191, 1, 171, 174, 121, 21], [151, 44, 106, 55, 3, 125, 98, 5, 103, 29], [65, 176, 46, 181, 24, 74, 67, 96]]",false
156,933060,2304,Swap,CMT5.vrp,"[[139, 64, 101, 28, 184, 160, 23, 104, 86, 54, 87], [149, 7, 51, 178, 78, 35, 132, 169, 50, 49, 182], [198, 115, 185, 113, 42, 116, 144, 183, 89, 137, 68, 62, 159, 16], [30, 120, 171, 140, 122, 36, 155, 59, 81, 25, 56, 161, 97], [100, 150, 119, 165, 164, 77, 109, 39, 26, 111, 47, 173, 172], [66, 196, 186, 93, 156, 94, 124, 154, 123, 14, 134, 85, 170, 108, 180, 175], [33, 195, 158, 197, 141, 22, 91, 142, 48, 45, 27, 58], [6, 152, 61, 75, 162, 110, 163, 135, 92, 148, 118, 32], [57, 31, 10, 71, 80, 131, 190, 41, 90, 143, 105, 188, 95], [102, 128, 70, 34, 53, 192, 43, 199, 114, 166, 20, 88, 37], [17, 40, 9, 189, 52, 11, 84, 133, 19, 8], [138, 15, 79, 153, 13, 83, 177, 69, 38, 129], [147, 73, 146, 72, 18, 145, 107, 63, 117, 126, 127, 60], [193, 194, 112, 168, 12, 130, 187, 76, 2, 157], [99, 167, 179, 4, 136, 191, 1, 82, 174, 121, 21], [151, 44, 106, 55, 3, 125, 98, 5, 103, 29], [65, 176, 46, 181, 24, 74, 67, 96]]",false
157,938589,2303,Swap,CMT5.vrp,"[[139, 64, 101, 28, 184, 160, 23, 104, 86, 54, 87], [149, 7, 51, 178, 78, 35, 132, 169, 50, 49, 182], [198, 115, 185, 113, 42, 116, 144, 183, 89, 137, 68, 62, 159, 16], [30, 120, 171, 140, 122, 36, 155, 59, 81, 25, 56, 161, 97], [100, 150, 52, 165, 164, 77, 109, 39, 26, 111, 47, 173, 172], [66, 196, 186, 93, 156, 94, 124, 154, 123, 14, 134, 85, 170, 108, 180, 175], [33, 195, 158, 197, 141, 22, 91, 142, 48, 45, 27, 58], [6, 152, 61, 75, 162, 110, 163, 135, 92, 148, 118, 32], [57, 31, 10, 71, 80, 131, 190, 41, 90, 143, 105, 188, 95], [102, 128, 70, 34, 53, 192, 43, 199, 114, 166, 20, 88, 37], [17, 40, 9, 189, 119, 11, 84, 133, 19, 8], [138, 15, 79, 153, 13, 83, 177, 69, 38, 129], [147, 73, 146, 72, 18, 145, 107, 63, 117, 126, 127, 60], [193, 194, 112, 168, 12, 130, 187, 76, 2, 157], [99, 167, 179, 4, 136, 191, 1, 82, 174, 121, 21], [151, 44, 106, 55, 3, 125, 98, 5, 103, 29], [65, 176, 46, 181, 24, 74, 67, 96]]",false
158,944600,2297,Swap,CMT5.vrp,"[[139, 64, 101, 28, 184, 160, 23, 104, 86, 54, 87], [149, 7, 51, 178, 78, 35, 132, 169, 50, 49, 182], [198, 115, 185, 113, 42, 116, 144, 183, 89, 137, 68, 62, 159, 16], [30, 120, 171, 140, 122, 36, 155, 59, 81, 25, 56, 161, 97], [100, 150, 52, 165, 164, 77, 109, 39, 26, 111, 47, 173, 172], [66, 196, 186, 93, 156, 94, 124, 154, 123, 14, 134, 85, 170, 108, 180, 175], [33, 195, 158, 197, 141, 22, 91, 142, 48, 45, 27, 58], [6, 152, 61, 75, 162, 110, 163, 135, 92, 148, 118, 32], [57, 31, 10, 189, 80, 131, 190, 41, 90, 143, 105, 188, 95], [102, 128, 70, 34, 53, 192, 43, 199, 114, 166, 20, 88, 37], [17, 40, 9, 71, 119, 11, 84, 133, 19, 8], [138, 15, 79, 153, 13, 83, 177, 69, 38, 129], [147, 73, 146, 72, 18, 145, 107, 63, 117, 126, 127, 60], [193, 194, 112, 168, 12, 130, 187, 76, 2, 157], [99, 167, 179, 4, 136, 191, 1, 82, 174, 121, 21], [151, 44, 106, 55, 3, 125, 98, 5, 103, 29], [65, 176, 46, 181, 24, 74, 67, 96]]",false
159,950498,2290,Swap,CMT5.vrp,"[[139, 64, 101, 28, 184, 160, 23, 104, 86, 54, 87], [149, 7, 51, 178, 78, 35, 132, 169, 9, 49, 182], [198, 115, 185, 113, 42, 116, 144, 183, 89, 137, 68, 62, 159, 16], [30, 120, 171, 140, 122, 36, 155, 59, 81, 25, 56, 161, 97], [100, 150, 52, 165, 164, 77, 109, 39, 26, 111, 47, 173, 172], [66, 196, 186, 93, 156, 94, 124, 154, 123, 14, 134, 85, 170, 108, 180, 175], [33, 195, 158, 197, 141, 22, 91, 142, 48, 45, 27, 58], [6, 152, 61, 75, 162, 110, 163, 135, 92, 148, 118, 32], [57, 31, 10, 189, 80, 131, 190, 41, 90, 143, 105, 188, 95], [102, 128, 70, 34, 53, 192, 43, 199, 114, 166, 20, 88, 37], [17, 40, 50, 71, 119, 11, 84, 133, 19, 8], [138, 15, 79, 153, 13, 83, 177, 69, 38, 129], [147, 73, 146, 72, 18, 145, 107, 63, 117, 126, 127, 60], [193, 194, 112, 168, 12, 130, 187, 76, 2, 157], [99, 167, 179, 4, 136, 191, 1, 82, 174, 121, 21], [151, 44, 106, 55, 3, 125, 98, 5, 103, 29], [65, 176, 46, 181, 24, 74, 67, 96]]",false
160,955345,2287,Swap,CMT5.vrp,"[[139, 64, 101, 28, 184, 160, 23, 104, 86, 54, 87], [149, 7, 51, 178, 78, 35, 132, 169, 9, 49, 182], [198, 115, 185, 113, 42, 116, 144, 183, 89, 137, 68, 62, 159, 16], [30, 120, 171, 140, 122, 36, 155, 59, 81, 25, 56, 161, 97], [100, 150, 119, 165, 164, 77, 109, 39, 26, 111, 47, 173, 172], [66, 196, 186, 93, 156, 94, 124, 154, 123, 14, 134, 85, 170, 108, 180, 175], [33, 195, 158, 197, 141, 22, 91, 142, 48, 45, 27, 58], [6, 152, 61, 75, 162, 110, 163, 135, 92, 148, 118, 32], [57, 31, 10, 189, 80, 131, 190, 41, 90, 143, 105, 188, 95], [102, 128, 70, 34, 53, 192, 43, 199, 114, 166, 20, 88, 37], [17, 40, 50, 71, 52, 11, 84, 133, 19, 8], [138, 15, 79, 153, 13, 83, 177, 69, 38, 129], [147, 73, 146, 72, 18, 145, 107, 63, 117, 126, 127, 60], [193, 194, 112, 168, 12, 130, 187, 76, 2, 157], [99, 167, 179, 4, 136, 191, 1, 82, 174, 121, 21], [151, 44, 106, 55, 3, 125, 98, 5, 103, 29], [65, 176, 46, 181, 24, 74, 67, 96]]",false
161,959597,2285,Swap,CMT5.vrp,"[[139, 64, 101, 28, 184, 160, 23, 104, 86, 54, 87], [149, 7, 51, 178, 78, 35, 132, 169, 9, 49, 182], [198, 115, 185, 113, 42, 116, 144, 183, 89, 137, 68, 62, 159, 16], [30, 120, 171, 140, 122, 36, 155, 59, 81, 25, 56, 161, 97], [100, 71, 119, 165, 164, 77, 109, 39, 26, 111, 47, 173, 172], [66, 196, 186, 93, 156, 94, 124, 154, 123, 14, 134, 85, 170, 108, 180, 175], [33, 195, 158, 197, 141, 22, 91, 142, 48, 45, 27, 58], [6, 152, 61, 75, 162, 110, 163, 135, 92, 148, 118, 32], [57, 31, 10, 189, 80, 131, 190, 41, 90, 143, 105, 188, 95], [102, 128, 70, 34, 53, 192, 43, 199, 114, 166, 20, 88, 37], [17, 40, 50, 150, 52, 11, 84, 133, 19, 8], [138, 15, 79, 153, 13, 83, 177, 69, 38, 129], [147, 73, 146, 72, 18, 145, 107, 63, 117, 126, 127, 60], [193, 194, 112, 168, 12, 130, 187, 76, 2, 157], [99, 167, 179, 4, 136, 191, 1, 82, 174, 121, 21], [151, 44, 106, 55, 3, 125, 98, 5, 103, 29], [65, 176, 46, 181, 24, 74, 67, 96]]",false
162,965691,2282,Swap,CMT5.vrp,"[[139, 64, 101, 28, 184, 160, 23, 104, 86, 54, 87], [149, 7, 51, 178, 78, 35, 132, 169, 9, 49, 182], [198, 115, 185, 113, 42, 116, 144, 183, 89, 137, 68, 62, 159, 16], [30, 120, 171, 140, 122, 36, 155, 59, 81, 25, 56, 161, 97], [100, 71, 119, 165, 164, 77, 109, 39, 26, 111, 47, 173, 172], [66, 196, 186, 93, 156, 94, 124, 154, 123, 14, 134, 85, 170, 108, 180, 175], [33, 195, 158, 197, 141, 22, 91, 142, 48, 45, 27, 58], [6, 152, 61, 75, 162, 110, 163, 135, 92, 148, 118, 32], [57, 31, 10, 189, 80, 131, 190, 41, 90, 143, 105, 188, 95], [102, 128, 70, 34, 53, 192, 43, 199, 114, 166, 20, 88, 37], [17, 40, 50, 38, 52, 11, 84, 133, 19, 8], [138, 15, 79, 153, 13, 83, 177, 69, 150, 129], [147, 73, 146, 72, 18, 145, 107, 63, 117, 126, 127, 60], [193, 194, 112, 168, 12, 130, 187, 76, 2, 157], [99, 167, 179, 4, 136, 191, 1, 82, 174, 121, 21], [151, 44, 106, 55, 3, 125, 98, 5, 103, 29], [65, 176, 46, 181, 24, 74, 67, 96]]",false
163,973146,2280,Swap,CMT5.vrp,"[[139, 64, 101, 28, 184, 160, 23, 104, 86, 54, 87], [149, 7, 51, 178, 78, 35, 132, 169, 9, 49, 182], [198, 115, 185, 113, 42, 116, 144, 183, 89, 137, 68, 62, 159, 16], [30, 120, 171, 140, 122, 36, 155, 59, 81, 25, 56, 161, 97], [100, 71, 119, 165, 164, 77, 109, 39, 129, 111, 47, 173, 172], [66, 196, 186, 93, 156, 94, 124, 154, 123, 14, 134, 85, 170, 108, 180, 175], [33, 195, 158, 197, 141, 22, 91, 142, 48, 45, 27, 58], [6, 152, 61, 75, 162, 110, 163, 135, 92, 148, 118, 32], [57, 31, 10, 189, 80, 131, 190, 41, 90, 143, 105, 188, 95], [102, 128, 70, 34, 53, 192, 43, 199, 114, 166, 20, 88, 37], [17, 40, 50, 38, 52, 11, 84, 133, 19, 8], [138, 15, 79, 153, 13, 83, 177, 69, 150, 26], [147, 73, 146, 72, 18, 145, 107, 63, 117, 126, 127, 60], [193, 194, 112, 168, 12, 130, 187, 76, 2, 157], [99, 167, 179, 4, 136, 191, 1, 82, 174, 121, 21], [151, 44, 106, 55, 3, 125, 98, 5, 103, 29], [65, 176, 46, 181, 24, 74, 67, 96]]",false
164,976593,2277,Swap,CMT5.vrp,"[[139, 64, 101, 28, 184, 160, 23, 104, 86, 54, 87], [149, 7, 51, 178, 78, 35, 132, 129, 9, 49, 182], [198, 115, 185, 113, 42, 116, 144, 183, 89, 137, 68, 62, 159, 16], [30, 120, 171, 140, 122, 36, 155, 59, 81, 25, 56, 161, 97], [100, 71, 119, 165, 164, 77, 109, 39, 169, 111, 47, 173, 172], [66, 196, 186, 93, 156, 94, 124, 154, 123, 14, 134, 85, 170, 108, 180, 175], [33, 195, 158, 197, 141, 22, 91, 142, 48, 45, 27, 58], [6, 152, 61, 75, 162, 110, 163, 135, 92, 148, 118, 32], [57, 31, 10, 189, 80, 131, 190, 41, 90, 143, 105, 188, 95], [102, 128, 70, 34, 53, 192, 43, 199, 114, 166, 20, 88, 37], [17, 40, 50, 38, 52, 11, 84, 133, 19, 8], [138, 15, 79, 153, 13, 83, 177, 69, 150, 26], [147, 73, 146, 72, 18, 145, 107, 63, 117, 126, 127, 60], [193, 194, 112, 168, 12, 130, 187, 76, 2, 157], [99, 167, 179, 4, 136, 191, 1, 82, 174, 121, 21], [151, 44, 106, 55, 3, 125, 98, 5, 103, 29], [65, 176, 46, 181, 24, 74, 67, 96]]",false
165,980686,2274,Swap,CMT5.vrp,"[[139, 64, 101, 28, 184, 160, 23, 104, 86, 54, 87], [149, 7, 51, 178, 78, 35, 132, 129, 9, 49, 182], [198, 115, 185, 113, 42, 116, 144, 183, 89, 137, 68, 62, 159, 16], [30, 120, 173, 140, 122, 36, 155, 59, 81, 25, 56, 161, 97], [100, 71, 119, 165, 164, 77, 109, 39, 169, 111, 47, 171, 172], [66, 196, 186, 93, 156, 94, 124, 154, 123, 14, 134, 85, 170, 108, 180, 175], [33, 195, 158, 197, 141, 22, 91, 142, 48, 45, 27, 58], [6, 152, 61, 75, 162, 110, 163, 135, 92, 148, 118, 32], [57, 31, 10, 189, 80, 131, 190, 41, 90, 143, 105, 188, 95], [102, 128, 70, 34, 53, 192, 43, 199, 114, 166, 20, 88, 37], [17, 40, 50, 38, 52, 11, 84, 133, 19, 8], [138, 15, 79, 153, 13, 83, 177, 69, 150, 26], [147, 73, 146, 72, 18, 145, 107, 63, 117, 126, 127, 60], [193, 194, 112, 168, 12, 130, 187, 76, 2, 157], [99, 167, 179, 4, 136, 191, 1, 82, 174, 121, 21], [151, 44, 106, 55, 3, 125, 98, 5, 103, 29], [65, 176, 46, 181, 24, 74, 67, 96]]",false
166,986811,2267,Swap,CMT5.vrp,"[[139, 64, 101, 28, 184, 160, 23, 104, 86, 54, 87], [149, 7, 51, 178, 78, 35, 132, 129, 9, 49, 182], [198, 115, 185, 113, 42, 116, 144, 183, 89, 137, 68, 62, 159, 16], [30, 120, 173, 174, 122, 36, 155, 59, 81, 25, 56, 161, 97], [100, 71, 119, 165, 164, 77, 109, 39, 169, 111, 47, 171, 172], [66, 196, 186, 93, 156, 94, 124, 154, 123, 14, 134, 85, 170, 108, 180, 175], [33, 195, 158, 197, 141, 22, 91, 142, 48, 45, 27, 58], [6, 152, 61, 75, 162, 110, 163, 135, 92, 148, 118, 32], [57, 31, 10, 189, 80, 131, 190, 41, 90, 143, 105, 188, 95], [102, 128, 70, 34, 53, 192, 43, 199, 114, 166, 20, 88, 37], [17, 40, 50, 38, 52, 11, 84, 133, 19, 8], [138, 15, 79, 153, 13, 83, 177, 69, 150, 26], [147, 73, 146, 72, 18, 145, 107, 63, 117, 126, 127, 60], [193, 194, 112, 168, 12, 130, 187, 76, 2, 157], [99, 167, 179, 4, 136, 191, 1, 82, 140, 121, 21], [151, 44, 106, 55, 3, 125, 98, 5, 103, 29], [65, 176, 46, 181, 24, 74, 67, 96]]",false
167,992497,2265,Swap,CMT5.vrp,"[[139, 64, 101, 28, 184, 160, 23, 104, 86, 54, 87], [149, 7, 51, 178, 78, 35, 132, 129, 9, 49, 182], [198, 115, 185, 113, 42, 116, 144, 183, 89, 137, 68, 62, 159, 16], [30, 120, 173, 174, 122, 36, 155, 59, 81, 25, 56, 161, 97], [100, 71, 119, 165, 164, 77, 109, 39, 169, 111, 47, 171, 172], [66, 196, 186, 93, 156, 94, 124, 154, 123, 14, 134, 85, 170, 108, 180, 175], [33, 195, 158, 197, 141, 22, 91, 142, 48, 45, 27, 58], [6, 152, 61, 75, 162, 110, 163, 135, 92, 148, 118, 32], [57, 31, 10, 189, 80, 131, 190, 41, 90, 143, 136, 188, 95], [102, 128, 70, 34, 53, 192, 43, 199, 114, 166, 20, 88, 37], [17, 40, 50, 38, 52, 11, 84, 133, 19, 8], [138, 15, 79, 153, 13, 83, 177, 69, 150, 26], [147, 73, 146, 72, 18, 145, 107, 63, 117, 126, 127, 60], [193, 194, 112, 168, 12, 130, 187, 76, 2, 157], [99, 167, 179, 4, 105, 191, 1, 82, 140, 121, 21], [151, 44, 106, 55, 3, 125, 98, 5, 103, 29], [65, 176, 46, 181, 24, 74, 67, 96]]",false
168,996626,2259,Swap,CMT5.vrp,"[[139, 64, 101, 28, 184, 160, 23, 104, 105, 54, 87], [149, 7, 51, 178, 78, 35, 132, 129, 9, 49, 182], [198, 115, 185, 113, 42, 116, 144, 183, 89, 137, 68, 62, 159, 16], [30, 120, 173, 174, 122, 36, 155, 59, 81, 25, 56, 161, 97], [100, 71, 119, 165, 164, 77, 109, 39, 169, 111, 47, 171, 172], [66, 196, 186, 93, 156, 94, 124, 154, 123, 14, 134, 85, 170, 108, 180, 175], [33, 195, 158, 197, 141, 22, 91, 142, 48, 45, 27, 58], [6, 152, 61, 75, 162, 110, 163, 135, 92, 148, 118, 32], [57, 31, 10, 189, 80, 131, 190, 41, 90, 143, 136, 188, 95], [102, 128, 70, 34, 53, 192, 43, 199, 114, 166, 20, 88, 37], [17, 40, 50, 38, 52, 11, 84, 133, 19, 8], [138, 15, 79, 153, 13, 83, 177, 69, 150, 26], [147, 73, 146, 72, 18, 145, 107, 63, 117, 126, 127, 60], [193, 194, 112, 168, 12, 130, 187, 76, 2, 157], [99, 167, 179, 4, 86, 191, 1, 82, 140, 121, 21], [151, 44, 106, 55, 3, 125, 98, 5, 103, 29], [65, 176, 46, 181, 24, 74, 67, 96]]",false
169,1000977,2257,Swap,CMT5.vrp,"[[139, 64, 101, 28, 184, 160, 23, 104, 105, 4, 87], [149, 7, 51, 178, 78, 35, 132, 129, 9, 49, 182], [198, 115, 185, 113, 42, 116, 144, 183, 89, 137, 68, 62, 159, 16], [30, 120, 173, 174, 122, 36, 155, 59, 81, 25, 56, 161, 97], [100, 71, 119, 165, 164, 77, 109, 39, 169, 111, 47, 171, 172], [66, 196, 186, 93, 156, 94, 124, 154, 123, 14, 134, 85, 170, 108, 180, 175], [33, 195, 158, 197, 141, 22, 91, 142, 48, 45, 27, 58], [6, 152, 61, 75, 162, 110, 163, 135, 92, 148, 118, 32], [57, 31, 10, 189, 80, 131, 190, 41, 90, 143, 136, 188, 95], [102, 128, 70, 34, 53, 192, 43, 199, 114, 166, 20, 88, 37], [17, 40, 50, 38, 52, 11, 84, 133, 19, 8], [138, 15, 79, 153, 13, 83, 177, 69, 150, 26], [147, 73, 146, 72, 18, 145, 107, 63, 117, 126, 127, 60], [193, 194, 112, 168, 12, 130, 187, 76, 2, 157], [99, 167, 179, 54, 86, 191, 1, 82, 140, 121, 21], [151, 44, 106, 55, 3, 125, 98, 5, 103, 29], [65, 176, 46, 181, 24, 74, 67, 96]]",false
170,1004141,2255,Swap,CMT5.vrp,"[[139, 64, 101, 28, 184, 160, 23, 104, 105, 4, 87], [149, 7, 51, 178, 78, 35, 132, 129, 9, 49, 182], [198, 115, 185, 113, 42, 116, 144, 183, 89, 137, 68, 62, 159, 16], [30, 120, 173, 174, 122, 36, 155, 59, 81, 25, 56, 161, 97], [100, 71, 119, 165, 164, 77, 109, 39, 50, 111, 47, 171, 172], [66, 196, 186, 93, 156, 94, 124, 154, 123, 14, 134, 85, 170, 108, 180, 175], [33, 195, 158, 197, 141, 22, 91, 142, 48, 45, 27, 58], [6, 152, 61, 75, 162, 110, 163, 135, 92, 148, 118, 32], [57, 31, 10, 189, 80, 131, 190, 41, 90, 143, 136, 188, 95], [102, 128, 70, 34, 53, 192, 43, 199, 114, 166, 20, 88, 37], [17, 40, 169, 38, 52, 11, 84, 133, 19, 8], [138, 15, 79, 153, 13, 83, 177, 69, 150, 26], [147, 73, 146, 72, 18, 145, 107, 63, 117, 126, 127, 60], [193, 194, 112, 168, 12, 130, 187, 76, 2, 157], [99, 167, 179, 54, 86, 191, 1, 82, 140, 121, 21], [151, 44, 106, 55, 3, 125, 98, 5, 103, 29], [65, 176, 46, 181, 24, 74, 67, 96]]",false
171,1007521,2254,Swap,CMT5.vrp,"[[139, 64, 101, 28, 184, 160, 23, 104, 105, 4, 87], [149, 7, 51, 178, 78, 35, 132, 129, 9, 49, 182], [198, 115, 185, 113, 42, 116, 144, 183, 89, 137, 68, 62, 159, 16], [30, 120, 173, 174, 122, 36, 155, 59, 81, 25, 56, 161, 97], [100, 71, 119, 165, 164, 77, 109, 39, 50, 54, 47, 171, 172], [66, 196, 186, 93, 156, 94, 124, 154, 123, 14, 134, 85, 170, 108, 180, 175], [33, 195, 158, 197, 141, 22, 91, 142, 48, 45, 27, 58], [6, 152, 61, 75, 162, 110, 163, 135, 92, 148, 118, 32], [57, 31, 10, 189, 80, 131, 190, 41, 90, 143, 136, 188, 95], [102, 128, 70, 34, 53, 192, 43, 199, 114, 166, 20, 88, 37], [17, 40, 169, 38, 52, 11, 84, 133, 19, 8], [138, 15, 79, 153, 13, 83, 177, 69, 150, 26], [147, 73, 146, 72, 18, 145, 107, 63, 117, 126, 127, 60], [193, 194, 112, 168, 12, 130, 187, 76, 2, 157], [99, 167, 179, 111, 86, 191, 1, 82, 140, 121, 21], [151, 44, 106, 55, 3, 125, 98, 5, 103, 29], [65, 176, 46, 181, 24, 74, 67, 96]]",false
172,1010791,2252,Swap,CMT5.vrp,"[[139, 64, 101, 28, 184, 160, 23, 104, 105, 4, 87], [149, 7, 51, 178, 78, 35, 132, 129, 9, 49, 182], [198, 115, 185, 113, 42, 116, 144, 183, 89, 137, 68, 62, 159, 16], [30, 47, 173, 174, 122, 36, 155, 59, 81, 25, 56, 161, 97], [100, 71, 119, 165, 164, 77, 109, 39, 50, 54, 120, 171, 172], [66, 196, 186, 93, 156, 94, 124, 154, 123, 14, 134, 85, 170, 108, 180, 175], [33, 195, 158, 197, 141, 22, 91, 142, 48, 45, 27, 58], [6, 152, 61, 75, 162, 110, 163, 135, 92, 148, 118, 32], [57, 31, 10, 189, 80, 131, 190, 41, 90, 143, 136, 188, 95], [102, 128, 70, 34, 53, 192, 43, 199, 114, 166, 20, 88, 37], [17, 40, 169, 38, 52, 11, 84, 133, 19, 8], [138, 15, 79, 153, 13, 83, 177, 69, 150, 26], [147, 73, 146, 72, 18, 145, 107, 63, 117, 126, 127, 60], [193, 194, 112, 168, 12, 130, 187, 76, 2, 157], [99, 167, 179, 111, 86, 191, 1, 82, 140, 121, 21], [151, 44, 106, 55, 3, 125, 98, 5, 103, 29], [65, 176, 46, 181, 24, 74, 67, 96]]",false
173,1015996,2251,Swap,CMT5.vrp,"[[139, 64, 101, 28, 184, 160, 23, 104, 105, 4, 87], [149, 7, 51, 178, 78, 35, 132, 129, 9, 49, 182], [198, 115, 185, 113, 42, 116, 144, 183, 89, 137, 68, 62, 159, 16], [30, 47, 173, 174, 122, 36, 155, 59, 81, 25, 56, 161, 97], [100, 71, 119, 165, 164, 77, 109, 39, 50, 54, 120, 171, 172], [66, 196, 186, 93, 156, 94, 124, 154, 123, 14, 134, 85, 170, 108, 180, 175], [33, 195, 158, 197, 141, 22, 91, 142, 48, 45, 111, 58], [6, 152, 61, 75, 162, 110, 163, 135, 92, 148, 118, 32], [57, 31, 10, 189, 80, 131, 190, 41, 90, 143, 136, 188, 95], [102, 128, 70, 34, 53, 192, 43, 199, 114, 166, 20, 88, 37], [17, 40, 169, 38, 52, 11, 84, 133, 19, 8], [138, 15, 79, 153, 13, 83, 177, 69, 150, 26], [147, 73, 146, 72, 18, 145, 107, 63, 117, 126, 127, 60], [193, 194, 112, 168, 12, 130, 187, 76, 2, 157], [99, 167, 179, 27, 86, 191, 1, 82, 140, 121, 21], [151, 44, 106, 55, 3, 125, 98, 5, 103, 29], [65, 176, 46, 181, 24, 74, 67, 96]]",false
174,1021226,2250,Swap,CMT5.vrp,"[[139, 64, 101, 28, 184, 160, 23, 104, 105, 4, 87], [149, 7, 51, 178, 78, 35, 132, 129, 9, 49, 182], [198, 115, 185, 113, 42, 116, 144, 183, 89, 137, 68, 62, 159, 16], [48, 47, 173, 174, 122, 36, 155, 59, 81, 25, 56, 161, 97], [100, 71, 119, 165, 164, 77, 109, 39, 50, 54, 120, 171, 172], [66, 196, 186, 93, 156, 94, 124, 154, 123, 14, 134, 85, 170, 108, 180, 175], [33, 195, 158, 197, 141, 22, 91, 142, 30, 45, 111, 58], [6, 152, 61, 75, 162, 110, 163, 135, 92, 148, 118, 32], [57, 31, 10, 189, 80, 131, 190, 41, 90, 143, 136, 188, 95], [102, 128, 70, 34, 53, 192, 43, 199, 114, 166, 20, 88, 37], [17, 40, 169, 38, 52, 11, 84, 133, 19, 8], [138, 15, 79, 153, 13, 83, 177, 69, 150, 26], [147, 73, 146, 72, 18, 145, 107, 63, 117, 126, 127, 60], [193, 194, 112, 168, 12, 130, 187, 76, 2, 157], [99, 167, 179, 27, 86, 191, 1, 82, 140, 121, 21], [151, 44, 106, 55, 3, 125, 98, 5, 103, 29], [65, 176, 46, 181, 24, 74, 67, 96]]",false
175,1025265,2249,Swap,CMT5.vrp,"[[139, 64, 101, 28, 184, 160, 23, 104, 105, 4, 87], [149, 7, 51, 178, 78, 35, 132, 129, 9, 49, 182], [198, 115, 185, 113, 42, 116, 144, 183, 89, 137, 68, 62, 159, 16], [48, 47, 173, 174, 122, 36, 155, 59, 81, 25, 56, 161, 97], [100, 71, 119, 165, 164, 77, 109, 39, 50, 54, 120, 171, 172], [66, 196, 186, 93, 156, 94, 124, 154, 123, 14, 134, 85, 170, 108, 180, 175], [33, 195, 158, 197, 141, 22, 91, 142, 30, 45, 111, 58], [6, 152, 61, 75, 162, 110, 163, 135, 92, 148, 118, 32], [57, 31, 10, 189, 80, 131, 190, 41, 90, 143, 136, 188, 95], [102, 128, 70, 99, 53, 192, 43, 199, 114, 166, 20, 88, 37], [17, 40, 169, 38, 52, 11, 84, 133, 19, 8], [138, 15, 79, 153, 13, 83, 177, 69, 150, 26], [147, 73, 146, 72, 18, 145, 107, 63, 117, 126, 127, 60], [193, 194, 112, 168, 12, 130, 187, 76, 2, 157], [34, 167, 179, 27, 86, 191, 1, 82, 140, 121, 21], [151, 44, 106, 55, 3, 125, 98, 5, 103, 29], [65, 176, 46, 181, 24, 74, 67, 96]]",false
176,1028958,2248,Swap,CMT5.vrp,"[[139, 64, 101, 28, 184, 160, 23, 104, 105, 4, 87], [149, 7, 51, 178, 78, 35, 132, 129, 9, 49, 182], [198, 115, 185, 113, 42, 116, 144, 183, 89, 137, 68, 62, 159, 16], [48, 47, 173, 174, 122, 36, 155, 59, 81, 25, 56, 161, 97], [100, 71, 119, 165, 164, 77, 109, 39, 50, 54, 120, 171, 172], [66, 196, 186, 93, 156, 94, 124, 154, 123, 14, 134, 85, 170, 108, 180, 175], [33, 195, 158, 197, 141, 22, 91, 142, 30, 45, 111, 58], [6, 152, 61, 75, 162, 110, 163, 135, 92, 148, 118, 32], [57, 31, 10, 189, 80, 131, 190, 41, 90, 143, 136, 188, 95], [102, 128, 70, 99, 53, 192, 43, 199, 114, 166, 20, 88, 37], [17, 40, 169, 38, 52, 11, 84, 133, 177, 8], [138, 15, 79, 153, 13, 83, 19, 69, 150, 26], [147, 73, 146, 72, 18, 145, 107, 63, 117, 126, 127, 60], [193, 194, 112, 168, 12, 130, 187, 76, 2, 157], [34, 167, 179, 27, 86, 191, 1, 82, 140, 121, 21], [151, 44, 106, 55, 3, 125, 98, 5, 103, 29], [65, 176, 46, 181, 24, 74, 67, 96]]",false
177,1032957,2247,Swap,CMT5.vrp,"[[139, 64, 101, 28, 184, 160, 23, 104, 105, 4, 87], [149, 7, 51, 178, 78, 35, 132, 129, 9, 49, 182], [198, 115, 185, 113, 42, 116, 144, 183, 89, 137, 68, 62, 159, 16], [48, 47, 173, 174, 122, 36, 155, 59, 81, 25, 56, 161, 97], [100, 71, 119, 165, 164, 77, 109, 39, 50, 54, 120, 171, 172], [66, 196, 186, 93, 156, 94, 124, 154, 123, 84, 134, 85, 170, 108, 180, 175], [33, 195, 158, 197, 141, 22, 91, 142, 30, 45, 111, 58], [6, 152, 61, 75, 162, 110, 163, 135, 92, 148, 118, 32], [57, 31, 10, 189, 80, 131, 190, 41, 90, 143, 136, 188, 95], [102, 128, 70, 99, 53, 192, 43, 199, 114, 166, 20, 88, 37], [17, 40, 169, 38, 52, 11, 14, 133, 177, 8], [138, 15, 79, 153, 13, 83, 19, 69, 150, 26], [147, 73, 146, 72, 18, 145, 107, 63, 117, 126, 127, 60], [193, 194, 112, 168, 12, 130, 187, 76, 2, 157], [34, 167, 179, 27, 86, 191, 1, 82, 140, 121, 21], [151, 44, 106, 55, 3, 125, 98, 5, 103, 29], [65, 176, 46, 181, 24, 74, 67, 96]]",false
178,1036873,2240,Swap,CMT5.vrp,"[[139, 64, 101, 28, 184, 160, 23, 104, 105, 4, 87], [149, 7, 51, 178, 78, 35, 132, 129, 9, 49, 182], [198, 115, 185, 113, 42, 116, 144, 183, 89, 137, 68, 62, 159, 16], [48, 47, 173, 174, 122, 36, 155, 59, 81, 25, 56, 161, 97], [100, 71, 119, 165, 164, 77, 109, 39, 50, 54, 120, 171, 172], [66, 196, 186, 93, 156, 82, 124, 154, 123, 84, 134, 85, 170, 108, 180, 175], [33, 195, 158, 197, 141, 22, 91, 142, 30, 45, 111, 58], [6, 152, 61, 75, 162, 110, 163, 135, 92, 148, 118, 32], [57, 31, 10, 189, 80, 131, 190, 41, 90, 143, 136, 188, 95], [102, 128, 70, 99, 53, 192, 43, 199, 114, 166, 20, 88, 37], [17, 40, 169, 38, 52, 11, 14, 133, 177, 8], [138, 15, 79, 153, 13, 83, 19, 69, 150, 26], [147, 73, 146, 72, 18, 145, 107, 63, 117, 126, 127, 60], [193, 194, 112, 168, 12, 130, 187, 76, 2, 157], [34, 167, 179, 27, 86, 191, 1, 94, 140, 121, 21], [151, 44, 106, 55, 3, 125, 98, 5, 103, 29], [65, 176, 46, 181, 24, 74, 67, 96]]",false
179,1040915,2239,Swap,CMT5.vrp,"[[139, 64, 101, 28, 184, 160, 23, 104, 105, 4, 87], [149, 7, 51, 178, 78, 35, 132, 129, 9, 49, 182], [198, 115, 185, 113, 42, 116, 144, 183, 89, 137, 68, 62, 159, 16], [48, 47, 173, 174, 122, 36, 155, 59, 81, 25, 56, 161, 97], [100, 71, 119, 165, 164, 77, 109, 39, 50, 54, 120, 171, 172], [66, 196, 186, 93, 156, 82, 124, 154, 123, 84, 134, 85, 170, 108, 180, 175], [33, 195, 158, 197, 141, 22, 91, 142, 30, 45, 111, 58], [6, 152, 61, 75, 162, 110, 163, 135, 92, 148, 118, 32], [57, 31, 10, 189, 80, 131, 190, 41, 90, 143, 136, 188, 95], [102, 128, 70, 99, 53, 192, 43, 199, 114, 166, 138, 88, 37], [17, 40, 169, 38, 52, 11, 14, 133, 177, 8], [20, 15, 79, 153, 13, 83, 19, 69, 150, 26], [147, 73, 146, 72, 18, 145, 107, 63, 117, 126, 127, 60], [193, 194, 112, 168, 12, 130, 187, 76, 2, 157], [34, 167, 179, 27, 86, 191, 1, 94, 140, 121, 21], [151, 44, 106, 55, 3, 125, 98, 5, 103, 29], [65, 176, 46, 181, 24, 74, 67, 96]]",false
180,1044323,2239,Swap,CMT5.vrp,"[[86, 64, 101, 28, 184, 160, 23, 104, 105, 4, 87], [149, 7, 51, 178, 78, 35, 132, 129, 9, 49, 182], [198, 115, 185, 113, 42, 116, 144, 183, 89, 137, 68, 62, 159, 16], [48, 47, 173, 174, 122, 36, 155, 59, 81, 25, 56, 161, 97], [100, 71, 119, 165, 164, 77, 109, 39, 50, 54, 120, 171, 172], [66, 196, 186, 93, 156, 82, 124, 154, 123, 84, 134, 85, 170, 108, 180, 175], [33, 195, 158, 197, 141, 22, 91, 142, 30, 45, 111, 58], [6, 152, 61, 75, 162, 110, 163, 135, 92, 148, 118, 32], [57, 31, 10, 189, 80, 131, 190, 41, 90, 143, 136, 188, 95], [102, 128, 70, 99, 53, 192, 43, 199, 114, 166, 138, 88, 37], [17, 40, 169, 38, 52, 11, 14, 133, 177, 8], [20, 15, 79, 153, 13, 83, 19, 69, 150, 26], [147, 73, 146, 72, 18, 145, 107, 63, 117, 126, 127, 60], [193, 194, 112, 168, 12, 130, 187, 76, 2, 157], [34, 167, 179, 27, 139, 191, 1, 94, 140, 121, 21], [151, 44, 106, 55, 3, 125, 98, 5, 103, 29], [65, 176, 46, 181, 24, 74, 67, 96]]",false
181,1047717,2238,Swap,CMT5.vrp,"[[86, 64, 101, 28, 184, 160, 23, 104, 105, 4, 87], [149, 7, 51, 178, 78, 35, 150, 129, 9, 49, 182], [198, 115, 185, 113, 42, 116, 144, 183, 89, 137, 68, 62, 159, 16], [48, 47, 173, 174, 122, 36, 155, 59, 81, 25, 56, 161, 97], [100, 71, 119, 165, 164, 77, 109, 39, 50, 54, 120, 171, 172], [66, 196, 186, 93, 156, 82, 124, 154, 123, 84, 134, 85, 170, 108, 180, 175], [33, 195, 158, 197, 141, 22, 91, 142, 30, 45, 111, 58], [6, 152, 61, 75, 162, 110, 163, 135, 92, 148, 118, 32], [57, 31, 10, 189, 80, 131, 190, 41, 90, 143, 136, 188, 95], [102, 128, 70, 99, 53, 192, 43, 199, 114, 166, 138, 88, 37], [17, 40, 169, 38, 52, 11, 14, 133, 177, 8], [20, 15, 79, 153, 13, 83, 19, 69, 132, 26], [147, 73, 146, 72, 18, 145, 107, 63, 117, 126, 127, 60], [193, 194, 112, 168, 12, 130, 187, 76, 2, 157], [34, 167, 179, 27, 139, 191, 1, 94, 140, 121, 21], [151, 44, 106, 55, 3, 125, 98, 5, 103, 29], [65, 176, 46, 181, 24, 74, 67, 96]]",false
182,1051094,2234,Swap,CMT5.vrp,"[[86, 64, 101, 28, 184, 160, 23, 104, 105, 4, 87], [149, 7, 51, 178, 78, 69, 150, 129, 9, 49, 182], [198, 115, 185, 113, 42, 116, 144, 183, 89, 137, 68, 62, 159, 16], [48, 47, 173, 174, 122, 36, 155, 59, 81, 25, 56, 161, 97], [100, 71, 119, 165, 164, 77, 109, 39, 50, 54, 120, 171, 172], [66, 196, 186, 93, 156, 82, 124, 154, 123, 84, 134, 85, 170, 108, 180, 175], [33, 195, 158, 197, 141, 22, 91, 142, 30, 45, 111, 58], [6, 152, 61, 75, 162, 110, 163, 135, 92, 148, 118, 32], [57, 31, 10, 189, 80, 131, 190, 41, 90, 143, 136, 188, 95], [102, 128, 70, 99, 53, 192, 43, 199, 114, 166, 138, 88, 37], [17, 40, 169, 38, 52, 11, 14, 133, 177, 8], [20, 15, 79, 153, 13, 83, 19, 35, 132, 26], [147, 73, 146, 72, 18, 145, 107, 63, 117, 126, 127, 60], [193, 194, 112, 168, 12, 130, 187, 76, 2, 157], [34, 167, 179, 27, 139, 191, 1, 94, 140, 121, 21], [151, 44, 106, 55, 3, 125, 98, 5, 103, 29], [65, 176, 46, 181, 24, 74, 67, 96]]",false
183,1054393,2232,Swap,CMT5.vrp,"[[86, 64, 101, 28, 184, 160, 23, 104, 105, 4, 87], [149, 7, 132, 178, 78, 69, 150, 129, 9, 49, 182], [198, 115, 185, 113, 42, 116, 144, 183, 89, 137, 68, 62, 159, 16], [48, 47, 173, 174, 122, 36, 155, 59, 81, 25, 56, 161, 97], [100, 71, 119, 165, 164, 77, 109, 39, 50, 54, 120, 171, 172], [66, 196, 186, 93, 156, 82, 124, 154, 123, 84, 134, 85, 170, 108, 180, 175], [33, 195, 158, 197, 141, 22, 91, 142, 30, 45, 111, 58], [6, 152, 61, 75, 162, 110, 163, 135, 92, 148, 118, 32], [57, 31, 10, 189, 80, 131, 190, 41, 90, 143, 136, 188, 95], [102, 128, 70, 99, 53, 192, 43, 199, 114, 166, 138, 88, 37], [17, 40, 169, 38, 52, 11, 14, 133, 177, 8], [20, 15, 79, 153, 13, 83, 19, 35, 51, 26], [147, 73, 146, 72, 18, 145, 107, 63, 117, 126, 127, 60], [193, 194, 112, 168, 12, 130, 187, 76, 2, 157], [34, 167, 179, 27, 139, 191, 1, 94, 140, 121, 21], [151, 44, 106, 55, 3, 125, 98, 5, 103, 29], [65, 176, 46, 181, 24, 74, 67, 96]]",false
184,1058045,2231,Swap,CMT5.vrp,"[[86, 64, 101, 28, 184, 160, 23, 104, 105, 4, 87], [149, 7, 132, 178, 78, 69, 150, 129, 9, 49, 182], [198, 115, 185, 113, 42, 116, 144, 183, 89, 137, 68, 62, 159, 16], [48, 47, 173, 174, 122, 36, 155, 59, 81, 25, 56, 161, 97], [100, 71, 119, 165, 164, 77, 109, 39, 50, 54, 120, 171, 172], [66, 196, 186, 93, 156, 82, 124, 154, 123, 84, 134, 85, 170, 108, 180, 175], [33, 195, 158, 197, 141, 22, 91, 142, 30, 45, 111, 58], [6, 152, 61, 75, 162, 110, 163, 135, 92, 148, 118, 32], [57, 31, 10, 189, 80, 131, 190, 41, 90, 143, 136, 188, 95], [102, 128, 70, 99, 53, 192, 43, 199, 114, 166, 138, 88, 37], [17, 40, 169, 38, 52, 11, 14, 133, 177, 19], [20, 15, 79, 153, 13, 83, 8, 35, 51, 26], [147, 73, 146, 72, 18, 145, 107, 63, 117, 126, 127, 60], [193, 194, 112, 168, 12, 130, 187, 76, 2, 157], [34, 167, 179, 27, 139, 191, 1, 94, 140, 121, 21], [151, 44, 106, 55, 3, 125, 98, 5, 103, 29], [65, 176, 46, 181, 24, 74, 67, 96]]",false
185,1062636,2231,Swap,CMT5.vrp,"[[86, 64, 101, 1, 184, 160, 23, 104, 105, 4, 87], [149, 7, 132, 178, 78, 69, 150, 129, 9, 49, 182], [198, 115, 185, 113, 42, 116, 144, 183, 89, 137, 68, 62, 159, 16], [48, 47, 173, 174, 122, 36, 155, 59, 81, 25, 56, 161, 97], [100, 71, 119, 165, 164, 77, 109, 39, 50, 54, 120, 171, 172], [66, 196, 186, 93, 156, 82, 124, 154, 123, 84, 134, 85, 170, 108, 180, 175], [33, 195, 158, 197, 141, 22, 91, 142, 30, 45, 111, 58], [6, 152, 61, 75, 162, 110, 163, 135, 92, 148, 118, 32], [57, 31, 10, 189, 80, 131, 190, 41, 90, 143, 136, 188, 95], [102, 128, 70, 99, 53, 192, 43, 199, 114, 166, 138, 88, 37], [17, 40, 169, 38, 52, 11, 14, 133, 177, 19], [20, 15, 79, 153, 13, 83, 8, 35, 51, 26], [147, 73, 146, 72, 18, 145, 107, 63, 117, 126, 127, 60], [193, 194, 112, 168, 12, 130, 187, 76, 2, 157], [34, 167, 179, 27, 139, 191, 28, 94, 140, 121, 21], [151, 44, 106, 55, 3, 125, 98, 5, 103, 29], [65, 176, 46, 181, 24, 74, 67, 96]]",false
186,1068429,2208,Swap,CMT5.vrp,"[[86, 64, 191, 1, 184, 160, 23, 104, 105, 4, 87], [149, 7, 132, 178, 78, 69, 150, 129, 9, 49, 182], [198, 115, 185, 113, 42, 116, 144, 183, 89, 137, 68, 62, 159, 16], [48, 47, 173, 174, 122, 36, 155, 59, 81, 25, 56, 161, 97], [100, 71, 119, 165, 164, 77, 109, 39, 50, 54, 120, 171, 172], [66, 196, 186, 93, 156, 82, 124, 154, 123, 84, 134, 85, 170, 108, 180, 175], [33, 195, 158, 197, 141, 22, 91, 142, 30, 45, 111, 58], [6, 152, 61, 75, 162, 110, 163, 135, 92, 148, 118, 32], [57, 31, 10, 189, 80, 131, 190, 41, 90, 143, 136, 188, 95], [102, 128, 70, 99, 53, 192, 43, 199, 114, 166, 138, 88, 37], [17, 40, 169, 38, 52, 11, 14, 133, 177, 19], [20, 15, 79, 153, 13, 83, 8, 35, 51, 26], [147, 73, 146, 72, 18, 145, 107, 63, 117, 126, 127, 60], [193, 194, 112, 168, 12, 130, 187, 76, 2, 157], [34, 167, 179, 27, 139, 101, 28, 94, 140, 121, 21], [151, 44, 106, 55, 3, 125, 98, 5, 103, 29], [65, 176, 46, 181, 24, 74, 67, 96]]",false
187,1072986,2206,Swap,CMT5.vrp,"[[86, 101, 191, 1, 184, 160, 23, 104, 105, 4, 87], [149, 7, 132, 178, 78, 69, 150, 129, 9, 49, 182], [198, 115, 185, 113, 42, 116, 144, 183, 89, 137, 68, 62, 159, 16], [48, 47, 173, 174, 122, 36, 155, 59, 81, 25, 56, 161, 97], [100, 71, 119, 165, 164, 77, 109, 39, 50, 54, 120, 171, 172], [66, 196, 186, 93, 156, 82, 124, 154, 123, 84, 134, 85, 170, 108, 180, 175], [33, 195, 158, 197, 141, 22, 91, 142, 30, 45, 111, 58], [6, 152, 61, 75, 162, 110, 163, 135, 92, 148, 118, 32], [57, 31, 10, 189, 80, 131, 190, 41, 90, 143, 136, 188, 95], [102, 128, 70, 99, 53, 192, 43, 199, 114, 166, 138, 88, 37], [17, 40, 169, 38, 52, 11, 14, 133, 177, 19], [20, 15, 79, 153, 13, 83, 8, 35, 51, 26], [147, 73, 146, 72, 18, 145, 107, 63, 117, 126, 127, 60], [193, 194, 112, 168, 12, 130, 187, 76, 2, 157], [34, 167, 179, 27, 139, 64, 28, 94, 140, 121, 21], [151, 44, 106, 55, 3, 125, 98, 5, 103, 29], [65, 176, 46, 181, 24, 74, 67, 96]]",false
188,1075797,2205,Swap,CMT5.vrp,"[[86, 101, 191, 197, 184, 160, 23, 104, 105, 4, 87], [149, 7, 132, 178, 78, 69, 150, 129, 9, 49, 182], [198, 115, 185, 113, 42, 116, 144, 183, 89, 137, 68, 62, 159, 16], [48, 47, 173, 174, 122, 36, 155, 59, 81, 25, 56, 161, 97], [100, 71, 119, 165, 164, 77, 109, 39, 50, 54, 120, 171, 172], [66, 196, 186, 93, 156, 82, 124, 154, 123, 84, 134, 85, 170, 108, 180, 175], [33, 195, 158, 1, 141, 22, 91, 142, 30, 45, 111, 58], [6, 152, 61, 75, 162, 110, 163, 135, 92, 148, 118, 32], [57, 31, 10, 189, 80, 131, 190, 41, 90, 143, 136, 188, 95], [102, 128, 70, 99, 53, 192, 43, 199, 114, 166, 138, 88, 37], [17, 40, 169, 38, 52, 11, 14, 133, 177, 19], [20, 15, 79, 153, 13, 83, 8, 35, 51, 26], [147, 73, 146, 72, 18, 145, 107, 63, 117, 126, 127, 60], [193, 194, 112, 168, 12, 130, 187, 76, 2, 157], [34, 167, 179, 27, 139, 64, 28, 94, 140, 121, 21], [151, 44, 106, 55, 3, 125, 98, 5, 103, 29], [65, 176, 46, 181, 24, 74, 67, 96]]",false
189,1079651,2205,Swap,CMT5.vrp,"[[86, 101, 191, 197, 184, 160, 23, 104, 188, 4, 87], [149, 7, 132, 178, 78, 69, 150, 129, 9, 49, 182], [198, 115, 185, 113, 42, 116, 144, 183, 89, 137, 68, 62, 159, 16], [48, 47, 173, 174, 122, 36, 155, 59, 81, 25, 56, 161, 97], [100, 71, 119, 165, 164, 77, 109, 39, 50, 54, 120, 171, 172], [66, 196, 186, 93, 156, 82, 124, 154, 123, 84, 134, 85, 170, 108, 180, 175], [33, 195, 158, 1, 141, 22, 91, 142, 30, 45, 111, 58], [6, 152, 61, 75, 162, 110, 163, 135, 92, 148, 118, 32], [57, 31, 10, 189, 80, 131, 190, 41, 90, 143, 136, 105, 95], [102, 128, 70, 99, 53, 192, 43, 199, 114, 166, 138, 88, 37], [17, 40, 169, 38, 52, 11, 14, 133, 177, 19], [20, 15, 79, 153, 13, 83, 8, 35, 51, 26], [147, 73, 146, 72, 18, 145, 107, 63, 117, 126, 127, 60], [193, 194, 112, 168, 12, 130, 187, 76, 2, 157], [34, 167, 179, 27, 139, 64, 28, 94, 140, 121, 21], [151, 44, 106, 55, 3, 125, 98, 5, 103, 29], [65, 176, 46, 181, 24, 74, 67, 96]]",false
190,1084564,2202,Swap,CMT5.vrp,"[[86, 101, 191, 197, 184, 160, 23, 104, 188, 4, 87], [149, 7, 132, 178, 78, 69, 150, 129, 9, 49, 182], [198, 115, 185, 113, 42, 116, 144, 183, 89, 137, 68, 62, 159, 16], [48, 47, 173, 174, 122, 36, 155, 59, 81, 25, 56, 161, 97], [100, 71, 119, 165, 164, 189, 109, 39, 50, 54, 120, 171, 172], [66, 196, 186, 93, 156, 82, 124, 154, 123, 84, 134, 85, 170, 108, 180, 175], [33, 195, 158, 1, 141, 22, 91, 142, 30, 45, 111, 58], [6, 152, 61, 75, 162, 110, 163, 135, 92, 148, 118, 32], [57, 31, 10, 77, 80, 131, 190, 41, 90, 143, 136, 105, 95], [102, 128, 70, 99, 53, 192, 43, 199, 114, 166, 138, 88, 37], [17, 40, 169, 38, 52, 11, 14, 133, 177, 19], [20, 15, 79, 153, 13, 83, 8, 35, 51, 26], [147, 73, 146, 72, 18, 145, 107, 63, 117, 126, 127, 60], [193, 194, 112, 168, 12, 130, 187, 76, 2, 157], [34, 167, 179, 27, 139, 64, 28, 94, 140, 121, 21], [151, 44, 106, 55, 3, 125, 98, 5, 103, 29], [65, 176, 46, 181, 24, 74, 67, 96]]",false
191,1089311,2199,Swap,CMT5.vrp,"[[86, 101, 191, 197, 184, 160, 23, 104, 188, 4, 87], [149, 7, 132, 178, 78, 69, 150, 129, 9, 49, 182], [198, 115, 185, 113, 42, 116, 144, 183, 89, 137, 68, 62, 159, 16], [48, 47, 173, 174, 122, 36, 155, 59, 81, 25, 56, 161, 97], [100, 71, 119, 165, 164, 57, 109, 39, 50, 54, 120, 171, 172], [66, 196, 186, 93, 156, 82, 124, 154, 123, 84, 134, 85, 170, 108, 180, 175], [33, 195, 158, 1, 141, 22, 91, 142, 30, 45, 111, 58], [6, 152, 61, 75, 162, 110, 163, 135, 92, 148, 118, 32], [189, 31, 10, 77, 80, 131, 190, 41, 90, 143, 136, 105, 95], [102, 128, 70, 99, 53, 192, 43, 199, 114, 166, 138, 88, 37], [17, 40, 169, 38, 52, 11, 14, 133, 177, 19], [20, 15, 79, 153, 13, 83, 8, 35, 51, 26], [147, 73, 146, 72, 18, 145, 107, 63, 117, 126, 127, 60], [193, 194, 112, 168, 12, 130, 187, 76, 2, 157], [34, 167, 179, 27, 139, 64, 28, 94, 140, 121, 21], [151, 44, 106, 55, 3, 125, 98, 5, 103, 29], [65, 176, 46, 181, 24, 74, 67, 96]]",false
192,1093899,2198,Swap,CMT5.vrp,"[[86, 101, 191, 197, 184, 160, 23, 104, 188, 4, 87], [149, 7, 132, 178, 78, 69, 150, 129, 9, 49, 182], [198, 115, 185, 113, 42, 116, 144, 183, 89, 137, 68, 62, 159, 16], [48, 47, 173, 174, 122, 36, 155, 59, 81, 25, 56, 161, 97], [100, 71, 119, 165, 164, 57, 109, 39, 50, 54, 120, 171, 172], [66, 196, 186, 93, 156, 82, 124, 154, 123, 84, 134, 85, 170, 108, 180, 175], [33, 195, 158, 1, 141, 22, 91, 142, 30, 45, 111, 58], [6, 152, 61, 75, 162, 110, 163, 135, 92, 148, 118, 32], [189, 31, 10, 77, 80, 131, 190, 41, 90, 143, 136, 105, 96], [102, 128, 70, 99, 53, 192, 43, 199, 114, 166, 138, 88, 37], [17, 40, 169, 38, 52, 11, 14, 133, 177, 19], [20, 15, 79, 153, 13, 83, 8, 35, 51, 26], [147, 73, 146, 72, 18, 145, 107, 63, 117, 126, 127, 60], [193, 194, 112, 168, 12, 130, 187, 76, 2, 157], [34, 167, 179, 27, 139, 64, 28, 94, 140, 121, 21], [151, 44, 106, 55, 3, 125, 98, 5, 103, 29], [65, 176, 46, 181, 24, 74, 67, 95]]",false
193,1097423,2192,Swap,CMT5.vrp,"[[86, 101, 191, 197, 184, 160, 23, 104, 188, 4, 87], [149, 7, 132, 178, 78, 69, 150, 129, 9, 49, 182], [198, 115, 185, 113, 42, 116, 144, 183, 89, 137, 68, 62, 159, 16], [48, 47, 173, 174, 122, 36, 155, 59, 81, 25, 56, 161, 97], [100, 71, 119, 165, 164, 57, 109, 39, 50, 54, 120, 171, 172], [66, 196, 186, 93, 156, 82, 124, 154, 123, 84, 134, 85, 170, 108, 180, 175], [33, 195, 158, 1, 141, 22, 91, 142, 30, 45, 111, 58], [6, 152, 95, 75, 162, 110, 163, 135, 92, 148, 118, 32], [189, 31, 10, 77, 80, 131, 190, 41, 90, 143, 136, 105, 96], [102, 128, 70, 99, 53, 192, 43, 199, 114, 166, 138, 88, 37], [17, 40, 169, 38, 52, 11, 14, 133, 177, 19], [20, 15, 79, 153, 13, 83, 8, 35, 51, 26], [147, 73, 146, 72, 18, 145, 107, 63, 117, 126, 127, 60], [193, 194, 112, 168, 12, 130, 187, 76, 2, 157], [34, 167, 179, 27, 139, 64, 28, 94, 140, 121, 21], [151, 44, 106, 55, 3, 125, 98, 5, 103, 29], [65, 176, 46, 181, 24, 74, 67, 61]]",false
194,1101643,2191,Swap,CMT5.vrp,"[[86, 101, 191, 197, 184, 160, 23, 104, 61, 4, 87], [149, 7, 132, 178, 78, 69, 150, 129, 9, 49, 182], [198, 115, 185, 113, 42, 116, 144, 183, 89, 137, 68, 62, 159, 16], [48, 47, 173, 174, 122, 36, 155, 59, 81, 25, 56, 161, 97], [100, 71, 119, 165, 164, 57, 109, 39, 50, 54, 120, 171, 172], [66, 196, 186, 93, 156, 82, 124, 154, 123, 84, 134, 85, 170, 108, 180, 175], [33, 195, 158, 1, 141, 22, 91, 142, 30, 45, 111, 58], [6, 152, 95, 75, 162, 110, 163, 135, 92, 148, 118, 32], [189, 31, 10, 77, 80, 131, 190, 41, 90, 143, 136, 105, 96], [102, 128, 70, 99, 53, 192, 43, 199, 114, 166, 138, 88, 37], [17, 40, 169, 38, 52, 11, 14, 133, 177, 19], [20, 15, 79, 153, 13, 83, 8, 35, 51, 26], [147, 73, 146, 72, 18, 145, 107, 63, 117, 126, 127, 60], [193, 194, 112, 168, 12, 130, 187, 76, 2, 157], [34, 167, 179, 27, 139, 64, 28, 94, 140, 121, 21], [151, 44, 106, 55, 3, 125, 98, 5, 103, 29], [65, 176, 46, 181, 24, 74, 67, 188]]",false
195,1106460,2187,Swap,CMT5.vrp,"[[86, 101, 191, 197, 184, 160, 23, 104, 152, 4, 87], [149, 7, 132, 178, 78, 69, 150, 129, 9, 49, 182], [198, 115, 185, 113, 42, 116, 144, 183, 89, 137, 68, 62, 159, 16], [48, 47, 173, 174, 122, 36, 155, 59, 81, 25, 56, 161, 97], [100, 71, 119, 165, 164, 57, 109, 39, 50, 54, 120, 171, 172], [66, 196, 186, 93, 156, 82, 124, 154, 123, 84, 134, 85, 170, 108, 180, 175], [33, 195, 158, 1, 141, 22, 91, 142, 30, 45, 111, 58], [6, 61, 95, 75, 162, 110, 163, 135, 92, 148, 118, 32], [189, 31, 10, 77, 80, 131, 190, 41, 90, 143, 136, 105, 96], [102, 128, 70, 99, 53, 192, 43, 199, 114, 166, 138, 88, 37], [17, 40, 169, 38, 52, 11, 14, 133, 177, 19], [20, 15, 79, 153, 13, 83, 8, 35, 51, 26], [147, 73, 146, 72, 18, 145, 107, 63, 117, 126, 127, 60], [193, 194, 112, 168, 12, 130, 187, 76, 2, 157], [34, 167, 179, 27, 139, 64, 28, 94, 140, 121, 21], [151, 44, 106, 55, 3, 125, 98, 5, 103, 29], [65, 176, 46, 181, 24, 74, 67, 188]]",false
196,1109639,2186,Swap,CMT5.vrp,"[[86, 101, 191, 197, 184, 160, 23, 104, 152, 4, 87], [149, 7, 132, 178, 78, 69, 150, 129, 9, 49, 182], [198, 115, 185, 113, 42, 116, 144, 183, 89, 137, 68, 62, 159, 16], [48, 47, 173, 174, 122, 36, 155, 59, 81, 25, 56, 161, 97], [100, 71, 119, 165, 164, 57, 109, 39, 50, 54, 120, 171, 172], [66, 196, 186, 93, 156, 82, 124, 154, 123, 84, 134, 85, 170, 108, 180, 175], [33, 195, 158, 1, 141, 22, 91, 142, 30, 45, 111, 58], [6, 61, 76, 75, 162, 110, 163, 135, 92, 148, 118, 32], [189, 31, 10, 77, 80, 131, 190, 41, 90, 143, 136, 105, 96], [102, 128, 70, 99, 53, 192, 43, 199, 114, 166, 138, 88, 37], [17, 40, 169, 38, 52, 11, 14, 133, 177, 19], [20, 15, 79, 153, 13, 83, 8, 35, 51, 26], [147, 73, 146, 72, 18, 145, 107, 63, 117, 126, 127, 60], [193, 194, 112, 168, 12, 130, 187, 95, 2, 157], [34, 167, 179, 27, 139, 64, 28, 94, 140, 121, 21], [151, 44, 106, 55, 3, 125, 98, 5, 103, 29], [65, 176, 46, 181, 24, 74, 67, 188]]",false
197,1112768,2180,Swap,CMT5.vrp,"[[86, 101, 191, 197, 184, 160, 23, 104, 152, 4, 87], [149, 7, 132, 178, 78, 69, 150, 129, 9, 49, 182], [198, 115, 185, 113, 42, 116, 144, 183, 89, 137, 68, 62, 159, 16], [48, 47, 173, 174, 122, 36, 155, 59, 81, 25, 56, 161, 97], [100, 71, 119, 165, 164, 57, 109, 39, 50, 54, 120, 171, 172], [66, 196, 186, 93, 156, 82, 124, 154, 123, 84, 134, 85, 170, 108, 180, 175], [33, 195, 158, 1, 141, 22, 91, 142, 30, 45, 111, 58], [6, 61, 187, 75, 162, 110, 163, 135, 92, 148, 118, 32], [189, 31, 10, 77, 80, 131, 190, 41, 90, 143, 136, 105, 96], [102, 128, 70, 99, 53, 192, 43, 199, 114, 166, 138, 88, 37], [17, 40, 169, 38, 52, 11, 14, 133, 177, 19], [20, 15, 79, 153, 13, 83, 8, 35, 51, 26], [147, 73, 146, 72, 18, 145, 107, 63, 117, 126, 127, 60], [193, 194, 112, 168, 12, 130, 76, 95, 2, 157], [34, 167, 179, 27, 139, 64, 28, 94, 140, 121, 21], [151, 44, 106, 55, 3, 125, 98, 5, 103, 29], [65, 176, 46, 181, 24, 74, 67, 188]]",false
198,1117809,2178,Swap,CMT5.vrp,"[[86, 101, 191, 197, 184, 160, 23, 104, 152, 4, 87], [149, 7, 132, 178, 78, 69, 150, 129, 9, 49, 182], [198, 115, 185, 113, 42, 116, 144, 183, 89, 137, 68, 62, 159, 16], [48, 47, 173, 174, 122, 36, 155, 59, 81, 25, 56, 161, 97], [100, 71, 119, 165, 164, 57, 109, 39, 50, 54, 120, 171, 172], [66, 196, 186, 93, 156, 82, 124, 154, 123, 84, 134, 85, 170, 108, 180, 175], [33, 195, 158, 1, 141, 22, 91, 142, 30, 45, 111, 58], [6, 61, 187, 75, 162, 110, 163, 135, 92, 148, 118, 32], [189, 31, 10, 77, 80, 131, 190, 41, 90, 143, 136, 105, 96], [102, 128, 70, 99, 53, 192, 43, 199, 114, 166, 138, 88, 37], [17, 12, 169, 38, 52, 11, 14, 133, 177, 19], [20, 15, 79, 153, 13, 83, 8, 35, 51, 26], [147, 73, 146, 72, 18, 145, 107, 63, 117, 126, 127, 60], [193, 194, 112, 168, 40, 130, 76, 95, 2, 157], [34, 167, 179, 27, 139, 64, 28, 94, 140, 121, 21], [151, 44, 106, 55, 3, 125, 98, 5, 103, 29], [65, 176, 46, 181, 24, 74, 67, 188]]",false
199,1121651,2178,Swap,CMT5.vrp,"[[86, 101, 191, 197, 184, 160, 23, 104, 152, 4, 87], [149, 7, 132, 178, 78, 69, 150, 129, 9, 49, 182], [198, 115, 185, 113, 42, 116, 144, 183, 89, 137, 68, 62, 159, 16], [48, 47, 173, 174, 122, 36, 155, 59, 81, 25, 56, 161, 97], [100, 71, 119, 165, 164, 57, 109, 39, 50, 54, 120, 171, 172], [66, 196, 186, 93, 156, 82, 124, 154, 123, 84, 134, 85, 170, 108, 180, 175], [33, 195, 158, 1, 141, 22, 91, 142, 139, 45, 111, 58], [6, 61, 187, 75, 162, 110, 163, 135, 92, 148, 118, 32], [189, 31, 10, 77, 80, 131, 190, 41, 90, 143, 136, 105, 96], [102, 128, 70, 99, 53, 192, 43, 199, 114, 166, 138, 88, 37], [17, 12, 169, 38, 52, 11, 14, 133, 177, 19], [20, 15, 79, 153, 13, 83, 8, 35, 51, 26], [147, 73, 146, 72, 18, 145, 107, 63, 117, 126, 127, 60], [193, 194, 112, 168, 40, 130, 76, 95, 2, 157], [34, 167, 179, 27, 30, 64, 28, 94, 140, 121, 21], [151, 44, 106, 55, 3, 125, 98, 5, 103, 29], [65, 176, 46, 181, 24, 74, 67, 188]]",false
200,1124682,2176,Swap,CMT5.vrp,"[[86, 101, 191, 197, 184, 160, 23, 104, 152, 4, 87], [149, 7, 132, 178, 78, 69, 150, 129, 9, 49, 182], [198, 115, 185, 113, 42, 116, 144, 183, 89, 137, 68, 62, 159, 16], [48, 47, 173, 174, 122, 36, 155, 59, 81, 25, 56, 161, 97], [100, 71, 119, 165, 164, 57, 109, 39, 50, 54, 120, 171, 172], [66, 196, 186, 93, 156, 82, 124, 154, 123, 84, 134, 85, 170, 108, 180, 175], [33, 195, 158, 1, 141, 22, 91, 142, 139, 30, 111, 58], [6, 61, 187, 75, 162, 110, 163, 135, 92, 148, 118, 32], [189, 31, 10, 77, 80, 131, 190, 41, 90, 143, 136, 105, 96], [102, 128, 70, 99, 53, 192, 43, 199, 114, 166, 138, 88, 37], [17, 12, 169, 38, 52, 11, 14, 133, 177, 19], [20, 15, 79, 153, 13, 83, 8, 35, 51, 26], [147, 73, 146, 72, 18, 145, 107, 63, 117, 126, 127, 60], [193, 194, 112, 168, 40, 130, 76, 95, 2, 157], [34, 167, 179, 27, 45, 64, 28, 94, 140, 121, 21], [151, 44, 106, 55, 3, 125, 98, 5, 103, 29], [65, 176, 46, 181, 24, 74, 67, 188]]",false
201,1127730,2176,Swap,CMT5.vrp,"[[86, 101, 191, 197, 184, 160, 23, 104, 152, 4, 87], [149, 7, 35, 178, 78, 69, 150, 129, 9, 49, 182], [198, 115, 185, 113, 42, 116, 144, 183, 89, 137, 68, 62, 159, 16], [48, 47, 173, 174, 122, 36, 155, 59, 81, 25, 56, 161, 97], [100, 71, 119, 165, 164, 57, 109, 39, 50, 54, 120, 171, 172], [66, 196, 186, 93, 156, 82, 124, 154, 123, 84, 134, 85, 170, 108, 180, 175], [33, 195, 158, 1, 141, 22, 91, 142, 139, 30, 111, 58], [6, 61, 187, 75, 162, 110, 163, 135, 92, 148, 118, 32], [189, 31, 10, 77, 80, 131, 190, 41, 90, 143, 136, 105, 96], [102, 128, 70, 99, 53, 192, 43, 199, 114, 166, 138, 88, 37], [17, 12, 169, 38, 52, 11, 14, 133, 177, 19], [20, 15, 79, 153, 13, 83, 8, 132, 51, 26], [147, 73, 146, 72, 18, 145, 107, 63, 117, 126, 127, 60], [193, 194, 112, 168, 40, 130, 76, 95, 2, 157], [34, 167, 179, 27, 45, 64, 28, 94, 140, 121, 21], [151, 44, 106, 55, 3, 125, 98, 5, 103, 29], [65, 176, 46, 181, 24, 74, 67, 188]]",false
202,1130928,2174,Swap,CMT5.vrp,"[[86, 101, 191, 197, 184, 160, 23, 104, 152, 4, 87], [149, 132, 35, 178, 78, 69, 150, 129, 9, 49, 182], [198, 115, 185, 113, 42, 116, 144, 183, 89, 137, 68, 62, 159, 16], [48, 47, 173, 174, 122, 36, 155, 59, 81, 25, 56, 161, 97], [100, 71, 119, 165, 164, 57, 109, 39, 50, 54, 120, 171, 172], [66, 196, 186, 93, 156, 82, 124, 154, 123, 84, 134, 85, 170, 108, 180, 175], [33, 195, 158, 1, 141, 22, 91, 142, 139, 30, 111, 58], [6, 61, 187, 75, 162, 110, 163, 135, 92, 148, 118, 32], [189, 31, 10, 77, 80, 131, 190, 41, 90, 143, 136, 105, 96], [102, 128, 70, 99, 53, 192, 43, 199, 114, 166, 138, 88, 37], [17, 12, 169, 38, 52, 11, 14, 133, 177, 19], [20, 15, 79, 153, 13, 83, 8, 7, 51, 26], [147, 73, 146, 72, 18, 145, 107, 63, 117, 126, 127, 60], [193, 194, 112, 168, 40, 130, 76, 95, 2, 157], [34, 167, 179, 27, 45, 64, 28, 94, 140, 121, 21], [151, 44, 106, 55, 3, 125, 98, 5, 103, 29], [65, 176, 46, 181, 24, 74, 67, 188]]",false
203,1134660,2173,Swap,CMT5.vrp,"[[86, 101, 136, 197, 184, 160, 23, 104, 152, 4, 87], [149, 132, 35, 178, 78, 69, 150, 129, 9, 49, 182], [198, 115, 185, 113, 42, 116, 144, 183, 89, 137, 68, 62, 159, 16], [48, 47, 173, 174, 122, 36, 155, 59, 81, 25, 56, 161, 97], [100, 71, 119, 165, 164, 57, 109, 39, 50, 54, 120, 171, 172], [66, 196, 186, 93, 156, 82, 124, 154, 123, 84, 134, 85, 170, 108, 180, 175], [33, 195, 158, 1, 141, 22, 91, 142, 139, 30, 111, 58], [6, 61, 187, 75, 162, 110, 163, 135, 92, 148, 118, 32], [189, 31, 10, 77, 80, 131, 190, 41, 90, 143, 191, 105, 96], [102, 128, 70, 99, 53, 192, 43, 199, 114, 166, 138, 88, 37], [17, 12, 169, 38, 52, 11, 14, 133, 177, 19], [20, 15, 79, 153, 13, 83, 8, 7, 51, 26], [147, 73, 146, 72, 18, 145, 107, 63, 117, 126, 127, 60], [193, 194, 112, 168, 40, 130, 76, 95, 2, 157], [34, 167, 179, 27, 45, 64, 28, 94, 140, 121, 21], [151, 44, 106, 55, 3, 125, 98, 5, 103, 29], [65, 176, 46, 181, 24, 74, 67, 188]]",false
204,1139246,2173,Swap,CMT5.vrp,"[[86, 101, 136, 197, 184, 160, 23, 104, 152, 4, 87], [149, 132, 35, 178, 78, 69, 150, 129, 9, 181, 182], [198, 115, 185, 113, 42, 116, 144, 183, 89, 137, 68, 62, 159, 16], [48, 47, 173, 174, 122, 36, 155, 59, 81, 25, 56, 161, 97], [100, 71, 119, 165, 164, 57, 109, 39, 50, 54, 120, 171, 172], [66, 196, 186, 93, 156, 82, 124, 154, 123, 84, 134, 85, 170, 108, 180, 175], [33, 195, 158, 1, 141, 22, 91, 142, 139, 30, 111, 58], [6, 61, 187, 75, 162, 110, 163, 135, 92, 148, 118, 32], [189, 31, 10, 77, 80, 131, 190, 41, 90, 143, 191, 105, 96], [102, 128, 70, 99, 53, 192, 43, 199, 114, 166, 138, 88, 37], [17, 12, 169, 38, 52, 11, 14, 133, 177, 19], [20, 15, 79, 153, 13, 83, 8, 7, 51, 26], [147, 73, 146, 72, 18, 145, 107, 63, 117, 126, 127, 60], [193, 194, 112, 168, 40, 130, 76, 95, 2, 157], [34, 167, 179, 27, 45, 64, 28, 94, 140, 121, 21], [151, 44, 106, 55, 3, 125, 98, 5, 103, 29], [65, 176, 46, 49, 24, 74, 67, 188]]",false
205,1143218,2170,Swap,CMT5.vrp,"[[86, 101, 136, 197, 184, 160, 23, 104, 152, 4, 87], [149, 132, 35, 178, 78, 69, 150, 129, 9, 181, 117], [198, 115, 185, 113, 42, 116, 144, 183, 89, 137, 68, 62, 159, 16], [48, 47, 173, 174, 122, 36, 155, 59, 81, 25, 56, 161, 97], [100, 71, 119, 165, 164, 57, 109, 39, 50, 54, 120, 171, 172], [66, 196, 186, 93, 156, 82, 124, 154, 123, 84, 134, 85, 170, 108, 180, 175], [33, 195, 158, 1, 141, 22, 91, 142, 139, 30, 111, 58], [6, 61, 187, 75, 162, 110, 163, 135, 92, 148, 118, 32], [189, 31, 10, 77, 80, 131, 190, 41, 90, 143, 191, 105, 96], [102, 128, 70, 99, 53, 192, 43, 199, 114, 166, 138, 88, 37], [17, 12, 169, 38, 52, 11, 14, 133, 177, 19], [20, 15, 79, 153, 13, 83, 8, 7, 51, 26], [147, 73, 146, 72, 18, 145, 107, 63, 182, 126, 127, 60], [193, 194, 112, 168, 40, 130, 76, 95, 2, 157], [34, 167, 179, 27, 45, 64, 28, 94, 140, 121, 21], [151, 44, 106, 55, 3, 125, 98, 5, 103, 29], [65, 176, 46, 49, 24, 74, 67, 188]]",false
206,1147211,2168,Swap,CMT5.vrp,"[[86, 101, 136, 197, 184, 160, 23, 104, 152, 4, 87], [149, 132, 35, 178, 78, 69, 150, 129, 9, 181, 117], [198, 115, 185, 113, 42, 116, 144, 183, 89, 137, 68, 62, 159, 16], [48, 47, 173, 174, 122, 36, 155, 59, 81, 25, 56, 161, 97], [100, 71, 119, 165, 164, 57, 109, 39, 50, 54, 120, 171, 172], [66, 196, 186, 93, 156, 82, 124, 154, 123, 84, 134, 85, 170, 108, 180, 175], [33, 195, 158, 1, 141, 22, 91, 142, 139, 30, 111, 58], [6, 61, 187, 75, 162, 110, 163, 135, 92, 148, 118, 32], [189, 31, 10, 77, 80, 131, 190, 41, 90, 143, 191, 105, 96], [102, 128, 70, 99, 53, 192, 43, 199, 114, 166, 138, 88, 37], [17, 12, 169, 38, 52, 11, 14, 133, 177, 19], [20, 15, 79, 153, 13, 83, 8, 7, 51, 26], [147, 73, 146, 72, 18, 145, 107, 49, 182, 126, 127, 60], [193, 194, 112, 168, 40, 130, 76, 95, 2, 157], [34, 167, 179, 27, 45, 64, 28, 94, 140, 121, 21], [151, 44, 106, 55, 3, 125, 98, 5, 103, 29], [65, 176, 46, 63, 24, 74, 67, 188]]",false
207,1150421,2165,Swap,CMT5.vrp,"[[86, 101, 136, 197, 184, 160, 23, 104, 152, 4, 87], [149, 132, 35, 178, 78, 69, 150, 129, 9, 181, 117], [198, 115, 185, 113, 42, 116, 144, 183, 89, 137, 68, 62, 159, 16], [48, 47, 173, 174, 122, 36, 155, 59, 81, 25, 56, 161, 97], [100, 71, 119, 165, 164, 57, 109, 39, 50, 54, 120, 171, 172], [66, 196, 186, 93, 156, 82, 124, 154, 123, 84, 134, 85, 170, 108, 180, 175], [33, 195, 158, 1, 141, 22, 91, 142, 139, 30, 111, 58], [6, 61, 187, 75, 162, 110, 163, 135, 92, 148, 118, 32], [189, 31, 10, 77, 80, 131, 190, 41, 90, 143, 191, 105, 96], [102, 128, 70, 99, 53, 192, 43, 199, 114, 166, 138, 88, 37], [17, 12, 169, 38, 52, 11, 14, 133, 177, 19], [20, 15, 79, 153, 13, 83, 8, 7, 51, 26], [147, 73, 146, 72, 18, 145, 24, 49, 182, 126, 127, 60], [193, 194, 112, 168, 40, 130, 76, 95, 2, 157], [34, 167, 179, 27, 45, 64, 28, 94, 140, 121, 21], [151, 44, 106, 55, 3, 125, 98, 5, 103, 29], [65, 176, 46, 63, 107, 74, 67, 188]]",false
208,1153527,2165,Swap,CMT5.vrp,"[[86, 101, 136, 197, 184, 160, 23, 104, 152, 4, 87], [149, 132, 35, 178, 78, 69, 150, 129, 9, 32, 117], [198, 115, 185, 113, 42, 116, 144, 183, 89, 137, 68, 62, 159, 16], [48, 47, 173, 174, 122, 36, 155, 59, 81, 25, 56, 161, 97], [100, 71, 119, 165, 164, 57, 109, 39, 50, 54, 120, 171, 172], [66, 196, 186, 93, 156, 82, 124, 154, 123, 84, 134, 85, 170, 108, 180, 175], [33, 195, 158, 1, 141, 22, 91, 142, 139, 30, 111, 58], [6, 61, 187, 75, 162, 110, 163, 135, 92, 148, 118, 181], [189, 31, 10, 77, 80, 131, 190, 41, 90, 143, 191, 105, 96], [102, 128, 70, 99, 53, 192, 43, 199, 114, 166, 138, 88, 37], [17, 12, 169, 38, 52, 11, 14, 133, 177, 19], [20, 15, 79, 153, 13, 83, 8, 7, 51, 26], [147, 73, 146, 72, 18, 145, 24, 49, 182, 126, 127, 60], [193, 194, 112, 168, 40, 130, 76, 95, 2, 157], [34, 167, 179, 27, 45, 64, 28, 94, 140, 121, 21], [151, 44, 106, 55, 3, 125, 98, 5, 103, 29], [65, 176, 46, 63, 107, 74, 67, 188]]",false
209,1157570,2159,Swap,CMT5.vrp,"[[86, 101, 136, 197, 184, 160, 23, 104, 152, 4, 87], [149, 132, 35, 178, 78, 69, 150, 129, 9, 32, 126], [198, 115, 185, 113, 42, 116, 144, 183, 89, 137, 68, 62, 159, 16], [48, 47, 173, 174, 122, 36, 155, 59, 81, 25, 56, 161, 97], [100, 71, 119, 165, 164, 57, 109, 39, 50, 54, 120, 171, 172], [66, 196, 186, 93, 156, 82, 124, 154, 123, 84, 134, 85, 170, 108, 180, 175], [33, 195, 158, 1, 141, 22, 91, 142, 139, 30, 111, 58], [6, 61, 187, 75, 162, 110, 163, 135, 92, 148, 118, 181], [189, 31, 10, 77, 80, 131, 190, 41, 90, 143, 191, 105, 96], [102, 128, 70, 99, 53, 192, 43, 199, 114, 166, 138, 88, 37], [17, 12, 169, 38, 52, 11, 14, 133, 177, 19], [20, 15, 79, 153, 13, 83, 8, 7, 51, 26], [147, 73, 146, 72, 18, 145, 24, 49, 182, 117, 127, 60], [193, 194, 112, 168, 40, 130, 76, 95, 2, 157], [34, 167, 179, 27, 45, 64, 28, 94, 140, 121, 21], [151, 44, 106, 55, 3, 125, 98, 5, 103, 29], [65, 176, 46, 63, 107, 74, 67, 188]]",false
210,1160672,2157,Swap,CMT5.vrp,"[[86, 101, 136, 197, 184, 160, 23, 104, 152, 4, 87], [149, 132, 35, 178, 78, 69, 150, 129, 9, 187, 126], [198, 115, 185, 113, 42, 116, 144, 183, 89, 137, 68, 62, 159, 16], [48, 47, 173, 174, 122, 36, 155, 59, 81, 25, 56, 161, 97], [100, 71, 119, 165, 164, 57, 109, 39, 50, 54, 120, 171, 172], [66, 196, 186, 93, 156, 82, 124, 154, 123, 84, 134, 85, 170, 108, 180, 175], [33, 195, 158, 1, 141, 22, 91, 142, 139, 30, 111, 58], [6, 61, 32, 75, 162, 110, 163, 135, 92, 148, 118, 181], [189, 31, 10, 77, 80, 131, 190, 41, 90, 143, 191, 105, 96], [102, 128, 70, 99, 53, 192, 43, 199, 114, 166, 138, 88, 37], [17, 12, 169, 38, 52, 11, 14, 133, 177, 19], [20, 15, 79, 153, 13, 83, 8, 7, 51, 26], [147, 73, 146, 72, 18, 145, 24, 49, 182, 117, 127, 60], [193, 194, 112, 168, 40, 130, 76, 95, 2, 157], [34, 167, 179, 27, 45, 64, 28, 94, 140, 121, 21], [151, 44, 106, 55, 3, 125, 98, 5, 103, 29], [65, 176, 46, 63, 107, 74, 67, 188]]",false
211,1164648,2157,Swap,CMT5.vrp,"[[86, 101, 136, 197, 184, 160, 23, 104, 152, 4, 87], [149, 132, 35, 178, 78, 69, 150, 129, 9, 187, 17], [198, 115, 185, 113, 42, 116, 144, 183, 89, 137, 68, 62, 159, 16], [48, 47, 173, 174, 122, 36, 155, 59, 81, 25, 56, 161, 97], [100, 71, 119, 165, 164, 57, 109, 39, 50, 54, 120, 171, 172], [66, 196, 186, 93, 156, 82, 124, 154, 123, 84, 134, 85, 170, 108, 180, 175], [33, 195, 158, 1, 141, 22, 91, 142, 139, 30, 111, 58], [6, 61, 32, 75, 162, 110, 163, 135, 92, 148, 118, 181], [189, 31, 10, 77, 80, 131, 190, 41, 90, 143, 191, 105, 96], [102, 128, 70, 99, 53, 192, 43, 199, 114, 166, 138, 88, 37], [126, 12, 169, 38, 52, 11, 14, 133, 177, 19], [20, 15, 79, 153, 13, 83, 8, 7, 51, 26], [147, 73, 146, 72, 18, 145, 24, 49, 182, 117, 127, 60], [193, 194, 112, 168, 40, 130, 76, 95, 2, 157], [34, 167, 179, 27, 45, 64, 28, 94, 140, 121, 21], [151, 44, 106, 55, 3, 125, 98, 5, 103, 29], [65, 176, 46, 63, 107, 74, 67, 188]]",false
212,1169354,2157,Swap,CMT5.vrp,"[[86, 101, 136, 197, 184, 160, 23, 104, 152, 4, 87], [26, 132, 35, 178, 78, 69, 150, 129, 9, 187, 17], [198, 115, 185, 113, 42, 116, 144, 183, 89, 137, 68, 62, 159, 16], [48, 47, 173, 174, 122, 36, 155, 59, 81, 25, 56, 161, 97], [100, 71, 119, 165, 164, 57, 109, 39, 50, 54, 120, 171, 172], [66, 196, 186, 93, 156, 82, 124, 154, 123, 84, 134, 85, 170, 108, 180, 175], [33, 195, 158, 1, 141, 22, 91, 142, 139, 30, 111, 58], [6, 61, 32, 75, 162, 110, 163, 135, 92, 148, 118, 181], [189, 31, 10, 77, 80, 131, 190, 41, 90, 143, 191, 105, 96], [102, 128, 70, 99, 53, 192, 43, 199, 114, 166, 138, 88, 37], [126, 12, 169, 38, 52, 11, 14, 133, 177, 19], [20, 15, 79, 153, 13, 83, 8, 7, 51, 149], [147, 73, 146, 72, 18, 145, 24, 49, 182, 117, 127, 60], [193, 194, 112, 168, 40, 130, 76, 95, 2, 157], [34, 167, 179, 27, 45, 64, 28, 94, 140, 121, 21], [151, 44, 106, 55, 3, 125, 98, 5, 103, 29], [65, 176, 46, 63, 107, 74, 67, 188]]",false
213,1172973,2157,Swap,CMT5.vrp,"[[86, 101, 136, 197, 184, 160, 23, 104, 152, 4, 87], [26, 132, 35, 178, 78, 69, 150, 129, 9, 187, 17], [198, 115, 185, 113, 42, 116, 144, 183, 89, 137, 68, 62, 159, 16], [48, 47, 173, 174, 122, 36, 155, 59, 81, 25, 56, 161, 97], [100, 71, 119, 165, 164, 57, 109, 39, 50, 54, 120, 171, 172], [66, 196, 186, 93, 156, 82, 124, 154, 123, 84, 134, 85, 170, 108, 180, 175], [33, 195, 158, 1, 141, 22, 91, 142, 139, 30, 45, 58], [6, 61, 32, 75, 162, 110, 163, 135, 92, 148, 118, 181], [189, 31, 10, 77, 80, 131, 190, 41, 90, 143, 191, 105, 96], [102, 128, 70, 99, 53, 192, 43, 199, 114, 166, 138, 88, 37], [126, 12, 169, 38, 52, 11, 14, 133, 177, 19], [20, 15, 79, 153, 13, 83, 8, 7, 51, 149], [147, 73, 146, 72, 18, 145, 24, 49, 182, 117, 127, 60], [193, 194, 112, 168, 40, 130, 76, 95, 2, 157], [34, 167, 179, 27, 111, 64, 28, 94, 140, 121, 21], [151, 44, 106, 55, 3, 125, 98, 5, 103, 29], [65, 176, 46, 63, 107, 74, 67, 188]]",false
214,1175626,2154,Swap,CMT5.vrp,"[[86, 101, 136, 197, 184, 160, 23, 104, 152, 4, 87], [26, 132, 35, 178, 78, 69, 150, 129, 9, 187, 17], [198, 115, 185, 113, 42, 116, 144, 183, 89, 137, 68, 62, 159, 16], [48, 47, 173, 174, 122, 36, 155, 59, 81, 25, 56, 161, 97], [100, 71, 119, 165, 164, 57, 109, 39, 50, 54, 120, 171, 172], [66, 196, 186, 93, 156, 82, 124, 154, 123, 84, 134, 85, 170, 108, 180, 175], [33, 195, 158, 1, 141, 22, 91, 142, 139, 30, 45, 111], [6, 61, 32, 75, 162, 110, 163, 135, 92, 148, 118, 181], [189, 31, 10, 77, 80, 131, 190, 41, 90, 143, 191, 105, 96], [102, 128, 70, 99, 53, 192, 43, 199, 114, 166, 138, 88, 37], [126, 12, 169, 38, 52, 11, 14, 133, 177, 19], [20, 15, 79, 153, 13, 83, 8, 7, 51, 149], [147, 73, 146, 72, 18, 145, 24, 49, 182, 117, 127, 60], [193, 194, 112, 168, 40, 130, 76, 95, 2, 157], [34, 167, 179, 27, 58, 64, 28, 94, 140, 121, 21], [151, 44, 106, 55, 3, 125, 98, 5, 103, 29], [65, 176, 46, 63, 107, 74, 67, 188]]",false
215,1178272,2154,Swap,CMT5.vrp,"[[86, 101, 136, 197, 184, 160, 23, 104, 152, 4, 87], [26, 132, 35, 178, 78, 69, 150, 129, 9, 187, 17], [198, 115, 185, 113, 42, 116, 144, 183, 89, 137, 68, 62, 159, 16], [48, 47, 173, 174, 122, 36, 155, 59, 81, 25, 56, 161, 97], [100, 71, 119, 165, 164, 57, 109, 39, 50, 54, 120, 171, 172], [66, 196, 186, 93, 156, 82, 124, 154, 123, 84, 134, 85, 170, 108, 180, 175], [33, 195, 158, 1, 141, 22, 91, 142, 64, 30, 45, 111], [6, 61, 32, 75, 162, 110, 163, 135, 92, 148, 118, 181], [189, 31, 10, 77, 80, 131, 190, 41, 90, 143, 191, 105, 96], [102, 128, 70, 99, 53, 192, 43, 199, 114, 166, 138, 88, 37], [126, 12, 169, 38, 52, 11, 14, 133, 177, 19], [20, 15, 79, 153, 13, 83, 8, 7, 51, 149], [147, 73, 146, 72, 18, 145, 24, 49, 182, 117, 127, 60], [193, 194, 112, 168, 40, 130, 76, 95, 2, 157], [34, 167, 179, 27, 58, 139, 28, 94, 140, 121, 21], [151, 44, 106, 55, 3, 125, 98, 5, 103, 29], [65, 176, 46, 63, 107, 74, 67, 188]]",false
216,1183190,2151,Swap,CMT5.vrp,"[[86, 101, 136, 197, 184, 160, 23, 104, 152, 4, 87], [26, 132, 35, 178, 78, 69, 150, 129, 9, 187, 17], [198, 115, 185, 113, 42, 116, 144, 183, 89, 137, 68, 62, 159, 16], [48, 47, 173, 174, 122, 36, 155, 59, 81, 25, 56, 161, 97], [100, 71, 119, 165, 164, 57, 109, 39, 50, 54, 120, 171, 172], [66, 196, 186, 93, 156, 82, 124, 154, 123, 84, 134, 85, 170, 108, 180, 175], [33, 195, 158, 1, 141, 22, 91, 142, 114, 30, 45, 111], [6, 61, 32, 75, 162, 110, 163, 135, 92, 148, 118, 181], [189, 31, 10, 77, 80, 131, 190, 41, 90, 143, 191, 105, 96], [102, 128, 70, 99, 53, 192, 43, 199, 64, 166, 138, 88, 37], [126, 12, 169, 38, 52, 11, 14, 133, 177, 19], [20, 15, 79, 153, 13, 83, 8, 7, 51, 149], [147, 73, 146, 72, 18, 145, 24, 49, 182, 117, 127, 60], [193, 194, 112, 168, 40, 130, 76, 95, 2, 157], [34, 167, 179, 27, 58, 139, 28, 94, 140, 121, 21], [151, 44, 106, 55, 3, 125, 98, 5, 103, 29], [65, 176, 46, 63, 107, 74, 67, 188]]",false
217,1186985,2148,Swap,CMT5.vrp,"[[86, 199, 136, 197, 184, 160, 23, 104, 152, 4, 87], [26, 132, 35, 178, 78, 69, 150, 129, 9, 187, 17], [198, 115, 185, 113, 42, 116, 144, 183, 89, 137, 68, 62, 159, 16], [48, 47, 173, 174, 122, 36, 155, 59, 81, 25, 56, 161, 97], [100, 71, 119, 165, 164, 57, 109, 39, 50, 54, 120, 171, 172], [66, 196, 186, 93, 156, 82, 124, 154, 123, 84, 134, 85, 170, 108, 180, 175], [33, 195, 158, 1, 141, 22, 91, 142, 114, 30, 45, 111], [6, 61, 32, 75, 162, 110, 163, 135, 92, 148, 118, 181], [189, 31, 10, 77, 80, 131, 190, 41, 90, 143, 191, 105, 96], [102, 128, 70, 99, 53, 192, 43, 101, 64, 166, 138, 88, 37], [126, 12, 169, 38, 52, 11, 14, 133, 177, 19], [20, 15, 79, 153, 13, 83, 8, 7, 51, 149], [147, 73, 146, 72, 18, 145, 24, 49, 182, 117, 127, 60], [193, 194, 112, 168, 40, 130, 76, 95, 2, 157], [34, 167, 179, 27, 58, 139, 28, 94, 140, 121, 21], [151, 44, 106, 55, 3, 125, 98, 5, 103, 29], [65, 176, 46, 63, 107, 74, 67, 188]]",false
218,1190876,2142,Swap,CMT5.vrp,"[[43, 199, 136, 197, 184, 160, 23, 104, 152, 4, 87], [26, 132, 35, 178, 78, 69, 150, 129, 9, 187, 17], [198, 115, 185, 113, 42, 116, 144, 183, 89, 137, 68, 62, 159, 16], [48, 47, 173, 174, 122, 36, 155, 59, 81, 25, 56, 161, 97], [100, 71, 119, 165, 164, 57, 109, 39, 50, 54, 120, 171, 172], [66, 196, 186, 93, 156, 82, 124, 154, 123, 84, 134, 85, 170, 108, 180, 175], [33, 195, 158, 1, 141, 22, 91, 142, 114, 30, 45, 111], [6, 61, 32, 75, 162, 110, 163, 135, 92, 148, 118, 181], [189, 31, 10, 77, 80, 131, 190, 41, 90, 143, 191, 105, 96], [102, 128, 70, 99, 53, 192, 86, 101, 64, 166, 138, 88, 37], [126, 12, 169, 38, 52, 11, 14, 133, 177, 19], [20, 15, 79, 153, 13, 83, 8, 7, 51, 149], [147, 73, 146, 72, 18, 145, 24, 49, 182, 117, 127, 60], [193, 194, 112, 168, 40, 130, 76, 95, 2, 157], [34, 167, 179, 27, 58, 139, 28, 94, 140, 121, 21], [151, 44, 106, 55, 3, 125, 98, 5, 103, 29], [65, 176, 46, 63, 107, 74, 67, 188]]",false
219,1194656,2142,Swap,CMT5.vrp,"[[43, 199, 136, 197, 184, 160, 23, 104, 152, 4, 87], [26, 132, 35, 178, 78, 69, 150, 129, 9, 187, 17], [198, 115, 185, 113, 42, 116, 144, 183, 89, 137, 68, 62, 159, 16], [48, 47, 173, 174, 122, 36, 155, 59, 81, 25, 56, 161, 97], [100, 71, 119, 165, 164, 57, 109, 39, 50, 54, 120, 171, 172], [66, 196, 186, 93, 156, 82, 124, 154, 123, 84, 134, 85, 170, 108, 180, 175], [33, 195, 158, 1, 141, 22, 91, 142, 114, 30, 45, 111], [6, 61, 32, 75, 162, 110, 163, 135, 92, 148, 118, 181], [189, 31, 10, 77, 80, 131, 190, 41, 90, 143, 191, 105, 96], [102, 128, 70, 99, 53, 192, 86, 101, 28, 166, 138, 88, 37], [126, 12, 169, 38, 52, 11, 14, 133, 177, 19], [20, 15, 79, 153, 13, 83, 8, 7, 51, 149], [147, 73, 146, 72, 18, 145, 24, 49, 182, 117, 127, 60], [193, 194, 112, 168, 40, 130, 76, 95, 2, 157], [34, 167, 179, 27, 58, 139, 64, 94, 140, 121, 21], [151, 44, 106, 55, 3, 125, 98, 5, 103, 29], [65, 176, 46, 63, 107, 74, 67, 188]]",false
0,0,6229,Swap,CMT5.vrp,"[[21, 84, 107, 93, 8, 189, 166, 104, 59, 42], [167, 73, 144, 51, 123, 146], [5, 108, 130, 97, 50, 182, 30, 106, 185, 113], [11, 156, 23, 191, 89, 174, 183, 195, 159, 103, 54, 179, 157, 140], [148, 85, 92, 91, 33, 163, 165, 115, 53, 186, 139], [81, 56, 164, 20, 109, 39, 151, 17], [137, 173, 105, 141, 197, 122, 28, 116, 76, 64, 154, 58, 7, 188, 150, 101], [77, 128, 172, 37, 29, 184, 196, 136, 143, 170], [142, 127, 149, 98, 99, 10], [112, 90, 95, 102, 110, 57, 135, 66, 41, 45, 46], [74, 31, 52, 120, 168, 131, 190, 68, 61], [161, 49, 26, 134, 55, 35, 70, 12, 44, 160, 43, 83, 94, 198], [132, 88, 19, 2, 78, 9, 22, 126, 69, 169, 147], [124, 176, 138, 155, 193, 153, 13, 199, 16, 133, 38], [1, 180, 118, 111, 72, 75, 145, 86, 117, 114], [129, 34, 60, 40, 158], [152, 125, 119, 100, 32, 63], [15, 82, 162, 177, 36, 4, 62, 18, 65, 87, 47, 121], [71, 67, 25, 181, 194, 3, 80, 27, 171, 79], [192, 6, 178, 14, 187, 24, 96, 175, 48]]",true
1,5678,6085,Swap,CMT5.vrp,"[[21, 84, 107, 93, 8, 20, 166, 104, 59, 42], [167, 73, 144, 51, 123, 146], [5, 108, 130, 97, 50, 182, 30, 106, 185, 113], [11, 156, 23, 191, 89, 174, 183, 195, 159, 103, 54, 179, 157, 140], [148, 85, 92, 91, 33, 163, 165, 115, 53, 186, 139], [81, 56, 164, 189, 109, 39, 151, 17], [137, 173, 105, 141, 197, 122, 28, 116, 76, 64, 154, 58, 7, 188, 150, 101], [77, 128, 172, 37, 29, 184, 196, 136, 143, 170], [142, 127, 149, 98, 99, 10], [112, 90, 95, 102, 110, 57, 135, 66, 41, 45, 46], [74, 31, 52, 120, 168, 131, 190, 68, 61], [161, 49, 26, 134, 55, 35, 70, 12, 44, 160, 43, 83, 94, 198], [132, 88, 19, 2, 78, 9, 22, 126, 69, 169, 147], [124, 176, 138, 155, 193, 153, 13, 199, 16, 133, 38], [1, 180, 118, 111, 72, 75, 145, 86, 117, 114], [129, 34, 60, 40, 158], [152, 125, 119, 100, 32, 63], [15, 82, 162, 177, 36, 4, 62, 18, 65, 87, 47, 121], [71, 67, 25, 181, 194, 3, 80, 27, 171, 79], [192, 6, 178, 14, 187, 24, 96, 175, 48]]",true
2,12554,5952,Swap,CMT5.vrp,"[[21, 84, 107, 93, 8, 20, 166, 104, 59, 42], [167, 73, 144, 51, 123, 111], [5, 108, 130, 97, 50, 182, 30, 106, 185, 113], [11, 156, 23, 191, 89, 174, 183, 195, 159, 103, 54, 179, 157, 140], [148, 85, 92, 91, 33, 163, 165, 115, 53, 186, 139], [81, 56, 164, 189, 109, 39, 151, 17], [137, 173, 105, 141, 197, 122, 28, 116, 76, 64, 154, 58, 7, 188, 150, 101], [77, 128, 172, 37, 29, 184, 196, 136, 143, 170], [142, 127, 149, 98, 99, 10], [112, 90, 95, 102, 110, 57, 135, 66, 41, 45, 46], [74, 31, 52, 120, 168, 131, 190, 68, 61], [161, 49, 26, 134, 55, 35, 70, 12, 44, 160, 43, 83, 94, 198], [132, 88, 19, 2, 78, 9, 22, 126, 69, 169, 147], [124, 176, 138, 155, 193, 153, 13, 199, 16, 133, 38], [1, 180, 118, 146, 72, 75, 145, 86, 117, 114], [129, 34, 60, 40, 158], [152, 125, 119, 100, 32, 63], [15, 82, 162, 177, 36, 4, 62, 18, 65, 87, 47, 121], [71, 67, 25, 181, 194, 3, 80, 27, 171, 79], [192, 6, 178, 14, 187, 24, 96, 175, 48]]",true
3,19824,5829,Swap,CMT5.vrp,"[[21, 84, 107, 93, 8, 20, 166, 104, 59, 42], [167, 73, 144, 51, 123, 111], [5, 108, 130, 97, 50, 182, 30, 106, 185, 113], [11, 156, 23, 191, 89, 174, 183, 195, 159, 103, 54, 179, 157, 140], [148, 56, 92, 91, 33, 163, 165, 115, 53, 186, 139], [81, 85, 164, 189, 109, 39, 151, 17], [137, 173, 105, 141, 197, 122, 28, 116, 76, 64, 154, 58, 7, 188, 150, 101], [77, 128, 172, 37, 29, 184, 196, 136, 143, 170], [142, 127, 149, 98, 99, 10], [112, 90, 95, 102, 110, 57, 135, 66, 41, 45, 46], [74, 31, 52, 120, 168, 131, 190, 68, 61], [161, 49, 26, 134, 55, 35, 70, 12, 44, 160, 43, 83, 94, 198], [132, 88, 19, 2, 78, 9, 22, 126, 69, 169, 147], [124, 176, 138, 155, 193, 153, 13, 199, 16, 133, 38], [1, 180, 118, 146, 72, 75, 145, 86, 117, 114], [129, 34, 60, 40, 158], [152, 125, 119, 100, 32, 63], [15, 82, 162, 177, 36, 4, 62, 18, 65, 87, 47, 121], [71, 67, 25, 181, 194, 3, 80, 27, 171, 79], [192, 6, 178, 14, 187, 24, 96, 175, 48]]",true
4,25849,5706,Swap,CMT5.vrp,"[[21, 84, 107, 93, 8, 20, 166, 174, 59, 42], [167, 73, 144, 51, 123, 111], [5, 108, 130, 97, 50, 182, 30, 106, 185, 113], [11, 156, 23, 191, 89, 104, 183, 195, 159, 103, 54, 179, 157, 140], [148, 56, 92, 91, 33, 163, 165, 115, 53, 186, 139], [81, 85, 164, 189, 109, 39, 151, 17], [137, 173, 105, 141, 197, 122, 28, 116, 76, 64, 154, 58, 7, 188, 150, 101], [77, 128, 172, 37, 29, 184, 196, 136, 143, 170], [142, 127, 149, 98, 99, 10], [112, 90, 95, 102, 110, 57, 135, 66, 41, 45, 46], [74, 31, 52, 120, 168, 131, 190, 68, 61], [161, 49, 26, 134, 55, 35, 70, 12, 44, 160, 43, 83, 94, 198], [132, 88, 19, 2, 78, 9, 22, 126, 69, 169, 147], [124, 176, 138, 155, 193, 153, 13, 199, 16, 133, 38], [1, 180, 118, 146, 72, 75, 145, 86, 117, 114], [129, 34, 60, 40, 158], [152, 125, 119, 100, 32, 63], [15, 82, 162, 177, 36, 4, 62, 18, 65, 87, 47, 121], [71, 67, 25, 181, 194, 3, 80, 27, 171, 79], [192, 6, 178, 14, 187, 24, 96, 175, 48]]",true
5,31798,5588,Swap,CMT5.vrp,"[[21, 55, 107, 93, 8, 20, 166, 174, 59, 42], [167, 73, 144, 51, 123, 111], [5, 108, 130, 97, 50, 182, 30, 106, 185, 113], [11, 156, 23, 191, 89, 104, 183, 195, 159, 103, 54, 179, 157, 140], [148, 56, 92, 91, 33, 163, 165, 115, 53, 186, 139], [81, 85, 164, 189, 109, 39, 151, 17], [137, 173, 105, 141, 197, 122, 28, 116, 76, 64, 154, 58, 7, 188, 150, 101], [77, 128, 172, 37, 29, 184, 196, 136, 143, 170], [142, 127, 149, 98, 99, 10], [112, 90, 95, 102, 110, 57, 135, 66, 41, 45, 46], [74, 31, 52, 120, 168, 131, 190, 68, 61], [161, 49, 26, 134, 84, 35, 70, 12, 44, 160, 43, 83, 94, 198], [132, 88, 19, 2, 78, 9, 22, 126, 69, 169, 147], [124, 176, 138, 155, 193, 153, 13, 199, 16, 133, 38], [1, 180, 118, 146, 72, 75, 145, 86, 117, 114], [129, 34, 60, 40, 158], [152, 125, 119, 100, 32, 63], [15, 82, 162, 177, 36, 4, 62, 18, 65, 87, 47, 121], [71, 67, 25, 181, 194, 3, 80, 27, 171, 79], [192, 6, 178, 14, 187, 24, 96, 175, 48]]",true
6,37829,5483,Swap,CMT5.vrp,"[[21, 55, 107, 93, 8, 20, 166, 174, 59, 42], [167, 73, 144, 51, 123, 111], [5, 108, 130, 97, 50, 182, 30, 106, 185, 113], [120, 156, 23, 191, 89, 104, 183, 195, 159, 103, 54, 179, 157, 140], [148, 56, 92, 91, 33, 163, 165, 115, 53, 186, 139], [81, 85, 164, 189, 109, 39, 151, 17], [137, 173, 105, 141, 197, 122, 28, 116, 76, 64, 154, 58, 7, 188, 150, 101], [77, 128, 172, 37, 29, 184, 196, 136, 143, 170], [142, 127, 149, 98, 99, 10], [112, 90, 95, 102, 110, 57, 135, 66, 41, 45, 46], [74, 31, 52, 11, 168, 131, 190, 68, 61], [161, 49, 26, 134, 84, 35, 70, 12, 44, 160, 43, 83, 94, 198], [132, 88, 19, 2, 78, 9, 22, 126, 69, 169, 147], [124, 176, 138, 155, 193, 153, 13, 199, 16, 133, 38], [1, 180, 118, 146, 72, 75, 145, 86, 117, 114], [129, 34, 60, 40, 158], [152, 125, 119, 100, 32, 63], [15, 82, 162, 177, 36, 4, 62, 18, 65, 87, 47, 121], [71, 67, 25, 181, 194, 3, 80, 27, 171, 79], [192, 6, 178, 14, 187, 24, 96, 175, 48]]",true
7,46776,5378,Swap,CMT5.vrp,"[[21, 55, 107, 93, 8, 20, 166, 174, 59, 42], [167, 73, 144, 51, 123, 111], [5, 108, 130, 97, 50, 182, 30, 106, 185, 113], [120, 156, 23, 191, 89, 104, 183, 195, 159, 103, 54, 179, 157, 140], [148, 56, 92, 91, 33, 163, 165, 115, 53, 186, 139], [81, 85, 164, 189, 109, 39, 151, 17], [137, 173, 105, 141, 197, 122, 28, 116, 76, 64, 154, 58, 7, 170, 150, 101], [77, 128, 172, 37, 29, 184, 196, 136, 143, 188], [142, 127, 149, 98, 99, 10], [112, 90, 95, 102, 110, 57, 135, 66, 41, 45, 46], [74, 31, 52, 11, 168, 131, 190, 68, 61], [161, 49, 26, 134, 84, 35, 70, 12, 44, 160, 43, 83, 94, 198], [132, 88, 19, 2, 78, 9, 22, 126, 69, 169, 147], [124, 176, 138, 155, 193, 153, 13, 199, 16, 133, 38], [1, 180, 118, 146, 72, 75, 145, 86, 117, 114], [129, 34, 60, 40, 158], [152, 125, 119, 100, 32, 63], [15, 82, 162, 177, 36, 4, 62, 18, 65, 87, 47, 121], [71, 67, 25, 181, 194, 3, 80, 27, 171, 79], [192, 6, 178, 14, 187, 24, 96, 175, 48]]",true
8,55090,5280,Swap,CMT5.vrp,"[[21, 55, 107, 93, 8, 20, 166, 174, 59, 42], [167, 73, 144, 51, 123, 111], [5, 108, 130, 97, 50, 182, 30, 106, 185, 113], [120, 156, 23, 191, 89, 104, 183, 195, 159, 103, 54, 179, 157, 140], [148, 56, 92, 91, 33, 163, 165, 115, 53, 186, 139], [81, 85, 164, 189, 109, 39, 151, 17], [137, 173, 105, 141, 197, 122, 28, 116, 76, 64, 154, 58, 7, 170, 150, 101], [77, 128, 172, 37, 29, 184, 196, 136, 143, 188], [142, 127, 149, 98, 99, 10], [112, 90, 95, 102, 110, 57, 135, 66, 41, 45, 46], [74, 31, 52, 11, 168, 131, 190, 68, 61], [161, 49, 26, 134, 84, 35, 70, 12, 44, 160, 43, 83, 94, 198], [132, 176, 19, 2, 78, 9, 22, 126, 69, 169, 147], [124, 88, 138, 155, 193, 153, 13, 199, 16, 133, 38], [1, 180, 118, 146, 72, 75, 145, 86, 117, 114], [129, 34, 60, 40, 158], [152, 125, 119, 100, 32, 63], [15, 82, 162, 177, 36, 4, 62, 18, 65, 87, 47, 121], [71, 67, 25, 181, 194, 3, 80, 27, 171, 79], [192, 6, 178, 14, 187, 24, 96, 175, 48]]",true
9,61840,5199,Swap,CMT5.vrp,"[[21, 55, 107, 93, 8, 20, 166, 174, 59, 42], [167, 73, 144, 51, 123, 111], [5, 108, 130, 97, 50, 182, 30, 106, 185, 113], [120, 156, 23, 191, 89, 104, 183, 195, 159, 103, 54, 179, 157, 140], [148, 56, 92, 91, 33, 163, 165, 115, 53, 186, 139], [81, 85, 164, 189, 109, 39, 151, 17], [137, 173, 105, 141, 197, 122, 28, 116, 76, 64, 154, 58, 7, 170, 150, 101], [77, 128, 172, 37, 29, 184, 196, 136, 143, 188], [142, 127, 149, 98, 99, 10], [112, 90, 95, 102, 110, 57, 135, 66, 41, 45, 46], [74, 31, 52, 11, 168, 131, 190, 68, 61], [161, 49, 26, 134, 84, 35, 70, 12, 44, 160, 43, 83, 94, 198], [132, 176, 19, 180, 78, 9, 22, 126, 69, 169, 147], [124, 88, 138, 155, 193, 153, 13, 199, 16, 133, 38], [1, 2, 118, 146, 72, 75, 145, 86, 117, 114], [129, 34, 60, 40, 158], [152, 125, 119, 100, 32, 63], [15, 82, 162, 177, 36, 4, 62, 18, 65, 87, 47, 121], [71, 67, 25, 181, 194, 3, 80, 27, 171, 79], [192, 6, 178, 14, 187, 24, 96, 175, 48]]",true
10,69403,5119,Swap,CMT5.vrp,"[[21, 55, 107, 93, 36, 20, 166, 174, 59, 42], [167, 73, 144, 51, 123, 111], [5, 108, 130, 97, 50, 182, 30, 106, 185, 113], [120, 156, 23, 191, 89, 104, 183, 195, 159, 103, 54, 179, 157, 140], [148, 56, 92, 91, 33, 163, 165, 115, 53, 186, 139], [81, 85, 164, 189, 109, 39, 151, 17], [137, 173, 105, 141, 197, 122, 28, 116, 76, 64, 154, 58, 7, 170, 150, 101], [77, 128, 172, 37, 29, 184, 196, 136, 143, 188], [142, 127, 149, 98, 99, 10], [112, 90, 95, 102, 110, 57, 135, 66, 41, 45, 46], [74, 31, 52, 11, 168, 131, 190, 68, 61], [161, 49, 26, 134, 84, 35, 70, 12, 44, 160, 43, 83, 94, 198], [132, 176, 19, 180, 78, 9, 22, 126, 69, 169, 147], [124, 88, 138, 155, 193, 153, 13, 199, 16, 133, 38], [1, 2, 118, 146, 72, 75, 145, 86, 117, 114], [129, 34, 60, 40, 158], [152, 125, 119, 100, 32, 63], [15, 82, 162, 177, 8, 4, 62, 18, 65, 87, 47, 121], [71, 67, 25, 181, 194, 3, 80, 27, 171, 79], [192, 6, 178, 14, 187, 24, 96, 175, 48]]",true
11,74030,5038,Swap,CMT5.vrp,"[[21, 55, 107, 93, 36, 20, 166, 174, 59, 42], [167, 73, 144, 51, 123, 111], [5, 108, 130, 97, 50, 182, 30, 106, 185, 113], [120, 156, 23, 191, 89, 104, 183, 195, 159, 103, 54, 179, 157, 140], [148, 56, 92, 91, 33, 163, 165, 115, 53, 186, 139], [81, 85, 164, 189, 109, 39, 151, 17], [137, 173, 105, 141, 197, 122, 28, 116, 76, 64, 154, 58, 7, 170, 150, 101], [77, 128, 172, 37, 29, 184, 196, 136, 143, 188], [142, 127, 149, 98, 99, 10], [112, 90, 95, 162, 110, 57, 135, 66, 41, 45, 46], [74, 31, 52, 11, 168, 131, 190, 68, 61], [161, 49, 26, 134, 84, 35, 70, 12, 44, 160, 43, 83, 94, 198], [132, 176, 19, 180, 78, 9, 22, 126, 69, 169, 147], [124, 88, 138, 155, 193, 153, 13, 199, 16, 133, 38], [1, 2, 118, 146, 72, 75, 145, 86, 117, 114], [129, 34, 60, 40, 158], [152, 125, 119, 100, 32, 63], [15, 82, 102, 177, 8, 4, 62, 18, 65, 87, 47, 121], [71, 67, 25, 181, 194, 3, 80, 27, 171, 79], [192, 6, 178, 14, 187, 24, 96, 175, 48]]",true
12,78489,4960,Swap,CMT5.vrp,"[[21, 55, 107, 93, 36, 20, 166, 174, 59, 42], [167, 73, 144, 51, 123, 111], [5, 108, 130, 97, 50, 182, 30, 106, 185, 113], [120, 156, 23, 191, 89, 104, 183, 195, 159, 103, 54, 179, 157, 140], [148, 56, 92, 91, 33, 163, 165, 115, 53, 186, 139], [81, 85, 164, 189, 109, 39, 151, 17], [137, 173, 105, 141, 197, 122, 28, 116, 76, 64, 154, 58, 7, 170, 150, 101], [77, 128, 172, 37, 29, 184, 196, 136, 143, 188], [142, 127, 149, 98, 99, 10], [112, 90, 95, 162, 110, 57, 135, 66, 41, 45, 46], [74, 31, 52, 11, 168, 131, 190, 68, 61], [161, 49, 26, 134, 84, 35, 70, 12, 44, 160, 43, 193, 94, 198], [132, 176, 19, 180, 78, 9, 22, 126, 69, 169, 147], [124, 88, 138, 155, 83, 153, 13, 199, 16, 133, 38], [1, 2, 118, 146, 72, 75, 145, 86, 117, 114], [129, 34, 60, 40, 158], [152, 125, 119, 100, 32, 63], [15, 82, 102, 177, 8, 4, 62, 18, 65, 87, 47, 121], [71, 67, 25, 181, 194, 3, 80, 27, 171, 79], [192, 6, 178, 14, 187, 24, 96, 175, 48]]",true
13,83755,4882,Swap,CMT5.vrp,"[[21, 55, 107, 93, 36, 20, 166, 174, 59, 42], [167, 73, 144, 51, 123, 111], [5, 108, 130, 97, 50, 182, 30, 106, 185, 113], [120, 156, 23, 191, 89, 104, 183, 195, 159, 103, 54, 179, 157, 140], [148, 56, 92, 91, 33, 163, 165, 115, 53, 186, 139], [81, 85, 164, 189, 109, 39, 151, 17], [137, 173, 105, 141, 197, 122, 28, 116, 76, 64, 154, 58, 7, 170, 150, 101], [77, 128, 172, 37, 29, 184, 196, 136, 143, 188], [142, 127, 149, 98, 99, 10], [112, 90, 95, 162, 110, 57, 135, 66, 41, 45, 46], [74, 31, 52, 11, 168, 131, 190, 68, 61], [161, 49, 26, 134, 84, 35, 70, 12, 44, 160, 43, 193, 94, 198], [132, 176, 19, 180, 78, 9, 117, 126, 69, 169, 147], [124, 88, 138, 155, 83, 153, 13, 199, 16, 133, 38], [1, 2, 118, 146, 72, 75, 145, 86, 22, 114], [129, 34, 60, 40, 158], [152, 125, 119, 100, 32, 63], [15, 82, 102, 177, 8, 4, 62, 18, 65, 87, 47, 121], [71, 67, 25, 181, 194, 3, 80, 27, 171, 79], [192, 6, 178, 14, 187, 24, 96, 175, 48]]",true
14,91335,4812,Swap,CMT5.vrp,"[[21, 55, 107, 93, 36, 20, 166, 174, 59, 42], [167, 73, 144, 51, 123, 111], [5, 108, 130, 97, 50, 182, 30, 106, 185, 113], [120, 156, 23, 191, 89, 104, 183, 195, 159, 103, 54, 179, 157, 140], [148, 56, 92, 91, 33, 163, 165, 115, 53, 186, 139], [81, 85, 164, 189, 109, 39, 151, 17], [137, 173, 105, 141, 197, 122, 28, 116, 76, 64, 154, 58, 7, 170, 150, 101], [77, 128, 172, 37, 29, 184, 196, 136, 143, 188], [142, 127, 149, 98, 99, 10], [112, 90, 95, 162, 110, 57, 135, 66, 41, 45, 46], [74, 31, 52, 11, 168, 67, 190, 68, 61], [161, 49, 26, 134, 84, 35, 70, 12, 44, 160, 43, 193, 94, 198], [132, 176, 19, 180, 78, 9, 117, 126, 69, 169, 147], [124, 88, 138, 155, 83, 153, 13, 199, 16, 133, 38], [1, 2, 118, 146, 72, 75, 145, 86, 22, 114], [129, 34, 60, 40, 158], [152, 125, 119, 100, 32, 63], [15, 82, 102, 177, 8, 4, 62, 18, 65, 87, 47, 121], [71, 131, 25, 181, 194, 3, 80, 27, 171, 79], [192, 6, 178, 14, 187, 24, 96, 175, 48]]",true
15,97679,4743,Swap,CMT5.vrp,"[[21, 55, 107, 93, 36, 20, 166, 174, 59, 173], [167, 73, 144, 51, 123, 111], [5, 108, 130, 97, 50, 182, 30, 106, 185, 113], [120, 156, 23, 191, 89, 104, 183, 195, 159, 103, 54, 179, 157, 140], [148, 56, 92, 91, 33, 163, 165, 115, 53, 186, 139], [81, 85, 164, 189, 109, 39, 151, 17], [137, 42, 105, 141, 197, 122, 28, 116, 76, 64, 154, 58, 7, 170, 150, 101], [77, 128, 172, 37, 29, 184, 196, 136, 143, 188], [142, 127, 149, 98, 99, 10], [112, 90, 95, 162, 110, 57, 135, 66, 41, 45, 46], [74, 31, 52, 11, 168, 67, 190, 68, 61], [161, 49, 26, 134, 84, 35, 70, 12, 44, 160, 43, 193, 94, 198], [132, 176, 19, 180, 78, 9, 117, 126, 69, 169, 147], [124, 88, 138, 155, 83, 153, 13, 199, 16, 133, 38], [1, 2, 118, 146, 72, 75, 145, 86, 22, 114], [129, 34, 60, 40, 158], [152, 125, 119, 100, 32, 63], [15, 82, 102, 177, 8, 4, 62, 18, 65, 87, 47, 121], [71, 131, 25, 181, 194, 3, 80, 27, 171, 79], [192, 6, 178, 14, 187, 24, 96, 175, 48]]",true
16,103473,4679,Swap,CMT5.vrp,"[[21, 55, 107, 93, 36, 20, 166, 174, 59, 173], [167, 73, 144, 51, 123, 111], [5, 108, 130, 97, 50, 182, 30, 194, 185, 113], [120, 156, 23, 191, 89, 104, 183, 195, 159, 103, 54, 179, 157, 140], [148, 56, 92, 91, 33, 163, 165, 115, 53, 186, 139], [81, 85, 164, 189, 109, 39, 151, 17], [137, 42, 105, 141, 197, 122, 28, 116, 76, 64, 154, 58, 7, 170, 150, 101], [77, 128, 172, 37, 29, 184, 196, 136, 143, 188], [142, 127, 149, 98, 99, 10], [112, 90, 95, 162, 110, 57, 135, 66, 41, 45, 46], [74, 31, 52, 11, 168, 67, 190, 68, 61], [161, 49, 26, 134, 84, 35, 70, 12, 44, 160, 43, 193, 94, 198], [132, 176, 19, 180, 78, 9, 117, 126, 69, 169, 147], [124, 88, 138, 155, 83, 153, 13, 199, 16, 133, 38], [1, 2, 118, 146, 72, 75, 145, 86, 22, 114], [129, 34, 60, 40, 158], [152, 125, 119, 100, 32, 63], [15, 82, 102, 177, 8, 4, 62, 18, 65, 87, 47, 121], [71, 131, 25, 181, 106, 3, 80, 27, 171, 79], [192, 6, 178, 14, 187, 24, 96, 175, 48]]",true
17,108573,4618,Swap,CMT5.vrp,"[[21, 55, 107, 93, 36, 20, 166, 174, 59, 173], [167, 73, 144, 51, 123, 111], [5, 108, 130, 97, 50, 182, 30, 194, 185, 113], [120, 156, 23, 191, 89, 104, 183, 195, 159, 103, 54, 179, 157, 140], [148, 56, 92, 105, 33, 163, 165, 115, 53, 186, 139], [81, 85, 164, 189, 109, 39, 151, 17], [137, 42, 91, 141, 197, 122, 28, 116, 76, 64, 154, 58, 7, 170, 150, 101], [77, 128, 172, 37, 29, 184, 196, 136, 143, 188], [142, 127, 149, 98, 99, 10], [112, 90, 95, 162, 110, 57, 135, 66, 41, 45, 46], [74, 31, 52, 11, 168, 67, 190, 68, 61], [161, 49, 26, 134, 84, 35, 70, 12, 44, 160, 43, 193, 94, 198], [132, 176, 19, 180, 78, 9, 117, 126, 69, 169, 147], [124, 88, 138, 155, 83, 153, 13, 199, 16, 133, 38], [1, 2, 118, 146, 72, 75, 145, 86, 22, 114], [129, 34, 60, 40, 158], [152, 125, 119, 100, 32, 63], [15, 82, 102, 177, 8, 4, 62, 18, 65, 87, 47, 121], [71, 131, 25, 181, 106, 3, 80, 27, 171, 79], [192, 6, 178, 14, 187, 24, 96, 175, 48]]",true
18,115122,4561,Swap,CMT5.vrp,"[[21, 55, 107, 93, 36, 20, 166, 174, 59, 173], [167, 73, 144, 51, 123, 111], [5, 108, 130, 97, 50, 182, 30, 194, 185, 113], [120, 156, 23, 191, 89, 104, 183, 195, 159, 103, 54, 179, 157, 140], [148, 56, 92, 105, 33, 163, 74, 115, 53, 186, 139], [81, 85, 164, 189, 109, 39, 151, 17], [137, 42, 91, 141, 197, 122, 28, 116, 76, 64, 154, 58, 7, 170, 150, 101], [77, 128, 172, 37, 29, 184, 196, 136, 143, 188], [142, 127, 149, 98, 99, 10], [112, 90, 95, 162, 110, 57, 135, 66, 41, 45, 46], [165, 31, 52, 11, 168, 67, 190, 68, 61], [161, 49, 26, 134, 84, 35, 70, 12, 44, 160, 43, 193, 94, 198], [132, 176, 19, 180, 78, 9, 117, 126, 69, 169, 147], [124, 88, 138, 155, 83, 153, 13, 199, 16, 133, 38], [1, 2, 118, 146, 72, 75, 145, 86, 22, 114], [129, 34, 60, 40, 158], [152, 125, 119, 100, 32, 63], [15, 82, 102, 177, 8, 4, 62, 18, 65, 87, 47, 121], [71, 131, 25, 181, 106, 3, 80, 27, 171, 79], [192, 6, 178, 14, 187, 24, 96, 175, 48]]",true
19,120727,4502,Swap,CMT5.vrp,"[[21, 55, 107, 93, 36, 20, 166, 174, 59, 173], [167, 73, 144, 51, 123, 111], [5, 108, 130, 97, 50, 182, 30, 194, 185, 113], [120, 156, 23, 191, 89, 104, 183, 195, 159, 103, 54, 179, 157, 140], [148, 56, 92, 105, 33, 49, 74, 115, 53, 186, 139], [81, 85, 164, 189, 109, 39, 151, 17], [137, 42, 91, 141, 197, 122, 28, 116, 76, 64, 154, 58, 7, 170, 150, 101], [77, 128, 172, 37, 29, 184, 196, 136, 143, 188], [142, 127, 149, 98, 99, 10], [112, 90, 95, 162, 110, 57, 135, 66, 41, 45, 46], [165, 31, 52, 11, 168, 67, 190, 68, 61], [161, 163, 26, 134, 84, 35, 70, 12, 44, 160, 43, 193, 94, 198], [132, 176, 19, 180, 78, 9, 117, 126, 69, 169, 147], [124, 88, 138, 155, 83, 153, 13, 199, 16, 133, 38], [1, 2, 118, 146, 72, 75, 145, 86, 22, 114], [129, 34, 60, 40, 158], [152, 125, 119, 100, 32, 63], [15, 82, 102, 177, 8, 4, 62, 18, 65, 87, 47, 121], [71, 131, 25, 181, 106, 3, 80, 27, 171, 79], [192, 6, 178, 14, 187, 24, 96, 175, 48]]",true
20,124202,4446,Swap,CMT5.vrp,"[[21, 55, 107, 93, 36, 20, 166, 174, 59, 173], [167, 73, 144, 51, 123, 111], [5, 108, 130, 97, 50, 182, 30, 194, 185, 113], [120, 156, 23, 191, 89, 104, 183, 195, 159, 103, 54, 179, 157, 140], [148, 56, 92, 105, 33, 49, 74, 115, 53, 186, 139], [81, 85, 164, 189, 109, 39, 151, 17], [137, 42, 91, 141, 197, 122, 28, 116, 142, 64, 154, 58, 7, 170, 150, 101], [77, 128, 172, 37, 29, 184, 196, 136, 143, 188], [76, 127, 149, 98, 99, 10], [112, 90, 95, 162, 110, 57, 135, 66, 41, 45, 46], [165, 31, 52, 11, 168, 67, 190, 68, 61], [161, 163, 26, 134, 84, 35, 70, 12, 44, 160, 43, 193, 94, 198], [132, 176, 19, 180, 78, 9, 117, 126, 69, 169, 147], [124, 88, 138, 155, 83, 153, 13, 199, 16, 133, 38], [1, 2, 118, 146, 72, 75, 145, 86, 22, 114], [129, 34, 60, 40, 158], [152, 125, 119, 100, 32, 63], [15, 82, 102, 177, 8, 4, 62, 18, 65, 87, 47, 121], [71, 131, 25, 181, 106, 3, 80, 27, 171, 79], [192, 6, 178, 14, 187, 24, 96, 175, 48]]",true
21,127450,4395,Swap,CMT5.vrp,"[[21, 55, 107, 93, 36, 20, 166, 174, 59, 173], [167, 73, 144, 51, 123, 111], [5, 108, 130, 97, 50, 182, 30, 194, 185, 113], [120, 156, 23, 191, 89, 104, 183, 195, 159, 103, 54, 179, 157, 140], [148, 56, 92, 105, 33, 49, 74, 115, 53, 186, 139], [81, 85, 164, 189, 109, 39, 151, 17], [137, 42, 91, 141, 197, 122, 28, 116, 142, 64, 154, 58, 7, 170, 150, 101], [77, 128, 172, 37, 29, 184, 196, 136, 143, 188], [76, 127, 149, 98, 99, 10], [112, 90, 95, 162, 110, 57, 135, 66, 41, 45, 46], [165, 31, 52, 11, 168, 67, 190, 68, 61], [161, 163, 119, 134, 84, 35, 70, 12, 44, 160, 43, 193, 94, 198], [132, 176, 19, 180, 78, 9, 117, 126, 69, 169, 147], [124, 88, 138, 155, 83, 153, 13, 199, 16, 133, 38], [1, 2, 118, 146, 72, 75, 145, 86, 22, 114], [129, 34, 60, 40, 158], [152, 125, 26, 100, 32, 63], [15, 82, 102, 177, 8, 4, 62, 18, 65, 87, 47, 121], [71, 131, 25, 181, 106, 3, 80, 27, 171, 79], [192, 6, 178, 14, 187, 24, 96, 175, 48]]",true
22,131003,4345,Swap,CMT5.vrp,"[[21, 55, 107, 93, 36, 20, 166, 174, 59, 173], [167, 73, 144, 51, 123, 111], [5, 108, 130, 97, 50, 182, 30, 194, 185, 113], [120, 156, 23, 191, 89, 104, 183, 195, 159, 103, 54, 179, 157, 140], [148, 56, 92, 105, 33, 49, 74, 115, 53, 186, 139], [81, 85, 164, 189, 109, 39, 151, 17], [137, 42, 91, 141, 197, 122, 28, 66, 142, 64, 154, 58, 7, 170, 150, 101], [77, 128, 172, 37, 29, 184, 196, 136, 143, 188], [76, 127, 149, 98, 99, 10], [112, 90, 95, 162, 110, 57, 135, 116, 41, 45, 46], [165, 31, 52, 11, 168, 67, 190, 68, 61], [161, 163, 119, 134, 84, 35, 70, 12, 44, 160, 43, 193, 94, 198], [132, 176, 19, 180, 78, 9, 117, 126, 69, 169, 147], [124, 88, 138, 155, 83, 153, 13, 199, 16, 133, 38], [1, 2, 118, 146, 72, 75, 145, 86, 22, 114], [129, 34, 60, 40, 158], [152, 125, 26, 100, 32, 63], [15, 82, 102, 177, 8, 4, 62, 18, 65, 87, 47, 121], [71, 131, 25, 181, 106, 3, 80, 27, 171, 79], [192, 6, 178, 14, 187, 24, 96, 175, 48]]",true
23,134464,4295,Swap,CMT5.vrp,"[[21, 55, 107, 93, 36, 20, 166, 174, 59, 173], [167, 73, 144, 51, 123, 111], [5, 108, 130, 97, 50, 182, 30, 194, 185, 113], [120, 156, 23, 191, 89, 104, 183, 195, 159, 103, 54, 179, 157, 140], [148, 56, 92, 105, 33, 49, 74, 115, 53, 186, 139], [81, 85, 164, 189, 109, 39, 151, 17], [137, 42, 91, 141, 94, 122, 28, 66, 142, 64, 154, 58, 7, 170, 150, 101], [77, 128, 172, 37, 29, 184, 196, 136, 143, 188], [76, 127, 149, 98, 99, 10], [112, 90, 95, 162, 110, 57, 135, 116, 41, 45, 46], [165, 31, 52, 11, 168, 67, 190, 68, 61], [161, 163, 119, 134, 84, 35, 70, 12, 44, 160, 43, 193, 197, 198], [132, 176, 19, 180, 78, 9, 117, 126, 69, 169, 147], [124, 88, 138, 155, 83, 153, 13, 199, 16, 133, 38], [1, 2, 118, 146, 72, 75, 145, 86, 22, 114], [129, 34, 60, 40, 158], [152, 125, 26, 100, 32, 63], [15, 82, 102, 177, 8, 4, 62, 18, 65, 87, 47, 121], [71, 131, 25, 181, 106, 3, 80, 27, 171, 79], [192, 6, 178, 14, 187, 24, 96, 175, 48]]",true
24,137496,4248,Swap,CMT5.vrp,"[[21, 55, 107, 93, 36, 20, 166, 174, 59, 173], [167, 73, 144, 51, 123, 111], [5, 108, 130, 97, 50, 182, 159, 194, 185, 113], [120, 156, 23, 191, 89, 104, 183, 195, 30, 103, 54, 179, 157, 140], [148, 56, 92, 105, 33, 49, 74, 115, 53, 186, 139], [81, 85, 164, 189, 109, 39, 151, 17], [137, 42, 91, 141, 94, 122, 28, 66, 142, 64, 154, 58, 7, 170, 150, 101], [77, 128, 172, 37, 29, 184, 196, 136, 143, 188], [76, 127, 149, 98, 99, 10], [112, 90, 95, 162, 110, 57, 135, 116, 41, 45, 46], [165, 31, 52, 11, 168, 67, 190, 68, 61], [161, 163, 119, 134, 84, 35, 70, 12, 44, 160, 43, 193, 197, 198], [132, 176, 19, 180, 78, 9, 117, 126, 69, 169, 147], [124, 88, 138, 155, 83, 153, 13, 199, 16, 133, 38], [1, 2, 118, 146, 72, 75, 145, 86, 22, 114], [129, 34, 60, 40, 158], [152, 125, 26, 100, 32, 63], [15, 82, 102, 177, 8, 4, 62, 18, 65, 87, 47, 121], [71, 131, 25, 181, 106, 3, 80, 27, 171, 79], [192, 6, 178, 14, 187, 24, 96, 175, 48]]",true
25,140439,4202,Swap,CMT5.vrp,"[[21, 55, 107, 93, 36, 20, 166, 174, 59, 173], [10, 73, 144, 51, 123, 111], [5, 108, 130, 97, 50, 182, 159, 194, 185, 113], [120, 156, 23, 191, 89, 104, 183, 195, 30, 103, 54, 179, 157, 140], [148, 56, 92, 105, 33, 49, 74, 115, 53, 186, 139], [81, 85, 164, 189, 109, 39, 151, 17], [137, 42, 91, 141, 94, 122, 28, 66, 142, 64, 154, 58, 7, 170, 150, 101], [77, 128, 172, 37, 29, 184, 196, 136, 143, 188], [76, 127, 149, 98, 99, 167], [112, 90, 95, 162, 110, 57, 135, 116, 41, 45, 46], [165, 31, 52, 11, 168, 67, 190, 68, 61], [161, 163, 119, 134, 84, 35, 70, 12, 44, 160, 43, 193, 197, 198], [132, 176, 19, 180, 78, 9, 117, 126, 69, 169, 147], [124, 88, 138, 155, 83, 153, 13, 199, 16, 133, 38], [1, 2, 118, 146, 72, 75, 145, 86, 22, 114], [129, 34, 60, 40, 158], [152, 125, 26, 100, 32, 63], [15, 82, 102, 177, 8, 4, 62, 18, 65, 87, 47, 121], [71, 131, 25, 181, 106, 3, 80, 27, 171, 79], [192, 6, 178, 14, 187, 24, 96, 175, 48]]",true
26,143787,4157,Swap,CMT5.vrp,"[[21, 55, 107, 93, 36, 20, 166, 174, 59, 173], [10, 73, 144, 51, 123, 111], [5, 108, 130, 97, 50, 182, 159, 194, 185, 113], [120, 156, 23, 191, 89, 104, 183, 195, 30, 103, 54, 179, 157, 140], [148, 56, 92, 105, 33, 49, 74, 115, 53, 186, 139], [81, 85, 164, 189, 109, 39, 151, 17], [137, 42, 91, 141, 94, 122, 28, 66, 142, 64, 154, 58, 7, 170, 150, 175], [77, 128, 172, 37, 29, 184, 196, 136, 143, 188], [76, 127, 149, 98, 99, 167], [112, 90, 95, 162, 110, 57, 135, 116, 41, 45, 46], [165, 31, 52, 11, 168, 67, 190, 68, 61], [161, 163, 119, 134, 84, 35, 70, 12, 44, 160, 43, 193, 197, 198], [132, 176, 19, 180, 78, 9, 117, 126, 69, 169, 147], [124, 88, 138, 155, 83, 153, 13, 199, 16, 133, 38], [1, 2, 118, 146, 72, 75, 145, 86, 22, 114], [129, 34, 60, 40, 158], [152, 125, 26, 100, 32, 63], [15, 82, 102, 177, 8, 4, 62, 18, 65, 87, 47, 121], [71, 131, 25, 181, 106, 3, 80, 27, 171, 79], [192, 6, 178, 14, 187, 24, 96, 101, 48]]",true
27,147883,4113,Swap,CMT5.vrp,"[[21, 55, 107, 93, 36, 20, 166, 174, 59, 173], [10, 73, 144, 51, 123, 111], [5, 108, 130, 97, 50, 182, 159, 194, 185, 113], [120, 156, 23, 191, 89, 104, 183, 195, 30, 103, 54, 179, 157, 140], [148, 56, 92, 105, 33, 49, 74, 115, 53, 186, 139], [81, 85, 164, 189, 109, 39, 151, 17], [137, 42, 91, 141, 94, 122, 28, 66, 142, 64, 154, 58, 7, 170, 150, 175], [77, 128, 15, 37, 29, 184, 196, 136, 143, 188], [76, 127, 149, 98, 99, 167], [112, 90, 95, 162, 110, 57, 135, 116, 41, 45, 46], [165, 31, 52, 11, 168, 67, 190, 68, 61], [161, 163, 119, 134, 84, 35, 70, 12, 44, 160, 43, 193, 197, 198], [132, 176, 19, 180, 78, 9, 117, 126, 69, 169, 147], [124, 88, 138, 155, 83, 153, 13, 199, 16, 133, 38], [1, 2, 118, 146, 72, 75, 145, 86, 22, 114], [129, 34, 60, 40, 158], [152, 125, 26, 100, 32, 63], [172, 82, 102, 177, 8, 4, 62, 18, 65, 87, 47, 121], [71, 131, 25, 181, 106, 3, 80, 27, 171, 79], [192, 6, 178, 14, 187, 24, 96, 101, 48]]",true
28,151168,4070,Swap,CMT5.vrp,"[[21, 55, 107, 93, 36, 20, 166, 174, 59, 173], [147, 73, 144, 51, 123, 111], [5, 108, 130, 97, 50, 182, 159, 194, 185, 113], [120, 156, 23, 191, 89, 104, 183, 195, 30, 103, 54, 179, 157, 140], [148, 56, 92, 105, 33, 49, 74, 115, 53, 186, 139], [81, 85, 164, 189, 109, 39, 151, 17], [137, 42, 91, 141, 94, 122, 28, 66, 142, 64, 154, 58, 7, 170, 150, 175], [77, 128, 15, 37, 29, 184, 196, 136, 143, 188], [76, 127, 149, 98, 99, 167], [112, 90, 95, 162, 110, 57, 135, 116, 41, 45, 46], [165, 31, 52, 11, 168, 67, 190, 68, 61], [161, 163, 119, 134, 84, 35, 70, 12, 44, 160, 43, 193, 197, 198], [132, 176, 19, 180, 78, 9, 117, 126, 69, 169, 10], [124, 88, 138, 155, 83, 153, 13, 199, 16, 133, 38], [1, 2, 118, 146, 72, 75, 145, 86, 22, 114], [129, 34, 60, 40, 158], [152, 125, 26, 100, 32, 63], [172, 82, 102, 177, 8, 4, 62, 18, 65, 87, 47, 121], [71, 131, 25, 181, 106, 3, 80, 27, 171, 79], [192, 6, 178, 14, 187, 24, 96, 101, 48]]",true
29,154494,4026,Swap,CMT5.vrp,"[[21, 55, 107, 93, 36, 20, 166, 174, 59, 173], [147, 73, 144, 51, 123, 111], [5, 108, 130, 97, 50, 182, 159, 194, 185, 113], [120, 156, 23, 191, 89, 104, 183, 195, 30, 103, 54, 179, 157, 140], [148, 56, 92, 105, 33, 49, 74, 115, 53, 186, 139], [81, 85, 164, 189, 109, 39, 151, 17], [137, 42, 91, 141, 94, 122, 28, 66, 142, 64, 154, 58, 7, 170, 150, 175], [133, 128, 15, 37, 29, 184, 196, 136, 143, 188], [76, 127, 149, 98, 99, 167], [112, 90, 95, 162, 110, 57, 135, 116, 41, 45, 46], [165, 31, 52, 11, 168, 67, 190, 68, 61], [161, 163, 119, 134, 84, 35, 70, 12, 44, 160, 43, 193, 197, 198], [132, 176, 19, 180, 78, 9, 117, 126, 69, 169, 10], [124, 88, 138, 155, 83, 153, 13, 199, 16, 77, 38], [1, 2, 118, 146, 72, 75, 145, 86, 22, 114], [129, 34, 60, 40, 158], [152, 125, 26, 100, 32, 63], [172, 82, 102, 177, 8, 4, 62, 18, 65, 87, 47, 121], [71, 131, 25, 181, 106, 3, 80, 27, 171, 79], [192, 6, 178, 14, 187, 24, 96, 101, 48]]",true
30,157658,3983,Swap,CMT5.vrp,"[[21, 55, 107, 93, 36, 20, 166, 174, 59, 173], [147, 73, 144, 51, 123, 111], [54, 108, 130, 97, 50, 182, 159, 194, 185, 113], [120, 156, 23, 191, 89, 104, 183, 195, 30, 103, 5, 179, 157, 140], [148, 56, 92, 105, 33, 49, 74, 115, 53, 186, 139], [81, 85, 164, 189, 109, 39, 151, 17], [137, 42, 91, 141, 94, 122, 28, 66, 142, 64, 154, 58, 7, 170, 150, 175], [133, 128, 15, 37, 29, 184, 196, 136, 143, 188], [76, 127, 149, 98, 99, 167], [112, 90, 95, 162, 110, 57, 135, 116, 41, 45, 46], [165, 31, 52, 11, 168, 67, 190, 68, 61], [161, 163, 119, 134, 84, 35, 70, 12, 44, 160, 43, 193, 197, 198], [132, 176, 19, 180, 78, 9, 117, 126, 69, 169, 10], [124, 88, 138, 155, 83, 153, 13, 199, 16, 77, 38], [1, 2, 118, 146, 72, 75, 145, 86, 22, 114], [129, 34, 60, 40, 158], [152, 125, 26, 100, 32, 63], [172, 82, 102, 177, 8, 4, 62, 18, 65, 87, 47, 121], [71, 131, 25, 181, 106, 3, 80, 27, 171, 79], [192, 6, 178, 14, 187, 24, 96, 101, 48]]",true
31,161026,3942,Swap,CMT5.vrp,"[[21, 55, 107, 93, 36, 20, 166, 174, 59, 173], [147, 73, 144, 51, 123, 111], [54, 108, 130, 97, 50, 182, 159, 90, 185, 113], [120, 156, 23, 191, 89, 104, 183, 195, 30, 103, 5, 179, 157, 140], [148, 56, 92, 105, 33, 49, 74, 115, 53, 186, 139], [81, 85, 164, 189, 109, 39, 151, 17], [137, 42, 91, 141, 94, 122, 28, 66, 142, 64, 154, 58, 7, 170, 150, 175], [133, 128, 15, 37, 29, 184, 196, 136, 143, 188], [76, 127, 149, 98, 99, 167], [112, 194, 95, 162, 110, 57, 135, 116, 41, 45, 46], [165, 31, 52, 11, 168, 67, 190, 68, 61], [161, 163, 119, 134, 84, 35, 70, 12, 44, 160, 43, 193, 197, 198], [132, 176, 19, 180, 78, 9, 117, 126, 69, 169, 10], [124, 88, 138, 155, 83, 153, 13, 199, 16, 77, 38], [1, 2, 118, 146, 72, 75, 145, 86, 22, 114], [129, 34, 60, 40, 158], [152, 125, 26, 100, 32, 63], [172, 82, 102, 177, 8, 4, 62, 18, 65, 87, 47, 121], [71, 131, 25, 181, 106, 3, 80, 27, 171, 79], [192, 6, 178, 14, 187, 24, 96, 101, 48]]",true
32,165718,3903,Swap,CMT5.vrp,"[[157, 55, 107, 93, 36, 20, 166, 174, 59, 173], [147, 73, 144, 51, 123, 111], [54, 108, 130, 97, 50, 182, 159, 90, 185, 113], [120, 156, 23, 191, 89, 104, 183, 195, 30, 103, 5, 179, 21, 140], [148, 56, 92, 105, 33, 49, 74, 115, 53, 186, 139], [81, 85, 164, 189, 109, 39, 151, 17], [137, 42, 91, 141, 94, 122, 28, 66, 142, 64, 154, 58, 7, 170, 150, 175], [133, 128, 15, 37, 29, 184, 196, 136, 143, 188], [76, 127, 149, 98, 99, 167], [112, 194, 95, 162, 110, 57, 135, 116, 41, 45, 46], [165, 31, 52, 11, 168, 67, 190, 68, 61], [161, 163, 119, 134, 84, 35, 70, 12, 44, 160, 43, 193, 197, 198], [132, 176, 19, 180, 78, 9, 117, 126, 69, 169, 10], [124, 88, 138, 155, 83, 153, 13, 199, 16, 77, 38], [1, 2, 118, 146, 72, 75, 145, 86, 22, 114], [129, 34, 60, 40, 158], [152, 125, 26, 100, 32, 63], [172, 82, 102, 177, 8, 4, 62, 18, 65, 87, 47, 121], [71, 131, 25, 181, 106, 3, 80, 27, 171, 79], [192, 6, 178, 14, 187, 24, 96, 101, 48]]",true
33,170756,3850,Swap,CMT5.vrp,"[[157, 55, 107, 93, 36, 20, 166, 174, 59, 173], [147, 73, 144, 51, 123, 111], [54, 108, 130, 97, 50, 182, 159, 90, 185, 113], [120, 156, 23, 191, 89, 104, 183, 195, 30, 103, 5, 171, 21, 140], [148, 56, 92, 105, 33, 49, 74, 115, 53, 186, 139], [81, 85, 164, 189, 109, 39, 151, 17], [137, 42, 91, 141, 94, 122, 28, 66, 142, 64, 154, 58, 7, 170, 150, 175], [133, 128, 15, 37, 29, 184, 196, 136, 143, 188], [76, 127, 149, 98, 99, 167], [112, 194, 95, 162, 110, 57, 135, 116, 41, 45, 46], [165, 31, 52, 11, 168, 67, 190, 68, 61], [161, 163, 119, 134, 84, 35, 70, 12, 44, 160, 43, 193, 197, 198], [132, 176, 19, 180, 78, 9, 117, 126, 69, 169, 10], [124, 88, 138, 155, 83, 153, 13, 199, 16, 77, 38], [1, 2, 118, 146, 72, 75, 145, 86, 22, 114], [129, 34, 60, 40, 158], [152, 125, 26, 100, 32, 63], [172, 82, 102, 177, 8, 4, 62, 18, 65, 87, 47, 121], [71, 131, 25, 181, 106, 3, 80, 27, 179, 79], [192, 6, 178, 14, 187, 24, 96, 101, 48]]",true
34,174256,3813,Swap,CMT5.vrp,"[[157, 55, 107, 93, 36, 20, 166, 174, 59, 173], [147, 73, 144, 51, 123, 111], [54, 169, 130, 97, 50, 182, 159, 90, 185, 113], [120, 156, 23, 191, 89, 104, 183, 195, 30, 103, 5, 171, 21, 140], [148, 56, 92, 105, 33, 49, 74, 115, 53, 186, 139], [81, 85, 164, 189, 109, 39, 151, 17], [137, 42, 91, 141, 94, 122, 28, 66, 142, 64, 154, 58, 7, 170, 150, 175], [133, 128, 15, 37, 29, 184, 196, 136, 143, 188], [76, 127, 149, 98, 99, 167], [112, 194, 95, 162, 110, 57, 135, 116, 41, 45, 46], [165, 31, 52, 11, 168, 67, 190, 68, 61], [161, 163, 119, 134, 84, 35, 70, 12, 44, 160, 43, 193, 197, 198], [132, 176, 19, 180, 78, 9, 117, 126, 69, 108, 10], [124, 88, 138, 155, 83, 153, 13, 199, 16, 77, 38], [1, 2, 118, 146, 72, 75, 145, 86, 22, 114], [129, 34, 60, 40, 158], [152, 125, 26, 100, 32, 63], [172, 82, 102, 177, 8, 4, 62, 18, 65, 87, 47, 121], [71, 131, 25, 181, 106, 3, 80, 27, 179, 79], [192, 6, 178, 14, 187, 24, 96, 101, 48]]",true
35,177502,3778,Swap,CMT5.vrp,"[[157, 55, 107, 93, 36, 20, 166, 174, 59, 173], [147, 73, 144, 51, 123, 111], [54, 169, 130, 97, 50, 182, 159, 90, 185, 113], [120, 156, 23, 191, 89, 104, 183, 195, 30, 103, 5, 171, 21, 140], [148, 56, 92, 105, 33, 49, 74, 115, 53, 186, 139], [81, 85, 164, 189, 109, 39, 151, 17], [137, 42, 91, 141, 94, 122, 28, 66, 142, 64, 154, 58, 7, 170, 150, 175], [133, 128, 15, 37, 29, 184, 196, 136, 143, 188], [76, 127, 149, 98, 99, 167], [112, 194, 95, 162, 110, 57, 135, 116, 41, 45, 46], [165, 31, 52, 11, 168, 67, 190, 68, 61], [161, 163, 119, 134, 84, 35, 70, 12, 44, 160, 43, 199, 197, 198], [132, 176, 19, 180, 78, 9, 117, 126, 69, 108, 10], [124, 88, 138, 155, 83, 153, 13, 193, 16, 77, 38], [1, 2, 118, 146, 72, 75, 145, 86, 22, 114], [129, 34, 60, 40, 158], [152, 125, 26, 100, 32, 63], [172, 82, 102, 177, 8, 4, 62, 18, 65, 87, 47, 121], [71, 131, 25, 181, 106, 3, 80, 27, 179, 79], [192, 6, 178, 14, 187, 24, 96, 101, 48]]",true
36,181433,3741,Swap,CMT5.vrp,"[[157, 55, 107, 93, 36, 20, 166, 174, 59, 173], [147, 73, 144, 51, 123, 111], [54, 169, 130, 97, 50, 182, 159, 90, 185, 113], [120, 156, 23, 191, 89, 104, 183, 195, 30, 103, 5, 171, 21, 140], [148, 56, 92, 105, 33, 49, 74, 115, 53, 186, 139], [81, 85, 164, 189, 109, 39, 151, 17], [137, 42, 91, 141, 94, 122, 28, 66, 142, 64, 154, 58, 7, 170, 150, 175], [133, 128, 15, 37, 29, 184, 196, 136, 143, 188], [76, 127, 149, 98, 99, 167], [112, 194, 95, 162, 110, 163, 135, 116, 41, 45, 46], [165, 31, 52, 11, 168, 67, 190, 68, 61], [161, 57, 119, 134, 84, 35, 70, 12, 44, 160, 43, 199, 197, 198], [132, 176, 19, 180, 78, 9, 117, 126, 69, 108, 10], [124, 88, 138, 155, 83, 153, 13, 193, 16, 77, 38], [1, 2, 118, 146, 72, 75, 145, 86, 22, 114], [129, 34, 60, 40, 158], [152, 125, 26, 100, 32, 63], [172, 82, 102, 177, 8, 4, 62, 18, 65, 87, 47, 121], [71, 131, 25, 181, 106, 3, 80, 27, 179, 79], [192, 6, 178, 14, 187, 24, 96, 101, 48]]",true
37,184732,3706,Swap,CMT5.vrp,"[[157, 55, 107, 93, 36, 20, 166, 174, 59, 173], [147, 73, 144, 51, 123, 111], [54, 169, 130, 97, 50, 182, 159, 90, 185, 113], [120, 156, 23, 191, 89, 104, 183, 195, 30, 103, 5, 171, 21, 140], [148, 56, 92, 105, 33, 49, 74, 115, 53, 186, 139], [81, 85, 164, 189, 109, 39, 151, 17], [137, 42, 91, 141, 94, 122, 28, 66, 142, 64, 154, 58, 7, 170, 150, 175], [133, 128, 15, 37, 29, 184, 196, 136, 143, 188], [76, 127, 149, 98, 99, 167], [112, 194, 95, 162, 110, 163, 135, 116, 41, 45, 46], [165, 31, 52, 11, 168, 67, 190, 68, 61], [161, 57, 119, 134, 84, 35, 70, 12, 44, 160, 43, 199, 197, 198], [132, 176, 19, 180, 78, 9, 117, 126, 69, 108, 10], [124, 88, 138, 155, 83, 153, 13, 193, 16, 77, 38], [1, 192, 118, 146, 72, 75, 145, 86, 22, 114], [129, 34, 60, 40, 158], [152, 125, 26, 100, 32, 63], [172, 82, 102, 177, 8, 4, 62, 18, 65, 87, 47, 121], [71, 131, 25, 181, 106, 3, 80, 27, 179, 79], [2, 6, 178, 14, 187, 24, 96, 101, 48]]",true
38,189425,3675,Swap,CMT5.vrp,"[[157, 55, 107, 93, 36, 20, 166, 174, 59, 173], [147, 73, 18, 51, 123, 111], [54, 169, 130, 97, 50, 182, 159, 90, 185, 113], [120, 156, 23, 191, 89, 104, 183, 195, 30, 103, 5, 171, 21, 140], [148, 56, 92, 105, 33, 49, 74, 115, 53, 186, 139], [81, 85, 164, 189, 109, 39, 151, 17], [137, 42, 91, 141, 94, 122, 28, 66, 142, 64, 154, 58, 7, 170, 150, 175], [133, 128, 15, 37, 29, 184, 196, 136, 143, 188], [76, 127, 149, 98, 99, 167], [112, 194, 95, 162, 110, 163, 135, 116, 41, 45, 46], [165, 31, 52, 11, 168, 67, 190, 68, 61], [161, 57, 119, 134, 84, 35, 70, 12, 44, 160, 43, 199, 197, 198], [132, 176, 19, 180, 78, 9, 117, 126, 69, 108, 10], [124, 88, 138, 155, 83, 153, 13, 193, 16, 77, 38], [1, 192, 118, 146, 72, 75, 145, 86, 22, 114], [129, 34, 60, 40, 158], [152, 125, 26, 100, 32, 63], [172, 82, 102, 177, 8, 4, 62, 144, 65, 87, 47, 121], [71, 131, 25, 181, 106, 3, 80, 27, 179, 79], [2, 6, 178, 14, 187, 24, 96, 101, 48]]",true
39,193446,3646,Swap,CMT5.vrp,"[[157, 55, 107, 93, 36, 20, 166, 174, 59, 173], [147, 73, 18, 51, 123, 111], [54, 169, 130, 97, 50, 182, 159, 90, 185, 113], [120, 156, 23, 191, 89, 104, 183, 195, 30, 103, 5, 171, 21, 140], [148, 56, 92, 105, 33, 49, 74, 115, 53, 186, 139], [81, 85, 164, 189, 109, 39, 151, 17], [137, 42, 91, 141, 94, 122, 28, 66, 142, 64, 154, 58, 7, 170, 150, 175], [133, 128, 15, 37, 29, 184, 196, 136, 143, 188], [76, 127, 149, 46, 99, 167], [112, 194, 95, 162, 110, 163, 135, 116, 41, 45, 98], [165, 31, 52, 11, 168, 67, 190, 68, 61], [161, 57, 119, 134, 84, 35, 70, 12, 44, 160, 43, 199, 197, 198], [132, 176, 19, 180, 78, 9, 117, 126, 69, 108, 10], [124, 88, 138, 155, 83, 153, 13, 193, 16, 77, 38], [1, 192, 118, 146, 72, 75, 145, 86, 22, 114], [129, 34, 60, 40, 158], [152, 125, 26, 100, 32, 63], [172, 82, 102, 177, 8, 4, 62, 144, 65, 87, 47, 121], [71, 131, 25, 181, 106, 3, 80, 27, 179, 79], [2, 6, 178, 14, 187, 24, 96, 101, 48]]",true
40,200458,3616,Swap,CMT5.vrp,"[[157, 55, 107, 93, 36, 20, 166, 174, 59, 173], [147, 73, 18, 51, 123, 111], [129, 169, 130, 97, 50, 182, 159, 90, 185, 113], [120, 156, 23, 191, 89, 104, 183, 195, 30, 103, 5, 171, 21, 140], [148, 56, 92, 105, 33, 49, 74, 115, 53, 186, 139], [81, 85, 164, 189, 109, 39, 151, 17], [137, 42, 91, 141, 94, 122, 28, 66, 142, 64, 154, 58, 7, 170, 150, 175], [133, 128, 15, 37, 29, 184, 196, 136, 143, 188], [76, 127, 149, 46, 99, 167], [112, 194, 95, 162, 110, 163, 135, 116, 41, 45, 98], [165, 31, 52, 11, 168, 67, 190, 68, 61], [161, 57, 119, 134, 84, 35, 70, 12, 44, 160, 43, 199, 197, 198], [132, 176, 19, 180, 78, 9, 117, 126, 69, 108, 10], [124, 88, 138, 155, 83, 153, 13, 193, 16, 77, 38], [1, 192, 118, 146, 72, 75, 145, 86, 22, 114], [54, 34, 60, 40, 158], [152, 125, 26, 100, 32, 63], [172, 82, 102, 177, 8, 4, 62, 144, 65, 87, 47, 121], [71, 131, 25, 181, 106, 3, 80, 27, 179, 79], [2, 6, 178, 14, 187, 24, 96, 101, 48]]",true
41,206294,3589,Swap,CMT5.vrp,"[[157, 55, 107, 93, 36, 20, 166, 174, 59, 173], [147, 73, 18, 51, 123, 111], [129, 169, 130, 97, 117, 182, 159, 90, 185, 113], [120, 156, 23, 191, 89, 104, 183, 195, 30, 103, 5, 171, 21, 140], [148, 56, 92, 105, 33, 49, 74, 115, 53, 186, 139], [81, 85, 164, 189, 109, 39, 151, 17], [137, 42, 91, 141, 94, 122, 28, 66, 142, 64, 154, 58, 7, 170, 150, 175], [133, 128, 15, 37, 29, 184, 196, 136, 143, 188], [76, 127, 149, 46, 99, 167], [112, 194, 95, 162, 110, 163, 135, 116, 41, 45, 98], [165, 31, 52, 11, 168, 67, 190, 68, 61], [161, 57, 119, 134, 84, 35, 70, 12, 44, 160, 43, 199, 197, 198], [132, 176, 19, 180, 78, 9, 50, 126, 69, 108, 10], [124, 88, 138, 155, 83, 153, 13, 193, 16, 77, 38], [1, 192, 118, 146, 72, 75, 145, 86, 22, 114], [54, 34, 60, 40, 158], [152, 125, 26, 100, 32, 63], [172, 82, 102, 177, 8, 4, 62, 144, 65, 87, 47, 121], [71, 131, 25, 181, 106, 3, 80, 27, 179, 79], [2, 6, 178, 14, 187, 24, 96, 101, 48]]",true
42,210568,3556,Swap,CMT5.vrp,"[[157, 55, 107, 93, 36, 20, 166, 174, 59, 173], [147, 73, 18, 51, 123, 111], [129, 169, 130, 97, 117, 182, 159, 90, 185, 113], [120, 156, 23, 191, 89, 104, 183, 195, 30, 103, 5, 171, 21, 140], [148, 56, 92, 105, 33, 49, 74, 115, 53, 186, 139], [81, 85, 164, 189, 109, 39, 151, 17], [137, 42, 91, 141, 94, 122, 28, 66, 142, 64, 154, 58, 7, 170, 150, 175], [133, 128, 15, 37, 29, 184, 196, 136, 143, 188], [76, 127, 149, 46, 99, 167], [112, 194, 95, 162, 110, 163, 135, 116, 41, 45, 98], [165, 31, 52, 11, 168, 67, 190, 68, 61], [161, 57, 119, 134, 84, 35, 70, 12, 44, 160, 43, 199, 197, 198], [132, 176, 19, 180, 78, 9, 50, 80, 69, 108, 10], [124, 88, 138, 155, 83, 153, 13, 193, 16, 77, 38], [1, 192, 118, 146, 72, 75, 145, 86, 22, 114], [54, 34, 60, 40, 158], [152, 125, 26, 100, 32, 63], [172, 82, 102, 177, 8, 4, 62, 144, 65, 87, 47, 121], [71, 131, 25, 181, 106, 3, 126, 27, 179, 79], [2, 6, 178, 14, 187, 24, 96, 101, 48]]",true
43,214070,3529,Swap,CMT5.vrp,"[[157, 55, 107, 93, 36, 20, 166, 174, 59, 173], [147, 73, 18, 51, 123, 111], [129, 169, 130, 97, 117, 182, 159, 90, 185, 113], [120, 156, 23, 191, 89, 104, 183, 195, 30, 103, 5, 171, 21, 140], [148, 56, 92, 105, 33, 49, 74, 115, 53, 186, 139], [81, 85, 164, 189, 109, 39, 151, 17], [137, 42, 91, 141, 94, 122, 28, 66, 142, 64, 154, 58, 7, 170, 150, 175], [133, 128, 15, 37, 29, 184, 196, 136, 143, 188], [76, 127, 149, 46, 99, 167], [112, 194, 158, 162, 110, 163, 135, 116, 41, 45, 98], [165, 31, 52, 11, 168, 67, 190, 68, 61], [161, 57, 119, 134, 84, 35, 70, 12, 44, 160, 43, 199, 197, 198], [132, 176, 19, 180, 78, 9, 50, 80, 69, 108, 10], [124, 88, 138, 155, 83, 153, 13, 193, 16, 77, 38], [1, 192, 118, 146, 72, 75, 145, 86, 22, 114], [54, 34, 60, 40, 95], [152, 125, 26, 100, 32, 63], [172, 82, 102, 177, 8, 4, 62, 144, 65, 87, 47, 121], [71, 131, 25, 181, 106, 3, 126, 27, 179, 79], [2, 6, 178, 14, 187, 24, 96, 101, 48]]",true
44,218755,3503,Swap,CMT5.vrp,"[[157, 55, 107, 93, 36, 20, 166, 174, 59, 173], [147, 73, 18, 51, 123, 111], [129, 169, 130, 97, 117, 182, 159, 90, 185, 113], [120, 156, 86, 191, 89, 104, 183, 195, 30, 103, 5, 171, 21, 140], [148, 56, 92, 105, 33, 49, 74, 115, 53, 186, 139], [81, 85, 164, 189, 109, 39, 151, 17], [137, 42, 91, 141, 94, 122, 28, 66, 142, 64, 154, 58, 7, 170, 150, 175], [133, 128, 15, 37, 29, 184, 196, 136, 143, 188], [76, 127, 149, 46, 99, 167], [112, 194, 158, 162, 110, 163, 135, 116, 41, 45, 98], [165, 31, 52, 11, 168, 67, 190, 68, 61], [161, 57, 119, 134, 84, 35, 70, 12, 44, 160, 43, 199, 197, 198], [132, 176, 19, 180, 78, 9, 50, 80, 69, 108, 10], [124, 88, 138, 155, 83, 153, 13, 193, 16, 77, 38], [1, 192, 118, 146, 72, 75, 145, 23, 22, 114], [54, 34, 60, 40, 95], [152, 125, 26, 100, 32, 63], [172, 82, 102, 177, 8, 4, 62, 144, 65, 87, 47, 121], [71, 131, 25, 181, 106, 3, 126, 27, 179, 79], [2, 6, 178, 14, 187, 24, 96, 101, 48]]",true
45,224619,3478,Swap,CMT5.vrp,"[[157, 55, 107, 93, 36, 20, 166, 174, 82, 173], [147, 73, 18, 51, 123, 111], [129, 169, 130, 97, 117, 182, 159, 90, 185, 113], [120, 156, 86, 191, 89, 104, 183, 195, 30, 103, 5, 171, 21, 140], [148, 56, 92, 105, 33, 49, 74, 115, 53, 186, 139], [81, 85, 164, 189, 109, 39, 151, 17], [137, 42, 91, 141, 94, 122, 28, 66, 142, 64, 154, 58, 7, 170, 150, 175], [133, 128, 15, 37, 29, 184, 196, 136, 143, 188], [76, 127, 149, 46, 99, 167], [112, 194, 158, 162, 110, 163, 135, 116, 41, 45, 98], [165, 31, 52, 11, 168, 67, 190, 68, 61], [161, 57, 119, 134, 84, 35, 70, 12, 44, 160, 43, 199, 197, 198], [132, 176, 19, 180, 78, 9, 50, 80, 69, 108, 10], [124, 88, 138, 155, 83, 153, 13, 193, 16, 77, 38], [1, 192, 118, 146, 72, 75, 145, 23, 22, 114], [54, 34, 60, 40, 95], [152, 125, 26, 100, 32, 63], [172, 59, 102, 177, 8, 4, 62, 144, 65, 87, 47, 121], [71, 131, 25, 181, 106, 3, 126, 27, 179, 79], [2, 6, 178, 14, 187, 24, 96, 101, 48]]",true
46,227881,3454,Swap,CMT5.vrp,"[[157, 55, 107, 93, 36, 20, 166, 174, 82, 173], [147, 73, 18, 9, 123, 111], [129, 169, 130, 97, 117, 182, 159, 90, 185, 113], [120, 156, 86, 191, 89, 104, 183, 195, 30, 103, 5, 171, 21, 140], [148, 56, 92, 105, 33, 49, 74, 115, 53, 186, 139], [81, 85, 164, 189, 109, 39, 151, 17], [137, 42, 91, 141, 94, 122, 28, 66, 142, 64, 154, 58, 7, 170, 150, 175], [133, 128, 15, 37, 29, 184, 196, 136, 143, 188], [76, 127, 149, 46, 99, 167], [112, 194, 158, 162, 110, 163, 135, 116, 41, 45, 98], [165, 31, 52, 11, 168, 67, 190, 68, 61], [161, 57, 119, 134, 84, 35, 70, 12, 44, 160, 43, 199, 197, 198], [132, 176, 19, 180, 78, 51, 50, 80, 69, 108, 10], [124, 88, 138, 155, 83, 153, 13, 193, 16, 77, 38], [1, 192, 118, 146, 72, 75, 145, 23, 22, 114], [54, 34, 60, 40, 95], [152, 125, 26, 100, 32, 63], [172, 59, 102, 177, 8, 4, 62, 144, 65, 87, 47, 121], [71, 131, 25, 181, 106, 3, 126, 27, 179, 79], [2, 6, 178, 14, 187, 24, 96, 101, 48]]",true
47,233398,3431,Swap,CMT5.vrp,"[[157, 55, 107, 93, 36, 20, 166, 174, 82, 173], [147, 73, 18, 9, 123, 111], [129, 169, 130, 97, 117, 182, 159, 90, 185, 113], [120, 156, 86, 191, 89, 104, 183, 195, 30, 103, 5, 171, 21, 140], [75, 56, 92, 105, 33, 49, 74, 115, 53, 186, 139], [81, 85, 164, 189, 109, 39, 151, 17], [137, 42, 91, 141, 94, 122, 28, 66, 142, 64, 154, 58, 7, 170, 150, 175], [133, 128, 15, 37, 29, 184, 196, 136, 143, 188], [76, 127, 149, 46, 99, 167], [112, 194, 158, 162, 110, 163, 135, 116, 41, 45, 98], [165, 31, 52, 11, 168, 67, 190, 68, 61], [161, 57, 119, 134, 84, 35, 70, 12, 44, 160, 43, 199, 197, 198], [132, 176, 19, 180, 78, 51, 50, 80, 69, 108, 10], [124, 88, 138, 155, 83, 153, 13, 193, 16, 77, 38], [1, 192, 118, 146, 72, 148, 145, 23, 22, 114], [54, 34, 60, 40, 95], [152, 125, 26, 100, 32, 63], [172, 59, 102, 177, 8, 4, 62, 144, 65, 87, 47, 121], [71, 131, 25, 181, 106, 3, 126, 27, 179, 79], [2, 6, 178, 14, 187, 24, 96, 101, 48]]",true
48,237731,3404,Swap,CMT5.vrp,"[[157, 55, 107, 93, 36, 20, 166, 174, 82, 173], [147, 73, 18, 9, 123, 111], [129, 169, 130, 97, 117, 182, 159, 90, 185, 113], [120, 156, 86, 191, 89, 104, 183, 195, 30, 103, 5, 171, 21, 140], [75, 56, 72, 105, 33, 49, 74, 115, 53, 186, 139], [81, 85, 164, 189, 109, 39, 151, 17], [137, 42, 91, 141, 94, 122, 28, 66, 142, 64, 154, 58, 7, 170, 150, 175], [133, 128, 15, 37, 29, 184, 196, 136, 143, 188], [76, 127, 149, 46, 99, 167], [112, 194, 158, 162, 110, 163, 135, 116, 41, 45, 98], [165, 31, 52, 11, 168, 67, 190, 68, 61], [161, 57, 119, 134, 84, 35, 70, 12, 44, 160, 43, 199, 197, 198], [132, 176, 19, 180, 78, 51, 50, 80, 69, 108, 10], [124, 88, 138, 155, 83, 153, 13, 193, 16, 77, 38], [1, 192, 118, 146, 92, 148, 145, 23, 22, 114], [54, 34, 60, 40, 95], [152, 125, 26, 100, 32, 63], [172, 59, 102, 177, 8, 4, 62, 144, 65, 87, 47, 121], [71, 131, 25, 181, 106, 3, 126, 27, 179, 79], [2, 6, 178, 14, 187, 24, 96, 101, 48]]",true
49,242773,3382,Swap,CMT5.vrp,"[[157, 55, 107, 93, 36, 20, 166, 174, 82, 173], [147, 73, 18, 9, 123, 111], [129, 169, 130, 97, 117, 182, 159, 90, 185, 113], [120, 156, 86, 191, 89, 104, 183, 195, 30, 103, 5, 171, 21, 140], [75, 56, 72, 105, 33, 49, 74, 115, 53, 186, 139], [81, 85, 164, 189, 109, 39, 151, 17], [137, 42, 91, 141, 94, 122, 28, 66, 142, 64, 154, 58, 7, 170, 150, 175], [133, 128, 15, 37, 29, 184, 196, 136, 143, 188], [76, 127, 149, 46, 99, 167], [112, 194, 158, 162, 110, 163, 135, 116, 41, 45, 98], [165, 31, 52, 11, 168, 67, 190, 68, 61], [161, 57, 119, 134, 84, 35, 70, 12, 44, 160, 43, 199, 197, 198], [132, 176, 19, 180, 78, 51, 50, 80, 69, 108, 10], [124, 88, 138, 155, 83, 153, 13, 193, 16, 77, 38], [1, 192, 118, 146, 92, 148, 145, 23, 22, 114], [54, 34, 60, 40, 95], [152, 125, 26, 100, 32, 63], [172, 59, 102, 177, 8, 4, 62, 144, 6, 87, 47, 121], [71, 131, 25, 181, 106, 3, 126, 27, 179, 79], [2, 65, 178, 14, 187, 24, 96, 101, 48]]",true
50,246906,3361,Swap,CMT5.vrp,"[[157, 63, 107, 93, 36, 20, 166, 174, 82, 173], [147, 73, 18, 9, 123, 111], [129, 169, 130, 97, 117, 182, 159, 90, 185, 113], [120, 156, 86, 191, 89, 104, 183, 195, 30, 103, 5, 171, 21, 140], [75, 56, 72, 105, 33, 49, 74, 115, 53, 186, 139], [81, 85, 164, 189, 109, 39, 151, 17], [137, 42, 91, 141, 94, 122, 28, 66, 142, 64, 154, 58, 7, 170, 150, 175], [133, 128, 15, 37, 29, 184, 196, 136, 143, 188], [76, 127, 149, 46, 99, 167], [112, 194, 158, 162, 110, 163, 135, 116, 41, 45, 98], [165, 31, 52, 11, 168, 67, 190, 68, 61], [161, 57, 119, 134, 84, 35, 70, 12, 44, 160, 43, 199, 197, 198], [132, 176, 19, 180, 78, 51, 50, 80, 69, 108, 10], [124, 88, 138, 155, 83, 153, 13, 193, 16, 77, 38], [1, 192, 118, 146, 92, 148, 145, 23, 22, 114], [54, 34, 60, 40, 95], [152, 125, 26, 100, 32, 55], [172, 59, 102, 177, 8, 4, 62, 144, 6, 87, 47, 121], [71, 131, 25, 181, 106, 3, 126, 27, 179, 79], [2, 65, 178, 14, 187, 24, 96, 101, 48]]",true
51,250599,3340,Swap,CMT5.vrp,"[[157, 63, 107, 93, 36, 20, 166, 174, 82, 173], [147, 73, 18, 9, 123, 111], [129, 169, 130, 97, 117, 182, 159, 90, 185, 113], [120, 156, 86, 191, 89, 104, 183, 195, 30, 103, 5, 171, 21, 140], [75, 56, 72, 105, 33, 49, 74, 115, 53, 186, 139], [81, 85, 164, 189, 109, 39, 151, 17], [137, 42, 91, 141, 94, 122, 28, 66, 142, 64, 154, 58, 7, 170, 150, 175], [133, 128, 15, 37, 29, 184, 196, 136, 143, 188], [76, 40, 149, 46, 99, 167], [112, 194, 158, 162, 110, 163, 135, 116, 41, 45, 98], [165, 31, 52, 11, 168, 67, 190, 68, 61], [161, 57, 119, 134, 84, 35, 70, 12, 44, 160, 43, 199, 197, 198], [132, 176, 19, 180, 78, 51, 50, 80, 69, 108, 10], [124, 88, 138, 155, 83, 153, 13, 193, 16, 77, 38], [1, 192, 118, 146, 92, 148, 145, 23, 22, 114], [54, 34, 60, 127, 95], [152, 125, 26, 100, 32, 55], [172, 59, 102, 177, 8, 4, 62, 144, 6, 87, 47, 121], [71, 131, 25, 181, 106, 3, 126, 27, 179, 79], [2, 65, 178, 14, 187, 24, 96, 101, 48]]",true
52,253565,3320,Swap,CMT5.vrp,"[[157, 63, 107, 93, 36, 20, 166, 174, 82, 173], [147, 73, 18, 9, 123, 111], [129, 169, 130, 97, 117, 182, 159, 90, 185, 113], [120, 156, 86, 191, 89, 104, 183, 195, 30, 103, 5, 171, 21, 140], [75, 56, 72, 105, 33, 49, 74, 115, 53, 186, 139], [81, 85, 164, 165, 109, 39, 151, 17], [137, 42, 91, 141, 94, 122, 28, 66, 142, 64, 154, 58, 7, 170, 150, 175], [133, 128, 15, 37, 29, 184, 196, 136, 143, 188], [76, 40, 149, 46, 99, 167], [112, 194, 158, 162, 110, 163, 135, 116, 41, 45, 98], [189, 31, 52, 11, 168, 67, 190, 68, 61], [161, 57, 119, 134, 84, 35, 70, 12, 44, 160, 43, 199, 197, 198], [132, 176, 19, 180, 78, 51, 50, 80, 69, 108, 10], [124, 88, 138, 155, 83, 153, 13, 193, 16, 77, 38], [1, 192, 118, 146, 92, 148, 145, 23, 22, 114], [54, 34, 60, 127, 95], [152, 125, 26, 100, 32, 55], [172, 59, 102, 177, 8, 4, 62, 144, 6, 87, 47, 121], [71, 131, 25, 181, 106, 3, 126, 27, 179, 79], [2, 65, 178, 14, 187, 24, 96, 101, 48]]",true
53,256698,3300,Swap,CMT5.vrp,"[[157, 63, 107, 93, 36, 20, 166, 174, 82, 173], [147, 73, 18, 9, 123, 111], [129, 169, 130, 97, 117, 182, 159, 90, 185, 113], [120, 156, 86, 191, 89, 104, 183, 195, 30, 103, 5, 171, 21, 140], [75, 56, 72, 105, 33, 49, 74, 115, 53, 186, 139], [81, 85, 164, 165, 109, 39, 151, 17], [137, 42, 91, 141, 94, 122, 28, 66, 142, 64, 154, 58, 7, 170, 150, 175], [133, 128, 15, 37, 29, 184, 196, 136, 143, 188], [76, 40, 149, 46, 99, 167], [112, 194, 158, 162, 110, 163, 135, 116, 41, 45, 98], [189, 31, 52, 11, 168, 67, 190, 68, 61], [161, 57, 119, 134, 84, 35, 70, 12, 44, 160, 43, 199, 197, 198], [132, 177, 19, 180, 78, 51, 50, 80, 69, 108, 10], [124, 88, 138, 155, 83, 153, 13, 193, 16, 77, 38], [1, 192, 118, 146, 92, 148, 145, 23, 22, 114], [54, 34, 60, 127, 95], [152, 125, 26, 100, 32, 55], [172, 59, 102, 176, 8, 4, 62, 144, 6, 87, 47, 121], [71, 131, 25, 181, 106, 3, 126, 27, 179, 79], [2, 65, 178, 14, 187, 24, 96, 101, 48]]",true
54,260018,3280,Swap,CMT5.vrp,"[[157, 63, 107, 93, 36, 20, 166, 174, 82, 173], [147, 73, 18, 9, 58, 111], [129, 169, 130, 97, 117, 182, 159, 90, 185, 113], [120, 156, 86, 191, 89, 104, 183, 195, 30, 103, 5, 171, 21, 140], [75, 56, 72, 105, 33, 49, 74, 115, 53, 186, 139], [81, 85, 164, 165, 109, 39, 151, 17], [137, 42, 91, 141, 94, 122, 28, 66, 142, 64, 154, 123, 7, 170, 150, 175], [133, 128, 15, 37, 29, 184, 196, 136, 143, 188], [76, 40, 149, 46, 99, 167], [112, 194, 158, 162, 110, 163, 135, 116, 41, 45, 98], [189, 31, 52, 11, 168, 67, 190, 68, 61], [161, 57, 119, 134, 84, 35, 70, 12, 44, 160, 43, 199, 197, 198], [132, 177, 19, 180, 78, 51, 50, 80, 69, 108, 10], [124, 88, 138, 155, 83, 153, 13, 193, 16, 77, 38], [1, 192, 118, 146, 92, 148, 145, 23, 22, 114], [54, 34, 60, 127, 95], [152, 125, 26, 100, 32, 55], [172, 59, 102, 176, 8, 4, 62, 144, 6, 87, 47, 121], [71, 131, 25, 181, 106, 3, 126, 27, 179, 79], [2, 65, 178, 14, 187, 24, 96, 101, 48]]",true
55,263771,3254,Swap,CMT5.vrp,"[[157, 63, 107, 93, 36, 20, 166, 174, 82, 173], [147, 73, 18, 9, 58, 111], [129, 169, 130, 97, 117, 182, 159, 90, 185, 113], [120, 156, 86, 191, 89, 104, 183, 195, 30, 103, 5, 171, 21, 140], [75, 56, 72, 105, 33, 49, 74, 115, 53, 186, 139], [81, 85, 164, 165, 109, 39, 151, 17], [137, 42, 91, 141, 94, 122, 28, 114, 142, 64, 154, 123, 7, 170, 150, 175], [133, 128, 15, 37, 29, 184, 196, 136, 143, 188], [76, 40, 149, 46, 99, 167], [112, 194, 158, 162, 110, 163, 135, 116, 41, 45, 98], [189, 31, 52, 11, 168, 67, 190, 68, 61], [161, 57, 119, 134, 84, 35, 70, 12, 44, 160, 43, 199, 197, 198], [132, 177, 19, 180, 78, 51, 50, 80, 69, 108, 10], [124, 88, 138, 155, 83, 153, 13, 193, 16, 77, 38], [1, 192, 118, 146, 92, 148, 145, 23, 22, 66], [54, 34, 60, 127, 95], [152, 125, 26, 100, 32, 55], [172, 59, 102, 176, 8, 4, 62, 144, 6, 87, 47, 121], [71, 131, 25, 181, 106, 3, 126, 27, 179, 79], [2, 65, 178, 14, 187, 24, 96, 101, 48]]",true
56,267913,3233,Swap,CMT5.vrp,"[[157, 63, 107, 93, 36, 20, 166, 174, 82, 173], [147, 73, 18, 9, 58, 111], [129, 169, 130, 97, 117, 182, 159, 90, 185, 113], [120, 156, 86, 191, 89, 104, 183, 195, 30, 103, 5, 171, 21, 140], [75, 56, 72, 105, 33, 49, 74, 115, 53, 186, 139], [81, 85, 164, 165, 109, 39, 151, 17], [137, 42, 91, 141, 94, 122, 28, 114, 142, 64, 154, 123, 7, 170, 150, 175], [133, 128, 15, 37, 29, 22, 196, 136, 143, 188], [76, 40, 149, 46, 99, 167], [112, 194, 158, 162, 110, 163, 135, 116, 41, 45, 98], [189, 31, 52, 11, 168, 67, 190, 68, 61], [161, 57, 119, 134, 84, 35, 70, 12, 44, 160, 43, 199, 197, 198], [132, 177, 19, 180, 78, 51, 50, 80, 69, 108, 10], [124, 88, 138, 155, 83, 153, 13, 193, 16, 77, 38], [1, 192, 118, 146, 92, 148, 145, 23, 184, 66], [54, 34, 60, 127, 95], [152, 125, 26, 100, 32, 55], [172, 59, 102, 176, 8, 4, 62, 144, 6, 87, 47, 121], [71, 131, 25, 181, 106, 3, 126, 27, 179, 79], [2, 65, 178, 14, 187, 24, 96, 101, 48]]",true
57,271208,3214,Swap,CMT5.vrp,"[[157, 63, 107, 93, 36, 20, 166, 174, 82, 173], [147, 73, 18, 9, 58, 111], [129, 169, 130, 97, 117, 182, 159, 90, 185, 113], [120, 156, 86, 191, 89, 104, 183, 195, 30, 103, 5, 171, 21, 140], [75, 56, 72, 105, 33, 49, 74, 115, 143, 186, 139], [81, 85, 164, 165, 109, 39, 151, 17], [137, 42, 91, 141, 94, 122, 28, 114, 142, 64, 154, 123, 7, 170, 150, 175], [133, 128, 15, 37, 29, 22, 196, 136, 53, 188], [76, 40, 149, 46, 99, 167], [112, 194, 158, 162, 110, 163, 135, 116, 41, 45, 98], [189, 31, 52, 11, 168, 67, 190, 68, 61], [161, 57, 119, 134, 84, 35, 70, 12, 44, 160, 43, 199, 197, 198], [132, 177, 19, 180, 78, 51, 50, 80, 69, 108, 10], [124, 88, 138, 155, 83, 153, 13, 193, 16, 77, 38], [1, 192, 118, 146, 92, 148, 145, 23, 184, 66], [54, 34, 60, 127, 95], [152, 125, 26, 100, 32, 55], [172, 59, 102, 176, 8, 4, 62, 144, 6, 87, 47, 121], [71, 131, 25, 181, 106, 3, 126, 27, 179, 79], [2, 65, 178, 14, 187, 24, 96, 101, 48]]",true
58,273975,3195,Swap,CMT5.vrp,"[[157, 63, 107, 122, 36, 20, 166, 174, 82, 173], [147, 73, 18, 9, 58, 111], [129, 169, 130, 97, 117, 182, 159, 90, 185, 113], [120, 156, 86, 191, 89, 104, 183, 195, 30, 103, 5, 171, 21, 140], [75, 56, 72, 105, 33, 49, 74, 115, 143, 186, 139], [81, 85, 164, 165, 109, 39, 151, 17], [137, 42, 91, 141, 94, 93, 28, 114, 142, 64, 154, 123, 7, 170, 150, 175], [133, 128, 15, 37, 29, 22, 196, 136, 53, 188], [76, 40, 149, 46, 99, 167], [112, 194, 158, 162, 110, 163, 135, 116, 41, 45, 98], [189, 31, 52, 11, 168, 67, 190, 68, 61], [161, 57, 119, 134, 84, 35, 70, 12, 44, 160, 43, 199, 197, 198], [132, 177, 19, 180, 78, 51, 50, 80, 69, 108, 10], [124, 88, 138, 155, 83, 153, 13, 193, 16, 77, 38], [1, 192, 118, 146, 92, 148, 145, 23, 184, 66], [54, 34, 60, 127, 95], [152, 125, 26, 100, 32, 55], [172, 59, 102, 176, 8, 4, 62, 144, 6, 87, 47, 121], [71, 131, 25, 181, 106, 3, 126, 27, 179, 79], [2, 65, 178, 14, 187, 24, 96, 101, 48]]",true
59,276834,3173,Swap,CMT5.vrp,"[[157, 63, 107, 122, 36, 20, 166, 174, 82, 173], [147, 73, 18, 9, 58, 111], [129, 169, 130, 97, 117, 182, 159, 90, 185, 113], [120, 156, 86, 191, 89, 137, 183, 195, 30, 103, 5, 171, 21, 140], [75, 56, 72, 105, 33, 49, 74, 115, 143, 186, 139], [81, 85, 164, 165, 109, 39, 151, 17], [104, 42, 91, 141, 94, 93, 28, 114, 142, 64, 154, 123, 7, 170, 150, 175], [133, 128, 15, 37, 29, 22, 196, 136, 53, 188], [76, 40, 149, 46, 99, 167], [112, 194, 158, 162, 110, 163, 135, 116, 41, 45, 98], [189, 31, 52, 11, 168, 67, 190, 68, 61], [161, 57, 119, 134, 84, 35, 70, 12, 44, 160, 43, 199, 197, 198], [132, 177, 19, 180, 78, 51, 50, 80, 69, 108, 10], [124, 88, 138, 155, 83, 153, 13, 193, 16, 77, 38], [1, 192, 118, 146, 92, 148, 145, 23, 184, 66], [54, 34, 60, 127, 95], [152, 125, 26, 100, 32, 55], [172, 59, 102, 176, 8, 4, 62, 144, 6, 87, 47, 121], [71, 131, 25, 181, 106, 3, 126, 27, 179, 79], [2, 65, 178, 14, 187, 24, 96, 101, 48]]",true
60,281118,3153,Swap,CMT5.vrp,"[[157, 63, 107, 122, 36, 20, 166, 174, 82, 173], [147, 73, 18, 9, 58, 111], [129, 169, 130, 97, 117, 182, 159, 90, 185, 113], [120, 156, 86, 191, 89, 137, 41, 195, 30, 103, 5, 171, 21, 140], [75, 56, 72, 105, 33, 49, 74, 115, 143, 186, 139], [81, 85, 164, 165, 109, 39, 151, 17], [104, 42, 91, 141, 94, 93, 28, 114, 142, 64, 154, 123, 7, 170, 150, 175], [133, 128, 15, 37, 29, 22, 196, 136, 53, 188], [76, 40, 149, 46, 99, 167], [112, 194, 158, 162, 110, 163, 135, 116, 183, 45, 98], [189, 31, 52, 11, 168, 67, 190, 68, 61], [161, 57, 119, 134, 84, 35, 70, 12, 44, 160, 43, 199, 197, 198], [132, 177, 19, 180, 78, 51, 50, 80, 69, 108, 10], [124, 88, 138, 155, 83, 153, 13, 193, 16, 77, 38], [1, 192, 118, 146, 92, 148, 145, 23, 184, 66], [54, 34, 60, 127, 95], [152, 125, 26, 100, 32, 55], [172, 59, 102, 176, 8, 4, 62, 144, 6, 87, 47, 121], [71, 131, 25, 181, 106, 3, 126, 27, 179, 79], [2, 65, 178, 14, 187, 24, 96, 101, 48]]",true
61,285390,3134,Swap,CMT5.vrp,"[[157, 63, 107, 122, 36, 20, 166, 174, 82, 173], [147, 73, 18, 9, 58, 111], [129, 169, 130, 97, 117, 182, 159, 90, 185, 113], [120, 156, 86, 191, 89, 137, 41, 195, 30, 103, 5, 171, 21, 140], [75, 56, 72, 105, 33, 49, 74, 115, 143, 186, 139], [81, 85, 164, 165, 109, 39, 151, 17], [104, 42, 91, 141, 94, 93, 28, 114, 142, 64, 154, 123, 7, 170, 150, 175], [133, 128, 15, 37, 29, 22, 196, 136, 53, 188], [76, 40, 149, 46, 99, 167], [112, 194, 158, 162, 110, 163, 135, 116, 183, 45, 98], [189, 31, 52, 11, 168, 67, 190, 68, 61], [161, 57, 119, 134, 84, 35, 70, 12, 44, 160, 43, 199, 197, 198], [132, 177, 19, 180, 78, 51, 50, 71, 69, 108, 10], [124, 88, 138, 155, 83, 153, 13, 193, 16, 77, 38], [1, 192, 118, 146, 92, 148, 145, 23, 184, 66], [54, 34, 60, 127, 95], [152, 125, 26, 100, 32, 55], [172, 59, 102, 176, 8, 4, 62, 144, 6, 87, 47, 121], [80, 131, 25, 181, 106, 3, 126, 27, 179, 79], [2, 65, 178, 14, 187, 24, 96, 101, 48]]",true
62,289315,3117,Swap,CMT5.vrp,"[[157, 63, 107, 122, 36, 20, 166, 174, 82, 173], [147, 73, 18, 9, 58, 111], [129, 169, 130, 97, 117, 182, 159, 90, 185, 113], [120, 156, 86, 191, 89, 137, 41, 195, 30, 103, 5, 171, 21, 140], [75, 56, 72, 105, 33, 49, 74, 115, 143, 186, 139], [81, 85, 164, 165, 109, 39, 151, 17], [104, 42, 91, 141, 22, 93, 28, 114, 142, 64, 154, 123, 7, 170, 150, 175], [133, 128, 15, 37, 29, 94, 196, 136, 53, 188], [76, 40, 149, 46, 99, 167], [112, 194, 158, 162, 110, 163, 135, 116, 183, 45, 98], [189, 31, 52, 11, 168, 67, 190, 68, 61], [161, 57, 119, 134, 84, 35, 70, 12, 44, 160, 43, 199, 197, 198], [132, 177, 19, 180, 78, 51, 50, 71, 69, 108, 10], [124, 88, 138, 155, 83, 153, 13, 193, 16, 77, 38], [1, 192, 118, 146, 92, 148, 145, 23, 184, 66], [54, 34, 60, 127, 95], [152, 125, 26, 100, 32, 55], [172, 59, 102, 176, 8, 4, 62, 144, 6, 87, 47, 121], [80, 131, 25, 181, 106, 3, 126, 27, 179, 79], [2, 65, 178, 14, 187, 24, 96, 101, 48]]",true
63,292721,3100,Swap,CMT5.vrp,"[[157, 63, 107, 122, 36, 20, 166, 174, 82, 173], [147, 73, 18, 9, 58, 111], [129, 169, 130, 97, 117, 182, 159, 90, 185, 113], [120, 156, 86, 191, 89, 137, 41, 195, 30, 103, 5, 171, 21, 140], [75, 56, 72, 105, 33, 49, 74, 115, 143, 186, 139], [81, 85, 164, 165, 109, 39, 151, 17], [104, 42, 91, 141, 22, 93, 28, 114, 142, 64, 154, 123, 133, 170, 150, 175], [7, 128, 15, 37, 29, 94, 196, 136, 53, 188], [76, 40, 149, 46, 99, 167], [112, 194, 158, 162, 110, 163, 135, 116, 183, 45, 98], [189, 31, 52, 11, 168, 67, 190, 68, 61], [161, 57, 119, 134, 84, 35, 70, 12, 44, 160, 43, 199, 197, 198], [132, 177, 19, 180, 78, 51, 50, 71, 69, 108, 10], [124, 88, 138, 155, 83, 153, 13, 193, 16, 77, 38], [1, 192, 118, 146, 92, 148, 145, 23, 184, 66], [54, 34, 60, 127, 95], [152, 125, 26, 100, 32, 55], [172, 59, 102, 176, 8, 4, 62, 144, 6, 87, 47, 121], [80, 131, 25, 181, 106, 3, 126, 27, 179, 79], [2, 65, 178, 14, 187, 24, 96, 101, 48]]",true
64,296025,3083,Swap,CMT5.vrp,"[[157, 63, 107, 122, 36, 20, 166, 174, 82, 173], [147, 73, 18, 9, 58, 111], [129, 169, 130, 97, 117, 182, 159, 90, 185, 113], [120, 156, 86, 191, 89, 137, 41, 195, 30, 103, 5, 171, 21, 140], [75, 56, 72, 105, 33, 49, 74, 115, 143, 186, 139], [81, 85, 164, 165, 109, 39, 151, 17], [104, 42, 91, 141, 22, 93, 28, 114, 142, 64, 154, 123, 133, 170, 150, 175], [7, 128, 15, 37, 29, 94, 196, 136, 53, 188], [76, 40, 149, 46, 99, 167], [112, 194, 158, 162, 110, 163, 135, 116, 183, 45, 98], [189, 31, 52, 11, 168, 67, 190, 68, 61], [161, 57, 119, 134, 84, 35, 70, 12, 44, 160, 43, 199, 197, 198], [132, 177, 19, 180, 78, 51, 50, 71, 69, 108, 10], [124, 88, 138, 155, 83, 153, 13, 193, 16, 77, 38], [1, 192, 181, 146, 92, 148, 145, 23, 184, 66], [54, 34, 60, 127, 95], [152, 125, 26, 100, 32, 55], [172, 59, 102, 176, 8, 4, 62, 144, 6, 87, 47, 121], [80, 131, 25, 118, 106, 3, 126, 27, 179, 79], [2, 65, 178, 14, 187, 24, 96, 101, 48]]",true
65,299330,3067,Swap,CMT5.vrp,"[[157, 63, 107, 122, 36, 20, 166, 174, 82, 173], [147, 73, 18, 9, 58, 111], [129, 169, 130, 97, 117, 182, 159, 90, 185, 113], [120, 156, 86, 191, 89, 137, 41, 195, 30, 103, 5, 171, 21, 140], [75, 56, 72, 105, 33, 49, 74, 115, 143, 186, 139], [81, 85, 164, 165, 109, 39, 151, 17], [104, 42, 91, 141, 22, 93, 28, 114, 142, 64, 154, 123, 133, 170, 150, 175], [7, 128, 15, 37, 121, 94, 196, 136, 53, 188], [76, 40, 149, 46, 99, 167], [112, 194, 158, 162, 110, 163, 135, 116, 183, 45, 98], [189, 31, 52, 11, 168, 67, 190, 68, 61], [161, 57, 119, 134, 84, 35, 70, 12, 44, 160, 43, 199, 197, 198], [132, 177, 19, 180, 78, 51, 50, 71, 69, 108, 10], [124, 88, 138, 155, 83, 153, 13, 193, 16, 77, 38], [1, 192, 181, 146, 92, 148, 145, 23, 184, 66], [54, 34, 60, 127, 95], [152, 125, 26, 100, 32, 55], [172, 59, 102, 176, 8, 4, 62, 144, 6, 87, 47, 29], [80, 131, 25, 118, 106, 3, 126, 27, 179, 79], [2, 65, 178, 14, 187, 24, 96, 101, 48]]",true
66,302555,3050,Swap,CMT5.vrp,"[[157, 63, 107, 122, 36, 20, 166, 174, 82, 173], [147, 73, 18, 9, 58, 111], [129, 169, 130, 97, 117, 182, 159, 90, 185, 113], [120, 156, 86, 191, 89, 137, 41, 195, 30, 103, 5, 171, 21, 140], [75, 56, 72, 105, 33, 49, 62, 115, 143, 186, 139], [81, 85, 164, 165, 109, 39, 151, 17], [104, 42, 91, 141, 22, 93, 28, 114, 142, 64, 154, 123, 133, 170, 150, 175], [7, 128, 15, 37, 121, 94, 196, 136, 53, 188], [76, 40, 149, 46, 99, 167], [112, 194, 158, 162, 110, 163, 135, 116, 183, 45, 98], [189, 31, 52, 11, 168, 67, 190, 68, 61], [161, 57, 119, 134, 84, 35, 70, 12, 44, 160, 43, 199, 197, 198], [132, 177, 19, 180, 78, 51, 50, 71, 69, 108, 10], [124, 88, 138, 155, 83, 153, 13, 193, 16, 77, 38], [1, 192, 181, 146, 92, 148, 145, 23, 184, 66], [54, 34, 60, 127, 95], [152, 125, 26, 100, 32, 55], [172, 59, 102, 176, 8, 4, 74, 144, 6, 87, 47, 29], [80, 131, 25, 118, 106, 3, 126, 27, 179, 79], [2, 65, 178, 14, 187, 24, 96, 101, 48]]",true
67,305862,3036,Swap,CMT5.vrp,"[[157, 63, 107, 122, 36, 20, 166, 174, 82, 173], [147, 73, 18, 9, 58, 111], [129, 169, 130, 97, 117, 182, 159, 90, 185, 113], [101, 156, 86, 191, 89, 137, 41, 195, 30, 103, 5, 171, 21, 140], [75, 56, 72, 105, 33, 49, 62, 115, 143, 186, 139], [81, 85, 164, 165, 109, 39, 151, 17], [104, 42, 91, 141, 22, 93, 28, 114, 142, 64, 154, 123, 133, 170, 150, 175], [7, 128, 15, 37, 121, 94, 196, 136, 53, 188], [76, 40, 149, 46, 99, 167], [112, 194, 158, 162, 110, 163, 135, 116, 183, 45, 98], [189, 31, 52, 11, 168, 67, 190, 68, 61], [161, 57, 119, 134, 84, 35, 70, 12, 44, 160, 43, 199, 197, 198], [132, 177, 19, 180, 78, 51, 50, 71, 69, 108, 10], [124, 88, 138, 155, 83, 153, 13, 193, 16, 77, 38], [1, 192, 181, 146, 92, 148, 145, 23, 184, 66], [54, 34, 60, 127, 95], [152, 125, 26, 100, 32, 55], [172, 59, 102, 176, 8, 4, 74, 144, 6, 87, 47, 29], [80, 131, 25, 118, 106, 3, 126, 27, 179, 79], [2, 65, 178, 14, 187, 24, 96, 120, 48]]",true
68,309118,3022,Swap,CMT5.vrp,"[[157, 63, 107, 122, 36, 20, 166, 174, 82, 173], [147, 73, 18, 9, 58, 111], [129, 169, 130, 97, 117, 182, 159, 90, 185, 113], [101, 156, 86, 191, 89, 137, 41, 195, 30, 103, 5, 171, 21, 140], [75, 56, 72, 105, 33, 49, 62, 115, 143, 186, 139], [81, 85, 164, 165, 109, 39, 151, 17], [104, 42, 91, 141, 22, 93, 28, 114, 142, 64, 154, 123, 133, 170, 150, 175], [7, 128, 15, 37, 121, 94, 196, 136, 53, 188], [76, 40, 149, 46, 99, 167], [112, 194, 158, 162, 110, 163, 135, 116, 183, 45, 98], [189, 31, 52, 11, 168, 67, 190, 68, 61], [161, 57, 119, 134, 84, 35, 70, 12, 44, 160, 43, 199, 197, 198], [132, 177, 19, 180, 78, 51, 50, 71, 69, 108, 10], [124, 88, 138, 155, 83, 153, 13, 193, 16, 77, 38], [1, 192, 181, 146, 92, 148, 145, 23, 184, 66], [54, 2, 60, 127, 95], [152, 125, 26, 100, 32, 55], [172, 59, 102, 176, 8, 4, 74, 144, 6, 87, 47, 29], [80, 131, 25, 118, 106, 3, 126, 27, 179, 79], [34, 65, 178, 14, 187, 24, 96, 120, 48]]",true
69,313277,3009,Swap,CMT5.vrp,"[[157, 63, 107, 122, 36, 20, 166, 174, 82, 173], [147, 73, 18, 9, 58, 111], [129, 169, 130, 97, 117, 182, 159, 90, 185, 113], [101, 156, 86, 191, 89, 137, 41, 195, 30, 103, 5, 171, 21, 140], [110, 56, 72, 105, 33, 49, 62, 115, 143, 186, 139], [81, 85, 164, 165, 109, 39, 151, 17], [104, 42, 91, 141, 22, 93, 28, 114, 142, 64, 154, 123, 133, 170, 150, 175], [7, 128, 15, 37, 121, 94, 196, 136, 53, 188], [76, 40, 149, 46, 99, 167], [112, 194, 158, 162, 75, 163, 135, 116, 183, 45, 98], [189, 31, 52, 11, 168, 67, 190, 68, 61], [161, 57, 119, 134, 84, 35, 70, 12, 44, 160, 43, 199, 197, 198], [132, 177, 19, 180, 78, 51, 50, 71, 69, 108, 10], [124, 88, 138, 155, 83, 153, 13, 193, 16, 77, 38], [1, 192, 181, 146, 92, 148, 145, 23, 184, 66], [54, 2, 60, 127, 95], [152, 125, 26, 100, 32, 55], [172, 59, 102, 176, 8, 4, 74, 144, 6, 87, 47, 29], [80, 131, 25, 118, 106, 3, 126, 27, 179, 79], [34, 65, 178, 14, 187, 24, 96, 120, 48]]",true
70,317173,2996,Swap,CMT5.vrp,"[[157, 63, 107, 122, 36, 20, 166, 174, 82, 173], [147, 73, 18, 9, 58, 111], [129, 169, 130, 97, 117, 182, 159, 90, 185, 113], [101, 156, 86, 191, 89, 137, 41, 195, 30, 103, 5, 171, 21, 140], [110, 56, 72, 105, 33, 49, 62, 115, 143, 186, 139], [81, 85, 164, 165, 109, 39, 151, 17], [104, 42, 91, 141, 22, 93, 28, 114, 142, 64, 154, 123, 133, 170, 150, 175], [7, 128, 15, 37, 121, 94, 196, 136, 53, 188], [76, 40, 149, 46, 99, 167], [112, 194, 158, 162, 75, 163, 135, 116, 183, 45, 98], [189, 31, 52, 11, 168, 67, 190, 68, 61], [161, 57, 119, 134, 84, 35, 132, 12, 44, 160, 43, 199, 197, 198], [70, 177, 19, 180, 78, 51, 50, 71, 69, 108, 10], [124, 88, 138, 155, 83, 153, 13, 193, 16, 77, 38], [1, 192, 181, 146, 92, 148, 145, 23, 184, 66], [54, 2, 60, 127, 95], [152, 125, 26, 100, 32, 55], [172, 59, 102, 176, 8, 4, 74, 144, 6, 87, 47, 29], [80, 131, 25, 118, 106, 3, 126, 27, 179, 79], [34, 65, 178, 14, 187, 24, 96, 120, 48]]",true
71,320379,2983,Swap,CMT5.vrp,"[[157, 63, 107, 122, 36, 20, 166, 174, 82, 173], [147, 73, 18, 9, 58, 111], [129, 169, 130, 97, 117, 182, 159, 90, 185, 113], [101, 156, 86, 191, 89, 137, 41, 195, 30, 103, 5, 171, 21, 140], [110, 56, 72, 105, 33, 49, 62, 115, 143, 186, 139], [81, 85, 164, 165, 109, 39, 151, 17], [104, 42, 91, 141, 22, 93, 28, 114, 142, 64, 154, 123, 133, 170, 150, 175], [70, 128, 15, 37, 121, 94, 196, 136, 53, 188], [76, 40, 149, 46, 99, 167], [112, 194, 158, 162, 75, 163, 135, 116, 183, 45, 98], [189, 31, 52, 11, 168, 67, 190, 68, 61], [161, 57, 119, 134, 84, 35, 132, 12, 44, 160, 43, 199, 197, 198], [7, 177, 19, 180, 78, 51, 50, 71, 69, 108, 10], [124, 88, 138, 155, 83, 153, 13, 193, 16, 77, 38], [1, 192, 181, 146, 92, 148, 145, 23, 184, 66], [54, 2, 60, 127, 95], [152, 125, 26, 100, 32, 55], [172, 59, 102, 176, 8, 4, 74, 144, 6, 87, 47, 29], [80, 131, 25, 118, 106, 3, 126, 27, 179, 79], [34, 65, 178, 14, 187, 24, 96, 120, 48]]",true
72,323149,2971,Swap,CMT5.vrp,"[[157, 63, 107, 122, 36, 20, 166, 174, 82, 173], [147, 73, 18, 9, 58, 111], [129, 169, 130, 97, 117, 182, 159, 90, 185, 113], [101, 156, 86, 191, 89, 137, 41, 195, 30, 103, 5, 171, 21, 140], [110, 56, 72, 105, 33, 49, 62, 115, 143, 186, 139], [14, 85, 164, 165, 109, 39, 151, 17], [104, 42, 91, 141, 22, 93, 28, 114, 142, 64, 154, 123, 133, 170, 150, 175], [70, 128, 15, 37, 121, 94, 196, 136, 53, 188], [76, 40, 149, 46, 99, 167], [112, 194, 158, 162, 75, 163, 135, 116, 183, 45, 98], [189, 31, 52, 11, 168, 67, 190, 68, 61], [161, 57, 119, 134, 84, 35, 132, 12, 44, 160, 43, 199, 197, 198], [7, 177, 19, 180, 78, 51, 50, 71, 69, 108, 10], [124, 88, 138, 155, 83, 153, 13, 193, 16, 77, 38], [1, 192, 181, 146, 92, 148, 145, 23, 184, 66], [54, 2, 60, 127, 95], [152, 125, 26, 100, 32, 55], [172, 59, 102, 176, 8, 4, 74, 144, 6, 87, 47, 29], [80, 131, 25, 118, 106, 3, 126, 27, 179, 79], [34, 65, 178, 81, 187, 24, 96, 120, 48]]",true
73,325901,2958,Swap,CMT5.vrp,"[[157, 63, 107, 122, 36, 20, 166, 174, 82, 173], [147, 73, 18, 9, 58, 111], [129, 169, 130, 97, 117, 182, 159, 90, 185, 113], [101, 156, 86, 191, 89, 137, 41, 195, 30, 103, 5, 171, 21, 140], [110, 56, 72, 105, 33, 49, 62, 115, 143, 186, 139], [14, 85, 164, 165, 109, 39, 151, 17], [104, 42, 91, 141, 22, 93, 28, 114, 142, 64, 154, 123, 133, 170, 150, 175], [70, 128, 15, 37, 121, 94, 196, 136, 53, 188], [76, 40, 149, 46, 99, 167], [112, 194, 158, 162, 75, 163, 135, 116, 183, 45, 98], [189, 31, 52, 11, 168, 67, 190, 68, 61], [161, 57, 119, 134, 84, 35, 132, 12, 44, 160, 43, 199, 197, 198], [7, 177, 19, 180, 78, 51, 50, 71, 69, 108, 10], [124, 88, 138, 155, 79, 153, 13, 193, 16, 77, 38], [1, 192, 181, 146, 92, 148, 145, 23, 184, 66], [54, 2, 60, 127, 95], [152, 125, 26, 100, 32, 55], [172, 59, 102, 176, 8, 4, 74, 144, 6, 87, 47, 29], [80, 131, 25, 118, 106, 3, 126, 27, 179, 83], [34, 65, 178, 81, 187, 24, 96, 120, 48]]",true
74,328980,2947,Swap,CMT5.vrp,"[[157, 63, 107, 122, 36, 20, 166, 174, 82, 173], [147, 73, 18, 9, 58, 111], [129, 169, 130, 97, 117, 182, 159, 90, 185, 113], [101, 156, 86, 191, 89, 137, 41, 195, 30, 103, 5, 171, 21, 140], [110, 56, 72, 105, 33, 49, 62, 115, 143, 186, 139], [14, 85, 164, 165, 109, 39, 151, 17], [104, 42, 91, 141, 22, 93, 28, 114, 142, 64, 154, 123, 133, 170, 150, 175], [70, 128, 15, 37, 121, 94, 196, 136, 53, 188], [76, 40, 149, 46, 99, 167], [112, 194, 158, 162, 75, 163, 135, 116, 183, 45, 98], [189, 31, 52, 11, 168, 67, 190, 68, 61], [161, 57, 119, 134, 84, 35, 132, 12, 44, 160, 43, 199, 197, 198], [7, 177, 19, 180, 78, 51, 50, 71, 69, 108, 10], [124, 88, 138, 155, 79, 153, 13, 193, 16, 77, 38], [1, 192, 24, 146, 92, 148, 145, 23, 184, 66], [54, 2, 60, 127, 95], [152, 125, 26, 100, 32, 55], [172, 59, 102, 176, 8, 4, 74, 144, 6, 87, 47, 29], [80, 131, 25, 118, 106, 3, 126, 27, 179, 83], [34, 65, 178, 81, 187, 181, 96, 120, 48]]",true
75,332031,2935,Swap,CMT5.vrp,"[[96, 63, 107, 122, 36, 20, 166, 174, 82, 173], [147, 73, 18, 9, 58, 111], [129, 169, 130, 97, 117, 182, 159, 90, 185, 113], [101, 156, 86, 191, 89, 137, 41, 195, 30, 103, 5, 171, 21, 140], [110, 56, 72, 105, 33, 49, 62, 115, 143, 186, 139], [14, 85, 164, 165, 109, 39, 151, 17], [104, 42, 91, 141, 22, 93, 28, 114, 142, 64, 154, 123, 133, 170, 150, 175], [70, 128, 15, 37, 121, 94, 196, 136, 53, 188], [76, 40, 149, 46, 99, 167], [112, 194, 158, 162, 75, 163, 135, 116, 183, 45, 98], [189, 31, 52, 11, 168, 67, 190, 68, 61], [161, 57, 119, 134, 84, 35, 132, 12, 44, 160, 43, 199, 197, 198], [7, 177, 19, 180, 78, 51, 50, 71, 69, 108, 10], [124, 88, 138, 155, 79, 153, 13, 193, 16, 77, 38], [1, 192, 24, 146, 92, 148, 145, 23, 184, 66], [54, 2, 60, 127, 95], [152, 125, 26, 100, 32, 55], [172, 59, 102, 176, 8, 4, 74, 144, 6, 87, 47, 29], [80, 131, 25, 118, 106, 3, 126, 27, 179, 83], [34, 65, 178, 81, 187, 181, 157, 120, 48]]",true
76,335255,2924,Swap,CMT5.vrp,"[[96, 63, 107, 122, 36, 20, 166, 174, 82, 173], [147, 73, 18, 9, 58, 111], [50, 169, 130, 97, 117, 182, 159, 90, 185, 113], [101, 156, 86, 191, 89, 137, 41, 195, 30, 103, 5, 171, 21, 140], [110, 56, 72, 105, 33, 49, 62, 115, 143, 186, 139], [14, 85, 164, 165, 109, 39, 151, 17], [104, 42, 91, 141, 22, 93, 28, 114, 142, 64, 154, 123, 133, 170, 150, 175], [70, 128, 15, 37, 121, 94, 196, 136, 53, 188], [76, 40, 149, 46, 99, 167], [112, 194, 158, 162, 75, 163, 135, 116, 183, 45, 98], [189, 31, 52, 11, 168, 67, 190, 68, 61], [161, 57, 119, 134, 84, 35, 132, 12, 44, 160, 43, 199, 197, 198], [7, 177, 19, 180, 78, 51, 129, 71, 69, 108, 10], [124, 88, 138, 155, 79, 153, 13, 193, 16, 77, 38], [1, 192, 24, 146, 92, 148, 145, 23, 184, 66], [54, 2, 60, 127, 95], [152, 125, 26, 100, 32, 55], [172, 59, 102, 176, 8, 4, 74, 144, 6, 87, 47, 29], [80, 131, 25, 118, 106, 3, 126, 27, 179, 83], [34, 65, 178, 81, 187, 181, 157, 120, 48]]",true
77,338670,2913,Swap,CMT5.vrp,"[[96, 63, 107, 122, 36, 20, 166, 174, 82, 173], [147, 73, 18, 9, 58, 111], [50, 169, 130, 97, 117, 182, 159, 90, 185, 113], [101, 156, 86, 191, 89, 137, 41, 195, 30, 103, 5, 171, 21, 140], [110, 56, 72, 105, 33, 49, 62, 115, 143, 186, 139], [14, 85, 164, 165, 109, 39, 151, 17], [104, 42, 91, 141, 22, 93, 28, 114, 142, 64, 154, 123, 133, 170, 150, 175], [70, 128, 15, 37, 121, 94, 196, 136, 53, 188], [76, 40, 149, 46, 99, 167], [112, 194, 158, 162, 75, 163, 135, 116, 183, 45, 98], [189, 31, 52, 11, 168, 67, 190, 68, 61], [161, 57, 119, 134, 84, 35, 132, 12, 44, 160, 43, 199, 197, 198], [7, 177, 19, 180, 78, 51, 129, 71, 69, 108, 10], [124, 88, 138, 155, 79, 153, 13, 193, 16, 77, 38], [1, 192, 24, 146, 92, 148, 145, 23, 184, 66], [54, 2, 125, 127, 95], [152, 60, 26, 100, 32, 55], [172, 59, 102, 176, 8, 4, 74, 144, 6, 87, 47, 29], [80, 131, 25, 118, 106, 3, 126, 27, 179, 83], [34, 65, 178, 81, 187, 181, 157, 120, 48]]",true
78,341991,2903,Swap,CMT5.vrp,"[[96, 63, 107, 122, 36, 20, 166, 174, 82, 173], [147, 73, 18, 9, 58, 111], [50, 169, 130, 97, 117, 182, 159, 90, 185, 113], [101, 156, 86, 191, 89, 137, 41, 195, 47, 103, 5, 171, 21, 140], [110, 56, 72, 105, 33, 49, 62, 115, 143, 186, 139], [14, 85, 164, 165, 109, 39, 151, 17], [104, 42, 91, 141, 22, 93, 28, 114, 142, 64, 154, 123, 133, 170, 150, 175], [70, 128, 15, 37, 121, 94, 196, 136, 53, 188], [76, 40, 149, 46, 99, 167], [112, 194, 158, 162, 75, 163, 135, 116, 183, 45, 98], [189, 31, 52, 11, 168, 67, 190, 68, 61], [161, 57, 119, 134, 84, 35, 132, 12, 44, 160, 43, 199, 197, 198], [7, 177, 19, 180, 78, 51, 129, 71, 69, 108, 10], [124, 88, 138, 155, 79, 153, 13, 193, 16, 77, 38], [1, 192, 24, 146, 92, 148, 145, 23, 184, 66], [54, 2, 125, 127, 95], [152, 60, 26, 100, 32, 55], [172, 59, 102, 176, 8, 4, 74, 144, 6, 87, 30, 29], [80, 131, 25, 118, 106, 3, 126, 27, 179, 83], [34, 65, 178, 81, 187, 181, 157, 120, 48]]",true
79,345221,2888,Swap,CMT5.vrp,"[[96, 63, 107, 122, 36, 20, 166, 174, 82, 173], [147, 73, 18, 9, 58, 111], [50, 169, 130, 97, 117, 182, 159, 90, 185, 113], [101, 156, 86, 191, 89, 137, 41, 68, 47, 103, 5, 171, 21, 140], [110, 56, 72, 105, 33, 49, 62, 115, 143, 186, 139], [14, 85, 164, 165, 109, 39, 151, 17], [104, 42, 91, 141, 22, 93, 28, 114, 142, 64, 154, 123, 133, 170, 150, 175], [70, 128, 15, 37, 121, 94, 196, 136, 53, 188], [76, 40, 149, 46, 99, 167], [112, 194, 158, 162, 75, 163, 135, 116, 183, 45, 98], [189, 31, 52, 11, 168, 67, 190, 195, 61], [161, 57, 119, 134, 84, 35, 132, 12, 44, 160, 43, 199, 197, 198], [7, 177, 19, 180, 78, 51, 129, 71, 69, 108, 10], [124, 88, 138, 155, 79, 153, 13, 193, 16, 77, 38], [1, 192, 24, 146, 92, 148, 145, 23, 184, 66], [54, 2, 125, 127, 95], [152, 60, 26, 100, 32, 55], [172, 59, 102, 176, 8, 4, 74, 144, 6, 87, 30, 29], [80, 131, 25, 118, 106, 3, 126, 27, 179, 83], [34, 65, 178, 81, 187, 181, 157, 120, 48]]",true
80,351240,2868,Swap,CMT5.vrp,"[[96, 63, 107, 122, 36, 20, 166, 174, 82, 173], [147, 73, 18, 9, 58, 111], [50, 169, 130, 97, 117, 182, 159, 90, 185, 113], [101, 156, 86, 191, 89, 137, 41, 68, 47, 103, 5, 171, 21, 140], [110, 56, 72, 105, 33, 49, 62, 115, 143, 186, 139], [14, 85, 164, 165, 109, 39, 151, 17], [190, 42, 91, 141, 22, 93, 28, 114, 142, 64, 154, 123, 133, 170, 150, 175], [70, 128, 15, 37, 121, 94, 196, 136, 53, 188], [76, 40, 149, 46, 99, 167], [112, 194, 158, 162, 75, 163, 135, 116, 183, 45, 98], [189, 31, 52, 11, 168, 67, 104, 195, 61], [161, 57, 119, 134, 84, 35, 132, 12, 44, 160, 43, 199, 197, 198], [7, 177, 19, 180, 78, 51, 129, 71, 69, 108, 10], [124, 88, 138, 155, 79, 153, 13, 193, 16, 77, 38], [1, 192, 24, 146, 92, 148, 145, 23, 184, 66], [54, 2, 125, 127, 95], [152, 60, 26, 100, 32, 55], [172, 59, 102, 176, 8, 4, 74, 144, 6, 87, 30, 29], [80, 131, 25, 118, 106, 3, 126, 27, 179, 83], [34, 65, 178, 81, 187, 181, 157, 120, 48]]",true
81,354476,2856,Swap,CMT5.vrp,"[[96, 63, 107, 122, 36, 20, 166, 174, 82, 173], [147, 73, 18, 9, 58, 111], [50, 169, 130, 97, 117, 182, 159, 90, 185, 113], [101, 156, 86, 191, 89, 137, 41, 68, 47, 103, 5, 171, 21, 140], [110, 56, 72, 105, 33, 49, 62, 115, 143, 186, 139], [170, 85, 164, 165, 109, 39, 151, 17], [190, 42, 91, 141, 22, 93, 28, 114, 142, 64, 154, 123, 133, 14, 150, 175], [70, 128, 15, 37, 121, 94, 196, 136, 53, 188], [76, 40, 149, 46, 99, 167], [112, 194, 158, 162, 75, 163, 135, 116, 183, 45, 98], [189, 31, 52, 11, 168, 67, 104, 195, 61], [161, 57, 119, 134, 84, 35, 132, 12, 44, 160, 43, 199, 197, 198], [7, 177, 19, 180, 78, 51, 129, 71, 69, 108, 10], [124, 88, 138, 155, 79, 153, 13, 193, 16, 77, 38], [1, 192, 24, 146, 92, 148, 145, 23, 184, 66], [54, 2, 125, 127, 95], [152, 60, 26, 100, 32, 55], [172, 59, 102, 176, 8, 4, 74, 144, 6, 87, 30, 29], [80, 131, 25, 118, 106, 3, 126, 27, 179, 83], [34, 65, 178, 81, 187, 181, 157, 120, 48]]",true
82,357389,2844,Swap,CMT5.vrp,"[[96, 63, 107, 122, 36, 20, 166, 174, 82, 173], [147, 73, 18, 9, 58, 111], [50, 169, 130, 97, 117, 182, 159, 90, 185, 41], [101, 156, 86, 191, 89, 137, 113, 68, 47, 103, 5, 171, 21, 140], [110, 56, 72, 105, 33, 49, 62, 115, 143, 186, 139], [170, 85, 164, 165, 109, 39, 151, 17], [190, 42, 91, 141, 22, 93, 28, 114, 142, 64, 154, 123, 133, 14, 150, 175], [70, 128, 15, 37, 121, 94, 196, 136, 53, 188], [76, 40, 149, 46, 99, 167], [112, 194, 158, 162, 75, 163, 135, 116, 183, 45, 98], [189, 31, 52, 11, 168, 67, 104, 195, 61], [161, 57, 119, 134, 84, 35, 132, 12, 44, 160, 43, 199, 197, 198], [7, 177, 19, 180, 78, 51, 129, 71, 69, 108, 10], [124, 88, 138, 155, 79, 153, 13, 193, 16, 77, 38], [1, 192, 24, 146, 92, 148, 145, 23, 184, 66], [54, 2, 125, 127, 95], [152, 60, 26, 100, 32, 55], [172, 59, 102, 176, 8, 4, 74, 144, 6, 87, 30, 29], [80, 131, 25, 118, 106, 3, 126, 27, 179, 83], [34, 65, 178, 81, 187, 181, 157, 120, 48]]",true
83,360645,2833,Swap,CMT5.vrp,"[[96, 63, 107, 122, 36, 20, 166, 174, 82, 173], [147, 73, 18, 9, 58, 111], [50, 169, 130, 97, 117, 182, 159, 90, 185, 41], [101, 156, 86, 191, 89, 137, 113, 68, 47, 103, 5, 171, 21, 140], [110, 56, 72, 105, 33, 49, 62, 115, 143, 186, 139], [170, 85, 164, 165, 109, 39, 151, 17], [190, 42, 91, 141, 22, 93, 28, 114, 142, 64, 154, 123, 133, 14, 150, 175], [70, 128, 15, 37, 121, 94, 196, 136, 53, 188], [76, 40, 149, 46, 99, 167], [112, 194, 158, 162, 75, 163, 135, 116, 183, 30, 98], [189, 31, 52, 11, 168, 67, 104, 195, 61], [161, 57, 119, 134, 84, 35, 132, 12, 44, 160, 43, 199, 197, 198], [7, 177, 19, 180, 78, 51, 129, 71, 69, 108, 10], [124, 88, 138, 155, 79, 153, 13, 193, 16, 77, 38], [1, 192, 24, 146, 92, 148, 145, 23, 184, 66], [54, 2, 125, 127, 95], [152, 60, 26, 100, 32, 55], [172, 59, 102, 176, 8, 4, 74, 144, 6, 87, 45, 29], [80, 131, 25, 118, 106, 3, 126, 27, 179, 83], [34, 65, 178, 81, 187, 181, 157, 120, 48]]",true
84,365168,2823,Swap,CMT5.vrp,"[[96, 63, 107, 122, 36, 20, 166, 174, 82, 173], [147, 73, 18, 9, 58, 111], [50, 169, 130, 97, 117, 182, 159, 90, 185, 41], [101, 156, 86, 191, 89, 137, 113, 68, 47, 103, 5, 171, 21, 140], [110, 56, 72, 105, 33, 116, 62, 115, 143, 186, 139], [170, 85, 164, 165, 109, 39, 151, 17], [190, 42, 91, 141, 22, 93, 28, 114, 142, 64, 154, 123, 133, 14, 150, 175], [70, 128, 15, 37, 121, 94, 196, 136, 53, 188], [76, 40, 149, 46, 99, 167], [112, 194, 158, 162, 75, 163, 135, 49, 183, 30, 98], [189, 31, 52, 11, 168, 67, 104, 195, 61], [161, 57, 119, 134, 84, 35, 132, 12, 44, 160, 43, 199, 197, 198], [7, 177, 19, 180, 78, 51, 129, 71, 69, 108, 10], [124, 88, 138, 155, 79, 153, 13, 193, 16, 77, 38], [1, 192, 24, 146, 92, 148, 145, 23, 184, 66], [54, 2, 125, 127, 95], [152, 60, 26, 100, 32, 55], [172, 59, 102, 176, 8, 4, 74, 144, 6, 87, 45, 29], [80, 131, 25, 118, 106, 3, 126, 27, 179, 83], [34, 65, 178, 81, 187, 181, 157, 120, 48]]",true
85,368469,2813,Swap,CMT5.vrp,"[[96, 63, 107, 122, 36, 20, 166, 174, 82, 173], [147, 73, 18, 9, 58, 111], [50, 169, 130, 97, 117, 182, 159, 90, 185, 41], [101, 156, 86, 191, 89, 137, 113, 68, 47, 103, 5, 171, 21, 140], [110, 56, 72, 105, 33, 116, 62, 115, 143, 186, 139], [170, 85, 164, 165, 109, 39, 151, 17], [190, 42, 91, 141, 22, 93, 28, 114, 142, 64, 154, 123, 133, 14, 150, 175], [70, 128, 15, 37, 121, 94, 196, 136, 53, 188], [76, 40, 149, 46, 99, 167], [112, 194, 158, 162, 75, 163, 148, 49, 183, 30, 98], [189, 31, 52, 11, 168, 67, 104, 195, 61], [161, 57, 119, 134, 84, 35, 132, 12, 44, 160, 43, 199, 197, 198], [7, 177, 19, 180, 78, 51, 129, 71, 69, 108, 10], [124, 88, 138, 155, 79, 153, 13, 193, 16, 77, 38], [1, 192, 24, 146, 92, 135, 145, 23, 184, 66], [54, 2, 125, 127, 95], [152, 60, 26, 100, 32, 55], [172, 59, 102, 176, 8, 4, 74, 144, 6, 87, 45, 29], [80, 131, 25, 118, 106, 3, 126, 27, 179, 83], [34, 65, 178, 81, 187, 181, 157, 120, 48]]",true
86,371688,2804,Swap,CMT5.vrp,"[[96, 63, 107, 122, 36, 20, 166, 174, 82, 173], [147, 73, 18, 9, 58, 111], [50, 169, 130, 97, 117, 182, 159, 90, 185, 41], [101, 156, 86, 191, 89, 137, 113, 68, 47, 103, 5, 171, 21, 140], [110, 56, 72, 105, 33, 116, 62, 115, 143, 186, 139], [170, 85, 164, 165, 109, 39, 151, 17], [190, 42, 91, 141, 22, 93, 28, 114, 142, 64, 154, 123, 133, 14, 150, 175], [70, 128, 15, 155, 121, 94, 196, 136, 53, 188], [76, 40, 149, 46, 99, 167], [112, 194, 158, 162, 75, 163, 148, 49, 183, 30, 98], [189, 31, 52, 11, 168, 67, 104, 195, 61], [161, 57, 119, 134, 84, 35, 132, 12, 44, 160, 43, 199, 197, 198], [7, 177, 19, 180, 78, 51, 129, 71, 69, 108, 10], [124, 88, 138, 37, 79, 153, 13, 193, 16, 77, 38], [1, 192, 24, 146, 92, 135, 145, 23, 184, 66], [54, 2, 125, 127, 95], [152, 60, 26, 100, 32, 55], [172, 59, 102, 176, 8, 4, 74, 144, 6, 87, 45, 29], [80, 131, 25, 118, 106, 3, 126, 27, 179, 83], [34, 65, 178, 81, 187, 181, 157, 120, 48]]",true
87,376694,2795,Swap,CMT5.vrp,"[[96, 63, 107, 122, 36, 20, 166, 174, 82, 173], [147, 73, 18, 9, 58, 111], [50, 169, 130, 97, 117, 182, 159, 90, 185, 41], [101, 156, 86, 191, 89, 137, 113, 68, 47, 103, 5, 171, 21, 140], [110, 56, 72, 105, 33, 116, 62, 115, 143, 186, 139], [170, 85, 164, 165, 109, 39, 151, 17], [190, 42, 91, 141, 22, 93, 28, 114, 142, 64, 154, 123, 133, 14, 150, 175], [70, 128, 15, 155, 121, 94, 196, 136, 53, 188], [76, 40, 149, 46, 99, 167], [112, 194, 158, 162, 75, 163, 148, 49, 183, 30, 98], [189, 31, 52, 11, 168, 67, 104, 195, 61], [161, 57, 119, 134, 84, 35, 132, 12, 44, 160, 43, 199, 197, 198], [7, 177, 19, 180, 78, 178, 129, 71, 69, 108, 10], [124, 88, 138, 37, 79, 153, 13, 193, 16, 77, 38], [1, 192, 24, 146, 92, 135, 145, 23, 184, 66], [54, 2, 125, 127, 95], [152, 60, 26, 100, 32, 55], [172, 59, 102, 176, 8, 4, 74, 144, 6, 87, 45, 29], [80, 131, 25, 118, 106, 3, 126, 27, 179, 83], [34, 65, 51, 81, 187, 181, 157, 120, 48]]",true
88,381847,2786,Swap,CMT5.vrp,"[[96, 63, 107, 122, 36, 20, 166, 174, 82, 173], [147, 73, 18, 9, 58, 111], [50, 169, 130, 97, 117, 182, 159, 90, 185, 41], [101, 156, 86, 191, 89, 137, 113, 68, 47, 103, 5, 171, 21, 140], [110, 56, 72, 105, 33, 116, 62, 115, 143, 186, 139], [170, 85, 164, 165, 109, 39, 151, 17], [190, 42, 91, 141, 22, 93, 28, 114, 142, 64, 154, 123, 133, 14, 150, 175], [70, 128, 15, 155, 121, 94, 196, 136, 53, 188], [76, 40, 149, 46, 99, 167], [112, 194, 158, 162, 75, 163, 148, 49, 183, 30, 98], [189, 31, 52, 11, 168, 67, 104, 195, 61], [161, 57, 119, 134, 84, 35, 132, 12, 44, 160, 43, 199, 197, 198], [7, 177, 19, 180, 78, 178, 129, 71, 69, 108, 10], [124, 88, 138, 37, 79, 153, 13, 193, 16, 77, 38], [1, 192, 24, 146, 92, 135, 145, 23, 184, 66], [54, 2, 125, 127, 95], [152, 60, 26, 100, 32, 55], [172, 59, 102, 176, 8, 4, 74, 144, 181, 87, 45, 29], [80, 131, 25, 118, 106, 3, 126, 27, 179, 83], [34, 65, 51, 81, 187, 6, 157, 120, 48]]",true
89,386902,2772,Swap,CMT5.vrp,"[[96, 63, 107, 122, 36, 20, 166, 174, 82, 173], [147, 73, 18, 9, 58, 111], [50, 169, 130, 97, 117, 182, 159, 90, 185, 41], [101, 156, 86, 191, 89, 137, 113, 68, 47, 103, 5, 171, 21, 140], [110, 56, 72, 105, 33, 116, 62, 115, 143, 186, 139], [170, 85, 164, 165, 109, 39, 151, 17], [190, 42, 91, 141, 22, 93, 28, 114, 142, 64, 154, 123, 133, 14, 150, 175], [70, 128, 15, 155, 121, 94, 196, 136, 53, 188], [76, 40, 149, 46, 99, 167], [112, 194, 158, 162, 75, 163, 148, 49, 183, 30, 98], [189, 31, 52, 11, 187, 67, 104, 195, 61], [161, 57, 119, 134, 84, 35, 132, 12, 44, 160, 43, 199, 197, 198], [7, 177, 19, 180, 78, 178, 129, 71, 69, 108, 10], [124, 88, 138, 37, 79, 153, 13, 193, 16, 77, 38], [1, 192, 24, 146, 92, 135, 145, 23, 184, 66], [54, 2, 125, 127, 95], [152, 60, 26, 100, 32, 55], [172, 59, 102, 176, 8, 4, 74, 144, 181, 87, 45, 29], [80, 131, 25, 118, 106, 3, 126, 27, 179, 83], [34, 65, 51, 81, 168, 6, 157, 120, 48]]",true
90,390376,2762,Swap,CMT5.vrp,"[[96, 63, 107, 122, 36, 20, 166, 174, 82, 173], [147, 73, 18, 9, 58, 111], [50, 169, 130, 97, 117, 182, 159, 90, 185, 41], [101, 156, 86, 191, 89, 137, 113, 68, 47, 103, 5, 171, 21, 140], [110, 56, 72, 105, 33, 116, 62, 115, 143, 186, 139], [170, 85, 164, 165, 109, 39, 151, 17], [190, 42, 91, 141, 22, 93, 28, 114, 142, 64, 154, 123, 133, 14, 150, 175], [70, 128, 15, 155, 121, 94, 196, 136, 53, 188], [76, 40, 149, 46, 99, 167], [112, 194, 158, 162, 75, 163, 148, 49, 183, 30, 98], [189, 31, 52, 10, 187, 67, 104, 195, 61], [161, 57, 119, 134, 84, 35, 132, 12, 44, 160, 43, 199, 197, 198], [7, 177, 19, 180, 78, 178, 129, 71, 69, 108, 11], [124, 88, 138, 37, 79, 153, 13, 193, 16, 77, 38], [1, 192, 24, 146, 92, 135, 145, 23, 184, 66], [54, 2, 125, 127, 95], [152, 60, 26, 100, 32, 55], [172, 59, 102, 176, 8, 4, 74, 144, 181, 87, 45, 29], [80, 131, 25, 118, 106, 3, 126, 27, 179, 83], [34, 65, 51, 81, 168, 6, 157, 120, 48]]",true
91,393136,2749,Swap,CMT5.vrp,"[[96, 63, 107, 122, 36, 20, 166, 174, 82, 173], [147, 73, 18, 9, 58, 111], [50, 169, 130, 97, 117, 182, 159, 90, 185, 41], [101, 156, 86, 191, 89, 137, 113, 68, 47, 103, 5, 171, 21, 140], [110, 56, 72, 105, 33, 116, 62, 115, 143, 186, 139], [170, 85, 164, 165, 109, 39, 151, 17], [190, 42, 91, 141, 22, 93, 28, 114, 142, 64, 154, 123, 133, 14, 150, 175], [70, 128, 15, 155, 121, 94, 196, 136, 53, 188], [76, 40, 149, 46, 99, 167], [112, 194, 158, 162, 75, 163, 148, 49, 183, 30, 98], [189, 31, 77, 10, 187, 67, 104, 195, 61], [161, 57, 119, 134, 84, 35, 132, 12, 44, 160, 43, 199, 197, 198], [7, 177, 19, 180, 78, 178, 129, 71, 69, 108, 11], [124, 88, 138, 37, 79, 153, 13, 193, 16, 52, 38], [1, 192, 24, 146, 92, 135, 145, 23, 184, 66], [54, 2, 125, 127, 95], [152, 60, 26, 100, 32, 55], [172, 59, 102, 176, 8, 4, 74, 144, 181, 87, 45, 29], [80, 131, 25, 118, 106, 3, 126, 27, 179, 83], [34, 65, 51, 81, 168, 6, 157, 120, 48]]",true
92,396158,2741,Swap,CMT5.vrp,"[[96, 63, 107, 122, 36, 20, 166, 174, 82, 173], [147, 73, 18, 9, 58, 111], [50, 169, 130, 97, 117, 182, 159, 90, 185, 41], [101, 156, 86, 191, 89, 137, 113, 68, 47, 103, 5, 171, 21, 140], [110, 56, 72, 105, 33, 116, 62, 115, 143, 186, 2], [170, 85, 164, 165, 109, 39, 151, 17], [190, 42, 91, 141, 22, 93, 28, 114, 142, 64, 154, 123, 133, 14, 150, 175], [70, 128, 15, 155, 121, 94, 196, 136, 53, 188], [76, 40, 149, 46, 99, 167], [112, 194, 158, 162, 75, 163, 148, 49, 183, 30, 98], [189, 31, 77, 10, 187, 67, 104, 195, 61], [161, 57, 119, 134, 84, 35, 132, 12, 44, 160, 43, 199, 197, 198], [7, 177, 19, 180, 78, 178, 129, 71, 69, 108, 11], [124, 88, 138, 37, 79, 153, 13, 193, 16, 52, 38], [1, 192, 24, 146, 92, 135, 145, 23, 184, 66], [54, 139, 125, 127, 95], [152, 60, 26, 100, 32, 55], [172, 59, 102, 176, 8, 4, 74, 144, 181, 87, 45, 29], [80, 131, 25, 118, 106, 3, 126, 27, 179, 83], [34, 65, 51, 81, 168, 6, 157, 120, 48]]",true
93,400402,2733,Swap,CMT5.vrp,"[[96, 63, 107, 122, 36, 20, 166, 174, 82, 173], [147, 73, 18, 9, 58, 111], [50, 169, 130, 97, 117, 182, 159, 90, 185, 41], [101, 156, 86, 191, 89, 137, 113, 68, 47, 103, 5, 171, 21, 64], [110, 56, 72, 105, 33, 116, 62, 115, 143, 186, 2], [170, 85, 164, 165, 109, 39, 151, 17], [190, 42, 91, 141, 22, 93, 28, 114, 142, 140, 154, 123, 133, 14, 150, 175], [70, 128, 15, 155, 121, 94, 196, 136, 53, 188], [76, 40, 149, 46, 99, 167], [112, 194, 158, 162, 75, 163, 148, 49, 183, 30, 98], [189, 31, 77, 10, 187, 67, 104, 195, 61], [161, 57, 119, 134, 84, 35, 132, 12, 44, 160, 43, 199, 197, 198], [7, 177, 19, 180, 78, 178, 129, 71, 69, 108, 11], [124, 88, 138, 37, 79, 153, 13, 193, 16, 52, 38], [1, 192, 24, 146, 92, 135, 145, 23, 184, 66], [54, 139, 125, 127, 95], [152, 60, 26, 100, 32, 55], [172, 59, 102, 176, 8, 4, 74, 144, 181, 87, 45, 29], [80, 131, 25, 118, 106, 3, 126, 27, 179, 83], [34, 65, 51, 81, 168, 6, 157, 120, 48]]",true
94,403615,2722,Swap,CMT5.vrp,"[[96, 63, 107, 122, 36, 20, 166, 174, 82, 173], [147, 73, 18, 9, 58, 111], [50, 169, 130, 97, 117, 182, 159, 90, 185, 41], [101, 156, 86, 191, 89, 137, 113, 68, 47, 103, 5, 171, 21, 64], [110, 56, 72, 105, 33, 116, 62, 115, 143, 186, 2], [170, 85, 164, 165, 109, 39, 151, 17], [190, 42, 91, 141, 22, 93, 28, 114, 142, 140, 154, 123, 133, 14, 69, 175], [70, 128, 15, 155, 121, 94, 196, 136, 53, 188], [76, 40, 149, 46, 99, 167], [112, 194, 158, 162, 75, 163, 148, 49, 183, 30, 98], [189, 31, 77, 10, 187, 67, 104, 195, 61], [161, 57, 119, 134, 84, 35, 132, 12, 44, 160, 43, 199, 197, 198], [7, 177, 19, 180, 78, 178, 129, 71, 150, 108, 11], [124, 88, 138, 37, 79, 153, 13, 193, 16, 52, 38], [1, 192, 24, 146, 92, 135, 145, 23, 184, 66], [54, 139, 125, 127, 95], [152, 60, 26, 100, 32, 55], [172, 59, 102, 176, 8, 4, 74, 144, 181, 87, 45, 29], [80, 131, 25, 118, 106, 3, 126, 27, 179, 83], [34, 65, 51, 81, 168, 6, 157, 120, 48]]",true
95,407951,2714,Swap,CMT5.vrp,"[[96, 63, 107, 122, 36, 20, 166, 174, 82, 173], [147, 73, 18, 9, 58, 111], [50, 169, 130, 97, 117, 182, 159, 90, 185, 41], [101, 156, 86, 191, 89, 137, 113, 68, 47, 103, 5, 171, 21, 64], [110, 56, 72, 105, 183, 116, 62, 115, 143, 186, 2], [170, 85, 164, 165, 109, 39, 151, 17], [190, 42, 91, 141, 22, 93, 28, 114, 142, 140, 154, 123, 133, 14, 69, 175], [70, 128, 15, 155, 121, 94, 196, 136, 53, 188], [76, 40, 149, 46, 99, 167], [112, 194, 158, 162, 75, 163, 148, 49, 33, 30, 98], [189, 31, 77, 10, 187, 67, 104, 195, 61], [161, 57, 119, 134, 84, 35, 132, 12, 44, 160, 43, 199, 197, 198], [7, 177, 19, 180, 78, 178, 129, 71, 150, 108, 11], [124, 88, 138, 37, 79, 153, 13, 193, 16, 52, 38], [1, 192, 24, 146, 92, 135, 145, 23, 184, 66], [54, 139, 125, 127, 95], [152, 60, 26, 100, 32, 55], [172, 59, 102, 176, 8, 4, 74, 144, 181, 87, 45, 29], [80, 131, 25, 118, 106, 3, 126, 27, 179, 83], [34, 65, 51, 81, 168, 6, 157, 120, 48]]",true
96,411087,2695,Swap,CMT5.vrp,"[[96, 63, 107, 122, 36, 20, 166, 174, 82, 173], [147, 73, 18, 9, 58, 111], [50, 169, 130, 97, 117, 182, 159, 90, 185, 41], [101, 156, 86, 191, 89, 137, 113, 68, 47, 103, 5, 171, 21, 64], [110, 56, 72, 181, 183, 116, 62, 115, 143, 186, 2], [170, 85, 164, 165, 109, 39, 151, 17], [190, 42, 91, 141, 22, 93, 28, 114, 142, 140, 154, 123, 133, 14, 69, 175], [70, 128, 15, 155, 121, 94, 196, 136, 53, 188], [76, 40, 149, 46, 99, 167], [112, 194, 158, 162, 75, 163, 148, 49, 33, 30, 98], [189, 31, 77, 10, 187, 67, 104, 195, 61], [161, 57, 119, 134, 84, 35, 132, 12, 44, 160, 43, 199, 197, 198], [7, 177, 19, 180, 78, 178, 129, 71, 150, 108, 11], [124, 88, 138, 37, 79, 153, 13, 193, 16, 52, 38], [1, 192, 24, 146, 92, 135, 145, 23, 184, 66], [54, 139, 125, 127, 95], [152, 60, 26, 100, 32, 55], [172, 59, 102, 176, 8, 4, 74, 144, 105, 87, 45, 29], [80, 131, 25, 118, 106, 3, 126, 27, 179, 83], [34, 65, 51, 81, 168, 6, 157, 120, 48]]",true
97,414223,2687,Swap,CMT5.vrp,"[[96, 63, 107, 122, 36, 20, 166, 174, 82, 173], [147, 73, 18, 9, 58, 111], [50, 169, 130, 97, 117, 182, 159, 90, 185, 41], [101, 156, 86, 191, 89, 137, 113, 68, 47, 103, 5, 171, 21, 64], [110, 56, 72, 181, 183, 116, 62, 115, 143, 186, 2], [170, 85, 164, 165, 109, 39, 151, 17], [190, 42, 91, 141, 22, 93, 28, 114, 142, 140, 154, 123, 133, 14, 69, 175], [70, 128, 15, 155, 121, 94, 196, 136, 53, 193], [76, 40, 149, 46, 99, 167], [112, 194, 158, 162, 75, 163, 148, 49, 33, 30, 98], [189, 31, 77, 10, 187, 67, 104, 195, 61], [161, 57, 119, 134, 84, 35, 132, 12, 44, 160, 43, 199, 197, 198], [7, 177, 19, 180, 78, 178, 129, 71, 150, 108, 11], [124, 88, 138, 37, 79, 153, 13, 188, 16, 52, 38], [1, 192, 24, 146, 92, 135, 145, 23, 184, 66], [54, 139, 125, 127, 95], [152, 60, 26, 100, 32, 55], [172, 59, 102, 176, 8, 4, 74, 144, 105, 87, 45, 29], [80, 131, 25, 118, 106, 3, 126, 27, 179, 83], [34, 65, 51, 81, 168, 6, 157, 120, 48]]",true
98,417036,2679,Swap,CMT5.vrp,"[[96, 63, 107, 122, 36, 20, 166, 174, 82, 173], [147, 73, 18, 9, 58, 111], [50, 169, 130, 151, 117, 182, 159, 90, 185, 41], [101, 156, 86, 191, 89, 137, 113, 68, 47, 103, 5, 171, 21, 64], [110, 56, 72, 181, 183, 116, 62, 115, 143, 186, 2], [170, 85, 164, 165, 109, 39, 97, 17], [190, 42, 91, 141, 22, 93, 28, 114, 142, 140, 154, 123, 133, 14, 69, 175], [70, 128, 15, 155, 121, 94, 196, 136, 53, 193], [76, 40, 149, 46, 99, 167], [112, 194, 158, 162, 75, 163, 148, 49, 33, 30, 98], [189, 31, 77, 10, 187, 67, 104, 195, 61], [161, 57, 119, 134, 84, 35, 132, 12, 44, 160, 43, 199, 197, 198], [7, 177, 19, 180, 78, 178, 129, 71, 150, 108, 11], [124, 88, 138, 37, 79, 153, 13, 188, 16, 52, 38], [1, 192, 24, 146, 92, 135, 145, 23, 184, 66], [54, 139, 125, 127, 95], [152, 60, 26, 100, 32, 55], [172, 59, 102, 176, 8, 4, 74, 144, 105, 87, 45, 29], [80, 131, 25, 118, 106, 3, 126, 27, 179, 83], [34, 65, 51, 81, 168, 6, 157, 120, 48]]",true
99,419927,2673,Swap,CMT5.vrp,"[[96, 63, 107, 122, 36, 20, 166, 174, 82, 173], [147, 73, 18, 9, 58, 111], [50, 169, 130, 151, 117, 182, 159, 90, 185, 41], [101, 156, 86, 191, 89, 137, 113, 68, 47, 103, 5, 171, 21, 64], [110, 56, 72, 181, 183, 116, 62, 115, 143, 186, 2], [170, 85, 164, 165, 109, 39, 97, 17], [190, 42, 91, 141, 22, 93, 28, 114, 142, 140, 154, 123, 133, 14, 69, 175], [70, 128, 15, 155, 121, 94, 196, 136, 53, 193], [76, 40, 149, 46, 99, 167], [112, 194, 158, 162, 75, 163, 148, 49, 33, 30, 139], [189, 31, 77, 10, 187, 67, 104, 195, 61], [161, 57, 119, 134, 84, 35, 132, 12, 44, 160, 43, 199, 197, 198], [7, 177, 19, 180, 78, 178, 129, 71, 150, 108, 11], [124, 88, 138, 37, 79, 153, 13, 188, 16, 52, 38], [1, 192, 24, 146, 92, 135, 145, 23, 184, 66], [54, 98, 125, 127, 95], [152, 60, 26, 100, 32, 55], [172, 59, 102, 176, 8, 4, 74, 144, 105, 87, 45, 29], [80, 131, 25, 118, 106, 3, 126, 27, 179, 83], [34, 65, 51, 81, 168, 6, 157, 120, 48]]",true
100,423272,2667,Swap,CMT5.vrp,"[[96, 63, 107, 122, 36, 20, 166, 174, 82, 173], [147, 73, 18, 9, 58, 111], [50, 169, 130, 151, 117, 182, 159, 90, 185, 41], [101, 156, 86, 191, 89, 137, 113, 68, 47, 103, 5, 171, 21, 64], [110, 56, 72, 181, 183, 116, 62, 115, 143, 186, 2], [170, 85, 164, 165, 109, 39, 97, 17], [190, 42, 91, 141, 22, 93, 28, 114, 142, 140, 154, 123, 133, 14, 69, 175], [70, 128, 15, 155, 121, 94, 196, 136, 53, 193], [76, 40, 149, 46, 99, 167], [112, 194, 158, 162, 75, 163, 148, 49, 33, 157, 139], [189, 31, 77, 10, 187, 67, 104, 195, 61], [161, 57, 119, 134, 84, 35, 132, 12, 44, 160, 43, 199, 197, 198], [7, 177, 19, 180, 78, 178, 129, 71, 150, 108, 11], [124, 88, 138, 37, 79, 153, 13, 188, 16, 52, 38], [1, 192, 24, 146, 92, 135, 145, 23, 184, 66], [54, 98, 125, 127, 95], [152, 60, 26, 100, 32, 55], [172, 59, 102, 176, 8, 4, 74, 144, 105, 87, 45, 29], [80, 131, 25, 118, 106, 3, 126, 27, 179, 83], [34, 65, 51, 81, 168, 6, 30, 120, 48]]",true
101,426475,2661,Swap,CMT5.vrp,"[[96, 63, 107, 122, 36, 20, 166, 174, 82, 173], [147, 73, 18, 9, 58, 111], [50, 169, 130, 151, 117, 182, 159, 90, 185, 41], [101, 156, 86, 191, 89, 137, 113, 68, 47, 103, 5, 171, 21, 64], [110, 56, 72, 181, 183, 116, 62, 115, 143, 186, 2], [170, 85, 164, 165, 109, 39, 97, 17], [190, 42, 91, 141, 22, 93, 28, 114, 142, 140, 154, 123, 133, 14, 69, 175], [70, 128, 15, 155, 121, 94, 196, 136, 53, 193], [76, 40, 149, 46, 99, 167], [112, 194, 158, 162, 75, 163, 148, 49, 33, 157, 139], [189, 31, 77, 10, 187, 67, 104, 195, 61], [161, 57, 119, 134, 84, 35, 132, 12, 44, 160, 43, 199, 197, 198], [7, 177, 19, 180, 78, 178, 129, 71, 150, 108, 11], [124, 88, 138, 37, 79, 153, 179, 188, 16, 52, 38], [1, 192, 24, 146, 92, 135, 145, 23, 184, 66], [54, 98, 125, 127, 95], [152, 60, 26, 100, 32, 55], [172, 59, 102, 176, 8, 4, 74, 144, 105, 87, 45, 29], [80, 131, 25, 118, 106, 3, 126, 27, 13, 83], [34, 65, 51, 81, 168, 6, 30, 120, 48]]",true
102,429996,2655,Swap,CMT5.vrp,"[[96, 63, 107, 122, 36, 20, 166, 174, 82, 173], [147, 73, 18, 9, 58, 111], [50, 169, 130, 151, 117, 182, 159, 90, 185, 41], [101, 156, 86, 191, 89, 137, 113, 68, 47, 103, 5, 171, 21, 64], [110, 56, 72, 181, 183, 116, 62, 115, 143, 186, 2], [170, 85, 164, 165, 109, 39, 97, 17], [190, 42, 91, 141, 22, 93, 28, 114, 142, 140, 154, 123, 133, 14, 69, 175], [70, 128, 15, 155, 121, 94, 196, 136, 53, 193], [76, 40, 149, 46, 99, 167], [112, 194, 158, 162, 75, 163, 148, 49, 33, 157, 6], [189, 31, 77, 10, 187, 67, 104, 195, 61], [161, 57, 119, 134, 84, 35, 132, 12, 44, 160, 43, 199, 197, 198], [7, 177, 19, 180, 78, 178, 129, 71, 150, 108, 11], [124, 88, 138, 37, 79, 153, 179, 188, 16, 52, 38], [1, 192, 24, 146, 92, 135, 145, 23, 184, 66], [54, 98, 125, 127, 95], [152, 60, 26, 100, 32, 55], [172, 59, 102, 176, 8, 4, 74, 144, 105, 87, 45, 29], [80, 131, 25, 118, 106, 3, 126, 27, 13, 83], [34, 65, 51, 81, 168, 139, 30, 120, 48]]",true
103,433085,2650,Swap,CMT5.vrp,"[[96, 63, 107, 122, 36, 20, 166, 174, 82, 173], [147, 73, 18, 9, 58, 111], [50, 169, 130, 151, 117, 182, 159, 90, 115, 41], [101, 156, 86, 191, 89, 137, 113, 68, 47, 103, 5, 171, 21, 64], [110, 56, 72, 181, 183, 116, 62, 185, 143, 186, 2], [170, 85, 164, 165, 109, 39, 97, 17], [190, 42, 91, 141, 22, 93, 28, 114, 142, 140, 154, 123, 133, 14, 69, 175], [70, 128, 15, 155, 121, 94, 196, 136, 53, 193], [76, 40, 149, 46, 99, 167], [112, 194, 158, 162, 75, 163, 148, 49, 33, 157, 6], [189, 31, 77, 10, 187, 67, 104, 195, 61], [161, 57, 119, 134, 84, 35, 132, 12, 44, 160, 43, 199, 197, 198], [7, 177, 19, 180, 78, 178, 129, 71, 150, 108, 11], [124, 88, 138, 37, 79, 153, 179, 188, 16, 52, 38], [1, 192, 24, 146, 92, 135, 145, 23, 184, 66], [54, 98, 125, 127, 95], [152, 60, 26, 100, 32, 55], [172, 59, 102, 176, 8, 4, 74, 144, 105, 87, 45, 29], [80, 131, 25, 118, 106, 3, 126, 27, 13, 83], [34, 65, 51, 81, 168, 139, 30, 120, 48]]",true
104,436714,2644,Swap,CMT5.vrp,"[[96, 63, 107, 122, 36, 20, 166, 174, 82, 173], [147, 73, 18, 9, 58, 111], [50, 169, 130, 151, 117, 182, 159, 90, 115, 41], [101, 156, 86, 191, 89, 137, 113, 68, 47, 103, 5, 171, 21, 64], [110, 56, 72, 181, 183, 116, 62, 185, 143, 186, 2], [170, 85, 164, 165, 109, 39, 97, 17], [190, 42, 91, 141, 22, 93, 28, 114, 142, 140, 154, 123, 133, 14, 69, 175], [70, 128, 15, 155, 121, 94, 196, 136, 53, 193], [76, 40, 149, 46, 99, 167], [112, 194, 158, 162, 75, 163, 148, 105, 33, 157, 6], [189, 31, 77, 10, 187, 67, 104, 195, 61], [161, 57, 119, 134, 84, 35, 132, 12, 44, 160, 43, 199, 197, 198], [7, 177, 19, 180, 78, 178, 129, 71, 150, 108, 11], [124, 88, 138, 37, 79, 153, 179, 188, 16, 52, 38], [1, 192, 24, 146, 92, 135, 145, 23, 184, 66], [54, 98, 125, 127, 95], [152, 60, 26, 100, 32, 55], [172, 59, 102, 176, 8, 4, 74, 144, 49, 87, 45, 29], [80, 131, 25, 118, 106, 3, 126, 27, 13, 83], [34, 65, 51, 81, 168, 139, 30, 120, 48]]",true
105,439534,2639,Swap,CMT5.vrp,"[[96, 63, 107, 122, 36, 20, 166, 174, 82, 173], [147, 73, 18, 9, 58, 111], [50, 169, 130, 151, 117, 182, 159, 90, 115, 41], [101, 156, 86, 191, 89, 137, 113, 68, 47, 103, 5, 171, 21, 64], [110, 56, 72, 181, 183, 116, 62, 185, 143, 186, 2], [170, 85, 164, 165, 109, 39, 97, 17], [190, 42, 91, 141, 22, 93, 28, 114, 142, 140, 154, 123, 133, 14, 69, 175], [70, 128, 15, 155, 121, 94, 196, 136, 1, 193], [76, 40, 149, 46, 99, 167], [112, 194, 158, 162, 75, 163, 148, 105, 33, 157, 6], [189, 31, 77, 10, 187, 67, 104, 195, 61], [161, 57, 119, 134, 84, 35, 132, 12, 44, 160, 43, 199, 197, 198], [7, 177, 19, 180, 78, 178, 129, 71, 150, 108, 11], [124, 88, 138, 37, 79, 153, 179, 188, 16, 52, 38], [53, 192, 24, 146, 92, 135, 145, 23, 184, 66], [54, 98, 125, 127, 95], [152, 60, 26, 100, 32, 55], [172, 59, 102, 176, 8, 4, 74, 144, 49, 87, 45, 29], [80, 131, 25, 118, 106, 3, 126, 27, 13, 83], [34, 65, 51, 81, 168, 139, 30, 120, 48]]",true
106,442207,2634,Swap,CMT5.vrp,"[[96, 63, 107, 122, 36, 20, 166, 174, 82, 173], [147, 73, 18, 9, 58, 111], [50, 169, 130, 151, 117, 182, 159, 90, 115, 41], [101, 156, 86, 191, 89, 137, 113, 68, 47, 103, 5, 171, 21, 64], [110, 56, 72, 181, 183, 116, 62, 185, 143, 186, 2], [170, 85, 164, 165, 109, 39, 97, 17], [190, 42, 91, 141, 22, 93, 28, 114, 142, 140, 154, 123, 133, 14, 69, 175], [70, 128, 15, 155, 121, 94, 196, 136, 1, 193], [76, 40, 149, 46, 99, 167], [112, 194, 158, 162, 75, 163, 148, 105, 33, 157, 6], [189, 31, 77, 10, 187, 67, 104, 195, 61], [161, 57, 119, 134, 84, 35, 132, 12, 44, 160, 43, 199, 197, 198], [7, 177, 19, 180, 78, 178, 129, 71, 150, 108, 11], [124, 88, 138, 37, 79, 153, 179, 188, 16, 52, 38], [53, 192, 24, 146, 92, 135, 145, 23, 184, 66], [54, 98, 125, 127, 95], [152, 60, 26, 100, 32, 55], [48, 59, 102, 176, 8, 4, 74, 144, 49, 87, 45, 29], [80, 131, 25, 118, 106, 3, 126, 27, 13, 83], [34, 65, 51, 81, 168, 139, 30, 120, 172]]",true
107,444923,2629,Swap,CMT5.vrp,"[[96, 63, 107, 122, 36, 20, 166, 174, 82, 173], [147, 73, 18, 9, 58, 111], [50, 169, 130, 151, 117, 182, 159, 90, 115, 41], [101, 156, 86, 191, 89, 137, 113, 68, 47, 103, 5, 171, 21, 64], [110, 56, 72, 181, 183, 116, 62, 185, 143, 186, 2], [170, 85, 164, 165, 109, 39, 97, 17], [190, 42, 91, 141, 22, 93, 28, 114, 142, 140, 154, 123, 133, 14, 69, 175], [70, 128, 15, 155, 121, 94, 196, 136, 1, 193], [76, 40, 149, 46, 99, 167], [112, 194, 158, 162, 75, 163, 148, 105, 33, 157, 6], [189, 31, 77, 10, 187, 67, 104, 195, 61], [161, 57, 119, 134, 84, 35, 132, 12, 44, 160, 43, 199, 197, 198], [7, 177, 19, 180, 78, 178, 129, 71, 150, 108, 11], [124, 88, 138, 37, 79, 153, 179, 188, 16, 52, 38], [53, 192, 24, 146, 92, 135, 145, 23, 184, 66], [54, 98, 125, 152, 95], [127, 60, 26, 100, 32, 55], [48, 59, 102, 176, 8, 4, 74, 144, 49, 87, 45, 29], [80, 131, 25, 118, 106, 3, 126, 27, 13, 83], [34, 65, 51, 81, 168, 139, 30, 120, 172]]",true
108,449042,2624,Swap,CMT5.vrp,"[[96, 63, 107, 122, 36, 20, 166, 174, 82, 173], [147, 73, 18, 9, 58, 111], [50, 169, 130, 151, 117, 182, 160, 90, 115, 41], [101, 156, 86, 191, 89, 137, 113, 68, 47, 103, 5, 171, 21, 64], [110, 56, 72, 181, 183, 116, 62, 185, 143, 186, 2], [170, 85, 164, 165, 109, 39, 97, 17], [190, 42, 91, 141, 22, 93, 28, 114, 142, 140, 154, 123, 133, 14, 69, 175], [70, 128, 15, 155, 121, 94, 196, 136, 1, 193], [76, 40, 149, 46, 99, 167], [112, 194, 158, 162, 75, 163, 148, 105, 33, 157, 6], [189, 31, 77, 10, 187, 67, 104, 195, 61], [161, 57, 119, 134, 84, 35, 132, 12, 44, 159, 43, 199, 197, 198], [7, 177, 19, 180, 78, 178, 129, 71, 150, 108, 11], [124, 88, 138, 37, 79, 153, 179, 188, 16, 52, 38], [53, 192, 24, 146, 92, 135, 145, 23, 184, 66], [54, 98, 125, 152, 95], [127, 60, 26, 100, 32, 55], [48, 59, 102, 176, 8, 4, 74, 144, 49, 87, 45, 29], [80, 131, 25, 118, 106, 3, 126, 27, 13, 83], [34, 65, 51, 81, 168, 139, 30, 120, 172]]",true
109,455186,2617,Swap,CMT5.vrp,"[[96, 63, 107, 122, 36, 20, 166, 174, 82, 173], [147, 73, 18, 9, 58, 111], [50, 169, 130, 151, 117, 182, 160, 90, 115, 41], [101, 156, 86, 191, 89, 137, 113, 68, 47, 103, 5, 171, 21, 64], [110, 56, 72, 181, 183, 116, 62, 185, 143, 186, 2], [170, 85, 164, 165, 109, 39, 97, 17], [190, 42, 91, 141, 22, 93, 28, 114, 142, 140, 154, 123, 133, 14, 69, 175], [70, 128, 15, 155, 121, 94, 196, 136, 1, 193], [76, 40, 149, 46, 99, 167], [112, 194, 158, 162, 75, 163, 148, 105, 33, 157, 6], [189, 31, 77, 10, 187, 67, 104, 195, 61], [161, 57, 52, 134, 84, 35, 132, 12, 44, 159, 43, 199, 197, 198], [7, 177, 19, 180, 78, 178, 129, 71, 150, 108, 11], [124, 88, 138, 37, 79, 153, 179, 188, 16, 119, 38], [53, 192, 24, 146, 92, 135, 145, 23, 184, 66], [54, 98, 125, 152, 95], [127, 60, 26, 100, 32, 55], [48, 59, 102, 176, 8, 4, 74, 144, 49, 87, 45, 29], [80, 131, 25, 118, 106, 3, 126, 27, 13, 83], [34, 65, 51, 81, 168, 139, 30, 120, 172]]",true
110,458571,2613,Swap,CMT5.vrp,"[[96, 63, 107, 122, 36, 20, 166, 174, 82, 173], [147, 73, 18, 9, 58, 111], [50, 169, 130, 151, 117, 182, 160, 90, 115, 41], [101, 156, 86, 191, 89, 137, 113, 68, 47, 103, 5, 171, 21, 64], [110, 56, 72, 181, 183, 116, 62, 185, 143, 186, 2], [170, 85, 164, 165, 109, 39, 97, 17], [190, 42, 91, 141, 22, 93, 28, 114, 142, 140, 154, 123, 133, 14, 69, 175], [70, 128, 15, 155, 121, 94, 196, 136, 1, 193], [76, 40, 149, 46, 99, 167], [112, 194, 158, 162, 75, 163, 148, 105, 33, 157, 6], [189, 131, 77, 10, 187, 67, 104, 195, 61], [161, 57, 52, 134, 84, 35, 132, 12, 44, 159, 43, 199, 197, 198], [7, 177, 19, 180, 78, 178, 129, 71, 150, 108, 11], [124, 88, 138, 37, 79, 153, 179, 188, 16, 119, 38], [53, 192, 24, 146, 92, 135, 145, 23, 184, 66], [54, 98, 125, 152, 95], [127, 60, 26, 100, 32, 55], [48, 59, 102, 176, 8, 4, 74, 144, 49, 87, 45, 29], [80, 31, 25, 118, 106, 3, 126, 27, 13, 83], [34, 65, 51, 81, 168, 139, 30, 120, 172]]",true
111,461743,2608,Swap,CMT5.vrp,"[[96, 63, 107, 122, 36, 20, 166, 174, 82, 173], [147, 73, 18, 9, 58, 111], [50, 169, 130, 151, 117, 182, 160, 90, 115, 41], [101, 156, 86, 191, 89, 137, 113, 68, 47, 103, 5, 171, 21, 64], [110, 56, 72, 181, 183, 116, 62, 185, 143, 186, 2], [170, 85, 164, 165, 109, 39, 97, 17], [190, 42, 91, 141, 22, 93, 28, 114, 142, 140, 154, 123, 133, 14, 69, 175], [70, 128, 15, 155, 121, 94, 196, 136, 1, 193], [76, 40, 149, 46, 99, 167], [112, 194, 158, 162, 75, 163, 148, 105, 33, 157, 6], [189, 131, 77, 10, 187, 67, 104, 195, 61], [161, 57, 52, 134, 84, 35, 132, 12, 44, 159, 43, 199, 197, 198], [7, 177, 19, 180, 78, 178, 129, 71, 150, 108, 11], [124, 88, 138, 37, 79, 153, 27, 188, 16, 119, 38], [53, 192, 24, 146, 92, 135, 145, 23, 184, 66], [54, 98, 125, 152, 95], [127, 60, 26, 100, 32, 55], [48, 59, 102, 176, 8, 4, 74, 144, 49, 87, 45, 29], [80, 31, 25, 118, 106, 3, 126, 179, 13, 83], [34, 65, 51, 81, 168, 139, 30, 120, 172]]",true
112,465021,2604,Swap,CMT5.vrp,"[[96, 63, 107, 122, 36, 20, 166, 174, 82, 173], [147, 73, 18, 9, 58, 111], [50, 169, 130, 151, 117, 182, 160, 90, 115, 41], [101, 156, 86, 191, 89, 137, 113, 68, 47, 103, 5, 171, 21, 64], [110, 56, 72, 181, 183, 116, 62, 185, 143, 186, 2], [170, 85, 164, 165, 109, 39, 97, 17], [190, 42, 91, 141, 22, 93, 28, 114, 142, 140, 154, 123, 133, 14, 69, 175], [70, 128, 15, 155, 121, 94, 196, 136, 1, 193], [76, 100, 149, 46, 99, 167], [112, 194, 158, 162, 75, 163, 148, 105, 33, 157, 6], [189, 131, 77, 10, 187, 67, 104, 195, 61], [161, 57, 52, 134, 84, 35, 132, 12, 44, 159, 43, 199, 197, 198], [7, 177, 19, 180, 78, 178, 129, 71, 150, 108, 11], [124, 88, 138, 37, 79, 153, 27, 188, 16, 119, 38], [53, 192, 24, 146, 92, 135, 145, 23, 184, 66], [54, 98, 125, 152, 95], [127, 60, 26, 40, 32, 55], [48, 59, 102, 176, 8, 4, 74, 144, 49, 87, 45, 29], [80, 31, 25, 118, 106, 3, 126, 179, 13, 83], [34, 65, 51, 81, 168, 139, 30, 120, 172]]",true
113,468759,2594,Swap,CMT5.vrp,"[[96, 63, 107, 122, 36, 20, 166, 174, 82, 173], [147, 73, 18, 9, 58, 111], [50, 169, 130, 151, 117, 182, 160, 90, 115, 41], [101, 156, 86, 191, 89, 137, 113, 68, 47, 103, 5, 171, 21, 64], [110, 56, 72, 181, 183, 116, 62, 185, 143, 186, 2], [170, 85, 164, 165, 109, 39, 97, 17], [190, 42, 91, 141, 22, 93, 28, 114, 142, 140, 154, 123, 133, 14, 69, 175], [70, 128, 15, 155, 121, 94, 196, 136, 1, 193], [26, 100, 149, 46, 99, 167], [112, 194, 158, 162, 75, 163, 148, 105, 33, 157, 6], [189, 131, 77, 10, 187, 67, 104, 195, 61], [161, 57, 52, 134, 84, 35, 132, 12, 44, 159, 43, 199, 197, 198], [7, 177, 19, 180, 78, 178, 129, 71, 150, 108, 11], [124, 88, 138, 37, 79, 153, 27, 188, 16, 119, 38], [53, 192, 24, 146, 92, 135, 145, 23, 184, 66], [54, 98, 125, 152, 95], [127, 60, 76, 40, 32, 55], [48, 59, 102, 176, 8, 4, 74, 144, 49, 87, 45, 29], [80, 31, 25, 118, 106, 3, 126, 179, 13, 83], [34, 65, 51, 81, 168, 139, 30, 120, 172]]",true
114,471841,2590,Swap,CMT5.vrp,"[[96, 63, 107, 122, 36, 20, 166, 174, 82, 173], [147, 73, 18, 9, 58, 111], [50, 169, 130, 151, 117, 182, 160, 90, 115, 41], [101, 156, 86, 191, 89, 137, 113, 68, 47, 103, 5, 171, 21, 64], [110, 56, 72, 181, 183, 116, 62, 185, 143, 186, 2], [170, 85, 164, 165, 109, 39, 97, 17], [190, 42, 91, 141, 22, 93, 28, 114, 142, 140, 154, 123, 133, 14, 69, 175], [70, 128, 15, 155, 121, 94, 196, 136, 1, 193], [26, 100, 149, 46, 99, 167], [112, 194, 158, 162, 75, 163, 148, 105, 33, 157, 6], [189, 131, 77, 10, 187, 67, 104, 195, 61], [161, 57, 52, 134, 84, 35, 132, 12, 3, 159, 43, 199, 197, 198], [7, 177, 19, 180, 78, 178, 129, 71, 150, 108, 11], [124, 88, 138, 37, 79, 153, 27, 188, 16, 119, 38], [53, 192, 24, 146, 92, 135, 145, 23, 184, 66], [54, 98, 125, 152, 95], [127, 60, 76, 40, 32, 55], [48, 59, 102, 176, 8, 4, 74, 144, 49, 87, 45, 29], [80, 31, 25, 118, 106, 44, 126, 179, 13, 83], [34, 65, 51, 81, 168, 139, 30, 120, 172]]",true
115,475162,2587,Swap,CMT5.vrp,"[[96, 63, 107, 122, 36, 20, 166, 174, 82, 173], [147, 73, 18, 161, 58, 111], [50, 169, 130, 151, 117, 182, 160, 90, 115, 41], [101, 156, 86, 191, 89, 137, 113, 68, 47, 103, 5, 171, 21, 64], [110, 56, 72, 181, 183, 116, 62, 185, 143, 186, 2], [170, 85, 164, 165, 109, 39, 97, 17], [190, 42, 91, 141, 22, 93, 28, 114, 142, 140, 154, 123, 133, 14, 69, 175], [70, 128, 15, 155, 121, 94, 196, 136, 1, 193], [26, 100, 149, 46, 99, 167], [112, 194, 158, 162, 75, 163, 148, 105, 33, 157, 6], [189, 131, 77, 10, 187, 67, 104, 195, 61], [9, 57, 52, 134, 84, 35, 132, 12, 3, 159, 43, 199, 197, 198], [7, 177, 19, 180, 78, 178, 129, 71, 150, 108, 11], [124, 88, 138, 37, 79, 153, 27, 188, 16, 119, 38], [53, 192, 24, 146, 92, 135, 145, 23, 184, 66], [54, 98, 125, 152, 95], [127, 60, 76, 40, 32, 55], [48, 59, 102, 176, 8, 4, 74, 144, 49, 87, 45, 29], [80, 31, 25, 118, 106, 44, 126, 179, 13, 83], [34, 65, 51, 81, 168, 139, 30, 120, 172]]",true
116,479351,2584,Swap,CMT5.vrp,"[[96, 63, 107, 122, 36, 20, 166, 174, 82, 173], [147, 73, 18, 161, 58, 111], [50, 169, 130, 151, 117, 182, 160, 90, 115, 41], [101, 156, 86, 191, 89, 137, 113, 68, 47, 103, 5, 171, 21, 64], [110, 56, 72, 181, 183, 116, 62, 185, 143, 186, 2], [170, 85, 164, 165, 109, 39, 97, 17], [190, 42, 91, 141, 22, 93, 28, 114, 142, 140, 154, 123, 133, 14, 69, 175], [70, 128, 15, 155, 121, 94, 196, 136, 1, 193], [26, 100, 149, 46, 99, 167], [112, 194, 66, 162, 75, 163, 148, 105, 33, 157, 6], [189, 131, 77, 10, 187, 67, 104, 195, 61], [9, 57, 52, 134, 84, 35, 132, 12, 3, 159, 43, 199, 197, 198], [7, 177, 19, 180, 78, 178, 129, 71, 150, 108, 11], [124, 88, 138, 37, 79, 153, 27, 188, 16, 119, 38], [53, 192, 24, 146, 92, 135, 145, 23, 184, 158], [54, 98, 125, 152, 95], [127, 60, 76, 40, 32, 55], [48, 59, 102, 176, 8, 4, 74, 144, 49, 87, 45, 29], [80, 31, 25, 118, 106, 44, 126, 179, 13, 83], [34, 65, 51, 81, 168, 139, 30, 120, 172]]",true
117,483374,2580,Swap,CMT5.vrp,"[[96, 63, 107, 122, 36, 20, 166, 174, 82, 173], [147, 73, 18, 161, 58, 111], [50, 169, 130, 151, 117, 182, 160, 90, 115, 41], [101, 156, 86, 191, 89, 137, 113, 68, 47, 103, 5, 171, 21, 64], [110, 56, 72, 181, 183, 116, 62, 185, 143, 186, 6], [170, 85, 164, 165, 109, 39, 97, 17], [190, 42, 91, 141, 22, 93, 28, 114, 142, 140, 154, 123, 133, 14, 69, 175], [70, 128, 15, 155, 121, 94, 196, 136, 1, 193], [26, 100, 149, 46, 99, 167], [112, 194, 66, 162, 75, 163, 148, 105, 33, 157, 2], [189, 131, 77, 10, 187, 67, 104, 195, 61], [9, 57, 52, 134, 84, 35, 132, 12, 3, 159, 43, 199, 197, 198], [7, 177, 19, 180, 78, 178, 129, 71, 150, 108, 11], [124, 88, 138, 37, 79, 153, 27, 188, 16, 119, 38], [53, 192, 24, 146, 92, 135, 145, 23, 184, 158], [54, 98, 125, 152, 95], [127, 60, 76, 40, 32, 55], [48, 59, 102, 176, 8, 4, 74, 144, 49, 87, 45, 29], [80, 31, 25, 118, 106, 44, 126, 179, 13, 83], [34, 65, 51, 81, 168, 139, 30, 120, 172]]",true
118,486592,2576,Swap,CMT5.vrp,"[[96, 63, 107, 122, 36, 20, 166, 174, 82, 173], [147, 73, 18, 161, 58, 111], [50, 169, 130, 151, 117, 182, 160, 90, 115, 41], [101, 156, 86, 191, 89, 137, 113, 68, 47, 103, 5, 171, 21, 64], [110, 56, 72, 181, 183, 116, 62, 185, 143, 196, 6], [170, 85, 164, 165, 109, 39, 97, 17], [190, 42, 91, 141, 22, 93, 28, 114, 142, 140, 154, 123, 133, 14, 69, 175], [70, 128, 15, 155, 121, 94, 186, 136, 1, 193], [26, 100, 149, 46, 99, 167], [112, 194, 66, 162, 75, 163, 148, 105, 33, 157, 2], [189, 131, 77, 10, 187, 67, 104, 195, 61], [9, 57, 52, 134, 84, 35, 132, 12, 3, 159, 43, 199, 197, 198], [7, 177, 19, 180, 78, 178, 129, 71, 150, 108, 11], [124, 88, 138, 37, 79, 153, 27, 188, 16, 119, 38], [53, 192, 24, 146, 92, 135, 145, 23, 184, 158], [54, 98, 125, 152, 95], [127, 60, 76, 40, 32, 55], [48, 59, 102, 176, 8, 4, 74, 144, 49, 87, 45, 29], [80, 31, 25, 118, 106, 44, 126, 179, 13, 83], [34, 65, 51, 81, 168, 139, 30, 120, 172]]",true
119,489816,2571,Swap,CMT5.vrp,"[[96, 63, 107, 122, 36, 20, 166, 174, 82, 173], [147, 73, 18, 161, 58, 111], [50, 169, 130, 151, 117, 182, 160, 90, 115, 41], [101, 156, 86, 191, 89, 137, 113, 68, 47, 103, 5, 171, 21, 64], [110, 56, 72, 181, 183, 116, 62, 185, 143, 136, 6], [170, 85, 164, 165, 109, 39, 97, 17], [190, 42, 91, 141, 22, 93, 28, 114, 142, 140, 154, 123, 133, 14, 69, 175], [70, 128, 15, 155, 121, 94, 186, 196, 1, 193], [26, 100, 149, 46, 99, 167], [112, 194, 66, 162, 75, 163, 148, 105, 33, 157, 2], [189, 131, 77, 10, 187, 67, 104, 195, 61], [9, 57, 52, 134, 84, 35, 132, 12, 3, 159, 43, 199, 197, 198], [7, 177, 19, 180, 78, 178, 129, 71, 150, 108, 11], [124, 88, 138, 37, 79, 153, 27, 188, 16, 119, 38], [53, 192, 24, 146, 92, 135, 145, 23, 184, 158], [54, 98, 125, 152, 95], [127, 60, 76, 40, 32, 55], [48, 59, 102, 176, 8, 4, 74, 144, 49, 87, 45, 29], [80, 31, 25, 118, 106, 44, 126, 179, 13, 83], [34, 65, 51, 81, 168, 139, 30, 120, 172]]",true
120,493136,2568,Swap,CMT5.vrp,"[[96, 63, 107, 122, 36, 20, 166, 174, 82, 173], [147, 73, 18, 161, 58, 111], [50, 169, 130, 151, 117, 182, 160, 90, 115, 41], [101, 156, 86, 191, 89, 137, 113, 68, 47, 103, 5, 171, 21, 64], [110, 56, 72, 181, 183, 116, 62, 185, 143, 136, 6], [170, 85, 164, 165, 109, 39, 97, 17], [190, 42, 91, 141, 22, 93, 28, 114, 142, 140, 154, 123, 133, 14, 69, 175], [70, 128, 15, 155, 121, 94, 186, 196, 1, 193], [26, 100, 149, 46, 99, 167], [112, 194, 66, 162, 75, 163, 148, 105, 33, 157, 2], [189, 131, 77, 10, 16, 67, 104, 195, 61], [9, 57, 52, 134, 84, 35, 132, 12, 3, 159, 43, 199, 197, 198], [7, 177, 19, 180, 78, 178, 129, 71, 150, 108, 11], [124, 88, 138, 37, 79, 153, 27, 188, 187, 119, 38], [53, 192, 24, 146, 92, 135, 145, 23, 184, 158], [54, 98, 125, 152, 95], [127, 60, 76, 40, 32, 55], [48, 59, 102, 176, 8, 4, 74, 144, 49, 87, 45, 29], [80, 31, 25, 118, 106, 44, 126, 179, 13, 83], [34, 65, 51, 81, 168, 139, 30, 120, 172]]",true
121,496520,2556,Swap,CMT5.vrp,"[[96, 63, 107, 122, 36, 20, 166, 174, 82, 173], [147, 73, 18, 161, 58, 111], [50, 169, 130, 151, 117, 182, 160, 90, 115, 41], [101, 156, 86, 191, 89, 137, 113, 68, 47, 103, 5, 171, 21, 64], [110, 56, 72, 181, 183, 116, 62, 185, 143, 136, 6], [170, 85, 164, 165, 109, 39, 97, 17], [190, 42, 91, 141, 22, 93, 28, 114, 142, 140, 154, 123, 133, 14, 69, 175], [70, 128, 15, 155, 121, 94, 186, 196, 1, 193], [26, 100, 149, 46, 99, 167], [112, 194, 66, 162, 75, 163, 148, 105, 33, 157, 2], [189, 131, 77, 10, 16, 67, 104, 195, 61], [9, 57, 52, 134, 84, 35, 132, 12, 3, 159, 43, 199, 197, 198], [7, 177, 19, 180, 78, 178, 129, 71, 150, 108, 11], [124, 88, 138, 37, 79, 153, 27, 4, 187, 119, 38], [53, 192, 24, 146, 92, 135, 145, 23, 184, 158], [54, 98, 125, 152, 95], [127, 60, 76, 40, 32, 55], [48, 59, 102, 176, 8, 188, 74, 144, 49, 87, 45, 29], [80, 31, 25, 118, 106, 44, 126, 179, 13, 83], [34, 65, 51, 81, 168, 139, 30, 120, 172]]",true
122,499881,2542,Swap,CMT5.vrp,"[[96, 63, 107, 122, 36, 20, 166, 174, 82, 173], [147, 73, 18, 161, 187, 111], [50, 169, 130, 151, 117, 182, 160, 90, 115, 41], [101, 156, 86, 191, 89, 137, 113, 68, 47, 103, 5, 171, 21, 64], [110, 56, 72, 181, 183, 116, 62, 185, 143, 136, 6], [170, 85, 164, 165, 109, 39, 97, 17], [190, 42, 91, 141, 22, 93, 28, 114, 142, 140, 154, 123, 133, 14, 69, 175], [70, 128, 15, 155, 121, 94, 186, 196, 1, 193], [26, 100, 149, 46, 99, 167], [112, 194, 66, 162, 75, 163, 148, 105, 33, 157, 2], [189, 131, 77, 10, 16, 67, 104, 195, 61], [9, 57, 52, 134, 84, 35, 132, 12, 3, 159, 43, 199, 197, 198], [7, 177, 19, 180, 78, 178, 129, 71, 150, 108, 11], [124, 88, 138, 37, 79, 153, 27, 4, 58, 119, 38], [53, 192, 24, 146, 92, 135, 145, 23, 184, 158], [54, 98, 125, 152, 95], [127, 60, 76, 40, 32, 55], [48, 59, 102, 176, 8, 188, 74, 144, 49, 87, 45, 29], [80, 31, 25, 118, 106, 44, 126, 179, 13, 83], [34, 65, 51, 81, 168, 139, 30, 120, 172]]",true
123,503729,2519,Swap,CMT5.vrp,"[[96, 63, 107, 122, 36, 20, 166, 174, 82, 173], [147, 73, 18, 161, 187, 126], [50, 169, 130, 151, 117, 182, 160, 90, 115, 41], [101, 156, 86, 191, 89, 137, 113, 68, 47, 103, 5, 171, 21, 64], [110, 56, 72, 181, 183, 116, 62, 185, 143, 136, 6], [170, 85, 164, 165, 109, 39, 97, 17], [190, 42, 91, 141, 22, 93, 28, 114, 142, 140, 154, 123, 133, 14, 69, 175], [70, 128, 15, 155, 121, 94, 186, 196, 1, 193], [26, 100, 149, 46, 99, 167], [112, 194, 66, 162, 75, 163, 148, 105, 33, 157, 2], [189, 131, 77, 10, 16, 67, 104, 195, 61], [9, 57, 52, 134, 84, 35, 132, 12, 3, 159, 43, 199, 197, 198], [7, 177, 19, 180, 78, 178, 129, 71, 150, 108, 11], [124, 88, 138, 37, 79, 153, 27, 4, 58, 119, 38], [53, 192, 24, 146, 92, 135, 145, 23, 184, 158], [54, 98, 125, 152, 95], [127, 60, 76, 40, 32, 55], [48, 59, 102, 176, 8, 188, 74, 144, 49, 87, 45, 29], [80, 31, 25, 118, 106, 44, 111, 179, 13, 83], [34, 65, 51, 81, 168, 139, 30, 120, 172]]",true
124,506588,2510,Swap,CMT5.vrp,"[[96, 63, 107, 122, 36, 20, 166, 174, 82, 173], [147, 73, 18, 161, 187, 126], [50, 169, 130, 151, 117, 182, 160, 90, 115, 41], [101, 156, 86, 191, 89, 137, 113, 68, 47, 103, 5, 171, 21, 64], [110, 56, 72, 181, 183, 116, 62, 185, 143, 136, 6], [170, 85, 164, 165, 109, 39, 97, 17], [190, 42, 91, 141, 22, 93, 28, 114, 142, 140, 154, 123, 133, 14, 69, 175], [70, 128, 15, 155, 121, 94, 186, 196, 1, 193], [26, 100, 149, 46, 99, 167], [112, 194, 66, 162, 75, 163, 148, 105, 33, 157, 2], [189, 131, 77, 10, 16, 67, 104, 195, 61], [9, 57, 52, 134, 84, 35, 132, 12, 3, 159, 43, 199, 197, 198], [7, 177, 19, 180, 78, 178, 129, 71, 150, 108, 11], [124, 88, 138, 37, 79, 153, 27, 111, 58, 119, 38], [53, 192, 24, 146, 92, 135, 145, 23, 184, 158], [54, 98, 125, 152, 95], [127, 60, 76, 40, 32, 55], [48, 59, 102, 176, 8, 188, 74, 144, 49, 87, 45, 29], [80, 31, 25, 118, 106, 44, 4, 179, 13, 83], [34, 65, 51, 81, 168, 139, 30, 120, 172]]",true
125,509274,2503,Swap,CMT5.vrp,"[[96, 63, 107, 122, 36, 20, 166, 174, 82, 173], [147, 73, 18, 161, 187, 126], [50, 169, 130, 151, 117, 182, 160, 90, 115, 41], [101, 156, 86, 191, 89, 137, 113, 68, 47, 103, 5, 171, 21, 64], [110, 56, 72, 181, 183, 116, 62, 185, 143, 136, 6], [170, 85, 164, 165, 109, 39, 97, 17], [190, 42, 91, 141, 22, 93, 28, 114, 142, 140, 154, 123, 133, 14, 69, 175], [70, 128, 15, 155, 121, 94, 186, 196, 1, 193], [26, 100, 149, 46, 99, 167], [112, 194, 66, 162, 75, 163, 148, 105, 33, 157, 2], [189, 131, 77, 10, 16, 67, 104, 195, 61], [9, 57, 52, 134, 84, 35, 132, 12, 3, 159, 43, 199, 197, 198], [7, 177, 19, 180, 78, 178, 129, 71, 150, 108, 11], [124, 88, 138, 37, 79, 153, 27, 111, 102, 119, 38], [53, 192, 24, 146, 92, 135, 145, 23, 184, 158], [54, 98, 125, 152, 95], [127, 60, 76, 40, 32, 55], [48, 59, 58, 176, 8, 188, 74, 144, 49, 87, 45, 29], [80, 31, 25, 118, 106, 44, 4, 179, 13, 83], [34, 65, 51, 81, 168, 139, 30, 120, 172]]",true
126,511993,2496,Swap,CMT5.vrp,"[[96, 63, 107, 122, 36, 20, 166, 174, 82, 173], [147, 73, 18, 161, 187, 126], [50, 169, 130, 151, 117, 182, 160, 90, 115, 41], [101, 156, 86, 191, 89, 137, 113, 68, 47, 103, 5, 171, 21, 64], [110, 56, 72, 181, 183, 116, 62, 185, 143, 136, 6], [170, 85, 164, 165, 109, 39, 97, 17], [190, 42, 91, 141, 22, 93, 28, 114, 142, 140, 154, 123, 133, 14, 69, 175], [70, 128, 15, 155, 121, 94, 186, 196, 1, 193], [26, 100, 149, 46, 99, 167], [112, 194, 66, 162, 75, 163, 148, 105, 33, 157, 2], [189, 131, 77, 10, 16, 67, 104, 195, 61], [9, 57, 52, 134, 84, 35, 132, 12, 3, 159, 43, 199, 197, 198], [7, 177, 19, 180, 78, 178, 129, 71, 150, 108, 11], [124, 88, 138, 37, 79, 153, 27, 8, 102, 119, 38], [53, 192, 24, 146, 92, 135, 145, 23, 184, 158], [54, 98, 125, 152, 95], [127, 60, 76, 40, 32, 55], [48, 59, 58, 176, 111, 188, 74, 144, 49, 87, 45, 29], [80, 31, 25, 118, 106, 44, 4, 179, 13, 83], [34, 65, 51, 81, 168, 139, 30, 120, 172]]",true
127,515192,2487,Swap,CMT5.vrp,"[[96, 63, 107, 122, 36, 20, 166, 174, 82, 173], [147, 73, 18, 161, 187, 126], [50, 169, 130, 151, 117, 182, 160, 90, 115, 41], [101, 156, 86, 191, 89, 137, 113, 68, 47, 103, 5, 171, 21, 64], [110, 56, 72, 181, 183, 116, 62, 185, 143, 136, 6], [170, 85, 164, 165, 109, 39, 97, 17], [190, 42, 91, 141, 22, 93, 28, 114, 142, 140, 154, 123, 133, 14, 69, 175], [70, 128, 15, 155, 121, 94, 186, 196, 1, 193], [26, 100, 149, 46, 99, 167], [112, 194, 66, 162, 75, 163, 148, 105, 33, 157, 2], [189, 131, 77, 10, 16, 67, 104, 195, 61], [9, 57, 52, 134, 84, 35, 132, 12, 3, 159, 43, 199, 197, 198], [7, 177, 19, 180, 78, 178, 129, 71, 150, 108, 11], [124, 88, 138, 37, 79, 153, 176, 8, 102, 119, 38], [53, 192, 24, 146, 92, 135, 145, 23, 184, 158], [54, 98, 125, 152, 95], [127, 60, 76, 40, 32, 55], [48, 59, 58, 27, 111, 188, 74, 144, 49, 87, 45, 29], [80, 31, 25, 118, 106, 44, 4, 179, 13, 83], [34, 65, 51, 81, 168, 139, 30, 120, 172]]",true
128,520927,2484,Swap,CMT5.vrp,"[[96, 63, 107, 122, 36, 20, 166, 174, 82, 173], [147, 73, 18, 161, 187, 126], [50, 169, 130, 151, 117, 182, 160, 90, 115, 41], [101, 156, 86, 191, 89, 137, 113, 68, 47, 103, 5, 171, 21, 64], [110, 56, 72, 181, 183, 116, 62, 185, 143, 136, 6], [170, 85, 164, 165, 109, 39, 97, 17], [190, 42, 91, 141, 22, 93, 28, 114, 142, 140, 154, 123, 133, 14, 69, 175], [70, 128, 15, 155, 121, 94, 186, 196, 1, 193], [26, 100, 149, 46, 176, 167], [112, 194, 66, 162, 75, 163, 148, 105, 33, 157, 2], [189, 131, 77, 10, 16, 67, 104, 195, 61], [9, 57, 52, 134, 84, 35, 132, 12, 3, 159, 43, 199, 197, 198], [7, 177, 19, 180, 78, 178, 129, 71, 150, 108, 11], [124, 88, 138, 37, 79, 153, 99, 8, 102, 119, 38], [53, 192, 24, 146, 92, 135, 145, 23, 184, 158], [54, 98, 125, 152, 95], [127, 60, 76, 40, 32, 55], [48, 59, 58, 27, 111, 188, 74, 144, 49, 87, 45, 29], [80, 31, 25, 118, 106, 44, 4, 179, 13, 83], [34, 65, 51, 81, 168, 139, 30, 120, 172]]",true
129,525621,2479,Swap,CMT5.vrp,"[[96, 63, 107, 122, 36, 20, 166, 174, 82, 173], [147, 73, 18, 161, 187, 126], [50, 169, 130, 151, 117, 182, 160, 90, 115, 41], [101, 156, 86, 191, 89, 137, 113, 68, 47, 103, 5, 171, 21, 64], [110, 56, 72, 181, 183, 116, 62, 185, 143, 136, 6], [170, 85, 164, 165, 109, 39, 97, 17], [190, 42, 91, 141, 22, 93, 28, 114, 142, 140, 154, 123, 133, 14, 69, 175], [70, 128, 15, 155, 121, 94, 186, 196, 1, 193], [26, 100, 149, 46, 176, 4], [112, 194, 66, 162, 75, 163, 148, 105, 33, 157, 2], [189, 131, 77, 10, 16, 67, 104, 195, 61], [9, 57, 52, 134, 84, 35, 132, 12, 3, 159, 43, 199, 197, 198], [7, 177, 19, 180, 78, 178, 129, 71, 150, 108, 11], [124, 88, 138, 37, 79, 153, 99, 8, 102, 119, 38], [53, 192, 24, 146, 92, 135, 145, 23, 184, 158], [54, 98, 125, 152, 95], [127, 60, 76, 40, 32, 55], [48, 59, 58, 27, 111, 188, 74, 144, 49, 87, 45, 29], [80, 31, 25, 118, 106, 44, 167, 179, 13, 83], [34, 65, 51, 81, 168, 139, 30, 120, 172]]",true
130,528721,2475,Swap,CMT5.vrp,"[[96, 63, 107, 122, 36, 20, 166, 174, 82, 173], [147, 73, 18, 161, 187, 126], [50, 169, 130, 151, 117, 182, 160, 90, 115, 41], [101, 156, 86, 191, 89, 137, 113, 68, 47, 103, 5, 171, 21, 64], [110, 56, 72, 181, 183, 116, 62, 185, 143, 136, 6], [170, 85, 164, 165, 109, 39, 97, 17], [190, 42, 91, 141, 22, 93, 28, 114, 142, 140, 154, 123, 133, 14, 69, 175], [70, 128, 15, 155, 121, 94, 186, 196, 1, 193], [26, 100, 149, 51, 176, 4], [112, 194, 66, 162, 75, 163, 148, 105, 33, 157, 2], [189, 131, 77, 10, 16, 67, 104, 195, 61], [9, 57, 52, 134, 84, 35, 132, 12, 3, 159, 43, 199, 197, 198], [7, 177, 19, 180, 78, 178, 129, 71, 150, 108, 11], [124, 88, 138, 37, 79, 153, 99, 8, 102, 119, 38], [53, 192, 24, 146, 92, 135, 145, 23, 184, 158], [54, 98, 125, 152, 95], [127, 60, 76, 40, 32, 55], [48, 59, 58, 27, 111, 188, 74, 144, 49, 87, 45, 29], [80, 31, 25, 118, 106, 44, 167, 179, 13, 83], [34, 65, 46, 81, 168, 139, 30, 120, 172]]",true
131,532097,2472,Swap,CMT5.vrp,"[[96, 63, 107, 122, 36, 20, 166, 174, 82, 173], [147, 73, 18, 161, 187, 126], [50, 169, 130, 151, 117, 182, 160, 90, 143, 41], [101, 156, 86, 191, 89, 137, 113, 68, 47, 103, 5, 171, 21, 64], [110, 56, 72, 181, 183, 116, 62, 185, 115, 136, 6], [170, 85, 164, 165, 109, 39, 97, 17], [190, 42, 91, 141, 22, 93, 28, 114, 142, 140, 154, 123, 133, 14, 69, 175], [70, 128, 15, 155, 121, 94, 186, 196, 1, 193], [26, 100, 149, 51, 176, 4], [112, 194, 66, 162, 75, 163, 148, 105, 33, 157, 2], [189, 131, 77, 10, 16, 67, 104, 195, 61], [9, 57, 52, 134, 84, 35, 132, 12, 3, 159, 43, 199, 197, 198], [7, 177, 19, 180, 78, 178, 129, 71, 150, 108, 11], [124, 88, 138, 37, 79, 153, 99, 8, 102, 119, 38], [53, 192, 24, 146, 92, 135, 145, 23, 184, 158], [54, 98, 125, 152, 95], [127, 60, 76, 40, 32, 55], [48, 59, 58, 27, 111, 188, 74, 144, 49, 87, 45, 29], [80, 31, 25, 118, 106, 44, 167, 179, 13, 83], [34, 65, 46, 81, 168, 139, 30, 120, 172]]",true
132,535316,2469,Swap,CMT5.vrp,"[[96, 63, 107, 122, 36, 20, 166, 174, 82, 173], [147, 73, 18, 161, 187, 126], [50, 169, 130, 151, 117, 182, 160, 90, 143, 41], [101, 156, 86, 191, 89, 137, 113, 68, 47, 103, 5, 171, 21, 64], [110, 56, 72, 181, 183, 116, 62, 185, 115, 136, 6], [170, 85, 164, 165, 109, 39, 97, 17], [190, 42, 91, 141, 22, 93, 28, 114, 142, 140, 154, 123, 133, 14, 69, 7], [70, 128, 15, 155, 121, 94, 186, 196, 1, 193], [26, 100, 149, 51, 176, 4], [112, 194, 66, 162, 75, 163, 148, 105, 33, 157, 2], [189, 131, 77, 10, 16, 67, 104, 195, 61], [9, 57, 52, 134, 84, 35, 132, 12, 3, 159, 43, 199, 197, 198], [175, 177, 19, 180, 78, 178, 129, 71, 150, 108, 11], [124, 88, 138, 37, 79, 153, 99, 8, 102, 119, 38], [53, 192, 24, 146, 92, 135, 145, 23, 184, 158], [54, 98, 125, 152, 95], [127, 60, 76, 40, 32, 55], [48, 59, 58, 27, 111, 188, 74, 144, 49, 87, 45, 29], [80, 31, 25, 118, 106, 44, 167, 179, 13, 83], [34, 65, 46, 81, 168, 139, 30, 120, 172]]",true
133,538850,2466,Swap,CMT5.vrp,"[[96, 63, 107, 122, 36, 20, 166, 174, 82, 173], [147, 73, 18, 161, 187, 126], [50, 169, 130, 151, 117, 182, 160, 90, 143, 41], [101, 156, 86, 191, 89, 137, 113, 68, 47, 103, 5, 171, 21, 64], [110, 56, 72, 181, 183, 116, 62, 185, 115, 136, 6], [170, 85, 164, 165, 109, 39, 97, 17], [190, 42, 91, 141, 22, 93, 28, 114, 142, 140, 154, 123, 133, 14, 69, 7], [70, 128, 15, 155, 121, 94, 186, 196, 1, 193], [26, 100, 149, 51, 175, 4], [112, 194, 66, 162, 75, 163, 148, 105, 33, 157, 2], [189, 131, 77, 10, 16, 67, 104, 195, 61], [9, 57, 52, 134, 84, 35, 132, 12, 3, 159, 43, 199, 197, 198], [176, 177, 19, 180, 78, 178, 129, 71, 150, 108, 11], [124, 88, 138, 37, 79, 153, 99, 8, 102, 119, 38], [53, 192, 24, 146, 92, 135, 145, 23, 184, 158], [54, 98, 125, 152, 95], [127, 60, 76, 40, 32, 55], [48, 59, 58, 27, 111, 188, 74, 144, 49, 87, 45, 29], [80, 31, 25, 118, 106, 44, 167, 179, 13, 83], [34, 65, 46, 81, 168, 139, 30, 120, 172]]",true
134,542244,2464,Swap,CMT5.vrp,"[[96, 63, 107, 122, 36, 20, 166, 174, 82, 173], [147, 73, 18, 161, 187, 126], [50, 169, 130, 151, 117, 182, 160, 90, 143, 41], [101, 156, 86, 191, 89, 137, 113, 68, 47, 103, 5, 171, 21, 64], [110, 56, 72, 181, 183, 116, 62, 185, 115, 136, 6], [170, 85, 164, 165, 109, 39, 97, 17], [190, 42, 91, 141, 22, 93, 28, 114, 142, 140, 154, 123, 133, 14, 69, 7], [70, 128, 15, 155, 121, 94, 186, 196, 1, 193], [26, 100, 149, 51, 175, 4], [112, 194, 66, 162, 75, 163, 148, 105, 33, 157, 2], [80, 131, 77, 10, 16, 67, 104, 195, 61], [9, 57, 52, 134, 84, 35, 132, 12, 3, 159, 43, 199, 197, 198], [176, 177, 19, 180, 78, 178, 129, 71, 150, 108, 11], [124, 88, 138, 37, 79, 153, 99, 8, 102, 119, 38], [53, 192, 24, 146, 92, 135, 145, 23, 184, 158], [54, 98, 125, 152, 95], [127, 60, 76, 40, 32, 55], [48, 59, 58, 27, 111, 188, 74, 144, 49, 87, 45, 29], [189, 31, 25, 118, 106, 44, 167, 179, 13, 83], [34, 65, 46, 81, 168, 139, 30, 120, 172]]",true
135,547240,2459,Swap,CMT5.vrp,"[[96, 63, 107, 122, 36, 20, 166, 174, 82, 173], [147, 73, 18, 161, 187, 126], [50, 169, 130, 151, 117, 182, 160, 90, 143, 41], [101, 156, 86, 191, 89, 137, 113, 68, 47, 103, 5, 171, 21, 64], [110, 56, 72, 181, 183, 116, 62, 185, 115, 136, 6], [170, 85, 164, 165, 109, 39, 97, 17], [190, 42, 91, 141, 22, 93, 28, 114, 142, 140, 154, 123, 133, 14, 69, 7], [70, 128, 15, 155, 121, 94, 186, 196, 1, 193], [26, 100, 149, 51, 175, 4], [112, 194, 66, 162, 31, 163, 148, 105, 33, 157, 2], [80, 131, 77, 10, 16, 67, 104, 195, 61], [9, 57, 52, 134, 84, 35, 132, 12, 3, 159, 43, 199, 197, 198], [176, 177, 19, 180, 78, 178, 129, 71, 150, 108, 11], [124, 88, 138, 37, 79, 153, 99, 8, 102, 119, 38], [53, 192, 24, 146, 92, 135, 145, 23, 184, 158], [54, 98, 125, 152, 95], [127, 60, 76, 40, 32, 55], [48, 59, 58, 27, 111, 188, 74, 144, 49, 87, 45, 29], [189, 75, 25, 118, 106, 44, 167, 179, 13, 83], [34, 65, 46, 81, 168, 139, 30, 120, 172]]",true
136,550435,2457,Swap,CMT5.vrp,"[[96, 63, 107, 122, 36, 20, 166, 174, 82, 173], [147, 73, 18, 161, 187, 126], [50, 169, 130, 151, 117, 182, 160, 90, 143, 41], [101, 156, 86, 191, 89, 137, 113, 68, 47, 103, 5, 171, 21, 64], [25, 56, 72, 181, 183, 116, 62, 185, 115, 136, 6], [170, 85, 164, 165, 109, 39, 97, 17], [190, 42, 91, 141, 22, 93, 28, 114, 142, 140, 154, 123, 133, 14, 69, 7], [70, 128, 15, 155, 121, 94, 186, 196, 1, 193], [26, 100, 149, 51, 175, 4], [112, 194, 66, 162, 31, 163, 148, 105, 33, 157, 2], [80, 131, 77, 10, 16, 67, 104, 195, 61], [9, 57, 52, 134, 84, 35, 132, 12, 3, 159, 43, 199, 197, 198], [176, 177, 19, 180, 78, 178, 129, 71, 150, 108, 11], [124, 88, 138, 37, 79, 153, 99, 8, 102, 119, 38], [53, 192, 24, 146, 92, 135, 145, 23, 184, 158], [54, 98, 125, 152, 95], [127, 60, 76, 40, 32, 55], [48, 59, 58, 27, 111, 188, 74, 144, 49, 87, 45, 29], [189, 75, 110, 118, 106, 44, 167, 179, 13, 83], [34, 65, 46, 81, 168, 139, 30, 120, 172]]",true
137,553460,2454,Swap,CMT5.vrp,"[[96, 63, 107, 122, 36, 20, 166, 174, 82, 173], [147, 73, 18, 161, 187, 126], [50, 169, 130, 151, 117, 182, 160, 90, 143, 41], [101, 156, 86, 191, 89, 137, 113, 68, 47, 103, 5, 171, 21, 64], [25, 56, 72, 181, 183, 116, 62, 185, 115, 136, 6], [170, 85, 164, 165, 109, 39, 97, 17], [190, 42, 91, 141, 22, 93, 28, 114, 142, 140, 154, 123, 133, 14, 69, 7], [70, 128, 15, 155, 121, 94, 186, 196, 1, 193], [26, 100, 149, 51, 175, 4], [112, 194, 66, 162, 31, 163, 148, 105, 33, 157, 2], [80, 131, 77, 10, 16, 67, 104, 195, 61], [9, 57, 52, 134, 84, 35, 132, 12, 3, 159, 43, 199, 197, 198], [176, 177, 19, 102, 78, 178, 129, 71, 150, 108, 11], [124, 88, 138, 37, 79, 153, 99, 8, 180, 119, 38], [53, 192, 24, 146, 92, 135, 145, 23, 184, 158], [54, 98, 125, 152, 95], [127, 60, 76, 40, 32, 55], [48, 59, 58, 27, 111, 188, 74, 144, 49, 87, 45, 29], [189, 75, 110, 118, 106, 44, 167, 179, 13, 83], [34, 65, 46, 81, 168, 139, 30, 120, 172]]",true
138,556630,2452,Swap,CMT5.vrp,"[[96, 63, 107, 122, 36, 20, 166, 174, 82, 173], [147, 73, 18, 161, 187, 126], [50, 169, 130, 151, 117, 182, 160, 90, 143, 41], [101, 156, 86, 191, 89, 137, 113, 68, 47, 103, 5, 171, 21, 64], [25, 56, 72, 181, 183, 116, 62, 185, 115, 136, 6], [170, 85, 164, 165, 109, 9, 97, 17], [190, 42, 91, 141, 22, 93, 28, 114, 142, 140, 154, 123, 133, 14, 69, 7], [70, 128, 15, 155, 121, 94, 186, 196, 1, 193], [26, 100, 149, 51, 175, 4], [112, 194, 66, 162, 31, 163, 148, 105, 33, 157, 2], [80, 131, 77, 10, 16, 67, 104, 195, 61], [39, 57, 52, 134, 84, 35, 132, 12, 3, 159, 43, 199, 197, 198], [176, 177, 19, 102, 78, 178, 129, 71, 150, 108, 11], [124, 88, 138, 37, 79, 153, 99, 8, 180, 119, 38], [53, 192, 24, 146, 92, 135, 145, 23, 184, 158], [54, 98, 125, 152, 95], [127, 60, 76, 40, 32, 55], [48, 59, 58, 27, 111, 188, 74, 144, 49, 87, 45, 29], [189, 75, 110, 118, 106, 44, 167, 179, 13, 83], [34, 65, 46, 81, 168, 139, 30, 120, 172]]",true
139,559709,2449,Swap,CMT5.vrp,"[[96, 63, 107, 122, 36, 20, 166, 174, 82, 173], [147, 73, 18, 161, 187, 126], [50, 169, 130, 151, 117, 182, 160, 90, 143, 41], [101, 156, 86, 191, 89, 137, 113, 68, 47, 103, 5, 171, 21, 64], [25, 56, 72, 181, 183, 116, 62, 185, 115, 136, 6], [170, 85, 164, 165, 109, 9, 97, 17], [190, 42, 91, 141, 22, 93, 28, 114, 142, 140, 154, 123, 133, 14, 69, 7], [70, 128, 15, 155, 121, 94, 186, 196, 1, 193], [26, 100, 149, 51, 175, 4], [112, 194, 66, 162, 31, 163, 148, 105, 33, 157, 2], [80, 131, 77, 10, 16, 67, 104, 195, 61], [39, 57, 52, 134, 84, 35, 132, 12, 3, 159, 43, 199, 197, 192], [176, 177, 19, 102, 78, 178, 129, 71, 150, 108, 11], [124, 88, 138, 37, 79, 153, 99, 8, 180, 119, 38], [53, 198, 24, 146, 92, 135, 145, 23, 184, 158], [54, 98, 125, 152, 95], [127, 60, 76, 40, 32, 55], [48, 59, 58, 27, 111, 188, 74, 144, 49, 87, 45, 29], [189, 75, 110, 118, 106, 44, 167, 179, 13, 83], [34, 65, 46, 81, 168, 139, 30, 120, 172]]",true
140,562822,2446,Swap,CMT5.vrp,"[[96, 63, 107, 122, 36, 20, 166, 174, 82, 173], [147, 73, 18, 161, 187, 126], [50, 169, 130, 151, 117, 182, 160, 90, 143, 41], [101, 156, 86, 191, 89, 137, 113, 68, 47, 103, 5, 171, 21, 64], [25, 56, 72, 181, 183, 116, 62, 185, 115, 192, 6], [170, 85, 164, 165, 109, 9, 97, 17], [190, 42, 91, 141, 22, 93, 28, 114, 142, 140, 154, 123, 133, 14, 69, 7], [70, 128, 15, 155, 121, 94, 186, 196, 1, 193], [26, 100, 149, 51, 175, 4], [112, 194, 66, 162, 31, 163, 148, 105, 33, 157, 2], [80, 131, 77, 10, 16, 67, 104, 195, 61], [39, 57, 52, 134, 84, 35, 132, 12, 3, 159, 43, 199, 197, 136], [176, 177, 19, 102, 78, 178, 129, 71, 150, 108, 11], [124, 88, 138, 37, 79, 153, 99, 8, 180, 119, 38], [53, 198, 24, 146, 92, 135, 145, 23, 184, 158], [54, 98, 125, 152, 95], [127, 60, 76, 40, 32, 55], [48, 59, 58, 27, 111, 188, 74, 144, 49, 87, 45, 29], [189, 75, 110, 118, 106, 44, 167, 179, 13, 83], [34, 65, 46, 81, 168, 139, 30, 120, 172]]",true
141,566129,2442,Swap,CMT5.vrp,"[[96, 63, 107, 122, 36, 20, 166, 174, 82, 173], [147, 73, 18, 161, 187, 126], [50, 169, 130, 151, 117, 182, 160, 90, 143, 41], [101, 156, 86, 191, 89, 137, 113, 68, 47, 103, 5, 171, 21, 64], [25, 56, 72, 181, 183, 116, 62, 185, 115, 192, 6], [170, 85, 164, 165, 109, 9, 97, 17], [190, 42, 91, 141, 22, 93, 28, 114, 142, 140, 154, 123, 133, 14, 69, 7], [70, 128, 15, 155, 121, 94, 186, 196, 1, 193], [26, 100, 149, 51, 175, 4], [112, 194, 66, 162, 31, 163, 148, 105, 33, 157, 2], [80, 131, 77, 10, 16, 67, 104, 195, 61], [39, 57, 52, 134, 84, 180, 132, 12, 3, 159, 43, 199, 197, 136], [176, 177, 19, 102, 78, 178, 129, 71, 150, 108, 11], [124, 88, 138, 37, 79, 153, 99, 8, 35, 119, 38], [53, 198, 24, 146, 92, 135, 145, 23, 184, 158], [54, 98, 125, 152, 95], [127, 60, 76, 40, 32, 55], [48, 59, 58, 27, 111, 188, 74, 144, 49, 87, 45, 29], [189, 75, 110, 118, 106, 44, 167, 179, 13, 83], [34, 65, 46, 81, 168, 139, 30, 120, 172]]",true
142,569135,2440,Swap,CMT5.vrp,"[[96, 63, 107, 122, 36, 20, 166, 174, 82, 173], [147, 73, 18, 161, 187, 126], [50, 169, 130, 151, 117, 182, 160, 90, 143, 41], [101, 156, 86, 191, 89, 137, 113, 68, 47, 103, 5, 171, 21, 64], [25, 56, 72, 181, 183, 116, 62, 185, 115, 192, 6], [170, 85, 164, 165, 109, 9, 97, 17], [190, 42, 91, 141, 22, 93, 28, 114, 142, 140, 154, 123, 133, 14, 69, 7], [70, 128, 15, 155, 121, 94, 186, 196, 1, 193], [26, 100, 149, 51, 175, 4], [112, 194, 66, 162, 31, 163, 148, 105, 33, 157, 2], [80, 131, 77, 10, 16, 67, 104, 195, 61], [39, 57, 52, 134, 84, 180, 132, 12, 3, 159, 43, 199, 197, 136], [176, 177, 19, 102, 78, 178, 129, 71, 150, 108, 11], [124, 88, 138, 37, 79, 153, 99, 8, 35, 119, 38], [53, 198, 24, 146, 92, 135, 145, 23, 184, 158], [54, 98, 125, 152, 95], [127, 60, 76, 40, 44, 55], [48, 59, 58, 27, 111, 188, 74, 144, 49, 87, 45, 29], [189, 75, 110, 118, 106, 32, 167, 179, 13, 83], [34, 65, 46, 81, 168, 139, 30, 120, 172]]",true
143,572834,2437,Swap,CMT5.vrp,"[[96, 63, 107, 122, 36, 20, 166, 174, 82, 173], [147, 73, 18, 106, 187, 126], [50, 169, 130, 151, 117, 182, 160, 90, 143, 41], [101, 156, 86, 191, 89, 137, 113, 68, 47, 103, 5, 171, 21, 64], [25, 56, 72, 181, 183, 116, 62, 185, 115, 192, 6], [170, 85, 164, 165, 109, 9, 97, 17], [190, 42, 91, 141, 22, 93, 28, 114, 142, 140, 154, 123, 133, 14, 69, 7], [70, 128, 15, 155, 121, 94, 186, 196, 1, 193], [26, 100, 149, 51, 175, 4], [112, 194, 66, 162, 31, 163, 148, 105, 33, 157, 2], [80, 131, 77, 10, 16, 67, 104, 195, 61], [39, 57, 52, 134, 84, 180, 132, 12, 3, 159, 43, 199, 197, 136], [176, 177, 19, 102, 78, 178, 129, 71, 150, 108, 11], [124, 88, 138, 37, 79, 153, 99, 8, 35, 119, 38], [53, 198, 24, 146, 92, 135, 145, 23, 184, 158], [54, 98, 125, 152, 95], [127, 60, 76, 40, 44, 55], [48, 59, 58, 27, 111, 188, 74, 144, 49, 87, 45, 29], [189, 75, 110, 118, 161, 32, 167, 179, 13, 83], [34, 65, 46, 81, 168, 139, 30, 120, 172]]",true
144,576174,2433,Swap,CMT5.vrp,"[[96, 63, 107, 122, 36, 20, 166, 174, 82, 173], [147, 73, 18, 106, 187, 126], [50, 169, 130, 151, 117, 182, 160, 90, 143, 41], [101, 156, 86, 191, 89, 137, 113, 68, 47, 103, 5, 171, 21, 64], [25, 118, 72, 181, 183, 116, 62, 185, 115, 192, 6], [170, 85, 164, 165, 109, 9, 97, 17], [190, 42, 91, 141, 22, 93, 28, 114, 142, 140, 154, 123, 133, 14, 69, 7], [70, 128, 15, 155, 121, 94, 186, 196, 1, 193], [26, 100, 149, 51, 175, 4], [112, 194, 66, 162, 31, 163, 148, 105, 33, 157, 2], [80, 131, 77, 10, 16, 67, 104, 195, 61], [39, 57, 52, 134, 84, 180, 132, 12, 3, 159, 43, 199, 197, 136], [176, 177, 19, 102, 78, 178, 129, 71, 150, 108, 11], [124, 88, 138, 37, 79, 153, 99, 8, 35, 119, 38], [53, 198, 24, 146, 92, 135, 145, 23, 184, 158], [54, 98, 125, 152, 95], [127, 60, 76, 40, 44, 55], [48, 59, 58, 27, 111, 188, 74, 144, 49, 87, 45, 29], [189, 75, 110, 56, 161, 32, 167, 179, 13, 83], [34, 65, 46, 81, 168, 139, 30, 120, 172]]",true
145,579081,2428,Swap,CMT5.vrp,"[[96, 63, 107, 122, 36, 20, 166, 174, 82, 173], [147, 73, 18, 106, 187, 126], [50, 169, 130, 151, 117, 182, 160, 90, 143, 41], [101, 156, 86, 191, 89, 137, 113, 68, 47, 103, 5, 171, 21, 64], [161, 118, 72, 181, 183, 116, 62, 185, 115, 192, 6], [170, 85, 164, 165, 109, 9, 97, 17], [190, 42, 91, 141, 22, 93, 28, 114, 142, 140, 154, 123, 133, 14, 69, 7], [70, 128, 15, 155, 121, 94, 186, 196, 1, 193], [26, 100, 149, 51, 175, 4], [112, 194, 66, 162, 31, 163, 148, 105, 33, 157, 2], [80, 131, 77, 10, 16, 67, 104, 195, 61], [39, 57, 52, 134, 84, 180, 132, 12, 3, 159, 43, 199, 197, 136], [176, 177, 19, 102, 78, 178, 129, 71, 150, 108, 11], [124, 88, 138, 37, 79, 153, 99, 8, 35, 119, 38], [53, 198, 24, 146, 92, 135, 145, 23, 184, 158], [54, 98, 125, 152, 95], [127, 60, 76, 40, 44, 55], [48, 59, 58, 27, 111, 188, 74, 144, 49, 87, 45, 29], [189, 75, 110, 56, 25, 32, 167, 179, 13, 83], [34, 65, 46, 81, 168, 139, 30, 120, 172]]",true
146,582359,2425,Swap,CMT5.vrp,"[[96, 63, 107, 122, 36, 20, 166, 174, 82, 173], [147, 73, 18, 106, 17, 126], [50, 169, 130, 151, 117, 182, 160, 90, 143, 41], [101, 156, 86, 191, 89, 137, 113, 68, 47, 103, 5, 171, 21, 64], [161, 118, 72, 181, 183, 116, 62, 185, 115, 192, 6], [170, 85, 164, 165, 109, 9, 97, 187], [190, 42, 91, 141, 22, 93, 28, 114, 142, 140, 154, 123, 133, 14, 69, 7], [70, 128, 15, 155, 121, 94, 186, 196, 1, 193], [26, 100, 149, 51, 175, 4], [112, 194, 66, 162, 31, 163, 148, 105, 33, 157, 2], [80, 131, 77, 10, 16, 67, 104, 195, 61], [39, 57, 52, 134, 84, 180, 132, 12, 3, 159, 43, 199, 197, 136], [176, 177, 19, 102, 78, 178, 129, 71, 150, 108, 11], [124, 88, 138, 37, 79, 153, 99, 8, 35, 119, 38], [53, 198, 24, 146, 92, 135, 145, 23, 184, 158], [54, 98, 125, 152, 95], [127, 60, 76, 40, 44, 55], [48, 59, 58, 27, 111, 188, 74, 144, 49, 87, 45, 29], [189, 75, 110, 56, 25, 32, 167, 179, 13, 83], [34, 65, 46, 81, 168, 139, 30, 120, 172]]",true
147,585210,2423,Swap,CMT5.vrp,"[[96, 63, 107, 122, 36, 20, 166, 174, 82, 173], [147, 73, 18, 106, 17, 126], [50, 169, 130, 3, 117, 182, 160, 90, 143, 41], [101, 156, 86, 191, 89, 137, 113, 68, 47, 103, 5, 171, 21, 64], [161, 118, 72, 181, 183, 116, 62, 185, 115, 192, 6], [170, 85, 164, 165, 109, 9, 97, 187], [190, 42, 91, 141, 22, 93, 28, 114, 142, 140, 154, 123, 133, 14, 69, 7], [70, 128, 15, 155, 121, 94, 186, 196, 1, 193], [26, 100, 149, 51, 175, 4], [112, 194, 66, 162, 31, 163, 148, 105, 33, 157, 2], [80, 131, 77, 10, 16, 67, 104, 195, 61], [39, 57, 52, 134, 84, 180, 132, 12, 151, 159, 43, 199, 197, 136], [176, 177, 19, 102, 78, 178, 129, 71, 150, 108, 11], [124, 88, 138, 37, 79, 153, 99, 8, 35, 119, 38], [53, 198, 24, 146, 92, 135, 145, 23, 184, 158], [54, 98, 125, 152, 95], [127, 60, 76, 40, 44, 55], [48, 59, 58, 27, 111, 188, 74, 144, 49, 87, 45, 29], [189, 75, 110, 56, 25, 32, 167, 179, 13, 83], [34, 65, 46, 81, 168, 139, 30, 120, 172]]",true
148,588231,2421,Swap,CMT5.vrp,"[[96, 63, 107, 122, 36, 20, 166, 174, 82, 173], [147, 73, 18, 106, 17, 126], [50, 169, 130, 3, 117, 182, 160, 90, 143, 41], [101, 156, 86, 191, 89, 137, 113, 68, 47, 103, 5, 171, 21, 64], [161, 118, 72, 181, 183, 116, 62, 185, 115, 192, 95], [170, 85, 164, 165, 109, 9, 97, 187], [190, 42, 91, 141, 22, 93, 28, 114, 142, 140, 154, 123, 133, 14, 69, 7], [70, 128, 15, 155, 121, 94, 186, 196, 1, 193], [26, 100, 149, 51, 175, 4], [112, 194, 66, 162, 31, 163, 148, 105, 33, 157, 2], [80, 131, 77, 10, 16, 67, 104, 195, 61], [39, 57, 52, 134, 84, 180, 132, 12, 151, 159, 43, 199, 197, 136], [176, 177, 19, 102, 78, 178, 129, 71, 150, 108, 11], [124, 88, 138, 37, 79, 153, 99, 8, 35, 119, 38], [53, 198, 24, 146, 92, 135, 145, 23, 184, 158], [54, 98, 125, 152, 6], [127, 60, 76, 40, 44, 55], [48, 59, 58, 27, 111, 188, 74, 144, 49, 87, 45, 29], [189, 75, 110, 56, 25, 32, 167, 179, 13, 83], [34, 65, 46, 81, 168, 139, 30, 120, 172]]",true
149,591599,2416,Swap,CMT5.vrp,"[[96, 63, 107, 122, 36, 20, 166, 174, 82, 173], [147, 73, 18, 106, 17, 126], [50, 169, 130, 3, 117, 182, 160, 90, 143, 41], [101, 156, 86, 191, 89, 137, 113, 68, 47, 103, 5, 171, 21, 64], [32, 118, 72, 181, 183, 116, 62, 185, 115, 192, 95], [170, 85, 164, 165, 109, 9, 97, 187], [190, 42, 91, 141, 22, 93, 28, 114, 142, 140, 154, 123, 133, 14, 69, 7], [70, 128, 15, 155, 121, 94, 186, 196, 1, 193], [26, 100, 149, 51, 175, 4], [112, 194, 66, 162, 31, 163, 148, 105, 33, 157, 2], [80, 131, 77, 10, 16, 67, 104, 195, 61], [39, 57, 52, 134, 84, 180, 132, 12, 151, 159, 43, 199, 197, 136], [176, 177, 19, 102, 78, 178, 129, 71, 150, 108, 11], [124, 88, 138, 37, 79, 153, 99, 8, 35, 119, 38], [53, 198, 24, 146, 92, 135, 145, 23, 184, 158], [54, 98, 125, 152, 6], [127, 60, 76, 40, 44, 55], [48, 59, 58, 27, 111, 188, 74, 144, 49, 87, 45, 29], [189, 75, 110, 56, 25, 161, 167, 179, 13, 83], [34, 65, 46, 81, 168, 139, 30, 120, 172]]",true
150,595195,2413,Swap,CMT5.vrp,"[[96, 63, 107, 122, 36, 20, 166, 174, 82, 173], [147, 73, 18, 106, 17, 126], [50, 169, 130, 3, 117, 182, 160, 90, 143, 41], [101, 156, 86, 191, 89, 137, 113, 68, 47, 103, 5, 171, 21, 64], [32, 118, 72, 181, 183, 116, 62, 185, 115, 192, 66], [170, 85, 164, 165, 109, 9, 97, 187], [190, 42, 91, 141, 22, 93, 28, 114, 142, 140, 154, 123, 133, 14, 69, 7], [70, 128, 15, 155, 121, 94, 186, 196, 1, 193], [26, 100, 149, 51, 175, 4], [112, 194, 95, 162, 31, 163, 148, 105, 33, 157, 2], [80, 131, 77, 10, 16, 67, 104, 195, 61], [39, 57, 52, 134, 84, 180, 132, 12, 151, 159, 43, 199, 197, 136], [176, 177, 19, 102, 78, 178, 129, 71, 150, 108, 11], [124, 88, 138, 37, 79, 153, 99, 8, 35, 119, 38], [53, 198, 24, 146, 92, 135, 145, 23, 184, 158], [54, 98, 125, 152, 6], [127, 60, 76, 40, 44, 55], [48, 59, 58, 27, 111, 188, 74, 144, 49, 87, 45, 29], [189, 75, 110, 56, 25, 161, 167, 179, 13, 83], [34, 65, 46, 81, 168, 139, 30, 120, 172]]",true
151,598753,2411,Swap,CMT5.vrp,"[[96, 63, 107, 122, 36, 20, 166, 174, 82, 173], [147, 73, 18, 106, 17, 126], [50, 169, 130, 3, 117, 182, 160, 90, 143, 41], [101, 156, 86, 191, 89, 137, 113, 68, 47, 103, 5, 171, 21, 64], [32, 118, 72, 181, 183, 116, 62, 185, 115, 192, 66], [170, 85, 164, 165, 109, 9, 97, 187], [190, 42, 91, 141, 22, 93, 28, 114, 142, 140, 154, 123, 133, 14, 69, 7], [70, 128, 15, 155, 121, 94, 186, 196, 1, 193], [26, 100, 149, 51, 175, 4], [112, 194, 95, 189, 31, 163, 148, 105, 33, 157, 2], [80, 131, 77, 10, 16, 67, 104, 195, 61], [39, 57, 52, 134, 84, 180, 132, 12, 151, 159, 43, 199, 197, 136], [176, 177, 19, 102, 78, 178, 129, 71, 150, 108, 11], [124, 88, 138, 37, 79, 153, 99, 8, 35, 119, 38], [53, 198, 24, 146, 92, 135, 145, 23, 184, 158], [54, 98, 125, 152, 6], [127, 60, 76, 40, 44, 55], [48, 59, 58, 27, 111, 188, 74, 144, 49, 87, 45, 29], [162, 75, 110, 56, 25, 161, 167, 179, 13, 83], [34, 65, 46, 81, 168, 139, 30, 120, 172]]",true
152,601705,2407,Swap,CMT5.vrp,"[[96, 63, 107, 122, 36, 20, 166, 174, 82, 173], [147, 73, 18, 106, 17, 126], [50, 169, 130, 3, 117, 182, 160, 90, 143, 41], [101, 156, 86, 191, 89, 137, 113, 68, 47, 103, 5, 171, 21, 64], [32, 118, 72, 181, 183, 116, 62, 185, 115, 192, 66], [170, 85, 164, 165, 109, 9, 97, 187], [190, 42, 91, 141, 22, 93, 28, 114, 142, 140, 154, 123, 133, 14, 69, 7], [70, 128, 15, 155, 121, 94, 186, 196, 1, 194], [26, 100, 149, 51, 175, 4], [112, 193, 95, 189, 31, 163, 148, 105, 33, 157, 2], [80, 131, 77, 10, 16, 67, 104, 195, 61], [39, 57, 52, 134, 84, 180, 132, 12, 151, 159, 43, 199, 197, 136], [176, 177, 19, 102, 78, 178, 129, 71, 150, 108, 11], [124, 88, 138, 37, 79, 153, 99, 8, 35, 119, 38], [53, 198, 24, 146, 92, 135, 145, 23, 184, 158], [54, 98, 125, 152, 6], [127, 60, 76, 40, 44, 55], [48, 59, 58, 27, 111, 188, 74, 144, 49, 87, 45, 29], [162, 75, 110, 56, 25, 161, 167, 179, 13, 83], [34, 65, 46, 81, 168, 139, 30, 120, 172]]",true
153,604418,2404,Swap,CMT5.vrp,"[[96, 63, 107, 122, 36, 20, 166, 174, 82, 173], [147, 73, 18, 106, 17, 126], [50, 169, 130, 3, 117, 182, 160, 90, 143, 41], [101, 156, 86, 191, 89, 137, 113, 68, 47, 103, 5, 171, 21, 64], [32, 118, 72, 181, 183, 116, 62, 185, 115, 192, 66], [170, 85, 164, 165, 109, 9, 97, 187], [190, 42, 91, 141, 22, 93, 28, 114, 142, 140, 154, 123, 133, 14, 69, 7], [70, 128, 15, 155, 121, 94, 186, 196, 1, 194], [26, 100, 149, 51, 175, 4], [112, 61, 95, 189, 31, 163, 148, 105, 33, 157, 2], [80, 131, 77, 10, 16, 67, 104, 195, 193], [39, 57, 52, 134, 84, 180, 132, 12, 151, 159, 43, 199, 197, 136], [176, 177, 19, 102, 78, 178, 129, 71, 150, 108, 11], [124, 88, 138, 37, 79, 153, 99, 8, 35, 119, 38], [53, 198, 24, 146, 92, 135, 145, 23, 184, 158], [54, 98, 125, 152, 6], [127, 60, 76, 40, 44, 55], [48, 59, 58, 27, 111, 188, 74, 144, 49, 87, 45, 29], [162, 75, 110, 56, 25, 161, 167, 179, 13, 83], [34, 65, 46, 81, 168, 139, 30, 120, 172]]",true
154,607186,2402,Swap,CMT5.vrp,"[[96, 63, 107, 122, 36, 20, 166, 174, 82, 173], [147, 146, 18, 106, 17, 126], [50, 169, 130, 3, 117, 182, 160, 90, 143, 41], [101, 156, 86, 191, 89, 137, 113, 68, 47, 103, 5, 171, 21, 64], [32, 118, 72, 181, 183, 116, 62, 185, 115, 192, 66], [170, 85, 164, 165, 109, 9, 97, 187], [190, 42, 91, 141, 22, 93, 28, 114, 142, 140, 154, 123, 133, 14, 69, 7], [70, 128, 15, 155, 121, 94, 186, 196, 1, 194], [26, 100, 149, 51, 175, 4], [112, 61, 95, 189, 31, 163, 148, 105, 33, 157, 2], [80, 131, 77, 10, 16, 67, 104, 195, 193], [39, 57, 52, 134, 84, 180, 132, 12, 151, 159, 43, 199, 197, 136], [176, 177, 19, 102, 78, 178, 129, 71, 150, 108, 11], [124, 88, 138, 37, 79, 153, 99, 8, 35, 119, 38], [53, 198, 24, 73, 92, 135, 145, 23, 184, 158], [54, 98, 125, 152, 6], [127, 60, 76, 40, 44, 55], [48, 59, 58, 27, 111, 188, 74, 144, 49, 87, 45, 29], [162, 75, 110, 56, 25, 161, 167, 179, 13, 83], [34, 65, 46, 81, 168, 139, 30, 120, 172]]",true
155,610679,2401,Swap,CMT5.vrp,"[[96, 63, 107, 122, 36, 20, 166, 174, 82, 173], [147, 146, 18, 106, 17, 126], [50, 169, 130, 3, 117, 182, 160, 90, 143, 41], [101, 156, 86, 191, 89, 137, 113, 68, 47, 103, 5, 171, 21, 64], [32, 118, 72, 181, 183, 116, 62, 185, 115, 192, 66], [170, 85, 164, 165, 109, 9, 97, 187], [190, 42, 91, 141, 22, 93, 28, 114, 142, 140, 154, 123, 133, 14, 180, 7], [70, 128, 15, 155, 121, 94, 186, 196, 1, 194], [26, 100, 149, 51, 175, 4], [112, 61, 95, 189, 31, 163, 148, 105, 33, 157, 2], [80, 131, 77, 10, 16, 67, 104, 195, 193], [39, 57, 52, 134, 84, 69, 132, 12, 151, 159, 43, 199, 197, 136], [176, 177, 19, 102, 78, 178, 129, 71, 150, 108, 11], [124, 88, 138, 37, 79, 153, 99, 8, 35, 119, 38], [53, 198, 24, 73, 92, 135, 145, 23, 184, 158], [54, 98, 125, 152, 6], [127, 60, 76, 40, 44, 55], [48, 59, 58, 27, 111, 188, 74, 144, 49, 87, 45, 29], [162, 75, 110, 56, 25, 161, 167, 179, 13, 83], [34, 65, 46, 81, 168, 139, 30, 120, 172]]",true
156,614399,2399,Swap,CMT5.vrp,"[[96, 63, 107, 122, 36, 20, 166, 174, 82, 173], [147, 146, 18, 106, 17, 126], [50, 169, 130, 3, 117, 182, 160, 90, 143, 41], [101, 156, 86, 191, 89, 137, 113, 68, 47, 103, 5, 171, 21, 64], [32, 118, 72, 181, 183, 116, 62, 185, 115, 192, 66], [170, 85, 164, 165, 109, 9, 97, 187], [190, 42, 91, 141, 22, 93, 28, 114, 142, 140, 154, 123, 133, 14, 180, 7], [70, 128, 15, 155, 121, 94, 186, 196, 1, 194], [26, 100, 149, 51, 175, 4], [112, 61, 95, 189, 31, 163, 148, 105, 33, 157, 2], [80, 131, 77, 10, 16, 67, 104, 195, 193], [39, 57, 52, 134, 84, 69, 132, 12, 151, 159, 43, 199, 197, 136], [176, 177, 19, 35, 78, 178, 129, 71, 150, 108, 11], [124, 88, 138, 37, 79, 153, 99, 8, 102, 119, 38], [53, 198, 24, 73, 92, 135, 145, 23, 184, 158], [54, 98, 125, 152, 6], [127, 60, 76, 40, 44, 55], [48, 59, 58, 27, 111, 188, 74, 144, 49, 87, 45, 29], [162, 75, 110, 56, 25, 161, 167, 179, 13, 83], [34, 65, 46, 81, 168, 139, 30, 120, 172]]",true
157,619458,2398,Swap,CMT5.vrp,"[[96, 63, 107, 122, 36, 20, 166, 174, 82, 173], [147, 146, 18, 106, 17, 126], [50, 169, 130, 3, 117, 182, 160, 90, 143, 41], [101, 156, 86, 191, 89, 137, 113, 68, 47, 103, 5, 171, 21, 64], [32, 118, 72, 181, 183, 116, 62, 185, 115, 192, 66], [170, 85, 164, 165, 109, 9, 97, 187], [190, 42, 91, 141, 22, 93, 28, 114, 142, 140, 154, 123, 133, 14, 180, 7], [70, 128, 15, 124, 121, 94, 186, 196, 1, 194], [26, 100, 149, 51, 175, 4], [112, 61, 95, 189, 31, 163, 148, 105, 33, 157, 2], [80, 131, 77, 10, 16, 67, 104, 195, 193], [39, 57, 52, 134, 84, 69, 132, 12, 151, 159, 43, 199, 197, 136], [176, 177, 19, 35, 78, 178, 129, 71, 150, 108, 11], [155, 88, 138, 37, 79, 153, 99, 8, 102, 119, 38], [53, 198, 24, 73, 92, 135, 145, 23, 184, 158], [54, 98, 125, 152, 6], [127, 60, 76, 40, 44, 55], [48, 59, 58, 27, 111, 188, 74, 144, 49, 87, 45, 29], [162, 75, 110, 56, 25, 161, 167, 179, 13, 83], [34, 65, 46, 81, 168, 139, 30, 120, 172]]",true
158,622426,2396,Swap,CMT5.vrp,"[[96, 63, 107, 122, 36, 20, 166, 174, 82, 173], [147, 146, 18, 106, 17, 126], [50, 12, 130, 3, 117, 182, 160, 90, 143, 41], [101, 156, 86, 191, 89, 137, 113, 68, 47, 103, 5, 171, 21, 64], [32, 118, 72, 181, 183, 116, 62, 185, 115, 192, 66], [170, 85, 164, 165, 109, 9, 97, 187], [190, 42, 91, 141, 22, 93, 28, 114, 142, 140, 154, 123, 133, 14, 180, 7], [70, 128, 15, 124, 121, 94, 186, 196, 1, 194], [26, 100, 149, 51, 175, 4], [112, 61, 95, 189, 31, 163, 148, 105, 33, 157, 2], [80, 131, 77, 10, 16, 67, 104, 195, 193], [39, 57, 52, 134, 84, 69, 132, 169, 151, 159, 43, 199, 197, 136], [176, 177, 19, 35, 78, 178, 129, 71, 150, 108, 11], [155, 88, 138, 37, 79, 153, 99, 8, 102, 119, 38], [53, 198, 24, 73, 92, 135, 145, 23, 184, 158], [54, 98, 125, 152, 6], [127, 60, 76, 40, 44, 55], [48, 59, 58, 27, 111, 188, 74, 144, 49, 87, 45, 29], [162, 75, 110, 56, 25, 161, 167, 179, 13, 83], [34, 65, 46, 81, 168, 139, 30, 120, 172]]",true
159,625213,2388,Swap,CMT5.vrp,"[[96, 63, 107, 122, 36, 20, 166, 174, 82, 173], [147, 146, 18, 106, 17, 126], [50, 12, 130, 3, 117, 182, 160, 90, 143, 41], [101, 156, 86, 191, 89, 137, 113, 68, 47, 103, 5, 171, 21, 64], [32, 118, 72, 181, 183, 116, 62, 185, 115, 192, 66], [170, 85, 164, 165, 109, 9, 97, 187], [190, 42, 91, 141, 22, 93, 28, 114, 142, 140, 154, 123, 133, 14, 180, 7], [70, 128, 15, 124, 121, 94, 186, 196, 1, 194], [26, 100, 149, 51, 175, 4], [112, 61, 95, 189, 31, 163, 148, 105, 33, 157, 2], [80, 131, 77, 10, 16, 67, 104, 195, 193], [39, 57, 52, 134, 84, 69, 129, 169, 151, 159, 43, 199, 197, 136], [176, 177, 19, 35, 78, 178, 132, 71, 150, 108, 11], [155, 88, 138, 37, 79, 153, 99, 8, 102, 119, 38], [53, 198, 24, 73, 92, 135, 145, 23, 184, 158], [54, 98, 125, 152, 6], [127, 60, 76, 40, 44, 55], [48, 59, 58, 27, 111, 188, 74, 144, 49, 87, 45, 29], [162, 75, 110, 56, 25, 161, 167, 179, 13, 83], [34, 65, 46, 81, 168, 139, 30, 120, 172]]",true
160,627907,2385,Swap,CMT5.vrp,"[[96, 63, 107, 122, 36, 20, 166, 174, 82, 173], [147, 146, 18, 106, 17, 126], [50, 12, 130, 3, 117, 182, 160, 90, 143, 41], [101, 156, 86, 191, 89, 137, 113, 68, 47, 103, 5, 171, 21, 64], [32, 118, 72, 181, 183, 116, 62, 185, 115, 192, 66], [170, 85, 164, 165, 109, 9, 97, 187], [190, 42, 91, 141, 22, 93, 28, 114, 142, 140, 154, 123, 133, 14, 180, 7], [70, 128, 15, 124, 121, 94, 186, 196, 1, 194], [26, 100, 149, 51, 175, 4], [112, 61, 95, 189, 31, 163, 148, 105, 33, 157, 2], [80, 131, 77, 10, 16, 67, 104, 195, 193], [39, 57, 52, 134, 84, 71, 129, 169, 151, 159, 43, 199, 197, 136], [176, 177, 19, 35, 78, 178, 132, 69, 150, 108, 11], [155, 88, 138, 37, 79, 153, 99, 8, 102, 119, 38], [53, 198, 24, 73, 92, 135, 145, 23, 184, 158], [54, 98, 125, 152, 6], [127, 60, 76, 40, 44, 55], [48, 59, 58, 27, 111, 188, 74, 144, 49, 87, 45, 29], [162, 75, 110, 56, 25, 161, 167, 179, 13, 83], [34, 65, 46, 81, 168, 139, 30, 120, 172]]",true
161,631526,2381,Swap,CMT5.vrp,"[[96, 63, 107, 122, 36, 20, 166, 174, 82, 173], [147, 146, 18, 106, 17, 126], [50, 12, 130, 3, 117, 182, 160, 90, 143, 41], [101, 156, 86, 191, 89, 137, 113, 68, 47, 103, 5, 171, 21, 64], [32, 118, 72, 181, 183, 116, 62, 185, 115, 192, 66], [170, 85, 164, 165, 109, 9, 97, 187], [190, 42, 91, 141, 22, 93, 28, 114, 142, 140, 154, 123, 133, 14, 180, 7], [70, 128, 15, 124, 121, 94, 186, 196, 1, 194], [26, 100, 149, 51, 175, 4], [112, 61, 95, 189, 31, 163, 148, 105, 33, 157, 2], [80, 131, 77, 10, 16, 67, 104, 195, 193], [39, 57, 52, 134, 84, 38, 129, 169, 151, 159, 43, 199, 197, 136], [176, 177, 19, 35, 78, 178, 132, 69, 150, 108, 11], [155, 88, 138, 37, 79, 153, 99, 8, 102, 119, 71], [53, 198, 24, 73, 92, 135, 145, 23, 184, 158], [54, 98, 125, 152, 6], [127, 60, 76, 40, 44, 55], [48, 59, 58, 27, 111, 188, 74, 144, 49, 87, 45, 29], [162, 75, 110, 56, 25, 161, 167, 179, 13, 83], [34, 65, 46, 81, 168, 139, 30, 120, 172]]",true
162,634370,2375,Swap,CMT5.vrp,"[[96, 63, 107, 122, 36, 20, 166, 174, 82, 173], [147, 146, 18, 106, 17, 126], [50, 12, 130, 3, 117, 182, 160, 90, 143, 41], [101, 156, 86, 191, 89, 137, 113, 68, 47, 103, 5, 171, 21, 64], [32, 118, 72, 181, 183, 116, 62, 185, 115, 192, 66], [170, 85, 164, 165, 109, 9, 97, 187], [190, 42, 91, 141, 22, 93, 28, 114, 142, 140, 154, 123, 133, 14, 180, 7], [70, 128, 15, 124, 121, 94, 186, 196, 1, 194], [26, 100, 149, 51, 175, 4], [112, 61, 95, 189, 31, 163, 148, 105, 33, 157, 2], [80, 131, 77, 10, 16, 67, 104, 195, 193], [39, 57, 52, 134, 84, 38, 119, 169, 151, 159, 43, 199, 197, 136], [176, 177, 19, 35, 78, 178, 132, 69, 150, 108, 11], [155, 88, 138, 37, 79, 153, 99, 8, 102, 129, 71], [53, 198, 24, 73, 92, 135, 145, 23, 184, 158], [54, 98, 125, 152, 6], [127, 60, 76, 40, 44, 55], [48, 59, 58, 27, 111, 188, 74, 144, 49, 87, 45, 29], [162, 75, 110, 56, 25, 161, 167, 179, 13, 83], [34, 65, 46, 81, 168, 139, 30, 120, 172]]",true
163,638471,2371,Swap,CMT5.vrp,"[[96, 63, 107, 122, 36, 20, 166, 174, 82, 173], [147, 146, 18, 106, 17, 126], [50, 12, 130, 3, 117, 182, 160, 90, 143, 41], [101, 156, 86, 191, 89, 137, 113, 68, 47, 103, 5, 171, 21, 64], [32, 118, 72, 181, 183, 116, 62, 185, 115, 192, 66], [170, 85, 164, 165, 109, 9, 97, 187], [190, 42, 91, 141, 22, 93, 28, 114, 142, 140, 154, 123, 133, 14, 69, 7], [70, 128, 15, 124, 121, 94, 186, 196, 1, 194], [26, 100, 149, 51, 175, 4], [112, 61, 95, 189, 31, 163, 148, 105, 33, 157, 2], [80, 131, 77, 10, 16, 67, 104, 195, 193], [39, 57, 52, 134, 84, 38, 119, 169, 151, 159, 43, 199, 197, 136], [176, 177, 19, 35, 78, 178, 132, 180, 150, 108, 11], [155, 88, 138, 37, 79, 153, 99, 8, 102, 129, 71], [53, 198, 24, 73, 92, 135, 145, 23, 184, 158], [54, 98, 125, 152, 6], [127, 60, 76, 40, 44, 55], [48, 59, 58, 27, 111, 188, 74, 144, 49, 87, 45, 29], [162, 75, 110, 56, 25, 161, 167, 179, 13, 83], [34, 65, 46, 81, 168, 139, 30, 120, 172]]",true
164,641836,2370,Swap,CMT5.vrp,"[[96, 63, 107, 122, 36, 20, 166, 174, 82, 173], [147, 146, 18, 106, 17, 126], [50, 12, 130, 3, 117, 182, 160, 90, 143, 41], [101, 156, 86, 191, 89, 137, 113, 68, 47, 103, 5, 171, 21, 64], [32, 118, 72, 181, 183, 116, 62, 185, 115, 192, 66], [170, 85, 164, 165, 109, 9, 97, 187], [190, 42, 91, 141, 22, 93, 28, 114, 142, 140, 154, 123, 133, 14, 69, 7], [70, 128, 15, 124, 121, 94, 186, 196, 1, 194], [26, 100, 149, 51, 175, 4], [112, 61, 95, 189, 31, 163, 148, 105, 33, 157, 2], [80, 131, 77, 10, 159, 67, 104, 195, 193], [39, 57, 52, 134, 84, 38, 119, 169, 151, 16, 43, 199, 197, 136], [176, 177, 19, 35, 78, 178, 132, 180, 150, 108, 11], [155, 88, 138, 37, 79, 153, 99, 8, 102, 129, 71], [53, 198, 24, 73, 92, 135, 145, 23, 184, 158], [54, 98, 125, 152, 6], [127, 60, 76, 40, 44, 55], [48, 59, 58, 27, 111, 188, 74, 144, 49, 87, 45, 29], [162, 75, 110, 56, 25, 161, 167, 179, 13, 83], [34, 65, 46, 81, 168, 139, 30, 120, 172]]",true
165,644919,2368,Swap,CMT5.vrp,"[[96, 63, 107, 122, 36, 20, 166, 174, 82, 173], [147, 146, 18, 106, 17, 126], [50, 12, 130, 3, 117, 182, 160, 90, 143, 41], [101, 156, 86, 191, 89, 137, 113, 68, 47, 103, 5, 171, 21, 64], [32, 118, 72, 181, 183, 116, 62, 185, 115, 192, 66], [84, 85, 164, 165, 109, 9, 97, 187], [190, 42, 91, 141, 22, 93, 28, 114, 142, 140, 154, 123, 133, 14, 69, 7], [70, 128, 15, 124, 121, 94, 186, 196, 1, 194], [26, 100, 149, 51, 175, 4], [112, 61, 95, 189, 31, 163, 148, 105, 33, 157, 2], [80, 131, 77, 10, 159, 67, 104, 195, 193], [39, 57, 52, 134, 170, 38, 119, 169, 151, 16, 43, 199, 197, 136], [176, 177, 19, 35, 78, 178, 132, 180, 150, 108, 11], [155, 88, 138, 37, 79, 153, 99, 8, 102, 129, 71], [53, 198, 24, 73, 92, 135, 145, 23, 184, 158], [54, 98, 125, 152, 6], [127, 60, 76, 40, 44, 55], [48, 59, 58, 27, 111, 188, 74, 144, 49, 87, 45, 29], [162, 75, 110, 56, 25, 161, 167, 179, 13, 83], [34, 65, 46, 81, 168, 139, 30, 120, 172]]",true
166,649889,2367,Swap,CMT5.vrp,"[[188, 63, 107, 122, 36, 20, 166, 174, 82, 173], [147, 146, 18, 106, 17, 126], [50, 12, 130, 3, 117, 182, 160, 90, 143, 41], [101, 156, 86, 191, 89, 137, 113, 68, 47, 103, 5, 171, 21, 64], [32, 118, 72, 181, 183, 116, 62, 185, 115, 192, 66], [84, 85, 164, 165, 109, 9, 97, 187], [190, 42, 91, 141, 22, 93, 28, 114, 142, 140, 154, 123, 133, 14, 69, 7], [70, 128, 15, 124, 121, 94, 186, 196, 1, 194], [26, 100, 149, 51, 175, 4], [112, 61, 95, 189, 31, 163, 148, 105, 33, 157, 2], [80, 131, 77, 10, 159, 67, 104, 195, 193], [39, 57, 52, 134, 170, 38, 119, 169, 151, 16, 43, 199, 197, 136], [176, 177, 19, 35, 78, 178, 132, 180, 150, 108, 11], [155, 88, 138, 37, 79, 153, 99, 8, 102, 129, 71], [53, 198, 24, 73, 92, 135, 145, 23, 184, 158], [54, 98, 125, 152, 6], [127, 60, 76, 40, 44, 55], [48, 59, 58, 27, 111, 96, 74, 144, 49, 87, 45, 29], [162, 75, 110, 56, 25, 161, 167, 179, 13, 83], [34, 65, 46, 81, 168, 139, 30, 120, 172]]",true
167,655522,2365,Swap,CMT5.vrp,"[[188, 63, 96, 122, 36, 20, 166, 174, 82, 173], [147, 146, 18, 106, 17, 126], [50, 12, 130, 3, 117, 182, 160, 90, 143, 41], [101, 156, 86, 191, 89, 137, 113, 68, 47, 103, 5, 171, 21, 64], [32, 118, 72, 181, 183, 116, 62, 185, 115, 192, 66], [84, 85, 164, 165, 109, 9, 97, 187], [190, 42, 91, 141, 22, 93, 28, 114, 142, 140, 154, 123, 133, 14, 69, 7], [70, 128, 15, 124, 121, 94, 186, 196, 1, 194], [26, 100, 149, 51, 175, 4], [112, 61, 95, 189, 31, 163, 148, 105, 33, 157, 2], [80, 131, 77, 10, 159, 67, 104, 195, 193], [39, 57, 52, 134, 170, 38, 119, 169, 151, 16, 43, 199, 197, 136], [176, 177, 19, 35, 78, 178, 132, 180, 150, 108, 11], [155, 88, 138, 37, 79, 153, 99, 8, 102, 129, 71], [53, 198, 24, 73, 92, 135, 145, 23, 184, 158], [54, 98, 125, 152, 6], [127, 60, 76, 40, 44, 55], [48, 59, 58, 27, 111, 107, 74, 144, 49, 87, 45, 29], [162, 75, 110, 56, 25, 161, 167, 179, 13, 83], [34, 65, 46, 81, 168, 139, 30, 120, 172]]",true
168,660309,2353,Swap,CMT5.vrp,"[[188, 198, 96, 122, 36, 20, 166, 174, 82, 173], [147, 146, 18, 106, 17, 126], [50, 12, 130, 3, 117, 182, 160, 90, 143, 41], [101, 156, 86, 191, 89, 137, 113, 68, 47, 103, 5, 171, 21, 64], [32, 118, 72, 181, 183, 116, 62, 185, 115, 192, 66], [84, 85, 164, 165, 109, 9, 97, 187], [190, 42, 91, 141, 22, 93, 28, 114, 142, 140, 154, 123, 133, 14, 69, 7], [70, 128, 15, 124, 121, 94, 186, 196, 1, 194], [26, 100, 149, 51, 175, 4], [112, 61, 95, 189, 31, 163, 148, 105, 33, 157, 2], [80, 131, 77, 10, 159, 67, 104, 195, 193], [39, 57, 52, 134, 170, 38, 119, 169, 151, 16, 43, 199, 197, 136], [176, 177, 19, 35, 78, 178, 132, 180, 150, 108, 11], [155, 88, 138, 37, 79, 153, 99, 8, 102, 129, 71], [53, 63, 24, 73, 92, 135, 145, 23, 184, 158], [54, 98, 125, 152, 6], [127, 60, 76, 40, 44, 55], [48, 59, 58, 27, 111, 107, 74, 144, 49, 87, 45, 29], [162, 75, 110, 56, 25, 161, 167, 179, 13, 83], [34, 65, 46, 81, 168, 139, 30, 120, 172]]",true
169,664752,2337,Swap,CMT5.vrp,"[[188, 198, 53, 122, 36, 20, 166, 174, 82, 173], [147, 146, 18, 106, 17, 126], [50, 12, 130, 3, 117, 182, 160, 90, 143, 41], [101, 156, 86, 191, 89, 137, 113, 68, 47, 103, 5, 171, 21, 64], [32, 118, 72, 181, 183, 116, 62, 185, 115, 192, 66], [84, 85, 164, 165, 109, 9, 97, 187], [190, 42, 91, 141, 22, 93, 28, 114, 142, 140, 154, 123, 133, 14, 69, 7], [70, 128, 15, 124, 121, 94, 186, 196, 1, 194], [26, 100, 149, 51, 175, 4], [112, 61, 95, 189, 31, 163, 148, 105, 33, 157, 2], [80, 131, 77, 10, 159, 67, 104, 195, 193], [39, 57, 52, 134, 170, 38, 119, 169, 151, 16, 43, 199, 197, 136], [176, 177, 19, 35, 78, 178, 132, 180, 150, 108, 11], [155, 88, 138, 37, 79, 153, 99, 8, 102, 129, 71], [96, 63, 24, 73, 92, 135, 145, 23, 184, 158], [54, 98, 125, 152, 6], [127, 60, 76, 40, 44, 55], [48, 59, 58, 27, 111, 107, 74, 144, 49, 87, 45, 29], [162, 75, 110, 56, 25, 161, 167, 179, 13, 83], [34, 65, 46, 81, 168, 139, 30, 120, 172]]",true
170,668075,2334,Swap,CMT5.vrp,"[[96, 198, 53, 122, 36, 20, 166, 174, 82, 173], [147, 146, 18, 106, 17, 126], [50, 12, 130, 3, 117, 182, 160, 90, 143, 41], [101, 156, 86, 191, 89, 137, 113, 68, 47, 103, 5, 171, 21, 64], [32, 118, 72, 181, 183, 116, 62, 185, 115, 192, 66], [84, 85, 164, 165, 109, 9, 97, 187], [190, 42, 91, 141, 22, 93, 28, 114, 142, 140, 154, 123, 133, 14, 69, 7], [70, 128, 15, 124, 121, 94, 186, 196, 1, 194], [26, 100, 149, 51, 175, 4], [112, 61, 95, 189, 31, 163, 148, 105, 33, 157, 2], [80, 131, 77, 10, 159, 67, 104, 195, 193], [39, 57, 52, 134, 170, 38, 119, 169, 151, 16, 43, 199, 197, 136], [176, 177, 19, 35, 78, 178, 132, 180, 150, 108, 11], [155, 88, 138, 37, 79, 153, 99, 8, 102, 129, 71], [188, 63, 24, 73, 92, 135, 145, 23, 184, 158], [54, 98, 125, 152, 6], [127, 60, 76, 40, 44, 55], [48, 59, 58, 27, 111, 107, 74, 144, 49, 87, 45, 29], [162, 75, 110, 56, 25, 161, 167, 179, 13, 83], [34, 65, 46, 81, 168, 139, 30, 120, 172]]",true
171,671262,2330,Swap,CMT5.vrp,"[[96, 198, 66, 122, 36, 20, 166, 174, 82, 173], [147, 146, 18, 106, 17, 126], [50, 12, 130, 3, 117, 182, 160, 90, 143, 41], [101, 156, 86, 191, 89, 137, 113, 68, 47, 103, 5, 171, 21, 64], [32, 118, 72, 181, 183, 116, 62, 185, 115, 192, 53], [84, 85, 164, 165, 109, 9, 97, 187], [190, 42, 91, 141, 22, 93, 28, 114, 142, 140, 154, 123, 133, 14, 69, 7], [70, 128, 15, 124, 121, 94, 186, 196, 1, 194], [26, 100, 149, 51, 175, 4], [112, 61, 95, 189, 31, 163, 148, 105, 33, 157, 2], [80, 131, 77, 10, 159, 67, 104, 195, 193], [39, 57, 52, 134, 170, 38, 119, 169, 151, 16, 43, 199, 197, 136], [176, 177, 19, 35, 78, 178, 132, 180, 150, 108, 11], [155, 88, 138, 37, 79, 153, 99, 8, 102, 129, 71], [188, 63, 24, 73, 92, 135, 145, 23, 184, 158], [54, 98, 125, 152, 6], [127, 60, 76, 40, 44, 55], [48, 59, 58, 27, 111, 107, 74, 144, 49, 87, 45, 29], [162, 75, 110, 56, 25, 161, 167, 179, 13, 83], [34, 65, 46, 81, 168, 139, 30, 120, 172]]",true
172,674466,2328,Swap,CMT5.vrp,"[[96, 193, 66, 122, 36, 20, 166, 174, 82, 173], [147, 146, 18, 106, 17, 126], [50, 12, 130, 3, 117, 182, 160, 90, 143, 41], [101, 156, 86, 191, 89, 137, 113, 68, 47, 103, 5, 171, 21, 64], [32, 118, 72, 181, 183, 116, 62, 185, 115, 192, 53], [84, 85, 164, 165, 109, 9, 97, 187], [190, 42, 91, 141, 22, 93, 28, 114, 142, 140, 154, 123, 133, 14, 69, 7], [70, 128, 15, 124, 121, 94, 186, 196, 1, 194], [26, 100, 149, 51, 175, 4], [112, 61, 95, 189, 31, 163, 148, 105, 33, 157, 2], [80, 131, 77, 10, 159, 67, 104, 195, 198], [39, 57, 52, 134, 170, 38, 119, 169, 151, 16, 43, 199, 197, 136], [176, 177, 19, 35, 78, 178, 132, 180, 150, 108, 11], [155, 88, 138, 37, 79, 153, 99, 8, 102, 129, 71], [188, 63, 24, 73, 92, 135, 145, 23, 184, 158], [54, 98, 125, 152, 6], [127, 60, 76, 40, 44, 55], [48, 59, 58, 27, 111, 107, 74, 144, 49, 87, 45, 29], [162, 75, 110, 56, 25, 161, 167, 179, 13, 83], [34, 65, 46, 81, 168, 139, 30, 120, 172]]",true
173,677624,2324,Swap,CMT5.vrp,"[[96, 193, 86, 122, 36, 20, 166, 174, 82, 173], [147, 146, 18, 106, 17, 126], [50, 12, 130, 3, 117, 182, 160, 90, 143, 41], [101, 156, 66, 191, 89, 137, 113, 68, 47, 103, 5, 171, 21, 64], [32, 118, 72, 181, 183, 116, 62, 185, 115, 192, 53], [84, 85, 164, 165, 109, 9, 97, 187], [190, 42, 91, 141, 22, 93, 28, 114, 142, 140, 154, 123, 133, 14, 69, 7], [70, 128, 15, 124, 121, 94, 186, 196, 1, 194], [26, 100, 149, 51, 175, 4], [112, 61, 95, 189, 31, 163, 148, 105, 33, 157, 2], [80, 131, 77, 10, 159, 67, 104, 195, 198], [39, 57, 52, 134, 170, 38, 119, 169, 151, 16, 43, 199, 197, 136], [176, 177, 19, 35, 78, 178, 132, 180, 150, 108, 11], [155, 88, 138, 37, 79, 153, 99, 8, 102, 129, 71], [188, 63, 24, 73, 92, 135, 145, 23, 184, 158], [54, 98, 125, 152, 6], [127, 60, 76, 40, 44, 55], [48, 59, 58, 27, 111, 107, 74, 144, 49, 87, 45, 29], [162, 75, 110, 56, 25, 161, 167, 179, 13, 83], [34, 65, 46, 81, 168, 139, 30, 120, 172]]",true
174,680842,2321,Swap,CMT5.vrp,"[[96, 193, 86, 122, 36, 20, 166, 174, 82, 173], [147, 146, 18, 106, 17, 126], [50, 12, 130, 3, 117, 182, 160, 90, 143, 41], [101, 156, 66, 191, 89, 137, 113, 68, 47, 103, 5, 171, 21, 64], [32, 118, 72, 181, 183, 116, 62, 185, 115, 192, 195], [84, 85, 164, 165, 109, 9, 97, 187], [190, 42, 91, 141, 22, 93, 28, 114, 142, 140, 154, 123, 133, 14, 69, 7], [70, 128, 15, 124, 121, 94, 186, 196, 1, 194], [26, 100, 149, 51, 175, 4], [112, 61, 95, 189, 31, 163, 148, 105, 33, 157, 2], [80, 131, 77, 10, 159, 67, 104, 53, 198], [39, 57, 52, 134, 170, 38, 119, 169, 151, 16, 43, 199, 197, 136], [176, 177, 19, 35, 78, 178, 132, 180, 150, 108, 11], [155, 88, 138, 37, 79, 153, 99, 8, 102, 129, 71], [188, 63, 24, 73, 92, 135, 145, 23, 184, 158], [54, 98, 125, 152, 6], [127, 60, 76, 40, 44, 55], [48, 59, 58, 27, 111, 107, 74, 144, 49, 87, 45, 29], [162, 75, 110, 56, 25, 161, 167, 179, 13, 83], [34, 65, 46, 81, 168, 139, 30, 120, 172]]",true
175,683847,2317,Swap,CMT5.vrp,"[[96, 193, 156, 122, 36, 20, 166, 174, 82, 173], [147, 146, 18, 106, 17, 126], [50, 12, 130, 3, 117, 182, 160, 90, 143, 41], [101, 86, 66, 191, 89, 137, 113, 68, 47, 103, 5, 171, 21, 64], [32, 118, 72, 181, 183, 116, 62, 185, 115, 192, 195], [84, 85, 164, 165, 109, 9, 97, 187], [190, 42, 91, 141, 22, 93, 28, 114, 142, 140, 154, 123, 133, 14, 69, 7], [70, 128, 15, 124, 121, 94, 186, 196, 1, 194], [26, 100, 149, 51, 175, 4], [112, 61, 95, 189, 31, 163, 148, 105, 33, 157, 2], [80, 131, 77, 10, 159, 67, 104, 53, 198], [39, 57, 52, 134, 170, 38, 119, 169, 151, 16, 43, 199, 197, 136], [176, 177, 19, 35, 78, 178, 132, 180, 150, 108, 11], [155, 88, 138, 37, 79, 153, 99, 8, 102, 129, 71], [188, 63, 24, 73, 92, 135, 145, 23, 184, 158], [54, 98, 125, 152, 6], [127, 60, 76, 40, 44, 55], [48, 59, 58, 27, 111, 107, 74, 144, 49, 87, 45, 29], [162, 75, 110, 56, 25, 161, 167, 179, 13, 83], [34, 65, 46, 81, 168, 139, 30, 120, 172]]",true
176,687436,2315,Swap,CMT5.vrp,"[[96, 193, 156, 122, 36, 20, 166, 174, 82, 173], [147, 146, 18, 106, 17, 126], [50, 12, 130, 3, 117, 182, 160, 90, 143, 41], [101, 86, 66, 191, 89, 137, 113, 91, 47, 103, 5, 171, 21, 64], [32, 118, 72, 181, 183, 116, 62, 185, 115, 192, 195], [84, 85, 164, 165, 109, 9, 97, 187], [190, 42, 68, 141, 22, 93, 28, 114, 142, 140, 154, 123, 133, 14, 69, 7], [70, 128, 15, 124, 121, 94, 186, 196, 1, 194], [26, 100, 149, 51, 175, 4], [112, 61, 95, 189, 31, 163, 148, 105, 33, 157, 2], [80, 131, 77, 10, 159, 67, 104, 53, 198], [39, 57, 52, 134, 170, 38, 119, 169, 151, 16, 43, 199, 197, 136], [176, 177, 19, 35, 78, 178, 132, 180, 150, 108, 11], [155, 88, 138, 37, 79, 153, 99, 8, 102, 129, 71], [188, 63, 24, 73, 92, 135, 145, 23, 184, 158], [54, 98, 125, 152, 6], [127, 60, 76, 40, 44, 55], [48, 59, 58, 27, 111, 107, 74, 144, 49, 87, 45, 29], [162, 75, 110, 56, 25, 161, 167, 179, 13, 83], [34, 65, 46, 81, 168, 139, 30, 120, 172]]",true
177,690232,2313,Swap,CMT5.vrp,"[[112, 193, 156, 122, 36, 20, 166, 174, 82, 173], [147, 146, 18, 106, 17, 126], [50, 12, 130, 3, 117, 182, 160, 90, 143, 41], [101, 86, 66, 191, 89, 137, 113, 91, 47, 103, 5, 171, 21, 64], [32, 118, 72, 181, 183, 116, 62, 185, 115, 192, 195], [84, 85, 164, 165, 109, 9, 97, 187], [190, 42, 68, 141, 22, 93, 28, 114, 142, 140, 154, 123, 133, 14, 69, 7], [70, 128, 15, 124, 121, 94, 186, 196, 1, 194], [26, 100, 149, 51, 175, 4], [96, 61, 95, 189, 31, 163, 148, 105, 33, 157, 2], [80, 131, 77, 10, 159, 67, 104, 53, 198], [39, 57, 52, 134, 170, 38, 119, 169, 151, 16, 43, 199, 197, 136], [176, 177, 19, 35, 78, 178, 132, 180, 150, 108, 11], [155, 88, 138, 37, 79, 153, 99, 8, 102, 129, 71], [188, 63, 24, 73, 92, 135, 145, 23, 184, 158], [54, 98, 125, 152, 6], [127, 60, 76, 40, 44, 55], [48, 59, 58, 27, 111, 107, 74, 144, 49, 87, 45, 29], [162, 75, 110, 56, 25, 161, 167, 179, 13, 83], [34, 65, 46, 81, 168, 139, 30, 120, 172]]",true
178,692945,2311,Swap,CMT5.vrp,"[[112, 194, 156, 122, 36, 20, 166, 174, 82, 173], [147, 146, 18, 106, 17, 126], [50, 12, 130, 3, 117, 182, 160, 90, 143, 41], [101, 86, 66, 191, 89, 137, 113, 91, 47, 103, 5, 171, 21, 64], [32, 118, 72, 181, 183, 116, 62, 185, 115, 192, 195], [84, 85, 164, 165, 109, 9, 97, 187], [190, 42, 68, 141, 22, 93, 28, 114, 142, 140, 154, 123, 133, 14, 69, 7], [70, 128, 15, 124, 121, 94, 186, 196, 1, 193], [26, 100, 149, 51, 175, 4], [96, 61, 95, 189, 31, 163, 148, 105, 33, 157, 2], [80, 131, 77, 10, 159, 67, 104, 53, 198], [39, 57, 52, 134, 170, 38, 119, 169, 151, 16, 43, 199, 197, 136], [176, 177, 19, 35, 78, 178, 132, 180, 150, 108, 11], [155, 88, 138, 37, 79, 153, 99, 8, 102, 129, 71], [188, 63, 24, 73, 92, 135, 145, 23, 184, 158], [54, 98, 125, 152, 6], [127, 60, 76, 40, 44, 55], [48, 59, 58, 27, 111, 107, 74, 144, 49, 87, 45, 29], [162, 75, 110, 56, 25, 161, 167, 179, 13, 83], [34, 65, 46, 81, 168, 139, 30, 120, 172]]",true
179,695712,2310,Swap,CMT5.vrp,"[[112, 194, 156, 122, 36, 20, 166, 174, 82, 173], [147, 146, 18, 106, 17, 126], [50, 12, 130, 3, 117, 182, 160, 90, 143, 41], [101, 86, 66, 191, 89, 137, 113, 91, 47, 103, 5, 171, 21, 64], [32, 118, 72, 181, 107, 116, 62, 185, 115, 192, 195], [84, 85, 164, 165, 109, 9, 97, 187], [190, 42, 68, 141, 22, 93, 28, 114, 142, 140, 154, 123, 133, 14, 69, 7], [70, 128, 15, 124, 121, 94, 186, 196, 1, 193], [26, 100, 149, 51, 175, 4], [96, 61, 95, 189, 31, 163, 148, 105, 33, 157, 2], [80, 131, 77, 10, 159, 67, 104, 53, 198], [39, 57, 52, 134, 170, 38, 119, 169, 151, 16, 43, 199, 197, 136], [176, 177, 19, 35, 78, 178, 132, 180, 150, 108, 11], [155, 88, 138, 37, 79, 153, 99, 8, 102, 129, 71], [188, 63, 24, 73, 92, 135, 145, 23, 184, 158], [54, 98, 125, 152, 6], [127, 60, 76, 40, 44, 55], [48, 59, 58, 27, 111, 183, 74, 144, 49, 87, 45, 29], [162, 75, 110, 56, 25, 161, 167, 179, 13, 83], [34, 65, 46, 81, 168, 139, 30, 120, 172]]",true
180,699090,2305,Swap,CMT5.vrp,"[[112, 194, 156, 122, 36, 20, 166, 174, 82, 173], [147, 146, 18, 106, 17, 126], [50, 12, 130, 3, 117, 183, 160, 90, 143, 41], [101, 86, 66, 191, 89, 137, 113, 91, 47, 103, 5, 171, 21, 64], [32, 118, 72, 181, 107, 116, 62, 185, 115, 192, 195], [84, 85, 164, 165, 109, 9, 97, 187], [190, 42, 68, 141, 22, 93, 28, 114, 142, 140, 154, 123, 133, 14, 69, 7], [70, 128, 15, 124, 121, 94, 186, 196, 1, 193], [26, 100, 149, 51, 175, 4], [96, 61, 95, 189, 31, 163, 148, 105, 33, 157, 2], [80, 131, 77, 10, 159, 67, 104, 53, 198], [39, 57, 52, 134, 170, 38, 119, 169, 151, 16, 43, 199, 197, 136], [176, 177, 19, 35, 78, 178, 132, 180, 150, 108, 11], [155, 88, 138, 37, 79, 153, 99, 8, 102, 129, 71], [188, 63, 24, 73, 92, 135, 145, 23, 184, 158], [54, 98, 125, 152, 6], [127, 60, 76, 40, 44, 55], [48, 59, 58, 27, 111, 182, 74, 144, 49, 87, 45, 29], [162, 75, 110, 56, 25, 161, 167, 179, 13, 83], [34, 65, 46, 81, 168, 139, 30, 120, 172]]",true
181,702355,2304,Swap,CMT5.vrp,"[[112, 194, 156, 122, 36, 20, 166, 174, 82, 173], [147, 146, 18, 106, 17, 126], [50, 12, 130, 3, 117, 183, 160, 90, 143, 41], [101, 86, 66, 191, 89, 137, 113, 91, 47, 103, 5, 171, 21, 64], [32, 118, 72, 181, 107, 116, 62, 185, 115, 192, 195], [84, 85, 164, 165, 109, 9, 97, 187], [190, 42, 68, 141, 22, 93, 28, 114, 142, 140, 154, 123, 133, 14, 69, 7], [70, 128, 15, 124, 121, 94, 186, 196, 1, 193], [26, 100, 149, 51, 175, 4], [96, 61, 95, 189, 31, 163, 148, 105, 33, 157, 2], [80, 131, 77, 10, 159, 67, 104, 53, 198], [39, 57, 52, 134, 170, 38, 119, 169, 151, 16, 43, 199, 197, 136], [176, 177, 19, 35, 78, 178, 132, 180, 150, 108, 11], [155, 88, 138, 37, 79, 153, 99, 8, 102, 129, 71], [188, 63, 24, 73, 92, 135, 145, 23, 184, 158], [54, 98, 125, 152, 6], [127, 168, 76, 40, 44, 55], [48, 59, 58, 27, 111, 182, 74, 144, 49, 87, 45, 29], [162, 75, 110, 56, 25, 161, 167, 179, 13, 83], [34, 65, 46, 81, 60, 139, 30, 120, 172]]",true
182,705435,2295,Swap,CMT5.vrp,"[[112, 194, 156, 122, 36, 20, 166, 174, 82, 173], [147, 146, 18, 106, 17, 126], [50, 12, 130, 3, 117, 183, 160, 90, 143, 41], [101, 86, 66, 191, 89, 137, 113, 91, 47, 103, 5, 171, 21, 64], [32, 118, 72, 181, 107, 116, 62, 185, 115, 192, 195], [84, 85, 164, 165, 109, 9, 97, 187], [190, 42, 68, 141, 22, 93, 28, 114, 142, 140, 154, 123, 133, 14, 69, 7], [70, 128, 15, 124, 121, 94, 186, 196, 1, 193], [26, 100, 149, 51, 175, 4], [96, 61, 95, 189, 31, 163, 148, 105, 33, 157, 2], [80, 131, 77, 10, 159, 67, 104, 53, 198], [39, 57, 52, 134, 170, 38, 119, 169, 151, 16, 43, 199, 197, 136], [176, 177, 19, 35, 78, 178, 132, 180, 150, 108, 11], [155, 88, 138, 37, 79, 153, 99, 8, 102, 129, 71], [188, 63, 24, 73, 92, 135, 145, 23, 184, 158], [54, 98, 125, 152, 6], [81, 168, 76, 40, 44, 55], [48, 59, 58, 27, 111, 182, 74, 144, 49, 87, 45, 29], [162, 75, 110, 56, 25, 161, 167, 179, 13, 83], [34, 65, 46, 127, 60, 139, 30, 120, 172]]",true
183,708659,2289,Swap,CMT5.vrp,"[[112, 194, 156, 122, 36, 20, 166, 174, 82, 173], [147, 146, 18, 106, 17, 126], [50, 12, 130, 3, 117, 183, 160, 90, 143, 41], [101, 86, 66, 191, 89, 137, 113, 91, 47, 103, 5, 171, 21, 64], [32, 118, 72, 181, 107, 116, 62, 185, 115, 192, 195], [84, 85, 164, 165, 109, 9, 97, 187], [190, 42, 68, 141, 22, 93, 28, 114, 142, 140, 154, 123, 133, 14, 69, 7], [70, 128, 15, 124, 121, 94, 186, 196, 1, 193], [26, 100, 149, 51, 175, 60], [96, 61, 95, 189, 31, 163, 148, 105, 33, 157, 2], [80, 131, 77, 10, 159, 67, 104, 53, 198], [39, 57, 52, 134, 170, 38, 119, 169, 151, 16, 43, 199, 197, 136], [176, 177, 19, 35, 78, 178, 132, 180, 150, 108, 11], [155, 88, 138, 37, 79, 153, 99, 8, 102, 129, 71], [188, 63, 24, 73, 92, 135, 145, 23, 184, 158], [54, 98, 125, 152, 6], [81, 168, 76, 40, 44, 55], [48, 59, 58, 27, 111, 182, 74, 144, 49, 87, 45, 29], [162, 75, 110, 56, 25, 161, 167, 179, 13, 83], [34, 65, 46, 127, 4, 139, 30, 120, 172]]",true
184,711987,2283,Swap,CMT5.vrp,"[[112, 194, 156, 122, 36, 20, 166, 174, 82, 173], [147, 146, 18, 106, 17, 126], [50, 12, 130, 3, 117, 183, 160, 90, 143, 41], [101, 86, 66, 191, 89, 137, 113, 91, 47, 103, 5, 171, 21, 64], [32, 118, 72, 181, 107, 116, 62, 185, 115, 192, 195], [84, 85, 164, 165, 109, 9, 97, 187], [190, 42, 68, 141, 22, 93, 28, 114, 142, 140, 154, 123, 133, 14, 69, 7], [70, 128, 15, 124, 121, 94, 186, 196, 1, 193], [26, 100, 149, 51, 175, 60], [96, 61, 95, 189, 31, 163, 148, 105, 33, 157, 2], [80, 131, 77, 10, 159, 67, 104, 53, 198], [39, 57, 52, 134, 170, 38, 119, 169, 151, 16, 43, 199, 197, 136], [176, 177, 19, 35, 78, 178, 132, 180, 150, 108, 11], [155, 88, 138, 37, 79, 153, 99, 8, 102, 129, 71], [188, 63, 24, 73, 92, 135, 145, 23, 184, 158], [54, 98, 125, 152, 6], [81, 168, 76, 40, 44, 55], [48, 59, 58, 27, 111, 182, 74, 144, 49, 127, 45, 29], [162, 75, 110, 56, 25, 161, 167, 179, 13, 83], [34, 65, 46, 87, 4, 139, 30, 120, 172]]",true
185,715359,2281,Swap,CMT5.vrp,"[[112, 194, 156, 122, 36, 20, 166, 174, 82, 173], [147, 146, 18, 106, 17, 126], [50, 12, 130, 3, 117, 183, 160, 90, 143, 41], [101, 86, 66, 191, 89, 137, 113, 91, 47, 103, 5, 171, 21, 64], [32, 118, 72, 181, 107, 116, 62, 185, 115, 192, 195], [84, 85, 164, 165, 109, 9, 97, 187], [190, 42, 68, 141, 22, 93, 28, 114, 142, 140, 154, 123, 133, 14, 69, 7], [70, 128, 15, 124, 121, 94, 186, 196, 1, 193], [26, 100, 149, 51, 175, 60], [96, 61, 95, 189, 31, 163, 148, 105, 33, 157, 2], [80, 131, 77, 10, 159, 67, 104, 53, 198], [39, 57, 52, 134, 170, 38, 119, 169, 151, 16, 43, 199, 197, 136], [176, 177, 19, 35, 78, 178, 132, 180, 150, 108, 11], [155, 88, 138, 37, 79, 153, 99, 8, 102, 129, 71], [188, 63, 24, 73, 92, 135, 145, 23, 184, 158], [54, 98, 139, 152, 6], [81, 168, 76, 40, 44, 55], [48, 59, 58, 27, 111, 182, 74, 144, 49, 127, 45, 29], [162, 75, 110, 56, 25, 161, 167, 179, 13, 83], [34, 65, 46, 87, 4, 125, 30, 120, 172]]",true
186,718625,2274,Swap,CMT5.vrp,"[[112, 194, 156, 122, 36, 20, 166, 174, 82, 173], [147, 146, 18, 106, 17, 126], [50, 12, 130, 3, 117, 183, 160, 90, 143, 41], [101, 86, 66, 191, 89, 137, 113, 91, 47, 103, 5, 171, 21, 64], [32, 118, 72, 181, 107, 116, 62, 185, 115, 192, 195], [84, 85, 164, 165, 109, 9, 97, 187], [190, 42, 68, 141, 22, 93, 28, 114, 142, 140, 154, 123, 133, 14, 69, 7], [70, 128, 15, 124, 121, 94, 186, 196, 1, 193], [26, 100, 149, 51, 175, 60], [96, 61, 95, 189, 31, 163, 148, 105, 33, 157, 2], [80, 131, 77, 10, 159, 67, 104, 53, 198], [39, 57, 52, 134, 170, 38, 119, 169, 151, 16, 43, 199, 197, 136], [176, 177, 19, 35, 78, 178, 132, 180, 150, 108, 11], [155, 88, 138, 37, 79, 153, 99, 8, 102, 129, 71], [188, 63, 24, 73, 92, 135, 145, 23, 184, 158], [54, 30, 139, 152, 6], [81, 168, 76, 40, 44, 55], [48, 59, 58, 27, 111, 182, 74, 144, 49, 127, 45, 29], [162, 75, 110, 56, 25, 161, 167, 179, 13, 83], [34, 65, 46, 87, 4, 125, 98, 120, 172]]",true
187,721938,2273,Swap,CMT5.vrp,"[[112, 194, 156, 122, 88, 20, 166, 174, 82, 173], [147, 146, 18, 106, 17, 126], [50, 12, 130, 3, 117, 183, 160, 90, 143, 41], [101, 86, 66, 191, 89, 137, 113, 91, 47, 103, 5, 171, 21, 64], [32, 118, 72, 181, 107, 116, 62, 185, 115, 192, 195], [84, 85, 164, 165, 109, 9, 97, 187], [190, 42, 68, 141, 22, 93, 28, 114, 142, 140, 154, 123, 133, 14, 69, 7], [70, 128, 15, 124, 121, 94, 186, 196, 1, 193], [26, 100, 149, 51, 175, 60], [96, 61, 95, 189, 31, 163, 148, 105, 33, 157, 2], [80, 131, 77, 10, 159, 67, 104, 53, 198], [39, 57, 52, 134, 170, 38, 119, 169, 151, 16, 43, 199, 197, 136], [176, 177, 19, 35, 78, 178, 132, 180, 150, 108, 11], [155, 36, 138, 37, 79, 153, 99, 8, 102, 129, 71], [188, 63, 24, 73, 92, 135, 145, 23, 184, 158], [54, 30, 139, 152, 6], [81, 168, 76, 40, 44, 55], [48, 59, 58, 27, 111, 182, 74, 144, 49, 127, 45, 29], [162, 75, 110, 56, 25, 161, 167, 179, 13, 83], [34, 65, 46, 87, 4, 125, 98, 120, 172]]",true
188,725389,2272,Swap,CMT5.vrp,"[[112, 194, 156, 122, 88, 20, 166, 174, 82, 173], [147, 146, 18, 106, 17, 126], [50, 12, 130, 3, 117, 183, 160, 90, 143, 41], [101, 86, 66, 191, 89, 137, 113, 91, 47, 103, 5, 171, 21, 64], [32, 118, 72, 181, 107, 116, 62, 185, 115, 192, 195], [84, 85, 164, 165, 57, 9, 97, 187], [190, 42, 68, 141, 22, 93, 28, 114, 142, 140, 154, 123, 133, 14, 69, 7], [70, 128, 15, 124, 121, 94, 186, 196, 1, 193], [26, 100, 149, 51, 175, 60], [96, 61, 95, 189, 31, 163, 148, 105, 33, 157, 2], [80, 131, 77, 10, 159, 67, 104, 53, 198], [39, 109, 52, 134, 170, 38, 119, 169, 151, 16, 43, 199, 197, 136], [176, 177, 19, 35, 78, 178, 132, 180, 150, 108, 11], [155, 36, 138, 37, 79, 153, 99, 8, 102, 129, 71], [188, 63, 24, 73, 92, 135, 145, 23, 184, 158], [54, 30, 139, 152, 6], [81, 168, 76, 40, 44, 55], [48, 59, 58, 27, 111, 182, 74, 144, 49, 127, 45, 29], [162, 75, 110, 56, 25, 161, 167, 179, 13, 83], [34, 65, 46, 87, 4, 125, 98, 120, 172]]",true
189,730252,2271,Swap,CMT5.vrp,"[[112, 194, 156, 122, 88, 20, 166, 174, 82, 173], [147, 146, 18, 106, 17, 126], [50, 12, 130, 3, 117, 183, 160, 90, 143, 41], [101, 86, 66, 190, 89, 137, 113, 91, 47, 103, 5, 171, 21, 64], [32, 118, 72, 181, 107, 116, 62, 185, 115, 192, 195], [84, 85, 164, 165, 57, 9, 97, 187], [191, 42, 68, 141, 22, 93, 28, 114, 142, 140, 154, 123, 133, 14, 69, 7], [70, 128, 15, 124, 121, 94, 186, 196, 1, 193], [26, 100, 149, 51, 175, 60], [96, 61, 95, 189, 31, 163, 148, 105, 33, 157, 2], [80, 131, 77, 10, 159, 67, 104, 53, 198], [39, 109, 52, 134, 170, 38, 119, 169, 151, 16, 43, 199, 197, 136], [176, 177, 19, 35, 78, 178, 132, 180, 150, 108, 11], [155, 36, 138, 37, 79, 153, 99, 8, 102, 129, 71], [188, 63, 24, 73, 92, 135, 145, 23, 184, 158], [54, 30, 139, 152, 6], [81, 168, 76, 40, 44, 55], [48, 59, 58, 27, 111, 182, 74, 144, 49, 127, 45, 29], [162, 75, 110, 56, 25, 161, 167, 179, 13, 83], [34, 65, 46, 87, 4, 125, 98, 120, 172]]",true
190,734092,2270,Swap,CMT5.vrp,"[[112, 194, 156, 122, 88, 20, 166, 174, 82, 173], [147, 146, 18, 106, 17, 126], [50, 12, 130, 3, 117, 183, 160, 90, 143, 41], [101, 86, 66, 190, 89, 137, 113, 91, 47, 103, 5, 171, 21, 64], [32, 118, 72, 181, 107, 116, 62, 185, 115, 192, 195], [84, 85, 164, 165, 57, 9, 97, 187], [191, 42, 68, 141, 22, 93, 28, 114, 142, 140, 154, 123, 133, 14, 69, 7], [70, 128, 15, 124, 121, 94, 186, 196, 1, 193], [26, 100, 149, 51, 175, 60], [96, 61, 95, 189, 31, 163, 148, 105, 33, 157, 2], [80, 131, 77, 10, 159, 67, 104, 53, 198], [39, 109, 52, 134, 170, 38, 119, 169, 151, 16, 43, 199, 197, 136], [176, 177, 19, 35, 78, 178, 132, 180, 150, 108, 11], [155, 36, 138, 37, 79, 153, 99, 8, 102, 129, 71], [188, 63, 24, 73, 92, 135, 145, 23, 184, 158], [54, 30, 139, 152, 6], [81, 168, 76, 40, 44, 55], [48, 59, 58, 27, 111, 182, 74, 144, 49, 127, 45, 98], [162, 75, 110, 56, 25, 161, 167, 179, 13, 83], [34, 65, 46, 87, 4, 125, 29, 120, 172]]",true
191,737514,2266,Swap,CMT5.vrp,"[[112, 194, 156, 122, 88, 20, 166, 174, 82, 173], [147, 146, 18, 106, 17, 126], [50, 12, 130, 3, 117, 183, 160, 90, 143, 41], [101, 86, 66, 190, 89, 137, 113, 91, 47, 103, 5, 171, 21, 64], [32, 118, 72, 181, 107, 116, 62, 185, 115, 192, 195], [84, 85, 164, 165, 57, 9, 97, 187], [191, 42, 68, 141, 22, 93, 28, 114, 142, 140, 154, 123, 133, 14, 69, 7], [70, 128, 15, 124, 121, 94, 186, 196, 1, 193], [26, 100, 149, 51, 175, 60], [96, 61, 95, 189, 31, 163, 148, 105, 33, 157, 2], [80, 131, 77, 10, 159, 67, 104, 53, 198], [39, 109, 52, 134, 170, 38, 119, 169, 151, 16, 43, 199, 197, 136], [176, 177, 19, 35, 78, 178, 132, 180, 150, 108, 11], [155, 36, 138, 37, 79, 153, 99, 8, 102, 129, 71], [188, 63, 24, 73, 92, 135, 145, 23, 184, 158], [54, 30, 139, 152, 6], [81, 168, 76, 40, 44, 55], [48, 59, 58, 27, 111, 182, 74, 144, 49, 127, 125, 98], [162, 75, 110, 56, 25, 161, 167, 179, 13, 83], [34, 65, 46, 87, 4, 45, 29, 120, 172]]",true
192,740719,2264,Swap,CMT5.vrp,"[[112, 194, 156, 122, 88, 20, 166, 174, 82, 173], [147, 146, 18, 106, 17, 126], [50, 12, 130, 3, 117, 183, 160, 90, 143, 41], [101, 86, 66, 190, 89, 137, 113, 91, 47, 103, 5, 171, 21, 64], [32, 118, 72, 181, 107, 116, 62, 185, 115, 192, 195], [84, 85, 164, 165, 57, 9, 97, 187], [191, 42, 68, 141, 22, 93, 28, 114, 142, 140, 154, 123, 133, 14, 69, 7], [70, 128, 15, 124, 121, 94, 186, 196, 1, 193], [26, 100, 149, 51, 175, 60], [127, 61, 95, 189, 31, 163, 148, 105, 33, 157, 2], [80, 131, 77, 10, 159, 67, 104, 53, 198], [39, 109, 52, 134, 170, 38, 119, 169, 151, 16, 43, 199, 197, 136], [176, 177, 19, 35, 78, 178, 132, 180, 150, 108, 11], [155, 36, 138, 37, 79, 153, 99, 8, 102, 129, 71], [188, 63, 24, 73, 92, 135, 145, 23, 184, 158], [54, 30, 139, 152, 6], [81, 168, 76, 40, 44, 55], [48, 59, 58, 27, 111, 182, 74, 144, 49, 96, 125, 98], [162, 75, 110, 56, 25, 161, 167, 179, 13, 83], [34, 65, 46, 87, 4, 45, 29, 120, 172]]",true
193,743954,2258,Swap,CMT5.vrp,"[[112, 194, 156, 122, 88, 20, 166, 174, 82, 173], [147, 146, 18, 106, 17, 126], [50, 12, 130, 3, 117, 183, 160, 90, 143, 41], [101, 86, 66, 190, 89, 137, 113, 91, 47, 103, 5, 171, 21, 64], [32, 118, 72, 181, 107, 116, 62, 185, 115, 192, 195], [84, 85, 164, 165, 57, 9, 97, 187], [191, 42, 68, 141, 22, 93, 28, 114, 142, 140, 154, 123, 133, 14, 69, 7], [70, 128, 15, 124, 121, 94, 186, 196, 1, 193], [26, 100, 149, 51, 175, 60], [6, 61, 95, 189, 31, 163, 148, 105, 33, 157, 2], [80, 131, 77, 10, 159, 67, 104, 53, 198], [39, 109, 52, 134, 170, 38, 119, 169, 151, 16, 43, 199, 197, 136], [176, 177, 19, 35, 78, 178, 132, 180, 150, 108, 11], [155, 36, 138, 37, 79, 153, 99, 8, 102, 129, 71], [188, 63, 24, 73, 92, 135, 145, 23, 184, 158], [54, 30, 139, 152, 127], [81, 168, 76, 40, 44, 55], [48, 59, 58, 27, 111, 182, 74, 144, 49, 96, 125, 98], [162, 75, 110, 56, 25, 161, 167, 179, 13, 83], [34, 65, 46, 87, 4, 45, 29, 120, 172]]",true
194,747572,2257,Swap,CMT5.vrp,"[[112, 194, 140, 122, 88, 20, 166, 174, 82, 173], [147, 146, 18, 106, 17, 126], [50, 12, 130, 3, 117, 183, 160, 90, 143, 41], [101, 86, 66, 190, 89, 137, 113, 91, 47, 103, 5, 171, 21, 64], [32, 118, 72, 181, 107, 116, 62, 185, 115, 192, 195], [84, 85, 164, 165, 57, 9, 97, 187], [191, 42, 68, 141, 22, 93, 28, 114, 142, 156, 154, 123, 133, 14, 69, 7], [70, 128, 15, 124, 121, 94, 186, 196, 1, 193], [26, 100, 149, 51, 175, 60], [6, 61, 95, 189, 31, 163, 148, 105, 33, 157, 2], [80, 131, 77, 10, 159, 67, 104, 53, 198], [39, 109, 52, 134, 170, 38, 119, 169, 151, 16, 43, 199, 197, 136], [176, 177, 19, 35, 78, 178, 132, 180, 150, 108, 11], [155, 36, 138, 37, 79, 153, 99, 8, 102, 129, 71], [188, 63, 24, 73, 92, 135, 145, 23, 184, 158], [54, 30, 139, 152, 127], [81, 168, 76, 40, 44, 55], [48, 59, 58, 27, 111, 182, 74, 144, 49, 96, 125, 98], [162, 75, 110, 56, 25, 161, 167, 179, 13, 83], [34, 65, 46, 87, 4, 45, 29, 120, 172]]",true
195,750878,2256,Swap,CMT5.vrp,"[[112, 194, 140, 122, 88, 20, 166, 174, 82, 173], [147, 146, 18, 106, 17, 126], [50, 12, 130, 3, 117, 183, 160, 90, 143, 41], [101, 86, 66, 190, 89, 137, 113, 91, 47, 103, 5, 171, 21, 64], [32, 118, 72, 181, 107, 116, 62, 185, 115, 192, 195], [84, 85, 164, 165, 57, 9, 97, 187], [191, 42, 68, 141, 22, 93, 28, 114, 142, 156, 154, 123, 133, 14, 69, 7], [70, 128, 15, 124, 121, 94, 186, 196, 1, 193], [26, 100, 149, 51, 175, 60], [6, 61, 95, 189, 31, 163, 148, 105, 33, 157, 2], [80, 131, 77, 10, 159, 67, 104, 53, 198], [39, 109, 52, 134, 170, 38, 119, 169, 151, 16, 43, 199, 197, 136], [176, 177, 19, 35, 78, 178, 132, 180, 150, 108, 11], [155, 36, 138, 37, 79, 153, 167, 8, 102, 129, 71], [188, 63, 24, 73, 92, 135, 145, 23, 184, 158], [54, 30, 139, 152, 127], [81, 168, 76, 40, 44, 55], [48, 59, 58, 27, 111, 182, 74, 144, 49, 96, 125, 98], [162, 75, 110, 56, 25, 161, 99, 179, 13, 83], [34, 65, 46, 87, 4, 45, 29, 120, 172]]",true
196,754642,2255,Swap,CMT5.vrp,"[[112, 194, 140, 122, 88, 20, 166, 174, 82, 173], [147, 146, 18, 106, 17, 126], [50, 12, 130, 3, 117, 23, 160, 90, 143, 41], [101, 86, 66, 190, 89, 137, 113, 91, 47, 103, 5, 171, 21, 64], [32, 118, 72, 181, 107, 116, 62, 185, 115, 192, 195], [84, 85, 164, 165, 57, 9, 97, 187], [191, 42, 68, 141, 22, 93, 28, 114, 142, 156, 154, 123, 133, 14, 69, 7], [70, 128, 15, 124, 121, 94, 186, 196, 1, 193], [26, 100, 149, 51, 175, 60], [6, 61, 95, 189, 31, 163, 148, 105, 33, 157, 2], [80, 131, 77, 10, 159, 67, 104, 53, 198], [39, 109, 52, 134, 170, 38, 119, 169, 151, 16, 43, 199, 197, 136], [176, 177, 19, 35, 78, 178, 132, 180, 150, 108, 11], [155, 36, 138, 37, 79, 153, 167, 8, 102, 129, 71], [188, 63, 24, 73, 92, 135, 145, 183, 184, 158], [54, 30, 139, 152, 127], [81, 168, 76, 40, 44, 55], [48, 59, 58, 27, 111, 182, 74, 144, 49, 96, 125, 98], [162, 75, 110, 56, 25, 161, 99, 179, 13, 83], [34, 65, 46, 87, 4, 45, 29, 120, 172]]",true
197,757761,2254,Swap,CMT5.vrp,"[[112, 194, 140, 122, 88, 20, 166, 174, 82, 173], [147, 146, 18, 106, 17, 126], [50, 12, 130, 3, 117, 23, 160, 90, 143, 41], [101, 86, 66, 190, 89, 137, 113, 91, 47, 103, 5, 171, 21, 64], [32, 118, 72, 181, 107, 116, 62, 185, 115, 192, 195], [84, 85, 164, 165, 57, 9, 97, 187], [191, 42, 68, 141, 22, 93, 28, 114, 142, 156, 154, 123, 133, 14, 150, 7], [70, 128, 15, 124, 121, 94, 186, 196, 1, 193], [26, 100, 149, 51, 175, 60], [6, 61, 95, 189, 31, 163, 148, 105, 33, 157, 2], [80, 131, 77, 10, 159, 67, 104, 53, 198], [39, 109, 52, 134, 170, 38, 119, 169, 151, 16, 43, 199, 197, 136], [176, 177, 19, 35, 78, 178, 132, 180, 69, 108, 11], [155, 36, 138, 37, 79, 153, 167, 8, 102, 129, 71], [188, 63, 24, 73, 92, 135, 145, 183, 184, 158], [54, 30, 139, 152, 127], [81, 168, 76, 40, 44, 55], [48, 59, 58, 27, 111, 182, 74, 144, 49, 96, 125, 98], [162, 75, 110, 56, 25, 161, 99, 179, 13, 83], [34, 65, 46, 87, 4, 45, 29, 120, 172]]",true
198,760569,2252,Swap,CMT5.vrp,"[[112, 194, 140, 122, 88, 20, 166, 174, 82, 173], [147, 146, 18, 106, 17, 126], [50, 12, 130, 3, 117, 23, 160, 90, 143, 41], [101, 86, 66, 190, 89, 137, 113, 91, 47, 103, 5, 171, 21, 64], [32, 118, 72, 181, 107, 116, 62, 185, 115, 192, 195], [84, 85, 164, 165, 57, 9, 97, 187], [191, 42, 68, 141, 22, 93, 28, 114, 142, 156, 15, 123, 133, 14, 150, 7], [70, 128, 154, 124, 121, 94, 186, 196, 1, 193], [26, 100, 149, 51, 175, 60], [6, 61, 95, 189, 31, 163, 148, 105, 33, 157, 2], [80, 131, 77, 10, 159, 67, 104, 53, 198], [39, 109, 52, 134, 170, 38, 119, 169, 151, 16, 43, 199, 197, 136], [176, 177, 19, 35, 78, 178, 132, 180, 69, 108, 11], [155, 36, 138, 37, 79, 153, 167, 8, 102, 129, 71], [188, 63, 24, 73, 92, 135, 145, 183, 184, 158], [54, 30, 139, 152, 127], [81, 168, 76, 40, 44, 55], [48, 59, 58, 27, 111, 182, 74, 144, 49, 96, 125, 98], [162, 75, 110, 56, 25, 161, 99, 179, 13, 83], [34, 65, 46, 87, 4, 45, 29, 120, 172]]",true
199,763677,2251,Swap,CMT5.vrp,"[[112, 194, 140, 122, 88, 20, 166, 174, 82, 173], [147, 146, 18, 106, 17, 126], [50, 12, 130, 3, 117, 23, 160, 90, 143, 41], [101, 86, 66, 190, 89, 137, 113, 91, 47, 103, 5, 171, 21, 64], [32, 118, 72, 181, 107, 116, 62, 185, 115, 192, 195], [84, 85, 164, 165, 57, 9, 97, 187], [191, 42, 68, 141, 22, 93, 28, 114, 142, 156, 15, 123, 133, 14, 150, 129], [70, 128, 154, 124, 121, 94, 186, 196, 1, 193], [26, 100, 149, 51, 175, 60], [6, 61, 95, 189, 31, 163, 148, 105, 33, 157, 2], [80, 131, 77, 10, 159, 67, 104, 53, 198], [39, 109, 52, 134, 170, 38, 119, 169, 151, 16, 43, 199, 197, 136], [176, 177, 19, 35, 78, 178, 132, 180, 69, 108, 11], [155, 36, 138, 37, 79, 153, 167, 8, 102, 7, 71], [188, 63, 24, 73, 92, 135, 145, 183, 184, 158], [54, 30, 139, 152, 127], [81, 168, 76, 40, 44, 55], [48, 59, 58, 27, 111, 182, 74, 144, 49, 96, 125, 98], [162, 75, 110, 56, 25, 161, 99, 179, 13, 83], [34, 65, 46, 87, 4, 45, 29, 120, 172]]",true
200,766829,2248,Swap,CMT5.vrp,"[[112, 194, 140, 122, 88, 20, 166, 174, 82, 173], [147, 146, 18, 106, 17, 126], [50, 12, 130, 3, 117, 23, 160, 90, 143, 41], [101, 86, 66, 190, 89, 137, 113, 91, 47, 103, 5, 171, 21, 64], [32, 118, 72, 181, 107, 116, 62, 185, 115, 192, 195], [84, 85, 164, 165, 57, 9, 97, 187], [191, 42, 68, 141, 22, 93, 28, 114, 142, 156, 15, 123, 133, 14, 150, 129], [70, 128, 154, 124, 121, 94, 186, 196, 1, 193], [26, 100, 71, 51, 175, 60], [6, 61, 95, 189, 31, 163, 148, 105, 33, 157, 2], [80, 131, 77, 10, 159, 67, 104, 53, 198], [39, 109, 52, 134, 170, 38, 119, 169, 151, 16, 43, 199, 197, 136], [176, 177, 19, 35, 78, 178, 132, 180, 69, 108, 11], [155, 36, 138, 37, 79, 153, 167, 8, 102, 7, 149], [188, 63, 24, 73, 92, 135, 145, 183, 184, 158], [54, 30, 139, 152, 127], [81, 168, 76, 40, 44, 55], [48, 59, 58, 27, 111, 182, 74, 144, 49, 96, 125, 98], [162, 75, 110, 56, 25, 161, 99, 179, 13, 83], [34, 65, 46, 87, 4, 45, 29, 120, 172]]",true
201,769953,2246,Swap,CMT5.vrp,"[[112, 194, 140, 122, 88, 20, 166, 174, 82, 173], [147, 146, 18, 106, 17, 126], [50, 12, 130, 3, 117, 23, 160, 90, 143, 41], [101, 86, 66, 190, 89, 137, 113, 91, 47, 103, 5, 171, 21, 64], [32, 118, 72, 181, 107, 116, 62, 185, 115, 192, 195], [84, 85, 164, 165, 57, 9, 97, 187], [191, 42, 68, 141, 22, 93, 28, 114, 142, 156, 15, 128, 133, 14, 150, 129], [70, 123, 154, 124, 121, 94, 186, 196, 1, 193], [26, 100, 71, 51, 175, 60], [6, 61, 95, 189, 31, 163, 148, 105, 33, 157, 2], [80, 131, 77, 10, 159, 67, 104, 53, 198], [39, 109, 52, 134, 170, 38, 119, 169, 151, 16, 43, 199, 197, 136], [176, 177, 19, 35, 78, 178, 132, 180, 69, 108, 11], [155, 36, 138, 37, 79, 153, 167, 8, 102, 7, 149], [188, 63, 24, 73, 92, 135, 145, 183, 184, 158], [54, 30, 139, 152, 127], [81, 168, 76, 40, 44, 55], [48, 59, 58, 27, 111, 182, 74, 144, 49, 96, 125, 98], [162, 75, 110, 56, 25, 161, 99, 179, 13, 83], [34, 65, 46, 87, 4, 45, 29, 120, 172]]",true
202,773121,2243,Swap,CMT5.vrp,"[[112, 194, 140, 122, 88, 20, 166, 174, 82, 173], [147, 146, 18, 106, 17, 126], [50, 12, 130, 3, 117, 23, 160, 90, 143, 41], [101, 86, 66, 190, 89, 137, 113, 91, 47, 103, 5, 171, 21, 64], [32, 118, 72, 181, 107, 116, 62, 185, 115, 192, 195], [84, 85, 164, 165, 57, 9, 97, 187], [191, 42, 68, 141, 22, 93, 28, 114, 142, 156, 123, 128, 133, 14, 150, 129], [70, 15, 154, 124, 121, 94, 186, 196, 1, 193], [26, 100, 71, 51, 175, 60], [6, 61, 95, 189, 31, 163, 148, 105, 33, 157, 2], [80, 131, 77, 10, 159, 67, 104, 53, 198], [39, 109, 52, 134, 170, 38, 119, 169, 151, 16, 43, 199, 197, 136], [176, 177, 19, 35, 78, 178, 132, 180, 69, 108, 11], [155, 36, 138, 37, 79, 153, 167, 8, 102, 7, 149], [188, 63, 24, 73, 92, 135, 145, 183, 184, 158], [54, 30, 139, 152, 127], [81, 168, 76, 40, 44, 55], [48, 59, 58, 27, 111, 182, 74, 144, 49, 96, 125, 98], [162, 75, 110, 56, 25, 161, 99, 179, 13, 83], [34, 65, 46, 87, 4, 45, 29, 120, 172]]",true
203,776318,2235,Swap,CMT5.vrp,"[[112, 194, 140, 122, 88, 20, 166, 174, 82, 173], [147, 146, 18, 106, 17, 126], [50, 12, 130, 3, 117, 23, 160, 90, 143, 41], [101, 86, 66, 190, 89, 137, 113, 91, 47, 103, 5, 171, 21, 64], [32, 118, 72, 181, 107, 116, 62, 185, 115, 192, 195], [84, 85, 164, 165, 57, 9, 97, 187], [191, 42, 68, 141, 22, 93, 28, 114, 142, 156, 70, 128, 133, 14, 150, 129], [123, 15, 154, 124, 121, 94, 186, 196, 1, 193], [26, 100, 71, 51, 175, 60], [6, 61, 95, 189, 31, 163, 148, 105, 33, 157, 2], [80, 131, 77, 10, 159, 67, 104, 53, 198], [39, 109, 52, 134, 170, 38, 119, 169, 151, 16, 43, 199, 197, 136], [176, 177, 19, 35, 78, 178, 132, 180, 69, 108, 11], [155, 36, 138, 37, 79, 153, 167, 8, 102, 7, 149], [188, 63, 24, 73, 92, 135, 145, 183, 184, 158], [54, 30, 139, 152, 127], [81, 168, 76, 40, 44, 55], [48, 59, 58, 27, 111, 182, 74, 144, 49, 96, 125, 98], [162, 75, 110, 56, 25, 161, 99, 179, 13, 83], [34, 65, 46, 87, 4, 45, 29, 120, 172]]",true
204,779625,2232,Swap,CMT5.vrp,"[[112, 194, 140, 122, 88, 20, 166, 174, 82, 173], [147, 146, 18, 106, 17, 126], [50, 12, 130, 3, 117, 23, 160, 90, 143, 41], [101, 86, 66, 190, 89, 137, 113, 91, 47, 103, 5, 171, 21, 64], [32, 118, 72, 181, 107, 116, 62, 185, 115, 192, 195], [84, 85, 164, 165, 57, 9, 97, 187], [191, 42, 68, 141, 22, 93, 28, 114, 142, 156, 70, 128, 133, 14, 150, 129], [153, 15, 154, 124, 121, 94, 186, 196, 1, 193], [26, 100, 71, 51, 175, 60], [6, 61, 95, 189, 31, 163, 148, 105, 33, 157, 2], [80, 131, 77, 10, 159, 67, 104, 53, 198], [39, 109, 52, 134, 170, 38, 119, 169, 151, 16, 43, 199, 197, 136], [176, 177, 19, 35, 78, 178, 132, 180, 69, 108, 11], [155, 36, 138, 37, 79, 123, 167, 8, 102, 7, 149], [188, 63, 24, 73, 92, 135, 145, 183, 184, 158], [54, 30, 139, 152, 127], [81, 168, 76, 40, 44, 55], [48, 59, 58, 27, 111, 182, 74, 144, 49, 96, 125, 98], [162, 75, 110, 56, 25, 161, 99, 179, 13, 83], [34, 65, 46, 87, 4, 45, 29, 120, 172]]",true
205,782552,2230,Swap,CMT5.vrp,"[[112, 194, 140, 122, 88, 20, 166, 174, 82, 173], [147, 146, 18, 106, 17, 126], [50, 12, 130, 3, 117, 23, 160, 90, 143, 41], [101, 86, 66, 190, 89, 137, 113, 91, 47, 103, 5, 171, 21, 64], [32, 118, 72, 181, 107, 116, 62, 185, 115, 192, 195], [84, 85, 164, 165, 57, 9, 97, 187], [191, 42, 68, 141, 22, 93, 28, 114, 142, 156, 70, 128, 133, 14, 150, 129], [153, 15, 154, 124, 121, 94, 186, 196, 1, 193], [26, 100, 71, 51, 175, 60], [6, 61, 95, 189, 31, 163, 148, 105, 33, 157, 2], [80, 131, 77, 10, 159, 67, 104, 53, 198], [39, 109, 52, 134, 170, 38, 119, 169, 151, 16, 43, 199, 197, 136], [176, 177, 19, 35, 78, 178, 132, 180, 69, 108, 11], [155, 36, 138, 37, 79, 179, 167, 8, 102, 7, 149], [188, 63, 24, 73, 92, 135, 145, 183, 184, 158], [54, 30, 139, 152, 127], [81, 168, 76, 40, 44, 55], [48, 59, 58, 27, 111, 182, 74, 144, 49, 96, 125, 98], [162, 75, 110, 56, 25, 161, 99, 123, 13, 83], [34, 65, 46, 87, 4, 45, 29, 120, 172]]",true
206,785263,2229,Swap,CMT5.vrp,"[[112, 194, 140, 122, 88, 20, 166, 174, 82, 173], [147, 146, 18, 106, 17, 126], [50, 12, 130, 3, 117, 23, 160, 90, 143, 41], [101, 86, 66, 190, 89, 137, 113, 91, 47, 103, 5, 171, 21, 64], [32, 118, 72, 181, 107, 116, 62, 185, 115, 192, 195], [84, 85, 164, 165, 57, 9, 97, 187], [191, 42, 68, 141, 22, 93, 28, 114, 142, 156, 70, 128, 133, 14, 150, 129], [153, 15, 154, 124, 121, 94, 186, 196, 1, 193], [26, 100, 71, 149, 175, 60], [6, 61, 95, 189, 31, 163, 148, 105, 33, 157, 2], [80, 131, 77, 10, 159, 67, 104, 53, 198], [39, 109, 52, 134, 170, 38, 119, 169, 151, 16, 43, 199, 197, 136], [176, 177, 19, 35, 78, 178, 132, 180, 69, 108, 11], [155, 36, 138, 37, 79, 179, 167, 8, 102, 7, 51], [188, 63, 24, 73, 92, 135, 145, 183, 184, 158], [54, 30, 139, 152, 127], [81, 168, 76, 40, 44, 55], [48, 59, 58, 27, 111, 182, 74, 144, 49, 96, 125, 98], [162, 75, 110, 56, 25, 161, 99, 123, 13, 83], [34, 65, 46, 87, 4, 45, 29, 120, 172]]",true
207,788074,2228,Swap,CMT5.vrp,"[[112, 194, 140, 122, 88, 20, 166, 174, 82, 173], [147, 146, 18, 106, 17, 126], [50, 12, 130, 3, 117, 23, 160, 90, 143, 41], [101, 86, 66, 190, 89, 137, 113, 91, 47, 103, 5, 171, 21, 64], [32, 118, 72, 181, 107, 116, 62, 185, 115, 192, 195], [84, 85, 164, 165, 57, 9, 97, 187], [191, 42, 68, 141, 22, 93, 28, 114, 142, 156, 70, 128, 133, 14, 150, 100], [153, 15, 154, 124, 121, 94, 186, 196, 1, 193], [26, 129, 71, 149, 175, 60], [6, 61, 95, 189, 31, 163, 148, 105, 33, 157, 2], [80, 131, 77, 10, 159, 67, 104, 53, 198], [39, 109, 52, 134, 170, 38, 119, 169, 151, 16, 43, 199, 197, 136], [176, 177, 19, 35, 78, 178, 132, 180, 69, 108, 11], [155, 36, 138, 37, 79, 179, 167, 8, 102, 7, 51], [188, 63, 24, 73, 92, 135, 145, 183, 184, 158], [54, 30, 139, 152, 127], [81, 168, 76, 40, 44, 55], [48, 59, 58, 27, 111, 182, 74, 144, 49, 96, 125, 98], [162, 75, 110, 56, 25, 161, 99, 123, 13, 83], [34, 65, 46, 87, 4, 45, 29, 120, 172]]",true
208,792783,2227,Swap,CMT5.vrp,"[[112, 194, 140, 122, 88, 20, 166, 174, 82, 173], [147, 146, 18, 106, 17, 126], [50, 12, 130, 3, 117, 23, 160, 90, 143, 41], [101, 86, 66, 190, 89, 137, 113, 91, 47, 103, 5, 171, 21, 64], [32, 118, 72, 181, 107, 116, 62, 185, 115, 192, 195], [84, 85, 164, 165, 57, 9, 97, 187], [136, 42, 68, 141, 22, 93, 28, 114, 142, 156, 70, 128, 133, 14, 150, 100], [153, 15, 154, 124, 121, 94, 186, 196, 1, 193], [26, 129, 71, 149, 175, 60], [6, 61, 95, 189, 31, 163, 148, 105, 33, 157, 2], [80, 131, 77, 10, 159, 67, 104, 53, 198], [39, 109, 52, 134, 170, 38, 119, 169, 151, 16, 43, 199, 197, 191], [176, 177, 19, 35, 78, 178, 132, 180, 69, 108, 11], [155, 36, 138, 37, 79, 179, 167, 8, 102, 7, 51], [188, 63, 24, 73, 92, 135, 145, 183, 184, 158], [54, 30, 139, 152, 127], [81, 168, 76, 40, 44, 55], [48, 59, 58, 27, 111, 182, 74, 144, 49, 96, 125, 98], [162, 75, 110, 56, 25, 161, 99, 123, 13, 83], [34, 65, 46, 87, 4, 45, 29, 120, 172]]",true
209,796388,2225,Swap,CMT5.vrp,"[[112, 194, 140, 122, 88, 20, 166, 174, 82, 173], [147, 146, 18, 106, 17, 126], [50, 12, 130, 3, 117, 23, 160, 90, 143, 41], [101, 86, 66, 190, 89, 137, 113, 91, 47, 103, 5, 171, 21, 64], [32, 118, 72, 181, 107, 116, 62, 185, 115, 192, 195], [84, 85, 164, 165, 57, 9, 97, 187], [136, 42, 68, 141, 22, 93, 28, 114, 142, 156, 70, 128, 133, 14, 150, 100], [153, 15, 154, 124, 121, 94, 186, 196, 1, 193], [26, 169, 71, 149, 175, 60], [6, 61, 95, 189, 31, 163, 148, 105, 33, 157, 2], [80, 131, 77, 10, 159, 67, 104, 53, 198], [39, 109, 52, 134, 170, 38, 119, 129, 151, 16, 43, 199, 197, 191], [176, 177, 19, 35, 78, 178, 132, 180, 69, 108, 11], [155, 36, 138, 37, 79, 179, 167, 8, 102, 7, 51], [188, 63, 24, 73, 92, 135, 145, 183, 184, 158], [54, 30, 139, 152, 127], [81, 168, 76, 40, 44, 55], [48, 59, 58, 27, 111, 182, 74, 144, 49, 96, 125, 98], [162, 75, 110, 56, 25, 161, 99, 123, 13, 83], [34, 65, 46, 87, 4, 45, 29, 120, 172]]",true
210,800845,2224,Swap,CMT5.vrp,"[[112, 194, 140, 122, 88, 20, 166, 174, 82, 173], [147, 146, 18, 106, 17, 126], [26, 12, 130, 3, 117, 23, 160, 90, 143, 41], [101, 86, 66, 190, 89, 137, 113, 91, 47, 103, 5, 171, 21, 64], [32, 118, 72, 181, 107, 116, 62, 185, 115, 192, 195], [84, 85, 164, 165, 57, 9, 97, 187], [136, 42, 68, 141, 22, 93, 28, 114, 142, 156, 70, 128, 133, 14, 150, 100], [153, 15, 154, 124, 121, 94, 186, 196, 1, 193], [50, 169, 71, 149, 175, 60], [6, 61, 95, 189, 31, 163, 148, 105, 33, 157, 2], [80, 131, 77, 10, 159, 67, 104, 53, 198], [39, 109, 52, 134, 170, 38, 119, 129, 151, 16, 43, 199, 197, 191], [176, 177, 19, 35, 78, 178, 132, 180, 69, 108, 11], [155, 36, 138, 37, 79, 179, 167, 8, 102, 7, 51], [188, 63, 24, 73, 92, 135, 145, 183, 184, 158], [54, 30, 139, 152, 127], [81, 168, 76, 40, 44, 55], [48, 59, 58, 27, 111, 182, 74, 144, 49, 96, 125, 98], [162, 75, 110, 56, 25, 161, 99, 123, 13, 83], [34, 65, 46, 87, 4, 45, 29, 120, 172]]",true
211,803989,2223,Swap,CMT5.vrp,"[[112, 194, 140, 122, 37, 20, 166, 174, 82, 173], [147, 146, 18, 106, 17, 126], [26, 12, 130, 3, 117, 23, 160, 90, 143, 41], [101, 86, 66, 190, 89, 137, 113, 91, 47, 103, 5, 171, 21, 64], [32, 118, 72, 181, 107, 116, 62, 185, 115, 192, 195], [84, 85, 164, 165, 57, 9, 97, 187], [136, 42, 68, 141, 22, 93, 28, 114, 142, 156, 70, 128, 133, 14, 150, 100], [153, 15, 154, 124, 121, 94, 186, 196, 1, 193], [50, 169, 71, 149, 175, 60], [6, 61, 95, 189, 31, 163, 148, 105, 33, 157, 2], [80, 131, 77, 10, 159, 67, 104, 53, 198], [39, 109, 52, 134, 170, 38, 119, 129, 151, 16, 43, 199, 197, 191], [176, 177, 19, 35, 78, 178, 132, 180, 69, 108, 11], [155, 36, 138, 88, 79, 179, 167, 8, 102, 7, 51], [188, 63, 24, 73, 92, 135, 145, 183, 184, 158], [54, 30, 139, 152, 127], [81, 168, 76, 40, 44, 55], [48, 59, 58, 27, 111, 182, 74, 144, 49, 96, 125, 98], [162, 75, 110, 56, 25, 161, 99, 123, 13, 83], [34, 65, 46, 87, 4, 45, 29, 120, 172]]",true
212,806674,2223,Swap,CMT5.vrp,"[[112, 194, 140, 122, 37, 20, 166, 174, 82, 173], [147, 146, 18, 106, 17, 126], [26, 12, 130, 3, 117, 23, 160, 90, 143, 41], [101, 86, 66, 190, 89, 137, 113, 91, 47, 103, 5, 171, 21, 64], [32, 118, 72, 181, 107, 116, 62, 185, 115, 192, 195], [84, 85, 164, 165, 57, 9, 97, 187], [136, 42, 68, 141, 22, 93, 28, 114, 142, 156, 70, 128, 133, 14, 150, 100], [79, 15, 154, 124, 121, 94, 186, 196, 1, 193], [50, 169, 71, 149, 175, 60], [6, 61, 95, 189, 31, 163, 148, 105, 33, 157, 2], [80, 131, 77, 10, 159, 67, 104, 53, 198], [39, 109, 52, 134, 170, 38, 119, 129, 151, 16, 43, 199, 197, 191], [176, 177, 19, 35, 78, 178, 132, 180, 69, 108, 11], [155, 36, 138, 88, 153, 179, 167, 8, 102, 7, 51], [188, 63, 24, 73, 92, 135, 145, 183, 184, 158], [54, 30, 139, 152, 127], [81, 168, 76, 40, 44, 55], [48, 59, 58, 27, 111, 182, 74, 144, 49, 96, 125, 98], [162, 75, 110, 56, 25, 161, 99, 123, 13, 83], [34, 65, 46, 87, 4, 45, 29, 120, 172]]",true
213,809176,2222,Swap,CMT5.vrp,"[[112, 194, 140, 122, 37, 20, 166, 174, 82, 173], [147, 146, 18, 106, 17, 126], [26, 12, 130, 3, 117, 23, 160, 90, 143, 41], [101, 86, 66, 190, 89, 137, 113, 91, 47, 103, 5, 171, 21, 64], [32, 118, 72, 181, 107, 116, 62, 185, 115, 192, 195], [84, 85, 164, 165, 57, 9, 97, 187], [136, 42, 68, 141, 22, 93, 28, 114, 142, 156, 70, 128, 133, 14, 150, 100], [79, 15, 154, 124, 121, 94, 186, 196, 1, 193], [50, 169, 71, 149, 175, 60], [6, 61, 95, 189, 31, 163, 148, 105, 33, 157, 2], [80, 131, 77, 10, 159, 67, 104, 53, 198], [39, 109, 52, 134, 170, 38, 119, 129, 151, 16, 43, 199, 197, 191], [176, 177, 19, 35, 78, 178, 132, 180, 69, 108, 11], [155, 36, 138, 88, 153, 179, 99, 8, 102, 7, 51], [188, 63, 24, 73, 92, 135, 145, 183, 184, 158], [54, 30, 139, 152, 127], [81, 168, 76, 40, 44, 55], [48, 59, 58, 27, 111, 182, 74, 144, 49, 96, 125, 98], [162, 75, 110, 56, 25, 161, 167, 123, 13, 83], [34, 65, 46, 87, 4, 45, 29, 120, 172]]",true
214,811773,2222,Swap,CMT5.vrp,"[[112, 194, 140, 122, 37, 20, 166, 174, 82, 173], [147, 146, 18, 106, 17, 126], [26, 12, 130, 3, 117, 23, 160, 90, 143, 41], [101, 86, 66, 190, 89, 137, 113, 91, 47, 103, 5, 171, 21, 64], [32, 118, 72, 181, 107, 116, 62, 185, 115, 192, 195], [84, 85, 164, 165, 57, 9, 97, 187], [197, 42, 68, 141, 22, 93, 28, 114, 142, 156, 70, 128, 133, 14, 150, 100], [79, 15, 154, 124, 121, 94, 186, 196, 1, 193], [50, 169, 71, 149, 175, 60], [6, 61, 95, 189, 31, 163, 148, 105, 33, 157, 2], [80, 131, 77, 10, 159, 67, 104, 53, 198], [39, 109, 52, 134, 170, 38, 119, 129, 151, 16, 43, 199, 136, 191], [176, 177, 19, 35, 78, 178, 132, 180, 69, 108, 11], [155, 36, 138, 88, 153, 179, 99, 8, 102, 7, 51], [188, 63, 24, 73, 92, 135, 145, 183, 184, 158], [54, 30, 139, 152, 127], [81, 168, 76, 40, 44, 55], [48, 59, 58, 27, 111, 182, 74, 144, 49, 96, 125, 98], [162, 75, 110, 56, 25, 161, 167, 123, 13, 83], [34, 65, 46, 87, 4, 45, 29, 120, 172]]",true
215,817563,2222,Swap,CMT5.vrp,"[[112, 194, 140, 122, 37, 20, 166, 174, 82, 173], [147, 146, 18, 106, 17, 126], [26, 12, 130, 3, 117, 23, 160, 90, 143, 41], [101, 86, 66, 190, 89, 137, 113, 91, 47, 103, 5, 171, 21, 64], [32, 118, 72, 181, 107, 116, 62, 185, 115, 192, 195], [84, 85, 164, 165, 57, 9, 97, 187], [197, 42, 68, 141, 22, 93, 28, 114, 142, 156, 70, 128, 133, 14, 150, 100], [79, 15, 154, 124, 121, 94, 186, 196, 1, 193], [50, 169, 71, 149, 175, 60], [6, 61, 95, 189, 31, 163, 148, 105, 33, 157, 2], [80, 131, 77, 10, 159, 67, 104, 53, 198], [39, 109, 52, 134, 170, 38, 119, 129, 151, 16, 43, 199, 136, 191], [176, 177, 19, 35, 78, 178, 132, 180, 69, 108, 11], [155, 36, 138, 88, 153, 179, 99, 8, 102, 7, 51], [188, 63, 24, 73, 92, 135, 145, 183, 184, 158], [54, 30, 139, 152, 127], [81, 168, 76, 40, 44, 55], [48, 29, 58, 27, 111, 182, 74, 144, 49, 96, 125, 98], [162, 75, 110, 56, 25, 161, 167, 123, 13, 83], [34, 65, 46, 87, 4, 45, 59, 120, 172]]",true
216,821195,2220,Swap,CMT5.vrp,"[[112, 194, 140, 122, 37, 20, 166, 174, 82, 173], [147, 146, 18, 106, 17, 126], [26, 12, 130, 3, 117, 23, 160, 90, 143, 41], [101, 86, 66, 190, 89, 137, 113, 91, 47, 103, 5, 171, 21, 64], [32, 118, 72, 181, 107, 116, 62, 185, 115, 192, 195], [84, 85, 164, 165, 57, 9, 97, 187], [197, 42, 68, 141, 22, 93, 28, 114, 142, 156, 70, 128, 133, 14, 150, 100], [79, 15, 154, 124, 121, 94, 186, 196, 1, 193], [50, 169, 71, 149, 175, 60], [6, 61, 95, 189, 31, 163, 148, 105, 33, 157, 2], [80, 131, 77, 10, 159, 67, 104, 53, 198], [39, 109, 52, 134, 170, 38, 119, 129, 151, 16, 43, 199, 136, 191], [176, 177, 19, 35, 78, 178, 132, 180, 69, 108, 11], [155, 36, 138, 88, 153, 179, 99, 8, 102, 7, 51], [188, 63, 24, 73, 92, 135, 145, 183, 184, 158], [54, 30, 139, 152, 127], [81, 168, 76, 40, 44, 55], [59, 29, 58, 27, 111, 182, 74, 144, 49, 96, 125, 98], [162, 75, 110, 56, 25, 161, 167, 123, 13, 83], [34, 65, 46, 87, 4, 45, 48, 120, 172]]",true
217,825283,2220,Swap,CMT5.vrp,"[[112, 194, 140, 122, 37, 20, 166, 174, 82, 121], [147, 146, 18, 106, 17, 126], [26, 12, 130, 3, 117, 23, 160, 90, 143, 41], [101, 86, 66, 190, 89, 137, 113, 91, 47, 103, 5, 171, 21, 64], [32, 118, 72, 181, 107, 116, 62, 185, 115, 192, 195], [84, 85, 164, 165, 57, 9, 97, 187], [197, 42, 68, 141, 22, 93, 28, 114, 142, 156, 70, 128, 133, 14, 150, 100], [79, 15, 154, 124, 173, 94, 186, 196, 1, 193], [50, 169, 71, 149, 175, 60], [6, 61, 95, 189, 31, 163, 148, 105, 33, 157, 2], [80, 131, 77, 10, 159, 67, 104, 53, 198], [39, 109, 52, 134, 170, 38, 119, 129, 151, 16, 43, 199, 136, 191], [176, 177, 19, 35, 78, 178, 132, 180, 69, 108, 11], [155, 36, 138, 88, 153, 179, 99, 8, 102, 7, 51], [188, 63, 24, 73, 92, 135, 145, 183, 184, 158], [54, 30, 139, 152, 127], [81, 168, 76, 40, 44, 55], [59, 29, 58, 27, 111, 182, 74, 144, 49, 96, 125, 98], [162, 75, 110, 56, 25, 161, 167, 123, 13, 83], [34, 65, 46, 87, 4, 45, 48, 120, 172]]",true
218,828404,2219,Swap,CMT5.vrp,"[[112, 194, 140, 122, 37, 20, 166, 174, 82, 121], [147, 146, 18, 106, 17, 126], [26, 12, 130, 3, 117, 23, 160, 90, 143, 41], [101, 86, 66, 190, 89, 137, 113, 91, 47, 103, 5, 171, 21, 64], [32, 118, 72, 181, 107, 116, 62, 185, 115, 192, 195], [84, 85, 164, 165, 80, 9, 97, 187], [197, 42, 68, 141, 22, 93, 28, 114, 142, 156, 70, 128, 133, 14, 150, 100], [79, 15, 154, 124, 173, 94, 186, 196, 1, 193], [50, 169, 71, 149, 175, 60], [6, 61, 95, 189, 31, 163, 148, 105, 33, 157, 2], [57, 131, 77, 10, 159, 67, 104, 53, 198], [39, 109, 52, 134, 170, 38, 119, 129, 151, 16, 43, 199, 136, 191], [176, 177, 19, 35, 78, 178, 132, 180, 69, 108, 11], [155, 36, 138, 88, 153, 179, 99, 8, 102, 7, 51], [188, 63, 24, 73, 92, 135, 145, 183, 184, 158], [54, 30, 139, 152, 127], [81, 168, 76, 40, 44, 55], [59, 29, 58, 27, 111, 182, 74, 144, 49, 96, 125, 98], [162, 75, 110, 56, 25, 161, 167, 123, 13, 83], [34, 65, 46, 87, 4, 45, 48, 120, 172]]",true
219,834225,2214,Swap,CMT5.vrp,"[[112, 194, 140, 122, 37, 20, 166, 174, 82, 121], [147, 146, 18, 106, 17, 126], [26, 12, 130, 3, 117, 23, 160, 90, 143, 41], [101, 86, 66, 190, 89, 137, 113, 91, 47, 103, 5, 171, 21, 64], [32, 118, 72, 181, 107, 116, 62, 185, 115, 192, 195], [84, 85, 164, 165, 77, 9, 97, 187], [197, 42, 68, 141, 22, 93, 28, 114, 142, 156, 70, 128, 133, 14, 150, 100], [79, 15, 154, 124, 173, 94, 186, 196, 1, 193], [50, 169, 71, 149, 175, 60], [6, 61, 95, 189, 31, 163, 148, 105, 33, 157, 2], [57, 131, 80, 10, 159, 67, 104, 53, 198], [39, 109, 52, 134, 170, 38, 119, 129, 151, 16, 43, 199, 136, 191], [176, 177, 19, 35, 78, 178, 132, 180, 69, 108, 11], [155, 36, 138, 88, 153, 179, 99, 8, 102, 7, 51], [188, 63, 24, 73, 92, 135, 145, 183, 184, 158], [54, 30, 139, 152, 127], [81, 168, 76, 40, 44, 55], [59, 29, 58, 27, 111, 182, 74, 144, 49, 96, 125, 98], [162, 75, 110, 56, 25, 161, 167, 123, 13, 83], [34, 65, 46, 87, 4, 45, 48, 120, 172]]",true
220,838871,2211,Swap,CMT5.vrp,"[[112, 194, 140, 122, 37, 20, 166, 174, 82, 121], [147, 146, 18, 106, 17, 126], [26, 12, 130, 3, 117, 23, 160, 90, 143, 41], [101, 86, 66, 190, 89, 137, 113, 91, 47, 103, 5, 171, 21, 64], [32, 118, 72, 181, 107, 116, 62, 185, 115, 192, 195], [84, 85, 164, 165, 77, 10, 97, 187], [197, 42, 68, 141, 22, 93, 28, 114, 142, 156, 70, 128, 133, 14, 150, 100], [79, 15, 154, 124, 173, 94, 186, 196, 1, 193], [50, 169, 71, 149, 175, 60], [6, 61, 95, 189, 31, 163, 148, 105, 33, 157, 2], [57, 131, 80, 9, 159, 67, 104, 53, 198], [39, 109, 52, 134, 170, 38, 119, 129, 151, 16, 43, 199, 136, 191], [176, 177, 19, 35, 78, 178, 132, 180, 69, 108, 11], [155, 36, 138, 88, 153, 179, 99, 8, 102, 7, 51], [188, 63, 24, 73, 92, 135, 145, 183, 184, 158], [54, 30, 139, 152, 127], [81, 168, 76, 40, 44, 55], [59, 29, 58, 27, 111, 182, 74, 144, 49, 96, 125, 98], [162, 75, 110, 56, 25, 161, 167, 123, 13, 83], [34, 65, 46, 87, 4, 45, 48, 120, 172]]",true
221,841962,2211,Swap,CMT5.vrp,"[[112, 194, 140, 122, 37, 20, 166, 174, 82, 121], [147, 146, 18, 106, 17, 126], [26, 12, 76, 3, 117, 23, 160, 90, 143, 41], [101, 86, 66, 190, 89, 137, 113, 91, 47, 103, 5, 171, 21, 64], [32, 118, 72, 181, 107, 116, 62, 185, 115, 192, 195], [84, 85, 164, 165, 77, 10, 97, 187], [197, 42, 68, 141, 22, 93, 28, 114, 142, 156, 70, 128, 133, 14, 150, 100], [79, 15, 154, 124, 173, 94, 186, 196, 1, 193], [50, 169, 71, 149, 175, 60], [6, 61, 95, 189, 31, 163, 148, 105, 33, 157, 2], [57, 131, 80, 9, 159, 67, 104, 53, 198], [39, 109, 52, 134, 170, 38, 119, 129, 151, 16, 43, 199, 136, 191], [176, 177, 19, 35, 78, 178, 132, 180, 69, 108, 11], [155, 36, 138, 88, 153, 179, 99, 8, 102, 7, 51], [188, 63, 24, 73, 92, 135, 145, 183, 184, 158], [54, 30, 139, 152, 127], [81, 168, 130, 40, 44, 55], [59, 29, 58, 27, 111, 182, 74, 144, 49, 96, 125, 98], [162, 75, 110, 56, 25, 161, 167, 123, 13, 83], [34, 65, 46, 87, 4, 45, 48, 120, 172]]",true
222,845402,2209,Swap,CMT5.vrp,"[[112, 194, 140, 122, 37, 20, 166, 174, 82, 121], [147, 146, 18, 106, 17, 126], [26, 168, 76, 3, 117, 23, 160, 90, 143, 41], [101, 86, 66, 190, 89, 137, 113, 91, 47, 103, 5, 171, 21, 64], [32, 118, 72, 181, 107, 116, 62, 185, 115, 192, 195], [84, 85, 164, 165, 77, 10, 97, 187], [197, 42, 68, 141, 22, 93, 28, 114, 142, 156, 70, 128, 133, 14, 150, 100], [79, 15, 154, 124, 173, 94, 186, 196, 1, 193], [50, 169, 71, 149, 175, 60], [6, 61, 95, 189, 31, 163, 148, 105, 33, 157, 2], [57, 131, 80, 9, 159, 67, 104, 53, 198], [39, 109, 52, 134, 170, 38, 119, 129, 151, 16, 43, 199, 136, 191], [176, 177, 19, 35, 78, 178, 132, 180, 69, 108, 11], [155, 36, 138, 88, 153, 179, 99, 8, 102, 7, 51], [188, 63, 24, 73, 92, 135, 145, 183, 184, 158], [54, 30, 139, 152, 127], [81, 12, 130, 40, 44, 55], [59, 29, 58, 27, 111, 182, 74, 144, 49, 96, 125, 98], [162, 75, 110, 56, 25, 161, 167, 123, 13, 83], [34, 65, 46, 87, 4, 45, 48, 120, 172]]",true
223,848860,2208,Swap,CMT5.vrp,"[[112, 194, 140, 122, 37, 20, 166, 174, 82, 121], [147, 146, 18, 106, 17, 126], [81, 168, 76, 3, 117, 23, 160, 90, 143, 41], [101, 86, 66, 190, 89, 137, 113, 91, 47, 103, 5, 171, 21, 64], [32, 118, 72, 181, 107, 116, 62, 185, 115, 192, 195], [84, 85, 164, 165, 77, 10, 97, 187], [197, 42, 68, 141, 22, 93, 28, 114, 142, 156, 70, 128, 133, 14, 150, 100], [79, 15, 154, 124, 173, 94, 186, 196, 1, 193], [50, 169, 71, 149, 175, 60], [6, 61, 95, 189, 31, 163, 148, 105, 33, 157, 2], [57, 131, 80, 9, 159, 67, 104, 53, 198], [39, 109, 52, 134, 170, 38, 119, 129, 151, 16, 43, 199, 136, 191], [176, 177, 19, 35, 78, 178, 132, 180, 69, 108, 11], [155, 36, 138, 88, 153, 179, 99, 8, 102, 7, 51], [188, 63, 24, 73, 92, 135, 145, 183, 184, 158], [54, 30, 139, 152, 127], [26, 12, 130, 40, 44, 55], [59, 29, 58, 27, 111, 182, 74, 144, 49, 96, 125, 98], [162, 75, 110, 56, 25, 161, 167, 123, 13, 83], [34, 65, 46, 87, 4, 45, 48, 120, 172]]",true

