iteracion,tiempo_us,coste,operador,instancia,ruta_actual,conSplit
0,0,6381,2-opt,CMT5.vrp,"[[21, 84, 107, 93, 8, 189, 166, 104, 59, 42, 167], [73, 144, 51, 123, 146, 5, 108, 130, 97, 50, 182], [30, 106, 185, 113, 11, 156, 23, 191, 89, 174, 183, 195, 159, 103], [54, 179, 157, 140, 148, 85, 92, 91, 33, 163, 165, 115, 53], [186, 139, 81, 56, 164, 20, 109, 39, 151, 17, 137, 173, 105], [141, 197, 122, 28, 116, 76, 64, 154, 58, 7, 188, 150, 101, 77, 128, 172], [37, 29, 184, 196, 136, 143, 170, 142, 127, 149, 98, 99], [10, 112, 90, 95, 102, 110, 57, 135, 66, 41, 45, 46], [74, 31, 52, 120, 168, 131, 190, 68, 61, 161, 49, 26, 134], [55, 35, 70, 12, 44, 160, 43, 83, 94, 198, 132, 88, 19], [2, 78, 9, 22, 126, 69, 169, 147, 124, 176], [138, 155, 193, 153, 13, 199, 16, 133, 38, 1], [180, 118, 111, 72, 75, 145, 86, 117, 114, 129, 34, 60], [40, 158, 152, 125, 119, 100, 32, 63, 15, 82], [162, 177, 36, 4, 62, 18, 65, 87, 47, 121, 71], [67, 25, 181, 194, 3, 80, 27, 171, 79, 192], [6, 178, 14, 187, 24, 96, 175, 48]]",false
1,1409,6363,2-opt,CMT5.vrp,"[[107, 84, 21, 93, 8, 189, 166, 104, 59, 42, 167], [73, 144, 51, 123, 146, 5, 108, 130, 97, 50, 182], [30, 106, 185, 113, 11, 156, 23, 191, 89, 174, 183, 195, 159, 103], [54, 179, 157, 140, 148, 85, 92, 91, 33, 163, 165, 115, 53], [186, 139, 81, 56, 164, 20, 109, 39, 151, 17, 137, 173, 105], [141, 197, 122, 28, 116, 76, 64, 154, 58, 7, 188, 150, 101, 77, 128, 172], [37, 29, 184, 196, 136, 143, 170, 142, 127, 149, 98, 99], [10, 112, 90, 95, 102, 110, 57, 135, 66, 41, 45, 46], [74, 31, 52, 120, 168, 131, 190, 68, 61, 161, 49, 26, 134], [55, 35, 70, 12, 44, 160, 43, 83, 94, 198, 132, 88, 19], [2, 78, 9, 22, 126, 69, 169, 147, 124, 176], [138, 155, 193, 153, 13, 199, 16, 133, 38, 1], [180, 118, 111, 72, 75, 145, 86, 117, 114, 129, 34, 60], [40, 158, 152, 125, 119, 100, 32, 63, 15, 82], [162, 177, 36, 4, 62, 18, 65, 87, 47, 121, 71], [67, 25, 181, 194, 3, 80, 27, 171, 79, 192], [6, 178, 14, 187, 24, 96, 175, 48]]",false
2,1667,6342,2-opt,CMT5.vrp,"[[189, 8, 93, 107, 84, 21, 166, 104, 59, 42, 167], [73, 144, 51, 123, 146, 5, 108, 130, 97, 50, 182], [30, 106, 185, 113, 11, 156, 23, 191, 89, 174, 183, 195, 159, 103], [54, 179, 157, 140, 148, 85, 92, 91, 33, 163, 165, 115, 53], [186, 139, 81, 56, 164, 20, 109, 39, 151, 17, 137, 173, 105], [141, 197, 122, 28, 116, 76, 64, 154, 58, 7, 188, 150, 101, 77, 128, 172], [37, 29, 184, 196, 136, 143, 170, 142, 127, 149, 98, 99], [10, 112, 90, 95, 102, 110, 57, 135, 66, 41, 45, 46], [74, 31, 52, 120, 168, 131, 190, 68, 61, 161, 49, 26, 134], [55, 35, 70, 12, 44, 160, 43, 83, 94, 198, 132, 88, 19], [2, 78, 9, 22, 126, 69, 169, 147, 124, 176], [138, 155, 193, 153, 13, 199, 16, 133, 38, 1], [180, 118, 111, 72, 75, 145, 86, 117, 114, 129, 34, 60], [40, 158, 152, 125, 119, 100, 32, 63, 15, 82], [162, 177, 36, 4, 62, 18, 65, 87, 47, 121, 71], [67, 25, 181, 194, 3, 80, 27, 171, 79, 192], [6, 178, 14, 187, 24, 96, 175, 48]]",false
3,1931,6322,2-opt,CMT5.vrp,"[[21, 93, 107, 84, 8, 189, 166, 104, 59, 42, 167], [73, 144, 51, 123, 146, 5, 108, 130, 97, 50, 182], [30, 106, 185, 113, 11, 156, 23, 191, 89, 174, 183, 195, 159, 103], [54, 179, 157, 140, 148, 85, 92, 91, 33, 163, 165, 115, 53], [186, 139, 81, 56, 164, 20, 109, 39, 151, 17, 137, 173, 105], [141, 197, 122, 28, 116, 76, 64, 154, 58, 7, 188, 150, 101, 77, 128, 172], [37, 29, 184, 196, 136, 143, 170, 142, 127, 149, 98, 99], [10, 112, 90, 95, 102, 110, 57, 135, 66, 41, 45, 46], [74, 31, 52, 120, 168, 131, 190, 68, 61, 161, 49, 26, 134], [55, 35, 70, 12, 44, 160, 43, 83, 94, 198, 132, 88, 19], [2, 78, 9, 22, 126, 69, 169, 147, 124, 176], [138, 155, 193, 153, 13, 199, 16, 133, 38, 1], [180, 118, 111, 72, 75, 145, 86, 117, 114, 129, 34, 60], [40, 158, 152, 125, 119, 100, 32, 63, 15, 82], [162, 177, 36, 4, 62, 18, 65, 87, 47, 121, 71], [67, 25, 181, 194, 3, 80, 27, 171, 79, 192], [6, 178, 14, 187, 24, 96, 175, 48]]",false
4,2214,6315,2-opt,CMT5.vrp,"[[21, 84, 107, 93, 42, 59, 104, 166, 189, 8, 167], [73, 144, 51, 123, 146, 5, 108, 130, 97, 50, 182], [30, 106, 185, 113, 11, 156, 23, 191, 89, 174, 183, 195, 159, 103], [54, 179, 157, 140, 148, 85, 92, 91, 33, 163, 165, 115, 53], [186, 139, 81, 56, 164, 20, 109, 39, 151, 17, 137, 173, 105], [141, 197, 122, 28, 116, 76, 64, 154, 58, 7, 188, 150, 101, 77, 128, 172], [37, 29, 184, 196, 136, 143, 170, 142, 127, 149, 98, 99], [10, 112, 90, 95, 102, 110, 57, 135, 66, 41, 45, 46], [74, 31, 52, 120, 168, 131, 190, 68, 61, 161, 49, 26, 134], [55, 35, 70, 12, 44, 160, 43, 83, 94, 198, 132, 88, 19], [2, 78, 9, 22, 126, 69, 169, 147, 124, 176], [138, 155, 193, 153, 13, 199, 16, 133, 38, 1], [180, 118, 111, 72, 75, 145, 86, 117, 114, 129, 34, 60], [40, 158, 152, 125, 119, 100, 32, 63, 15, 82], [162, 177, 36, 4, 62, 18, 65, 87, 47, 121, 71], [67, 25, 181, 194, 3, 80, 27, 171, 79, 192], [6, 178, 14, 187, 24, 96, 175, 48]]",false
5,2475,6297,2-opt,CMT5.vrp,"[[107, 84, 21, 93, 42, 59, 104, 166, 189, 8, 167], [73, 144, 51, 123, 146, 5, 108, 130, 97, 50, 182], [30, 106, 185, 113, 11, 156, 23, 191, 89, 174, 183, 195, 159, 103], [54, 179, 157, 140, 148, 85, 92, 91, 33, 163, 165, 115, 53], [186, 139, 81, 56, 164, 20, 109, 39, 151, 17, 137, 173, 105], [141, 197, 122, 28, 116, 76, 64, 154, 58, 7, 188, 150, 101, 77, 128, 172], [37, 29, 184, 196, 136, 143, 170, 142, 127, 149, 98, 99], [10, 112, 90, 95, 102, 110, 57, 135, 66, 41, 45, 46], [74, 31, 52, 120, 168, 131, 190, 68, 61, 161, 49, 26, 134], [55, 35, 70, 12, 44, 160, 43, 83, 94, 198, 132, 88, 19], [2, 78, 9, 22, 126, 69, 169, 147, 124, 176], [138, 155, 193, 153, 13, 199, 16, 133, 38, 1], [180, 118, 111, 72, 75, 145, 86, 117, 114, 129, 34, 60], [40, 158, 152, 125, 119, 100, 32, 63, 15, 82], [162, 177, 36, 4, 62, 18, 65, 87, 47, 121, 71], [67, 25, 181, 194, 3, 80, 27, 171, 79, 192], [6, 178, 14, 187, 24, 96, 175, 48]]",false
6,2571,6294,2-opt,CMT5.vrp,"[[42, 93, 107, 84, 21, 59, 104, 166, 189, 8, 167], [73, 144, 51, 123, 146, 5, 108, 130, 97, 50, 182], [30, 106, 185, 113, 11, 156, 23, 191, 89, 174, 183, 195, 159, 103], [54, 179, 157, 140, 148, 85, 92, 91, 33, 163, 165, 115, 53], [186, 139, 81, 56, 164, 20, 109, 39, 151, 17, 137, 173, 105], [141, 197, 122, 28, 116, 76, 64, 154, 58, 7, 188, 150, 101, 77, 128, 172], [37, 29, 184, 196, 136, 143, 170, 142, 127, 149, 98, 99], [10, 112, 90, 95, 102, 110, 57, 135, 66, 41, 45, 46], [74, 31, 52, 120, 168, 131, 190, 68, 61, 161, 49, 26, 134], [55, 35, 70, 12, 44, 160, 43, 83, 94, 198, 132, 88, 19], [2, 78, 9, 22, 126, 69, 169, 147, 124, 176], [138, 155, 193, 153, 13, 199, 16, 133, 38, 1], [180, 118, 111, 72, 75, 145, 86, 117, 114, 129, 34, 60], [40, 158, 152, 125, 119, 100, 32, 63, 15, 82], [162, 177, 36, 4, 62, 18, 65, 87, 47, 121, 71], [67, 25, 181, 194, 3, 80, 27, 171, 79, 192], [6, 178, 14, 187, 24, 96, 175, 48]]",false
7,2692,6279,2-opt,CMT5.vrp,"[[104, 59, 42, 93, 107, 84, 21, 166, 189, 8, 167], [73, 144, 51, 123, 146, 5, 108, 130, 97, 50, 182], [30, 106, 185, 113, 11, 156, 23, 191, 89, 174, 183, 195, 159, 103], [54, 179, 157, 140, 148, 85, 92, 91, 33, 163, 165, 115, 53], [186, 139, 81, 56, 164, 20, 109, 39, 151, 17, 137, 173, 105], [141, 197, 122, 28, 116, 76, 64, 154, 58, 7, 188, 150, 101, 77, 128, 172], [37, 29, 184, 196, 136, 143, 170, 142, 127, 149, 98, 99], [10, 112, 90, 95, 102, 110, 57, 135, 66, 41, 45, 46], [74, 31, 52, 120, 168, 131, 190, 68, 61, 161, 49, 26, 134], [55, 35, 70, 12, 44, 160, 43, 83, 94, 198, 132, 88, 19], [2, 78, 9, 22, 126, 69, 169, 147, 124, 176], [138, 155, 193, 153, 13, 199, 16, 133, 38, 1], [180, 118, 111, 72, 75, 145, 86, 117, 114, 129, 34, 60], [40, 158, 152, 125, 119, 100, 32, 63, 15, 82], [162, 177, 36, 4, 62, 18, 65, 87, 47, 121, 71], [67, 25, 181, 194, 3, 80, 27, 171, 79, 192], [6, 178, 14, 187, 24, 96, 175, 48]]",false
8,2852,6246,2-opt,CMT5.vrp,"[[21, 166, 104, 59, 42, 93, 107, 84, 189, 8, 167], [73, 144, 51, 123, 146, 5, 108, 130, 97, 50, 182], [30, 106, 185, 113, 11, 156, 23, 191, 89, 174, 183, 195, 159, 103], [54, 179, 157, 140, 148, 85, 92, 91, 33, 163, 165, 115, 53], [186, 139, 81, 56, 164, 20, 109, 39, 151, 17, 137, 173, 105], [141, 197, 122, 28, 116, 76, 64, 154, 58, 7, 188, 150, 101, 77, 128, 172], [37, 29, 184, 196, 136, 143, 170, 142, 127, 149, 98, 99], [10, 112, 90, 95, 102, 110, 57, 135, 66, 41, 45, 46], [74, 31, 52, 120, 168, 131, 190, 68, 61, 161, 49, 26, 134], [55, 35, 70, 12, 44, 160, 43, 83, 94, 198, 132, 88, 19], [2, 78, 9, 22, 126, 69, 169, 147, 124, 176], [138, 155, 193, 153, 13, 199, 16, 133, 38, 1], [180, 118, 111, 72, 75, 145, 86, 117, 114, 129, 34, 60], [40, 158, 152, 125, 119, 100, 32, 63, 15, 82], [162, 177, 36, 4, 62, 18, 65, 87, 47, 121, 71], [67, 25, 181, 194, 3, 80, 27, 171, 79, 192], [6, 178, 14, 187, 24, 96, 175, 48]]",false
9,3182,6242,2-opt,CMT5.vrp,"[[166, 21, 104, 59, 42, 93, 107, 84, 189, 8, 167], [73, 144, 51, 123, 146, 5, 108, 130, 97, 50, 182], [30, 106, 185, 113, 11, 156, 23, 191, 89, 174, 183, 195, 159, 103], [54, 179, 157, 140, 148, 85, 92, 91, 33, 163, 165, 115, 53], [186, 139, 81, 56, 164, 20, 109, 39, 151, 17, 137, 173, 105], [141, 197, 122, 28, 116, 76, 64, 154, 58, 7, 188, 150, 101, 77, 128, 172], [37, 29, 184, 196, 136, 143, 170, 142, 127, 149, 98, 99], [10, 112, 90, 95, 102, 110, 57, 135, 66, 41, 45, 46], [74, 31, 52, 120, 168, 131, 190, 68, 61, 161, 49, 26, 134], [55, 35, 70, 12, 44, 160, 43, 83, 94, 198, 132, 88, 19], [2, 78, 9, 22, 126, 69, 169, 147, 124, 176], [138, 155, 193, 153, 13, 199, 16, 133, 38, 1], [180, 118, 111, 72, 75, 145, 86, 117, 114, 129, 34, 60], [40, 158, 152, 125, 119, 100, 32, 63, 15, 82], [162, 177, 36, 4, 62, 18, 65, 87, 47, 121, 71], [67, 25, 181, 194, 3, 80, 27, 171, 79, 192], [6, 178, 14, 187, 24, 96, 175, 48]]",false
10,3288,6216,2-opt,CMT5.vrp,"[[104, 166, 21, 59, 42, 93, 107, 84, 189, 8, 167], [73, 144, 51, 123, 146, 5, 108, 130, 97, 50, 182], [30, 106, 185, 113, 11, 156, 23, 191, 89, 174, 183, 195, 159, 103], [54, 179, 157, 140, 148, 85, 92, 91, 33, 163, 165, 115, 53], [186, 139, 81, 56, 164, 20, 109, 39, 151, 17, 137, 173, 105], [141, 197, 122, 28, 116, 76, 64, 154, 58, 7, 188, 150, 101, 77, 128, 172], [37, 29, 184, 196, 136, 143, 170, 142, 127, 149, 98, 99], [10, 112, 90, 95, 102, 110, 57, 135, 66, 41, 45, 46], [74, 31, 52, 120, 168, 131, 190, 68, 61, 161, 49, 26, 134], [55, 35, 70, 12, 44, 160, 43, 83, 94, 198, 132, 88, 19], [2, 78, 9, 22, 126, 69, 169, 147, 124, 176], [138, 155, 193, 153, 13, 199, 16, 133, 38, 1], [180, 118, 111, 72, 75, 145, 86, 117, 114, 129, 34, 60], [40, 158, 152, 125, 119, 100, 32, 63, 15, 82], [162, 177, 36, 4, 62, 18, 65, 87, 47, 121, 71], [67, 25, 181, 194, 3, 80, 27, 171, 79, 192], [6, 178, 14, 187, 24, 96, 175, 48]]",false
11,3488,6190,2-opt,CMT5.vrp,"[[21, 166, 59, 104, 42, 93, 107, 84, 189, 8, 167], [73, 144, 51, 123, 146, 5, 108, 130, 97, 50, 182], [30, 106, 185, 113, 11, 156, 23, 191, 89, 174, 183, 195, 159, 103], [54, 179, 157, 140, 148, 85, 92, 91, 33, 163, 165, 115, 53], [186, 139, 81, 56, 164, 20, 109, 39, 151, 17, 137, 173, 105], [141, 197, 122, 28, 116, 76, 64, 154, 58, 7, 188, 150, 101, 77, 128, 172], [37, 29, 184, 196, 136, 143, 170, 142, 127, 149, 98, 99], [10, 112, 90, 95, 102, 110, 57, 135, 66, 41, 45, 46], [74, 31, 52, 120, 168, 131, 190, 68, 61, 161, 49, 26, 134], [55, 35, 70, 12, 44, 160, 43, 83, 94, 198, 132, 88, 19], [2, 78, 9, 22, 126, 69, 169, 147, 124, 176], [138, 155, 193, 153, 13, 199, 16, 133, 38, 1], [180, 118, 111, 72, 75, 145, 86, 117, 114, 129, 34, 60], [40, 158, 152, 125, 119, 100, 32, 63, 15, 82], [162, 177, 36, 4, 62, 18, 65, 87, 47, 121, 71], [67, 25, 181, 194, 3, 80, 27, 171, 79, 192], [6, 178, 14, 187, 24, 96, 175, 48]]",false
12,3716,6184,2-opt,CMT5.vrp,"[[59, 166, 21, 104, 42, 93, 107, 84, 189, 8, 167], [73, 144, 51, 123, 146, 5, 108, 130, 97, 50, 182], [30, 106, 185, 113, 11, 156, 23, 191, 89, 174, 183, 195, 159, 103], [54, 179, 157, 140, 148, 85, 92, 91, 33, 163, 165, 115, 53], [186, 139, 81, 56, 164, 20, 109, 39, 151, 17, 137, 173, 105], [141, 197, 122, 28, 116, 76, 64, 154, 58, 7, 188, 150, 101, 77, 128, 172], [37, 29, 184, 196, 136, 143, 170, 142, 127, 149, 98, 99], [10, 112, 90, 95, 102, 110, 57, 135, 66, 41, 45, 46], [74, 31, 52, 120, 168, 131, 190, 68, 61, 161, 49, 26, 134], [55, 35, 70, 12, 44, 160, 43, 83, 94, 198, 132, 88, 19], [2, 78, 9, 22, 126, 69, 169, 147, 124, 176], [138, 155, 193, 153, 13, 199, 16, 133, 38, 1], [180, 118, 111, 72, 75, 145, 86, 117, 114, 129, 34, 60], [40, 158, 152, 125, 119, 100, 32, 63, 15, 82], [162, 177, 36, 4, 62, 18, 65, 87, 47, 121, 71], [67, 25, 181, 194, 3, 80, 27, 171, 79, 192], [6, 178, 14, 187, 24, 96, 175, 48]]",false
13,3941,6154,2-opt,CMT5.vrp,"[[21, 166, 59, 93, 42, 104, 107, 84, 189, 8, 167], [73, 144, 51, 123, 146, 5, 108, 130, 97, 50, 182], [30, 106, 185, 113, 11, 156, 23, 191, 89, 174, 183, 195, 159, 103], [54, 179, 157, 140, 148, 85, 92, 91, 33, 163, 165, 115, 53], [186, 139, 81, 56, 164, 20, 109, 39, 151, 17, 137, 173, 105], [141, 197, 122, 28, 116, 76, 64, 154, 58, 7, 188, 150, 101, 77, 128, 172], [37, 29, 184, 196, 136, 143, 170, 142, 127, 149, 98, 99], [10, 112, 90, 95, 102, 110, 57, 135, 66, 41, 45, 46], [74, 31, 52, 120, 168, 131, 190, 68, 61, 161, 49, 26, 134], [55, 35, 70, 12, 44, 160, 43, 83, 94, 198, 132, 88, 19], [2, 78, 9, 22, 126, 69, 169, 147, 124, 176], [138, 155, 193, 153, 13, 199, 16, 133, 38, 1], [180, 118, 111, 72, 75, 145, 86, 117, 114, 129, 34, 60], [40, 158, 152, 125, 119, 100, 32, 63, 15, 82], [162, 177, 36, 4, 62, 18, 65, 87, 47, 121, 71], [67, 25, 181, 194, 3, 80, 27, 171, 79, 192], [6, 178, 14, 187, 24, 96, 175, 48]]",false
14,4115,6153,2-opt,CMT5.vrp,"[[21, 166, 59, 104, 42, 93, 107, 189, 84, 8, 167], [73, 144, 51, 123, 146, 5, 108, 130, 97, 50, 182], [30, 106, 185, 113, 11, 156, 23, 191, 89, 174, 183, 195, 159, 103], [54, 179, 157, 140, 148, 85, 92, 91, 33, 163, 165, 115, 53], [186, 139, 81, 56, 164, 20, 109, 39, 151, 17, 137, 173, 105], [141, 197, 122, 28, 116, 76, 64, 154, 58, 7, 188, 150, 101, 77, 128, 172], [37, 29, 184, 196, 136, 143, 170, 142, 127, 149, 98, 99], [10, 112, 90, 95, 102, 110, 57, 135, 66, 41, 45, 46], [74, 31, 52, 120, 168, 131, 190, 68, 61, 161, 49, 26, 134], [55, 35, 70, 12, 44, 160, 43, 83, 94, 198, 132, 88, 19], [2, 78, 9, 22, 126, 69, 169, 147, 124, 176], [138, 155, 193, 153, 13, 199, 16, 133, 38, 1], [180, 118, 111, 72, 75, 145, 86, 117, 114, 129, 34, 60], [40, 158, 152, 125, 119, 100, 32, 63, 15, 82], [162, 177, 36, 4, 62, 18, 65, 87, 47, 121, 71], [67, 25, 181, 194, 3, 80, 27, 171, 79, 192], [6, 178, 14, 187, 24, 96, 175, 48]]",false
15,4265,6147,2-opt,CMT5.vrp,"[[59, 166, 21, 104, 42, 93, 107, 189, 84, 8, 167], [73, 144, 51, 123, 146, 5, 108, 130, 97, 50, 182], [30, 106, 185, 113, 11, 156, 23, 191, 89, 174, 183, 195, 159, 103], [54, 179, 157, 140, 148, 85, 92, 91, 33, 163, 165, 115, 53], [186, 139, 81, 56, 164, 20, 109, 39, 151, 17, 137, 173, 105], [141, 197, 122, 28, 116, 76, 64, 154, 58, 7, 188, 150, 101, 77, 128, 172], [37, 29, 184, 196, 136, 143, 170, 142, 127, 149, 98, 99], [10, 112, 90, 95, 102, 110, 57, 135, 66, 41, 45, 46], [74, 31, 52, 120, 168, 131, 190, 68, 61, 161, 49, 26, 134], [55, 35, 70, 12, 44, 160, 43, 83, 94, 198, 132, 88, 19], [2, 78, 9, 22, 126, 69, 169, 147, 124, 176], [138, 155, 193, 153, 13, 199, 16, 133, 38, 1], [180, 118, 111, 72, 75, 145, 86, 117, 114, 129, 34, 60], [40, 158, 152, 125, 119, 100, 32, 63, 15, 82], [162, 177, 36, 4, 62, 18, 65, 87, 47, 121, 71], [67, 25, 181, 194, 3, 80, 27, 171, 79, 192], [6, 178, 14, 187, 24, 96, 175, 48]]",false
16,4491,6117,2-opt,CMT5.vrp,"[[21, 166, 59, 93, 42, 104, 107, 189, 84, 8, 167], [73, 144, 51, 123, 146, 5, 108, 130, 97, 50, 182], [30, 106, 185, 113, 11, 156, 23, 191, 89, 174, 183, 195, 159, 103], [54, 179, 157, 140, 148, 85, 92, 91, 33, 163, 165, 115, 53], [186, 139, 81, 56, 164, 20, 109, 39, 151, 17, 137, 173, 105], [141, 197, 122, 28, 116, 76, 64, 154, 58, 7, 188, 150, 101, 77, 128, 172], [37, 29, 184, 196, 136, 143, 170, 142, 127, 149, 98, 99], [10, 112, 90, 95, 102, 110, 57, 135, 66, 41, 45, 46], [74, 31, 52, 120, 168, 131, 190, 68, 61, 161, 49, 26, 134], [55, 35, 70, 12, 44, 160, 43, 83, 94, 198, 132, 88, 19], [2, 78, 9, 22, 126, 69, 169, 147, 124, 176], [138, 155, 193, 153, 13, 199, 16, 133, 38, 1], [180, 118, 111, 72, 75, 145, 86, 117, 114, 129, 34, 60], [40, 158, 152, 125, 119, 100, 32, 63, 15, 82], [162, 177, 36, 4, 62, 18, 65, 87, 47, 121, 71], [67, 25, 181, 194, 3, 80, 27, 171, 79, 192], [6, 178, 14, 187, 24, 96, 175, 48]]",false
17,4715,6107,2-opt,CMT5.vrp,"[[59, 166, 21, 93, 42, 104, 107, 189, 84, 8, 167], [73, 144, 51, 123, 146, 5, 108, 130, 97, 50, 182], [30, 106, 185, 113, 11, 156, 23, 191, 89, 174, 183, 195, 159, 103], [54, 179, 157, 140, 148, 85, 92, 91, 33, 163, 165, 115, 53], [186, 139, 81, 56, 164, 20, 109, 39, 151, 17, 137, 173, 105], [141, 197, 122, 28, 116, 76, 64, 154, 58, 7, 188, 150, 101, 77, 128, 172], [37, 29, 184, 196, 136, 143, 170, 142, 127, 149, 98, 99], [10, 112, 90, 95, 102, 110, 57, 135, 66, 41, 45, 46], [74, 31, 52, 120, 168, 131, 190, 68, 61, 161, 49, 26, 134], [55, 35, 70, 12, 44, 160, 43, 83, 94, 198, 132, 88, 19], [2, 78, 9, 22, 126, 69, 169, 147, 124, 176], [138, 155, 193, 153, 13, 199, 16, 133, 38, 1], [180, 118, 111, 72, 75, 145, 86, 117, 114, 129, 34, 60], [40, 158, 152, 125, 119, 100, 32, 63, 15, 82], [162, 177, 36, 4, 62, 18, 65, 87, 47, 121, 71], [67, 25, 181, 194, 3, 80, 27, 171, 79, 192], [6, 178, 14, 187, 24, 96, 175, 48]]",false
18,5307,6101,2-opt,CMT5.vrp,"[[59, 166, 21, 93, 42, 104, 107, 189, 84, 8, 167], [144, 73, 51, 123, 146, 5, 108, 130, 97, 50, 182], [30, 106, 185, 113, 11, 156, 23, 191, 89, 174, 183, 195, 159, 103], [54, 179, 157, 140, 148, 85, 92, 91, 33, 163, 165, 115, 53], [186, 139, 81, 56, 164, 20, 109, 39, 151, 17, 137, 173, 105], [141, 197, 122, 28, 116, 76, 64, 154, 58, 7, 188, 150, 101, 77, 128, 172], [37, 29, 184, 196, 136, 143, 170, 142, 127, 149, 98, 99], [10, 112, 90, 95, 102, 110, 57, 135, 66, 41, 45, 46], [74, 31, 52, 120, 168, 131, 190, 68, 61, 161, 49, 26, 134], [55, 35, 70, 12, 44, 160, 43, 83, 94, 198, 132, 88, 19], [2, 78, 9, 22, 126, 69, 169, 147, 124, 176], [138, 155, 193, 153, 13, 199, 16, 133, 38, 1], [180, 118, 111, 72, 75, 145, 86, 117, 114, 129, 34, 60], [40, 158, 152, 125, 119, 100, 32, 63, 15, 82], [162, 177, 36, 4, 62, 18, 65, 87, 47, 121, 71], [67, 25, 181, 194, 3, 80, 27, 171, 79, 192], [6, 178, 14, 187, 24, 96, 175, 48]]",false
19,5392,6049,2-opt,CMT5.vrp,"[[59, 166, 21, 93, 42, 104, 107, 189, 84, 8, 167], [123, 51, 144, 73, 146, 5, 108, 130, 97, 50, 182], [30, 106, 185, 113, 11, 156, 23, 191, 89, 174, 183, 195, 159, 103], [54, 179, 157, 140, 148, 85, 92, 91, 33, 163, 165, 115, 53], [186, 139, 81, 56, 164, 20, 109, 39, 151, 17, 137, 173, 105], [141, 197, 122, 28, 116, 76, 64, 154, 58, 7, 188, 150, 101, 77, 128, 172], [37, 29, 184, 196, 136, 143, 170, 142, 127, 149, 98, 99], [10, 112, 90, 95, 102, 110, 57, 135, 66, 41, 45, 46], [74, 31, 52, 120, 168, 131, 190, 68, 61, 161, 49, 26, 134], [55, 35, 70, 12, 44, 160, 43, 83, 94, 198, 132, 88, 19], [2, 78, 9, 22, 126, 69, 169, 147, 124, 176], [138, 155, 193, 153, 13, 199, 16, 133, 38, 1], [180, 118, 111, 72, 75, 145, 86, 117, 114, 129, 34, 60], [40, 158, 152, 125, 119, 100, 32, 63, 15, 82], [162, 177, 36, 4, 62, 18, 65, 87, 47, 121, 71], [67, 25, 181, 194, 3, 80, 27, 171, 79, 192], [6, 178, 14, 187, 24, 96, 175, 48]]",false
20,5570,6012,2-opt,CMT5.vrp,"[[59, 166, 21, 93, 42, 104, 107, 189, 84, 8, 167], [146, 73, 144, 51, 123, 5, 108, 130, 97, 50, 182], [30, 106, 185, 113, 11, 156, 23, 191, 89, 174, 183, 195, 159, 103], [54, 179, 157, 140, 148, 85, 92, 91, 33, 163, 165, 115, 53], [186, 139, 81, 56, 164, 20, 109, 39, 151, 17, 137, 173, 105], [141, 197, 122, 28, 116, 76, 64, 154, 58, 7, 188, 150, 101, 77, 128, 172], [37, 29, 184, 196, 136, 143, 170, 142, 127, 149, 98, 99], [10, 112, 90, 95, 102, 110, 57, 135, 66, 41, 45, 46], [74, 31, 52, 120, 168, 131, 190, 68, 61, 161, 49, 26, 134], [55, 35, 70, 12, 44, 160, 43, 83, 94, 198, 132, 88, 19], [2, 78, 9, 22, 126, 69, 169, 147, 124, 176], [138, 155, 193, 153, 13, 199, 16, 133, 38, 1], [180, 118, 111, 72, 75, 145, 86, 117, 114, 129, 34, 60], [40, 158, 152, 125, 119, 100, 32, 63, 15, 82], [162, 177, 36, 4, 62, 18, 65, 87, 47, 121, 71], [67, 25, 181, 194, 3, 80, 27, 171, 79, 192], [6, 178, 14, 187, 24, 96, 175, 48]]",false
21,5642,5997,2-opt,CMT5.vrp,"[[59, 166, 21, 93, 42, 104, 107, 189, 84, 8, 167], [123, 51, 50, 97, 130, 108, 5, 146, 73, 144, 182], [30, 106, 185, 113, 11, 156, 23, 191, 89, 174, 183, 195, 159, 103], [54, 179, 157, 140, 148, 85, 92, 91, 33, 163, 165, 115, 53], [186, 139, 81, 56, 164, 20, 109, 39, 151, 17, 137, 173, 105], [141, 197, 122, 28, 116, 76, 64, 154, 58, 7, 188, 150, 101, 77, 128, 172], [37, 29, 184, 196, 136, 143, 170, 142, 127, 149, 98, 99], [10, 112, 90, 95, 102, 110, 57, 135, 66, 41, 45, 46], [74, 31, 52, 120, 168, 131, 190, 68, 61, 161, 49, 26, 134], [55, 35, 70, 12, 44, 160, 43, 83, 94, 198, 132, 88, 19], [2, 78, 9, 22, 126, 69, 169, 147, 124, 176], [138, 155, 193, 153, 13, 199, 16, 133, 38, 1], [180, 118, 111, 72, 75, 145, 86, 117, 114, 129, 34, 60], [40, 158, 152, 125, 119, 100, 32, 63, 15, 82], [162, 177, 36, 4, 62, 18, 65, 87, 47, 121, 71], [67, 25, 181, 194, 3, 80, 27, 171, 79, 192], [6, 178, 14, 187, 24, 96, 175, 48]]",false
22,5713,5986,2-opt,CMT5.vrp,"[[59, 166, 21, 93, 42, 104, 107, 189, 84, 8, 167], [130, 97, 50, 51, 123, 108, 5, 146, 73, 144, 182], [30, 106, 185, 113, 11, 156, 23, 191, 89, 174, 183, 195, 159, 103], [54, 179, 157, 140, 148, 85, 92, 91, 33, 163, 165, 115, 53], [186, 139, 81, 56, 164, 20, 109, 39, 151, 17, 137, 173, 105], [141, 197, 122, 28, 116, 76, 64, 154, 58, 7, 188, 150, 101, 77, 128, 172], [37, 29, 184, 196, 136, 143, 170, 142, 127, 149, 98, 99], [10, 112, 90, 95, 102, 110, 57, 135, 66, 41, 45, 46], [74, 31, 52, 120, 168, 131, 190, 68, 61, 161, 49, 26, 134], [55, 35, 70, 12, 44, 160, 43, 83, 94, 198, 132, 88, 19], [2, 78, 9, 22, 126, 69, 169, 147, 124, 176], [138, 155, 193, 153, 13, 199, 16, 133, 38, 1], [180, 118, 111, 72, 75, 145, 86, 117, 114, 129, 34, 60], [40, 158, 152, 125, 119, 100, 32, 63, 15, 82], [162, 177, 36, 4, 62, 18, 65, 87, 47, 121, 71], [67, 25, 181, 194, 3, 80, 27, 171, 79, 192], [6, 178, 14, 187, 24, 96, 175, 48]]",false
23,5756,5977,2-opt,CMT5.vrp,"[[59, 166, 21, 93, 42, 104, 107, 189, 84, 8, 167], [108, 130, 97, 50, 51, 123, 5, 146, 73, 144, 182], [30, 106, 185, 113, 11, 156, 23, 191, 89, 174, 183, 195, 159, 103], [54, 179, 157, 140, 148, 85, 92, 91, 33, 163, 165, 115, 53], [186, 139, 81, 56, 164, 20, 109, 39, 151, 17, 137, 173, 105], [141, 197, 122, 28, 116, 76, 64, 154, 58, 7, 188, 150, 101, 77, 128, 172], [37, 29, 184, 196, 136, 143, 170, 142, 127, 149, 98, 99], [10, 112, 90, 95, 102, 110, 57, 135, 66, 41, 45, 46], [74, 31, 52, 120, 168, 131, 190, 68, 61, 161, 49, 26, 134], [55, 35, 70, 12, 44, 160, 43, 83, 94, 198, 132, 88, 19], [2, 78, 9, 22, 126, 69, 169, 147, 124, 176], [138, 155, 193, 153, 13, 199, 16, 133, 38, 1], [180, 118, 111, 72, 75, 145, 86, 117, 114, 129, 34, 60], [40, 158, 152, 125, 119, 100, 32, 63, 15, 82], [162, 177, 36, 4, 62, 18, 65, 87, 47, 121, 71], [67, 25, 181, 194, 3, 80, 27, 171, 79, 192], [6, 178, 14, 187, 24, 96, 175, 48]]",false
24,5816,5976,2-opt,CMT5.vrp,"[[59, 166, 21, 93, 42, 104, 107, 189, 84, 8, 167], [123, 5, 108, 130, 97, 50, 51, 146, 73, 144, 182], [30, 106, 185, 113, 11, 156, 23, 191, 89, 174, 183, 195, 159, 103], [54, 179, 157, 140, 148, 85, 92, 91, 33, 163, 165, 115, 53], [186, 139, 81, 56, 164, 20, 109, 39, 151, 17, 137, 173, 105], [141, 197, 122, 28, 116, 76, 64, 154, 58, 7, 188, 150, 101, 77, 128, 172], [37, 29, 184, 196, 136, 143, 170, 142, 127, 149, 98, 99], [10, 112, 90, 95, 102, 110, 57, 135, 66, 41, 45, 46], [74, 31, 52, 120, 168, 131, 190, 68, 61, 161, 49, 26, 134], [55, 35, 70, 12, 44, 160, 43, 83, 94, 198, 132, 88, 19], [2, 78, 9, 22, 126, 69, 169, 147, 124, 176], [138, 155, 193, 153, 13, 199, 16, 133, 38, 1], [180, 118, 111, 72, 75, 145, 86, 117, 114, 129, 34, 60], [40, 158, 152, 125, 119, 100, 32, 63, 15, 82], [162, 177, 36, 4, 62, 18, 65, 87, 47, 121, 71], [67, 25, 181, 194, 3, 80, 27, 171, 79, 192], [6, 178, 14, 187, 24, 96, 175, 48]]",false
25,5894,5958,2-opt,CMT5.vrp,"[[59, 166, 21, 93, 42, 104, 107, 189, 84, 8, 167], [5, 123, 108, 130, 97, 50, 51, 146, 73, 144, 182], [30, 106, 185, 113, 11, 156, 23, 191, 89, 174, 183, 195, 159, 103], [54, 179, 157, 140, 148, 85, 92, 91, 33, 163, 165, 115, 53], [186, 139, 81, 56, 164, 20, 109, 39, 151, 17, 137, 173, 105], [141, 197, 122, 28, 116, 76, 64, 154, 58, 7, 188, 150, 101, 77, 128, 172], [37, 29, 184, 196, 136, 143, 170, 142, 127, 149, 98, 99], [10, 112, 90, 95, 102, 110, 57, 135, 66, 41, 45, 46], [74, 31, 52, 120, 168, 131, 190, 68, 61, 161, 49, 26, 134], [55, 35, 70, 12, 44, 160, 43, 83, 94, 198, 132, 88, 19], [2, 78, 9, 22, 126, 69, 169, 147, 124, 176], [138, 155, 193, 153, 13, 199, 16, 133, 38, 1], [180, 118, 111, 72, 75, 145, 86, 117, 114, 129, 34, 60], [40, 158, 152, 125, 119, 100, 32, 63, 15, 82], [162, 177, 36, 4, 62, 18, 65, 87, 47, 121, 71], [67, 25, 181, 194, 3, 80, 27, 171, 79, 192], [6, 178, 14, 187, 24, 96, 175, 48]]",false
26,5966,5945,2-opt,CMT5.vrp,"[[59, 166, 21, 93, 42, 104, 107, 189, 84, 8, 167], [123, 5, 108, 51, 50, 97, 130, 146, 73, 144, 182], [30, 106, 185, 113, 11, 156, 23, 191, 89, 174, 183, 195, 159, 103], [54, 179, 157, 140, 148, 85, 92, 91, 33, 163, 165, 115, 53], [186, 139, 81, 56, 164, 20, 109, 39, 151, 17, 137, 173, 105], [141, 197, 122, 28, 116, 76, 64, 154, 58, 7, 188, 150, 101, 77, 128, 172], [37, 29, 184, 196, 136, 143, 170, 142, 127, 149, 98, 99], [10, 112, 90, 95, 102, 110, 57, 135, 66, 41, 45, 46], [74, 31, 52, 120, 168, 131, 190, 68, 61, 161, 49, 26, 134], [55, 35, 70, 12, 44, 160, 43, 83, 94, 198, 132, 88, 19], [2, 78, 9, 22, 126, 69, 169, 147, 124, 176], [138, 155, 193, 153, 13, 199, 16, 133, 38, 1], [180, 118, 111, 72, 75, 145, 86, 117, 114, 129, 34, 60], [40, 158, 152, 125, 119, 100, 32, 63, 15, 82], [162, 177, 36, 4, 62, 18, 65, 87, 47, 121, 71], [67, 25, 181, 194, 3, 80, 27, 171, 79, 192], [6, 178, 14, 187, 24, 96, 175, 48]]",false
27,6031,5927,2-opt,CMT5.vrp,"[[59, 166, 21, 93, 42, 104, 107, 189, 84, 8, 167], [5, 123, 108, 51, 50, 97, 130, 146, 73, 144, 182], [30, 106, 185, 113, 11, 156, 23, 191, 89, 174, 183, 195, 159, 103], [54, 179, 157, 140, 148, 85, 92, 91, 33, 163, 165, 115, 53], [186, 139, 81, 56, 164, 20, 109, 39, 151, 17, 137, 173, 105], [141, 197, 122, 28, 116, 76, 64, 154, 58, 7, 188, 150, 101, 77, 128, 172], [37, 29, 184, 196, 136, 143, 170, 142, 127, 149, 98, 99], [10, 112, 90, 95, 102, 110, 57, 135, 66, 41, 45, 46], [74, 31, 52, 120, 168, 131, 190, 68, 61, 161, 49, 26, 134], [55, 35, 70, 12, 44, 160, 43, 83, 94, 198, 132, 88, 19], [2, 78, 9, 22, 126, 69, 169, 147, 124, 176], [138, 155, 193, 153, 13, 199, 16, 133, 38, 1], [180, 118, 111, 72, 75, 145, 86, 117, 114, 129, 34, 60], [40, 158, 152, 125, 119, 100, 32, 63, 15, 82], [162, 177, 36, 4, 62, 18, 65, 87, 47, 121, 71], [67, 25, 181, 194, 3, 80, 27, 171, 79, 192], [6, 178, 14, 187, 24, 96, 175, 48]]",false
28,6129,5927,2-opt,CMT5.vrp,"[[59, 166, 21, 93, 42, 104, 107, 189, 84, 8, 167], [182, 144, 73, 146, 130, 97, 50, 51, 108, 123, 5], [30, 106, 185, 113, 11, 156, 23, 191, 89, 174, 183, 195, 159, 103], [54, 179, 157, 140, 148, 85, 92, 91, 33, 163, 165, 115, 53], [186, 139, 81, 56, 164, 20, 109, 39, 151, 17, 137, 173, 105], [141, 197, 122, 28, 116, 76, 64, 154, 58, 7, 188, 150, 101, 77, 128, 172], [37, 29, 184, 196, 136, 143, 170, 142, 127, 149, 98, 99], [10, 112, 90, 95, 102, 110, 57, 135, 66, 41, 45, 46], [74, 31, 52, 120, 168, 131, 190, 68, 61, 161, 49, 26, 134], [55, 35, 70, 12, 44, 160, 43, 83, 94, 198, 132, 88, 19], [2, 78, 9, 22, 126, 69, 169, 147, 124, 176], [138, 155, 193, 153, 13, 199, 16, 133, 38, 1], [180, 118, 111, 72, 75, 145, 86, 117, 114, 129, 34, 60], [40, 158, 152, 125, 119, 100, 32, 63, 15, 82], [162, 177, 36, 4, 62, 18, 65, 87, 47, 121, 71], [67, 25, 181, 194, 3, 80, 27, 171, 79, 192], [6, 178, 14, 187, 24, 96, 175, 48]]",false
29,6304,5914,2-opt,CMT5.vrp,"[[59, 166, 21, 93, 42, 104, 107, 189, 84, 8, 167], [5, 123, 108, 51, 50, 130, 97, 146, 73, 144, 182], [30, 106, 185, 113, 11, 156, 23, 191, 89, 174, 183, 195, 159, 103], [54, 179, 157, 140, 148, 85, 92, 91, 33, 163, 165, 115, 53], [186, 139, 81, 56, 164, 20, 109, 39, 151, 17, 137, 173, 105], [141, 197, 122, 28, 116, 76, 64, 154, 58, 7, 188, 150, 101, 77, 128, 172], [37, 29, 184, 196, 136, 143, 170, 142, 127, 149, 98, 99], [10, 112, 90, 95, 102, 110, 57, 135, 66, 41, 45, 46], [74, 31, 52, 120, 168, 131, 190, 68, 61, 161, 49, 26, 134], [55, 35, 70, 12, 44, 160, 43, 83, 94, 198, 132, 88, 19], [2, 78, 9, 22, 126, 69, 169, 147, 124, 176], [138, 155, 193, 153, 13, 199, 16, 133, 38, 1], [180, 118, 111, 72, 75, 145, 86, 117, 114, 129, 34, 60], [40, 158, 152, 125, 119, 100, 32, 63, 15, 82], [162, 177, 36, 4, 62, 18, 65, 87, 47, 121, 71], [67, 25, 181, 194, 3, 80, 27, 171, 79, 192], [6, 178, 14, 187, 24, 96, 175, 48]]",false
30,6420,5907,2-opt,CMT5.vrp,"[[59, 166, 21, 93, 42, 104, 107, 189, 84, 8, 167], [5, 123, 108, 51, 50, 130, 97, 146, 73, 144, 182], [113, 185, 106, 30, 11, 156, 23, 191, 89, 174, 183, 195, 159, 103], [54, 179, 157, 140, 148, 85, 92, 91, 33, 163, 165, 115, 53], [186, 139, 81, 56, 164, 20, 109, 39, 151, 17, 137, 173, 105], [141, 197, 122, 28, 116, 76, 64, 154, 58, 7, 188, 150, 101, 77, 128, 172], [37, 29, 184, 196, 136, 143, 170, 142, 127, 149, 98, 99], [10, 112, 90, 95, 102, 110, 57, 135, 66, 41, 45, 46], [74, 31, 52, 120, 168, 131, 190, 68, 61, 161, 49, 26, 134], [55, 35, 70, 12, 44, 160, 43, 83, 94, 198, 132, 88, 19], [2, 78, 9, 22, 126, 69, 169, 147, 124, 176], [138, 155, 193, 153, 13, 199, 16, 133, 38, 1], [180, 118, 111, 72, 75, 145, 86, 117, 114, 129, 34, 60], [40, 158, 152, 125, 119, 100, 32, 63, 15, 82], [162, 177, 36, 4, 62, 18, 65, 87, 47, 121, 71], [67, 25, 181, 194, 3, 80, 27, 171, 79, 192], [6, 178, 14, 187, 24, 96, 175, 48]]",false
31,6465,5899,2-opt,CMT5.vrp,"[[59, 166, 21, 93, 42, 104, 107, 189, 84, 8, 167], [5, 123, 108, 51, 50, 130, 97, 146, 73, 144, 182], [11, 113, 185, 106, 30, 156, 23, 191, 89, 174, 183, 195, 159, 103], [54, 179, 157, 140, 148, 85, 92, 91, 33, 163, 165, 115, 53], [186, 139, 81, 56, 164, 20, 109, 39, 151, 17, 137, 173, 105], [141, 197, 122, 28, 116, 76, 64, 154, 58, 7, 188, 150, 101, 77, 128, 172], [37, 29, 184, 196, 136, 143, 170, 142, 127, 149, 98, 99], [10, 112, 90, 95, 102, 110, 57, 135, 66, 41, 45, 46], [74, 31, 52, 120, 168, 131, 190, 68, 61, 161, 49, 26, 134], [55, 35, 70, 12, 44, 160, 43, 83, 94, 198, 132, 88, 19], [2, 78, 9, 22, 126, 69, 169, 147, 124, 176], [138, 155, 193, 153, 13, 199, 16, 133, 38, 1], [180, 118, 111, 72, 75, 145, 86, 117, 114, 129, 34, 60], [40, 158, 152, 125, 119, 100, 32, 63, 15, 82], [162, 177, 36, 4, 62, 18, 65, 87, 47, 121, 71], [67, 25, 181, 194, 3, 80, 27, 171, 79, 192], [6, 178, 14, 187, 24, 96, 175, 48]]",false
32,6515,5893,2-opt,CMT5.vrp,"[[59, 166, 21, 93, 42, 104, 107, 189, 84, 8, 167], [5, 123, 108, 51, 50, 130, 97, 146, 73, 144, 182], [159, 195, 183, 174, 89, 191, 23, 156, 11, 113, 185, 106, 30, 103], [54, 179, 157, 140, 148, 85, 92, 91, 33, 163, 165, 115, 53], [186, 139, 81, 56, 164, 20, 109, 39, 151, 17, 137, 173, 105], [141, 197, 122, 28, 116, 76, 64, 154, 58, 7, 188, 150, 101, 77, 128, 172], [37, 29, 184, 196, 136, 143, 170, 142, 127, 149, 98, 99], [10, 112, 90, 95, 102, 110, 57, 135, 66, 41, 45, 46], [74, 31, 52, 120, 168, 131, 190, 68, 61, 161, 49, 26, 134], [55, 35, 70, 12, 44, 160, 43, 83, 94, 198, 132, 88, 19], [2, 78, 9, 22, 126, 69, 169, 147, 124, 176], [138, 155, 193, 153, 13, 199, 16, 133, 38, 1], [180, 118, 111, 72, 75, 145, 86, 117, 114, 129, 34, 60], [40, 158, 152, 125, 119, 100, 32, 63, 15, 82], [162, 177, 36, 4, 62, 18, 65, 87, 47, 121, 71], [67, 25, 181, 194, 3, 80, 27, 171, 79, 192], [6, 178, 14, 187, 24, 96, 175, 48]]",false
33,6562,5884,2-opt,CMT5.vrp,"[[59, 166, 21, 93, 42, 104, 107, 189, 84, 8, 167], [5, 123, 108, 51, 50, 130, 97, 146, 73, 144, 182], [30, 113, 185, 106, 11, 156, 23, 191, 89, 174, 183, 195, 159, 103], [54, 179, 157, 140, 148, 85, 92, 91, 33, 163, 165, 115, 53], [186, 139, 81, 56, 164, 20, 109, 39, 151, 17, 137, 173, 105], [141, 197, 122, 28, 116, 76, 64, 154, 58, 7, 188, 150, 101, 77, 128, 172], [37, 29, 184, 196, 136, 143, 170, 142, 127, 149, 98, 99], [10, 112, 90, 95, 102, 110, 57, 135, 66, 41, 45, 46], [74, 31, 52, 120, 168, 131, 190, 68, 61, 161, 49, 26, 134], [55, 35, 70, 12, 44, 160, 43, 83, 94, 198, 132, 88, 19], [2, 78, 9, 22, 126, 69, 169, 147, 124, 176], [138, 155, 193, 153, 13, 199, 16, 133, 38, 1], [180, 118, 111, 72, 75, 145, 86, 117, 114, 129, 34, 60], [40, 158, 152, 125, 119, 100, 32, 63, 15, 82], [162, 177, 36, 4, 62, 18, 65, 87, 47, 121, 71], [67, 25, 181, 194, 3, 80, 27, 171, 79, 192], [6, 178, 14, 187, 24, 96, 175, 48]]",false
34,6632,5875,2-opt,CMT5.vrp,"[[59, 166, 21, 93, 42, 104, 107, 189, 84, 8, 167], [5, 123, 108, 51, 50, 130, 97, 146, 73, 144, 182], [30, 174, 89, 191, 23, 156, 11, 113, 185, 106, 183, 195, 159, 103], [54, 179, 157, 140, 148, 85, 92, 91, 33, 163, 165, 115, 53], [186, 139, 81, 56, 164, 20, 109, 39, 151, 17, 137, 173, 105], [141, 197, 122, 28, 116, 76, 64, 154, 58, 7, 188, 150, 101, 77, 128, 172], [37, 29, 184, 196, 136, 143, 170, 142, 127, 149, 98, 99], [10, 112, 90, 95, 102, 110, 57, 135, 66, 41, 45, 46], [74, 31, 52, 120, 168, 131, 190, 68, 61, 161, 49, 26, 134], [55, 35, 70, 12, 44, 160, 43, 83, 94, 198, 132, 88, 19], [2, 78, 9, 22, 126, 69, 169, 147, 124, 176], [138, 155, 193, 153, 13, 199, 16, 133, 38, 1], [180, 118, 111, 72, 75, 145, 86, 117, 114, 129, 34, 60], [40, 158, 152, 125, 119, 100, 32, 63, 15, 82], [162, 177, 36, 4, 62, 18, 65, 87, 47, 121, 71], [67, 25, 181, 194, 3, 80, 27, 171, 79, 192], [6, 178, 14, 187, 24, 96, 175, 48]]",false
35,6701,5867,2-opt,CMT5.vrp,"[[59, 166, 21, 93, 42, 104, 107, 189, 84, 8, 167], [5, 123, 108, 51, 50, 130, 97, 146, 73, 144, 182], [30, 106, 185, 113, 89, 191, 23, 156, 11, 174, 183, 195, 159, 103], [54, 179, 157, 140, 148, 85, 92, 91, 33, 163, 165, 115, 53], [186, 139, 81, 56, 164, 20, 109, 39, 151, 17, 137, 173, 105], [141, 197, 122, 28, 116, 76, 64, 154, 58, 7, 188, 150, 101, 77, 128, 172], [37, 29, 184, 196, 136, 143, 170, 142, 127, 149, 98, 99], [10, 112, 90, 95, 102, 110, 57, 135, 66, 41, 45, 46], [74, 31, 52, 120, 168, 131, 190, 68, 61, 161, 49, 26, 134], [55, 35, 70, 12, 44, 160, 43, 83, 94, 198, 132, 88, 19], [2, 78, 9, 22, 126, 69, 169, 147, 124, 176], [138, 155, 193, 153, 13, 199, 16, 133, 38, 1], [180, 118, 111, 72, 75, 145, 86, 117, 114, 129, 34, 60], [40, 158, 152, 125, 119, 100, 32, 63, 15, 82], [162, 177, 36, 4, 62, 18, 65, 87, 47, 121, 71], [67, 25, 181, 194, 3, 80, 27, 171, 79, 192], [6, 178, 14, 187, 24, 96, 175, 48]]",false
36,6756,5865,2-opt,CMT5.vrp,"[[59, 166, 21, 93, 42, 104, 107, 189, 84, 8, 167], [5, 123, 108, 51, 50, 130, 97, 146, 73, 144, 182], [30, 106, 185, 113, 11, 156, 174, 89, 191, 23, 183, 195, 159, 103], [54, 179, 157, 140, 148, 85, 92, 91, 33, 163, 165, 115, 53], [186, 139, 81, 56, 164, 20, 109, 39, 151, 17, 137, 173, 105], [141, 197, 122, 28, 116, 76, 64, 154, 58, 7, 188, 150, 101, 77, 128, 172], [37, 29, 184, 196, 136, 143, 170, 142, 127, 149, 98, 99], [10, 112, 90, 95, 102, 110, 57, 135, 66, 41, 45, 46], [74, 31, 52, 120, 168, 131, 190, 68, 61, 161, 49, 26, 134], [55, 35, 70, 12, 44, 160, 43, 83, 94, 198, 132, 88, 19], [2, 78, 9, 22, 126, 69, 169, 147, 124, 176], [138, 155, 193, 153, 13, 199, 16, 133, 38, 1], [180, 118, 111, 72, 75, 145, 86, 117, 114, 129, 34, 60], [40, 158, 152, 125, 119, 100, 32, 63, 15, 82], [162, 177, 36, 4, 62, 18, 65, 87, 47, 121, 71], [67, 25, 181, 194, 3, 80, 27, 171, 79, 192], [6, 178, 14, 187, 24, 96, 175, 48]]",false
37,6823,5858,2-opt,CMT5.vrp,"[[59, 166, 21, 93, 42, 104, 107, 189, 84, 8, 167], [5, 123, 108, 51, 50, 130, 97, 146, 73, 144, 182], [113, 185, 106, 30, 11, 156, 174, 89, 191, 23, 183, 195, 159, 103], [54, 179, 157, 140, 148, 85, 92, 91, 33, 163, 165, 115, 53], [186, 139, 81, 56, 164, 20, 109, 39, 151, 17, 137, 173, 105], [141, 197, 122, 28, 116, 76, 64, 154, 58, 7, 188, 150, 101, 77, 128, 172], [37, 29, 184, 196, 136, 143, 170, 142, 127, 149, 98, 99], [10, 112, 90, 95, 102, 110, 57, 135, 66, 41, 45, 46], [74, 31, 52, 120, 168, 131, 190, 68, 61, 161, 49, 26, 134], [55, 35, 70, 12, 44, 160, 43, 83, 94, 198, 132, 88, 19], [2, 78, 9, 22, 126, 69, 169, 147, 124, 176], [138, 155, 193, 153, 13, 199, 16, 133, 38, 1], [180, 118, 111, 72, 75, 145, 86, 117, 114, 129, 34, 60], [40, 158, 152, 125, 119, 100, 32, 63, 15, 82], [162, 177, 36, 4, 62, 18, 65, 87, 47, 121, 71], [67, 25, 181, 194, 3, 80, 27, 171, 79, 192], [6, 178, 14, 187, 24, 96, 175, 48]]",false
38,6883,5849,2-opt,CMT5.vrp,"[[59, 166, 21, 93, 42, 104, 107, 189, 84, 8, 167], [5, 123, 108, 51, 50, 130, 97, 146, 73, 144, 182], [11, 113, 185, 106, 30, 156, 174, 89, 191, 23, 183, 195, 159, 103], [54, 179, 157, 140, 148, 85, 92, 91, 33, 163, 165, 115, 53], [186, 139, 81, 56, 164, 20, 109, 39, 151, 17, 137, 173, 105], [141, 197, 122, 28, 116, 76, 64, 154, 58, 7, 188, 150, 101, 77, 128, 172], [37, 29, 184, 196, 136, 143, 170, 142, 127, 149, 98, 99], [10, 112, 90, 95, 102, 110, 57, 135, 66, 41, 45, 46], [74, 31, 52, 120, 168, 131, 190, 68, 61, 161, 49, 26, 134], [55, 35, 70, 12, 44, 160, 43, 83, 94, 198, 132, 88, 19], [2, 78, 9, 22, 126, 69, 169, 147, 124, 176], [138, 155, 193, 153, 13, 199, 16, 133, 38, 1], [180, 118, 111, 72, 75, 145, 86, 117, 114, 129, 34, 60], [40, 158, 152, 125, 119, 100, 32, 63, 15, 82], [162, 177, 36, 4, 62, 18, 65, 87, 47, 121, 71], [67, 25, 181, 194, 3, 80, 27, 171, 79, 192], [6, 178, 14, 187, 24, 96, 175, 48]]",false
39,6936,5844,2-opt,CMT5.vrp,"[[59, 166, 21, 93, 42, 104, 107, 189, 84, 8, 167], [5, 123, 108, 51, 50, 130, 97, 146, 73, 144, 182], [159, 195, 183, 23, 191, 89, 174, 156, 11, 113, 185, 106, 30, 103], [54, 179, 157, 140, 148, 85, 92, 91, 33, 163, 165, 115, 53], [186, 139, 81, 56, 164, 20, 109, 39, 151, 17, 137, 173, 105], [141, 197, 122, 28, 116, 76, 64, 154, 58, 7, 188, 150, 101, 77, 128, 172], [37, 29, 184, 196, 136, 143, 170, 142, 127, 149, 98, 99], [10, 112, 90, 95, 102, 110, 57, 135, 66, 41, 45, 46], [74, 31, 52, 120, 168, 131, 190, 68, 61, 161, 49, 26, 134], [55, 35, 70, 12, 44, 160, 43, 83, 94, 198, 132, 88, 19], [2, 78, 9, 22, 126, 69, 169, 147, 124, 176], [138, 155, 193, 153, 13, 199, 16, 133, 38, 1], [180, 118, 111, 72, 75, 145, 86, 117, 114, 129, 34, 60], [40, 158, 152, 125, 119, 100, 32, 63, 15, 82], [162, 177, 36, 4, 62, 18, 65, 87, 47, 121, 71], [67, 25, 181, 194, 3, 80, 27, 171, 79, 192], [6, 178, 14, 187, 24, 96, 175, 48]]",false
40,7023,5834,2-opt,CMT5.vrp,"[[59, 166, 21, 93, 42, 104, 107, 189, 84, 8, 167], [5, 123, 108, 51, 50, 130, 97, 146, 73, 144, 182], [30, 113, 185, 106, 11, 156, 174, 89, 191, 23, 183, 195, 159, 103], [54, 179, 157, 140, 148, 85, 92, 91, 33, 163, 165, 115, 53], [186, 139, 81, 56, 164, 20, 109, 39, 151, 17, 137, 173, 105], [141, 197, 122, 28, 116, 76, 64, 154, 58, 7, 188, 150, 101, 77, 128, 172], [37, 29, 184, 196, 136, 143, 170, 142, 127, 149, 98, 99], [10, 112, 90, 95, 102, 110, 57, 135, 66, 41, 45, 46], [74, 31, 52, 120, 168, 131, 190, 68, 61, 161, 49, 26, 134], [55, 35, 70, 12, 44, 160, 43, 83, 94, 198, 132, 88, 19], [2, 78, 9, 22, 126, 69, 169, 147, 124, 176], [138, 155, 193, 153, 13, 199, 16, 133, 38, 1], [180, 118, 111, 72, 75, 145, 86, 117, 114, 129, 34, 60], [40, 158, 152, 125, 119, 100, 32, 63, 15, 82], [162, 177, 36, 4, 62, 18, 65, 87, 47, 121, 71], [67, 25, 181, 194, 3, 80, 27, 171, 79, 192], [6, 178, 14, 187, 24, 96, 175, 48]]",false
41,7139,5826,2-opt,CMT5.vrp,"[[59, 166, 21, 93, 42, 104, 107, 189, 84, 8, 167], [5, 123, 108, 51, 50, 130, 97, 146, 73, 144, 182], [30, 106, 185, 113, 159, 195, 183, 23, 191, 89, 174, 156, 11, 103], [54, 179, 157, 140, 148, 85, 92, 91, 33, 163, 165, 115, 53], [186, 139, 81, 56, 164, 20, 109, 39, 151, 17, 137, 173, 105], [141, 197, 122, 28, 116, 76, 64, 154, 58, 7, 188, 150, 101, 77, 128, 172], [37, 29, 184, 196, 136, 143, 170, 142, 127, 149, 98, 99], [10, 112, 90, 95, 102, 110, 57, 135, 66, 41, 45, 46], [74, 31, 52, 120, 168, 131, 190, 68, 61, 161, 49, 26, 134], [55, 35, 70, 12, 44, 160, 43, 83, 94, 198, 132, 88, 19], [2, 78, 9, 22, 126, 69, 169, 147, 124, 176], [138, 155, 193, 153, 13, 199, 16, 133, 38, 1], [180, 118, 111, 72, 75, 145, 86, 117, 114, 129, 34, 60], [40, 158, 152, 125, 119, 100, 32, 63, 15, 82], [162, 177, 36, 4, 62, 18, 65, 87, 47, 121, 71], [67, 25, 181, 194, 3, 80, 27, 171, 79, 192], [6, 178, 14, 187, 24, 96, 175, 48]]",false
42,7270,5820,2-opt,CMT5.vrp,"[[59, 166, 21, 93, 42, 104, 107, 189, 84, 8, 167], [5, 123, 108, 51, 50, 130, 97, 146, 73, 144, 182], [156, 174, 89, 191, 23, 183, 195, 159, 113, 185, 106, 30, 11, 103], [54, 179, 157, 140, 148, 85, 92, 91, 33, 163, 165, 115, 53], [186, 139, 81, 56, 164, 20, 109, 39, 151, 17, 137, 173, 105], [141, 197, 122, 28, 116, 76, 64, 154, 58, 7, 188, 150, 101, 77, 128, 172], [37, 29, 184, 196, 136, 143, 170, 142, 127, 149, 98, 99], [10, 112, 90, 95, 102, 110, 57, 135, 66, 41, 45, 46], [74, 31, 52, 120, 168, 131, 190, 68, 61, 161, 49, 26, 134], [55, 35, 70, 12, 44, 160, 43, 83, 94, 198, 132, 88, 19], [2, 78, 9, 22, 126, 69, 169, 147, 124, 176], [138, 155, 193, 153, 13, 199, 16, 133, 38, 1], [180, 118, 111, 72, 75, 145, 86, 117, 114, 129, 34, 60], [40, 158, 152, 125, 119, 100, 32, 63, 15, 82], [162, 177, 36, 4, 62, 18, 65, 87, 47, 121, 71], [67, 25, 181, 194, 3, 80, 27, 171, 79, 192], [6, 178, 14, 187, 24, 96, 175, 48]]",false
43,7351,5818,2-opt,CMT5.vrp,"[[59, 166, 21, 93, 42, 104, 107, 189, 84, 8, 167], [5, 123, 108, 51, 50, 130, 97, 146, 73, 144, 182], [11, 156, 174, 89, 191, 23, 183, 195, 159, 113, 185, 106, 30, 103], [54, 179, 157, 140, 148, 85, 92, 91, 33, 163, 165, 115, 53], [186, 139, 81, 56, 164, 20, 109, 39, 151, 17, 137, 173, 105], [141, 197, 122, 28, 116, 76, 64, 154, 58, 7, 188, 150, 101, 77, 128, 172], [37, 29, 184, 196, 136, 143, 170, 142, 127, 149, 98, 99], [10, 112, 90, 95, 102, 110, 57, 135, 66, 41, 45, 46], [74, 31, 52, 120, 168, 131, 190, 68, 61, 161, 49, 26, 134], [55, 35, 70, 12, 44, 160, 43, 83, 94, 198, 132, 88, 19], [2, 78, 9, 22, 126, 69, 169, 147, 124, 176], [138, 155, 193, 153, 13, 199, 16, 133, 38, 1], [180, 118, 111, 72, 75, 145, 86, 117, 114, 129, 34, 60], [40, 158, 152, 125, 119, 100, 32, 63, 15, 82], [162, 177, 36, 4, 62, 18, 65, 87, 47, 121, 71], [67, 25, 181, 194, 3, 80, 27, 171, 79, 192], [6, 178, 14, 187, 24, 96, 175, 48]]",false
44,7420,5817,2-opt,CMT5.vrp,"[[59, 166, 21, 93, 42, 104, 107, 189, 84, 8, 167], [5, 123, 108, 51, 50, 130, 97, 146, 73, 144, 182], [30, 113, 185, 106, 159, 195, 183, 23, 191, 89, 174, 156, 11, 103], [54, 179, 157, 140, 148, 85, 92, 91, 33, 163, 165, 115, 53], [186, 139, 81, 56, 164, 20, 109, 39, 151, 17, 137, 173, 105], [141, 197, 122, 28, 116, 76, 64, 154, 58, 7, 188, 150, 101, 77, 128, 172], [37, 29, 184, 196, 136, 143, 170, 142, 127, 149, 98, 99], [10, 112, 90, 95, 102, 110, 57, 135, 66, 41, 45, 46], [74, 31, 52, 120, 168, 131, 190, 68, 61, 161, 49, 26, 134], [55, 35, 70, 12, 44, 160, 43, 83, 94, 198, 132, 88, 19], [2, 78, 9, 22, 126, 69, 169, 147, 124, 176], [138, 155, 193, 153, 13, 199, 16, 133, 38, 1], [180, 118, 111, 72, 75, 145, 86, 117, 114, 129, 34, 60], [40, 158, 152, 125, 119, 100, 32, 63, 15, 82], [162, 177, 36, 4, 62, 18, 65, 87, 47, 121, 71], [67, 25, 181, 194, 3, 80, 27, 171, 79, 192], [6, 178, 14, 187, 24, 96, 175, 48]]",false
45,7469,5791,2-opt,CMT5.vrp,"[[59, 166, 21, 93, 42, 104, 107, 189, 84, 8, 167], [5, 123, 108, 51, 50, 130, 97, 146, 73, 144, 182], [30, 156, 174, 89, 191, 23, 183, 195, 159, 113, 185, 106, 11, 103], [54, 179, 157, 140, 148, 85, 92, 91, 33, 163, 165, 115, 53], [186, 139, 81, 56, 164, 20, 109, 39, 151, 17, 137, 173, 105], [141, 197, 122, 28, 116, 76, 64, 154, 58, 7, 188, 150, 101, 77, 128, 172], [37, 29, 184, 196, 136, 143, 170, 142, 127, 149, 98, 99], [10, 112, 90, 95, 102, 110, 57, 135, 66, 41, 45, 46], [74, 31, 52, 120, 168, 131, 190, 68, 61, 161, 49, 26, 134], [55, 35, 70, 12, 44, 160, 43, 83, 94, 198, 132, 88, 19], [2, 78, 9, 22, 126, 69, 169, 147, 124, 176], [138, 155, 193, 153, 13, 199, 16, 133, 38, 1], [180, 118, 111, 72, 75, 145, 86, 117, 114, 129, 34, 60], [40, 158, 152, 125, 119, 100, 32, 63, 15, 82], [162, 177, 36, 4, 62, 18, 65, 87, 47, 121, 71], [67, 25, 181, 194, 3, 80, 27, 171, 79, 192], [6, 178, 14, 187, 24, 96, 175, 48]]",false
46,7574,5783,2-opt,CMT5.vrp,"[[59, 166, 21, 93, 42, 104, 107, 189, 84, 8, 167], [5, 123, 108, 51, 50, 130, 97, 146, 73, 144, 182], [11, 106, 185, 113, 159, 195, 183, 23, 191, 89, 174, 156, 30, 103], [54, 179, 157, 140, 148, 85, 92, 91, 33, 163, 165, 115, 53], [186, 139, 81, 56, 164, 20, 109, 39, 151, 17, 137, 173, 105], [141, 197, 122, 28, 116, 76, 64, 154, 58, 7, 188, 150, 101, 77, 128, 172], [37, 29, 184, 196, 136, 143, 170, 142, 127, 149, 98, 99], [10, 112, 90, 95, 102, 110, 57, 135, 66, 41, 45, 46], [74, 31, 52, 120, 168, 131, 190, 68, 61, 161, 49, 26, 134], [55, 35, 70, 12, 44, 160, 43, 83, 94, 198, 132, 88, 19], [2, 78, 9, 22, 126, 69, 169, 147, 124, 176], [138, 155, 193, 153, 13, 199, 16, 133, 38, 1], [180, 118, 111, 72, 75, 145, 86, 117, 114, 129, 34, 60], [40, 158, 152, 125, 119, 100, 32, 63, 15, 82], [162, 177, 36, 4, 62, 18, 65, 87, 47, 121, 71], [67, 25, 181, 194, 3, 80, 27, 171, 79, 192], [6, 178, 14, 187, 24, 96, 175, 48]]",false
47,7632,5772,2-opt,CMT5.vrp,"[[59, 166, 21, 93, 42, 104, 107, 189, 84, 8, 167], [5, 123, 108, 51, 50, 130, 97, 146, 73, 144, 182], [30, 174, 156, 89, 191, 23, 183, 195, 159, 113, 185, 106, 11, 103], [54, 179, 157, 140, 148, 85, 92, 91, 33, 163, 165, 115, 53], [186, 139, 81, 56, 164, 20, 109, 39, 151, 17, 137, 173, 105], [141, 197, 122, 28, 116, 76, 64, 154, 58, 7, 188, 150, 101, 77, 128, 172], [37, 29, 184, 196, 136, 143, 170, 142, 127, 149, 98, 99], [10, 112, 90, 95, 102, 110, 57, 135, 66, 41, 45, 46], [74, 31, 52, 120, 168, 131, 190, 68, 61, 161, 49, 26, 134], [55, 35, 70, 12, 44, 160, 43, 83, 94, 198, 132, 88, 19], [2, 78, 9, 22, 126, 69, 169, 147, 124, 176], [138, 155, 193, 153, 13, 199, 16, 133, 38, 1], [180, 118, 111, 72, 75, 145, 86, 117, 114, 129, 34, 60], [40, 158, 152, 125, 119, 100, 32, 63, 15, 82], [162, 177, 36, 4, 62, 18, 65, 87, 47, 121, 71], [67, 25, 181, 194, 3, 80, 27, 171, 79, 192], [6, 178, 14, 187, 24, 96, 175, 48]]",false
48,7747,5772,2-opt,CMT5.vrp,"[[59, 166, 21, 93, 42, 104, 107, 189, 84, 8, 167], [5, 123, 108, 51, 50, 130, 97, 146, 73, 144, 182], [30, 156, 174, 89, 185, 113, 159, 195, 183, 23, 191, 106, 11, 103], [54, 179, 157, 140, 148, 85, 92, 91, 33, 163, 165, 115, 53], [186, 139, 81, 56, 164, 20, 109, 39, 151, 17, 137, 173, 105], [141, 197, 122, 28, 116, 76, 64, 154, 58, 7, 188, 150, 101, 77, 128, 172], [37, 29, 184, 196, 136, 143, 170, 142, 127, 149, 98, 99], [10, 112, 90, 95, 102, 110, 57, 135, 66, 41, 45, 46], [74, 31, 52, 120, 168, 131, 190, 68, 61, 161, 49, 26, 134], [55, 35, 70, 12, 44, 160, 43, 83, 94, 198, 132, 88, 19], [2, 78, 9, 22, 126, 69, 169, 147, 124, 176], [138, 155, 193, 153, 13, 199, 16, 133, 38, 1], [180, 118, 111, 72, 75, 145, 86, 117, 114, 129, 34, 60], [40, 158, 152, 125, 119, 100, 32, 63, 15, 82], [162, 177, 36, 4, 62, 18, 65, 87, 47, 121, 71], [67, 25, 181, 194, 3, 80, 27, 171, 79, 192], [6, 178, 14, 187, 24, 96, 175, 48]]",false
49,7831,5764,2-opt,CMT5.vrp,"[[59, 166, 21, 93, 42, 104, 107, 189, 84, 8, 167], [5, 123, 108, 51, 50, 130, 97, 146, 73, 144, 182], [11, 106, 191, 23, 183, 195, 159, 113, 185, 89, 174, 156, 30, 103], [54, 179, 157, 140, 148, 85, 92, 91, 33, 163, 165, 115, 53], [186, 139, 81, 56, 164, 20, 109, 39, 151, 17, 137, 173, 105], [141, 197, 122, 28, 116, 76, 64, 154, 58, 7, 188, 150, 101, 77, 128, 172], [37, 29, 184, 196, 136, 143, 170, 142, 127, 149, 98, 99], [10, 112, 90, 95, 102, 110, 57, 135, 66, 41, 45, 46], [74, 31, 52, 120, 168, 131, 190, 68, 61, 161, 49, 26, 134], [55, 35, 70, 12, 44, 160, 43, 83, 94, 198, 132, 88, 19], [2, 78, 9, 22, 126, 69, 169, 147, 124, 176], [138, 155, 193, 153, 13, 199, 16, 133, 38, 1], [180, 118, 111, 72, 75, 145, 86, 117, 114, 129, 34, 60], [40, 158, 152, 125, 119, 100, 32, 63, 15, 82], [162, 177, 36, 4, 62, 18, 65, 87, 47, 121, 71], [67, 25, 181, 194, 3, 80, 27, 171, 79, 192], [6, 178, 14, 187, 24, 96, 175, 48]]",false
50,7876,5753,2-opt,CMT5.vrp,"[[59, 166, 21, 93, 42, 104, 107, 189, 84, 8, 167], [5, 123, 108, 51, 50, 130, 97, 146, 73, 144, 182], [30, 174, 156, 89, 185, 113, 159, 195, 183, 23, 191, 106, 11, 103], [54, 179, 157, 140, 148, 85, 92, 91, 33, 163, 165, 115, 53], [186, 139, 81, 56, 164, 20, 109, 39, 151, 17, 137, 173, 105], [141, 197, 122, 28, 116, 76, 64, 154, 58, 7, 188, 150, 101, 77, 128, 172], [37, 29, 184, 196, 136, 143, 170, 142, 127, 149, 98, 99], [10, 112, 90, 95, 102, 110, 57, 135, 66, 41, 45, 46], [74, 31, 52, 120, 168, 131, 190, 68, 61, 161, 49, 26, 134], [55, 35, 70, 12, 44, 160, 43, 83, 94, 198, 132, 88, 19], [2, 78, 9, 22, 126, 69, 169, 147, 124, 176], [138, 155, 193, 153, 13, 199, 16, 133, 38, 1], [180, 118, 111, 72, 75, 145, 86, 117, 114, 129, 34, 60], [40, 158, 152, 125, 119, 100, 32, 63, 15, 82], [162, 177, 36, 4, 62, 18, 65, 87, 47, 121, 71], [67, 25, 181, 194, 3, 80, 27, 171, 79, 192], [6, 178, 14, 187, 24, 96, 175, 48]]",false
51,7962,5750,2-opt,CMT5.vrp,"[[59, 166, 21, 93, 42, 104, 107, 189, 84, 8, 167], [5, 123, 108, 51, 50, 130, 97, 146, 73, 144, 182], [30, 156, 174, 89, 185, 113, 191, 23, 183, 195, 159, 106, 11, 103], [54, 179, 157, 140, 148, 85, 92, 91, 33, 163, 165, 115, 53], [186, 139, 81, 56, 164, 20, 109, 39, 151, 17, 137, 173, 105], [141, 197, 122, 28, 116, 76, 64, 154, 58, 7, 188, 150, 101, 77, 128, 172], [37, 29, 184, 196, 136, 143, 170, 142, 127, 149, 98, 99], [10, 112, 90, 95, 102, 110, 57, 135, 66, 41, 45, 46], [74, 31, 52, 120, 168, 131, 190, 68, 61, 161, 49, 26, 134], [55, 35, 70, 12, 44, 160, 43, 83, 94, 198, 132, 88, 19], [2, 78, 9, 22, 126, 69, 169, 147, 124, 176], [138, 155, 193, 153, 13, 199, 16, 133, 38, 1], [180, 118, 111, 72, 75, 145, 86, 117, 114, 129, 34, 60], [40, 158, 152, 125, 119, 100, 32, 63, 15, 82], [162, 177, 36, 4, 62, 18, 65, 87, 47, 121, 71], [67, 25, 181, 194, 3, 80, 27, 171, 79, 192], [6, 178, 14, 187, 24, 96, 175, 48]]",false
52,8031,5742,2-opt,CMT5.vrp,"[[59, 166, 21, 93, 42, 104, 107, 189, 84, 8, 167], [5, 123, 108, 51, 50, 130, 97, 146, 73, 144, 182], [11, 106, 159, 195, 183, 23, 191, 113, 185, 89, 174, 156, 30, 103], [54, 179, 157, 140, 148, 85, 92, 91, 33, 163, 165, 115, 53], [186, 139, 81, 56, 164, 20, 109, 39, 151, 17, 137, 173, 105], [141, 197, 122, 28, 116, 76, 64, 154, 58, 7, 188, 150, 101, 77, 128, 172], [37, 29, 184, 196, 136, 143, 170, 142, 127, 149, 98, 99], [10, 112, 90, 95, 102, 110, 57, 135, 66, 41, 45, 46], [74, 31, 52, 120, 168, 131, 190, 68, 61, 161, 49, 26, 134], [55, 35, 70, 12, 44, 160, 43, 83, 94, 198, 132, 88, 19], [2, 78, 9, 22, 126, 69, 169, 147, 124, 176], [138, 155, 193, 153, 13, 199, 16, 133, 38, 1], [180, 118, 111, 72, 75, 145, 86, 117, 114, 129, 34, 60], [40, 158, 152, 125, 119, 100, 32, 63, 15, 82], [162, 177, 36, 4, 62, 18, 65, 87, 47, 121, 71], [67, 25, 181, 194, 3, 80, 27, 171, 79, 192], [6, 178, 14, 187, 24, 96, 175, 48]]",false
53,8077,5731,2-opt,CMT5.vrp,"[[59, 166, 21, 93, 42, 104, 107, 189, 84, 8, 167], [5, 123, 108, 51, 50, 130, 97, 146, 73, 144, 182], [30, 174, 156, 89, 185, 113, 191, 23, 183, 195, 159, 106, 11, 103], [54, 179, 157, 140, 148, 85, 92, 91, 33, 163, 165, 115, 53], [186, 139, 81, 56, 164, 20, 109, 39, 151, 17, 137, 173, 105], [141, 197, 122, 28, 116, 76, 64, 154, 58, 7, 188, 150, 101, 77, 128, 172], [37, 29, 184, 196, 136, 143, 170, 142, 127, 149, 98, 99], [10, 112, 90, 95, 102, 110, 57, 135, 66, 41, 45, 46], [74, 31, 52, 120, 168, 131, 190, 68, 61, 161, 49, 26, 134], [55, 35, 70, 12, 44, 160, 43, 83, 94, 198, 132, 88, 19], [2, 78, 9, 22, 126, 69, 169, 147, 124, 176], [138, 155, 193, 153, 13, 199, 16, 133, 38, 1], [180, 118, 111, 72, 75, 145, 86, 117, 114, 129, 34, 60], [40, 158, 152, 125, 119, 100, 32, 63, 15, 82], [162, 177, 36, 4, 62, 18, 65, 87, 47, 121, 71], [67, 25, 181, 194, 3, 80, 27, 171, 79, 192], [6, 178, 14, 187, 24, 96, 175, 48]]",false
54,8193,5724,2-opt,CMT5.vrp,"[[59, 166, 21, 93, 42, 104, 107, 189, 84, 8, 167], [5, 123, 108, 51, 50, 130, 97, 146, 73, 144, 182], [11, 106, 159, 195, 183, 23, 191, 113, 185, 89, 156, 174, 30, 103], [54, 179, 157, 140, 148, 85, 92, 91, 33, 163, 165, 115, 53], [186, 139, 81, 56, 164, 20, 109, 39, 151, 17, 137, 173, 105], [141, 197, 122, 28, 116, 76, 64, 154, 58, 7, 188, 150, 101, 77, 128, 172], [37, 29, 184, 196, 136, 143, 170, 142, 127, 149, 98, 99], [10, 112, 90, 95, 102, 110, 57, 135, 66, 41, 45, 46], [74, 31, 52, 120, 168, 131, 190, 68, 61, 161, 49, 26, 134], [55, 35, 70, 12, 44, 160, 43, 83, 94, 198, 132, 88, 19], [2, 78, 9, 22, 126, 69, 169, 147, 124, 176], [138, 155, 193, 153, 13, 199, 16, 133, 38, 1], [180, 118, 111, 72, 75, 145, 86, 117, 114, 129, 34, 60], [40, 158, 152, 125, 119, 100, 32, 63, 15, 82], [162, 177, 36, 4, 62, 18, 65, 87, 47, 121, 71], [67, 25, 181, 194, 3, 80, 27, 171, 79, 192], [6, 178, 14, 187, 24, 96, 175, 48]]",false
55,8254,5722,2-opt,CMT5.vrp,"[[59, 166, 21, 93, 42, 104, 107, 189, 84, 8, 167], [5, 123, 108, 51, 50, 130, 97, 146, 73, 144, 182], [30, 11, 106, 159, 195, 183, 23, 191, 113, 185, 89, 156, 174, 103], [54, 179, 157, 140, 148, 85, 92, 91, 33, 163, 165, 115, 53], [186, 139, 81, 56, 164, 20, 109, 39, 151, 17, 137, 173, 105], [141, 197, 122, 28, 116, 76, 64, 154, 58, 7, 188, 150, 101, 77, 128, 172], [37, 29, 184, 196, 136, 143, 170, 142, 127, 149, 98, 99], [10, 112, 90, 95, 102, 110, 57, 135, 66, 41, 45, 46], [74, 31, 52, 120, 168, 131, 190, 68, 61, 161, 49, 26, 134], [55, 35, 70, 12, 44, 160, 43, 83, 94, 198, 132, 88, 19], [2, 78, 9, 22, 126, 69, 169, 147, 124, 176], [138, 155, 193, 153, 13, 199, 16, 133, 38, 1], [180, 118, 111, 72, 75, 145, 86, 117, 114, 129, 34, 60], [40, 158, 152, 125, 119, 100, 32, 63, 15, 82], [162, 177, 36, 4, 62, 18, 65, 87, 47, 121, 71], [67, 25, 181, 194, 3, 80, 27, 171, 79, 192], [6, 178, 14, 187, 24, 96, 175, 48]]",false
56,8384,5705,2-opt,CMT5.vrp,"[[59, 166, 21, 93, 42, 104, 107, 189, 84, 8, 167], [5, 123, 108, 51, 50, 130, 97, 146, 73, 144, 182], [30, 103, 174, 156, 89, 185, 113, 191, 23, 183, 195, 159, 106, 11], [54, 179, 157, 140, 148, 85, 92, 91, 33, 163, 165, 115, 53], [186, 139, 81, 56, 164, 20, 109, 39, 151, 17, 137, 173, 105], [141, 197, 122, 28, 116, 76, 64, 154, 58, 7, 188, 150, 101, 77, 128, 172], [37, 29, 184, 196, 136, 143, 170, 142, 127, 149, 98, 99], [10, 112, 90, 95, 102, 110, 57, 135, 66, 41, 45, 46], [74, 31, 52, 120, 168, 131, 190, 68, 61, 161, 49, 26, 134], [55, 35, 70, 12, 44, 160, 43, 83, 94, 198, 132, 88, 19], [2, 78, 9, 22, 126, 69, 169, 147, 124, 176], [138, 155, 193, 153, 13, 199, 16, 133, 38, 1], [180, 118, 111, 72, 75, 145, 86, 117, 114, 129, 34, 60], [40, 158, 152, 125, 119, 100, 32, 63, 15, 82], [162, 177, 36, 4, 62, 18, 65, 87, 47, 121, 71], [67, 25, 181, 194, 3, 80, 27, 171, 79, 192], [6, 178, 14, 187, 24, 96, 175, 48]]",false
57,8488,5705,2-opt,CMT5.vrp,"[[59, 166, 21, 93, 42, 104, 107, 189, 84, 8, 167], [5, 123, 108, 51, 50, 130, 97, 146, 73, 144, 182], [11, 106, 159, 195, 183, 23, 191, 113, 185, 89, 156, 174, 103, 30], [54, 179, 157, 140, 148, 85, 92, 91, 33, 163, 165, 115, 53], [186, 139, 81, 56, 164, 20, 109, 39, 151, 17, 137, 173, 105], [141, 197, 122, 28, 116, 76, 64, 154, 58, 7, 188, 150, 101, 77, 128, 172], [37, 29, 184, 196, 136, 143, 170, 142, 127, 149, 98, 99], [10, 112, 90, 95, 102, 110, 57, 135, 66, 41, 45, 46], [74, 31, 52, 120, 168, 131, 190, 68, 61, 161, 49, 26, 134], [55, 35, 70, 12, 44, 160, 43, 83, 94, 198, 132, 88, 19], [2, 78, 9, 22, 126, 69, 169, 147, 124, 176], [138, 155, 193, 153, 13, 199, 16, 133, 38, 1], [180, 118, 111, 72, 75, 145, 86, 117, 114, 129, 34, 60], [40, 158, 152, 125, 119, 100, 32, 63, 15, 82], [162, 177, 36, 4, 62, 18, 65, 87, 47, 121, 71], [67, 25, 181, 194, 3, 80, 27, 171, 79, 192], [6, 178, 14, 187, 24, 96, 175, 48]]",false
58,8562,5704,2-opt,CMT5.vrp,"[[59, 166, 21, 93, 42, 104, 107, 189, 84, 8, 167], [5, 123, 108, 51, 50, 130, 97, 146, 73, 144, 182], [30, 103, 174, 156, 185, 89, 113, 191, 23, 183, 195, 159, 106, 11], [54, 179, 157, 140, 148, 85, 92, 91, 33, 163, 165, 115, 53], [186, 139, 81, 56, 164, 20, 109, 39, 151, 17, 137, 173, 105], [141, 197, 122, 28, 116, 76, 64, 154, 58, 7, 188, 150, 101, 77, 128, 172], [37, 29, 184, 196, 136, 143, 170, 142, 127, 149, 98, 99], [10, 112, 90, 95, 102, 110, 57, 135, 66, 41, 45, 46], [74, 31, 52, 120, 168, 131, 190, 68, 61, 161, 49, 26, 134], [55, 35, 70, 12, 44, 160, 43, 83, 94, 198, 132, 88, 19], [2, 78, 9, 22, 126, 69, 169, 147, 124, 176], [138, 155, 193, 153, 13, 199, 16, 133, 38, 1], [180, 118, 111, 72, 75, 145, 86, 117, 114, 129, 34, 60], [40, 158, 152, 125, 119, 100, 32, 63, 15, 82], [162, 177, 36, 4, 62, 18, 65, 87, 47, 121, 71], [67, 25, 181, 194, 3, 80, 27, 171, 79, 192], [6, 178, 14, 187, 24, 96, 175, 48]]",false
59,8606,5702,2-opt,CMT5.vrp,"[[59, 166, 21, 93, 42, 104, 107, 189, 84, 8, 167], [5, 123, 108, 51, 50, 130, 97, 146, 73, 144, 182], [30, 103, 174, 156, 191, 113, 185, 89, 23, 183, 195, 159, 106, 11], [54, 179, 157, 140, 148, 85, 92, 91, 33, 163, 165, 115, 53], [186, 139, 81, 56, 164, 20, 109, 39, 151, 17, 137, 173, 105], [141, 197, 122, 28, 116, 76, 64, 154, 58, 7, 188, 150, 101, 77, 128, 172], [37, 29, 184, 196, 136, 143, 170, 142, 127, 149, 98, 99], [10, 112, 90, 95, 102, 110, 57, 135, 66, 41, 45, 46], [74, 31, 52, 120, 168, 131, 190, 68, 61, 161, 49, 26, 134], [55, 35, 70, 12, 44, 160, 43, 83, 94, 198, 132, 88, 19], [2, 78, 9, 22, 126, 69, 169, 147, 124, 176], [138, 155, 193, 153, 13, 199, 16, 133, 38, 1], [180, 118, 111, 72, 75, 145, 86, 117, 114, 129, 34, 60], [40, 158, 152, 125, 119, 100, 32, 63, 15, 82], [162, 177, 36, 4, 62, 18, 65, 87, 47, 121, 71], [67, 25, 181, 194, 3, 80, 27, 171, 79, 192], [6, 178, 14, 187, 24, 96, 175, 48]]",false
60,8670,5698,2-opt,CMT5.vrp,"[[59, 166, 21, 93, 42, 104, 107, 189, 84, 8, 167], [5, 123, 108, 51, 50, 130, 97, 146, 73, 144, 182], [30, 103, 174, 156, 89, 185, 113, 191, 195, 183, 23, 159, 106, 11], [54, 179, 157, 140, 148, 85, 92, 91, 33, 163, 165, 115, 53], [186, 139, 81, 56, 164, 20, 109, 39, 151, 17, 137, 173, 105], [141, 197, 122, 28, 116, 76, 64, 154, 58, 7, 188, 150, 101, 77, 128, 172], [37, 29, 184, 196, 136, 143, 170, 142, 127, 149, 98, 99], [10, 112, 90, 95, 102, 110, 57, 135, 66, 41, 45, 46], [74, 31, 52, 120, 168, 131, 190, 68, 61, 161, 49, 26, 134], [55, 35, 70, 12, 44, 160, 43, 83, 94, 198, 132, 88, 19], [2, 78, 9, 22, 126, 69, 169, 147, 124, 176], [138, 155, 193, 153, 13, 199, 16, 133, 38, 1], [180, 118, 111, 72, 75, 145, 86, 117, 114, 129, 34, 60], [40, 158, 152, 125, 119, 100, 32, 63, 15, 82], [162, 177, 36, 4, 62, 18, 65, 87, 47, 121, 71], [67, 25, 181, 194, 3, 80, 27, 171, 79, 192], [6, 178, 14, 187, 24, 96, 175, 48]]",false
61,8772,5698,2-opt,CMT5.vrp,"[[59, 166, 21, 93, 42, 104, 107, 189, 84, 8, 167], [5, 123, 108, 51, 50, 130, 97, 146, 73, 144, 182], [11, 106, 159, 23, 183, 195, 191, 113, 185, 89, 156, 174, 103, 30], [54, 179, 157, 140, 148, 85, 92, 91, 33, 163, 165, 115, 53], [186, 139, 81, 56, 164, 20, 109, 39, 151, 17, 137, 173, 105], [141, 197, 122, 28, 116, 76, 64, 154, 58, 7, 188, 150, 101, 77, 128, 172], [37, 29, 184, 196, 136, 143, 170, 142, 127, 149, 98, 99], [10, 112, 90, 95, 102, 110, 57, 135, 66, 41, 45, 46], [74, 31, 52, 120, 168, 131, 190, 68, 61, 161, 49, 26, 134], [55, 35, 70, 12, 44, 160, 43, 83, 94, 198, 132, 88, 19], [2, 78, 9, 22, 126, 69, 169, 147, 124, 176], [138, 155, 193, 153, 13, 199, 16, 133, 38, 1], [180, 118, 111, 72, 75, 145, 86, 117, 114, 129, 34, 60], [40, 158, 152, 125, 119, 100, 32, 63, 15, 82], [162, 177, 36, 4, 62, 18, 65, 87, 47, 121, 71], [67, 25, 181, 194, 3, 80, 27, 171, 79, 192], [6, 178, 14, 187, 24, 96, 175, 48]]",false
62,8890,5696,2-opt,CMT5.vrp,"[[59, 166, 21, 93, 42, 104, 107, 189, 84, 8, 167], [5, 123, 108, 51, 50, 130, 97, 146, 73, 144, 182], [30, 103, 174, 156, 185, 89, 113, 191, 195, 183, 23, 159, 106, 11], [54, 179, 157, 140, 148, 85, 92, 91, 33, 163, 165, 115, 53], [186, 139, 81, 56, 164, 20, 109, 39, 151, 17, 137, 173, 105], [141, 197, 122, 28, 116, 76, 64, 154, 58, 7, 188, 150, 101, 77, 128, 172], [37, 29, 184, 196, 136, 143, 170, 142, 127, 149, 98, 99], [10, 112, 90, 95, 102, 110, 57, 135, 66, 41, 45, 46], [74, 31, 52, 120, 168, 131, 190, 68, 61, 161, 49, 26, 134], [55, 35, 70, 12, 44, 160, 43, 83, 94, 198, 132, 88, 19], [2, 78, 9, 22, 126, 69, 169, 147, 124, 176], [138, 155, 193, 153, 13, 199, 16, 133, 38, 1], [180, 118, 111, 72, 75, 145, 86, 117, 114, 129, 34, 60], [40, 158, 152, 125, 119, 100, 32, 63, 15, 82], [162, 177, 36, 4, 62, 18, 65, 87, 47, 121, 71], [67, 25, 181, 194, 3, 80, 27, 171, 79, 192], [6, 178, 14, 187, 24, 96, 175, 48]]",false
63,9012,5695,2-opt,CMT5.vrp,"[[59, 166, 21, 93, 42, 104, 107, 189, 84, 8, 167], [5, 123, 108, 51, 50, 130, 97, 146, 73, 144, 182], [30, 103, 174, 156, 89, 185, 113, 191, 195, 23, 183, 159, 106, 11], [54, 179, 157, 140, 148, 85, 92, 91, 33, 163, 165, 115, 53], [186, 139, 81, 56, 164, 20, 109, 39, 151, 17, 137, 173, 105], [141, 197, 122, 28, 116, 76, 64, 154, 58, 7, 188, 150, 101, 77, 128, 172], [37, 29, 184, 196, 136, 143, 170, 142, 127, 149, 98, 99], [10, 112, 90, 95, 102, 110, 57, 135, 66, 41, 45, 46], [74, 31, 52, 120, 168, 131, 190, 68, 61, 161, 49, 26, 134], [55, 35, 70, 12, 44, 160, 43, 83, 94, 198, 132, 88, 19], [2, 78, 9, 22, 126, 69, 169, 147, 124, 176], [138, 155, 193, 153, 13, 199, 16, 133, 38, 1], [180, 118, 111, 72, 75, 145, 86, 117, 114, 129, 34, 60], [40, 158, 152, 125, 119, 100, 32, 63, 15, 82], [162, 177, 36, 4, 62, 18, 65, 87, 47, 121, 71], [67, 25, 181, 194, 3, 80, 27, 171, 79, 192], [6, 178, 14, 187, 24, 96, 175, 48]]",false
64,9174,5694,2-opt,CMT5.vrp,"[[59, 166, 21, 93, 42, 104, 107, 189, 84, 8, 167], [5, 123, 108, 51, 50, 130, 97, 146, 73, 144, 182], [30, 103, 174, 156, 185, 89, 113, 191, 195, 23, 183, 159, 106, 11], [54, 179, 157, 140, 148, 85, 92, 91, 33, 163, 165, 115, 53], [186, 139, 81, 56, 164, 20, 109, 39, 151, 17, 137, 173, 105], [141, 197, 122, 28, 116, 76, 64, 154, 58, 7, 188, 150, 101, 77, 128, 172], [37, 29, 184, 196, 136, 143, 170, 142, 127, 149, 98, 99], [10, 112, 90, 95, 102, 110, 57, 135, 66, 41, 45, 46], [74, 31, 52, 120, 168, 131, 190, 68, 61, 161, 49, 26, 134], [55, 35, 70, 12, 44, 160, 43, 83, 94, 198, 132, 88, 19], [2, 78, 9, 22, 126, 69, 169, 147, 124, 176], [138, 155, 193, 153, 13, 199, 16, 133, 38, 1], [180, 118, 111, 72, 75, 145, 86, 117, 114, 129, 34, 60], [40, 158, 152, 125, 119, 100, 32, 63, 15, 82], [162, 177, 36, 4, 62, 18, 65, 87, 47, 121, 71], [67, 25, 181, 194, 3, 80, 27, 171, 79, 192], [6, 178, 14, 187, 24, 96, 175, 48]]",false
65,9373,5687,2-opt,CMT5.vrp,"[[59, 166, 21, 93, 42, 104, 107, 189, 84, 8, 167], [5, 123, 108, 51, 50, 130, 97, 146, 73, 144, 182], [30, 103, 174, 156, 113, 89, 185, 191, 195, 23, 183, 159, 106, 11], [54, 179, 157, 140, 148, 85, 92, 91, 33, 163, 165, 115, 53], [186, 139, 81, 56, 164, 20, 109, 39, 151, 17, 137, 173, 105], [141, 197, 122, 28, 116, 76, 64, 154, 58, 7, 188, 150, 101, 77, 128, 172], [37, 29, 184, 196, 136, 143, 170, 142, 127, 149, 98, 99], [10, 112, 90, 95, 102, 110, 57, 135, 66, 41, 45, 46], [74, 31, 52, 120, 168, 131, 190, 68, 61, 161, 49, 26, 134], [55, 35, 70, 12, 44, 160, 43, 83, 94, 198, 132, 88, 19], [2, 78, 9, 22, 126, 69, 169, 147, 124, 176], [138, 155, 193, 153, 13, 199, 16, 133, 38, 1], [180, 118, 111, 72, 75, 145, 86, 117, 114, 129, 34, 60], [40, 158, 152, 125, 119, 100, 32, 63, 15, 82], [162, 177, 36, 4, 62, 18, 65, 87, 47, 121, 71], [67, 25, 181, 194, 3, 80, 27, 171, 79, 192], [6, 178, 14, 187, 24, 96, 175, 48]]",false
66,9458,5684,2-opt,CMT5.vrp,"[[59, 166, 21, 93, 42, 104, 107, 189, 84, 8, 167], [5, 123, 108, 51, 50, 130, 97, 146, 73, 144, 182], [30, 103, 174, 156, 195, 191, 113, 89, 185, 23, 183, 159, 106, 11], [54, 179, 157, 140, 148, 85, 92, 91, 33, 163, 165, 115, 53], [186, 139, 81, 56, 164, 20, 109, 39, 151, 17, 137, 173, 105], [141, 197, 122, 28, 116, 76, 64, 154, 58, 7, 188, 150, 101, 77, 128, 172], [37, 29, 184, 196, 136, 143, 170, 142, 127, 149, 98, 99], [10, 112, 90, 95, 102, 110, 57, 135, 66, 41, 45, 46], [74, 31, 52, 120, 168, 131, 190, 68, 61, 161, 49, 26, 134], [55, 35, 70, 12, 44, 160, 43, 83, 94, 198, 132, 88, 19], [2, 78, 9, 22, 126, 69, 169, 147, 124, 176], [138, 155, 193, 153, 13, 199, 16, 133, 38, 1], [180, 118, 111, 72, 75, 145, 86, 117, 114, 129, 34, 60], [40, 158, 152, 125, 119, 100, 32, 63, 15, 82], [162, 177, 36, 4, 62, 18, 65, 87, 47, 121, 71], [67, 25, 181, 194, 3, 80, 27, 171, 79, 192], [6, 178, 14, 187, 24, 96, 175, 48]]",false
67,9713,5681,2-opt,CMT5.vrp,"[[59, 166, 21, 93, 42, 104, 107, 189, 84, 8, 167], [5, 123, 108, 51, 50, 130, 97, 146, 73, 144, 182], [30, 103, 174, 156, 195, 191, 113, 89, 185, 23, 183, 159, 106, 11], [179, 54, 157, 140, 148, 85, 92, 91, 33, 163, 165, 115, 53], [186, 139, 81, 56, 164, 20, 109, 39, 151, 17, 137, 173, 105], [141, 197, 122, 28, 116, 76, 64, 154, 58, 7, 188, 150, 101, 77, 128, 172], [37, 29, 184, 196, 136, 143, 170, 142, 127, 149, 98, 99], [10, 112, 90, 95, 102, 110, 57, 135, 66, 41, 45, 46], [74, 31, 52, 120, 168, 131, 190, 68, 61, 161, 49, 26, 134], [55, 35, 70, 12, 44, 160, 43, 83, 94, 198, 132, 88, 19], [2, 78, 9, 22, 126, 69, 169, 147, 124, 176], [138, 155, 193, 153, 13, 199, 16, 133, 38, 1], [180, 118, 111, 72, 75, 145, 86, 117, 114, 129, 34, 60], [40, 158, 152, 125, 119, 100, 32, 63, 15, 82], [162, 177, 36, 4, 62, 18, 65, 87, 47, 121, 71], [67, 25, 181, 194, 3, 80, 27, 171, 79, 192], [6, 178, 14, 187, 24, 96, 175, 48]]",false
68,9819,5678,2-opt,CMT5.vrp,"[[59, 166, 21, 93, 42, 104, 107, 189, 84, 8, 167], [5, 123, 108, 51, 50, 130, 97, 146, 73, 144, 182], [30, 103, 174, 156, 195, 191, 113, 89, 185, 23, 183, 159, 106, 11], [54, 140, 157, 179, 148, 85, 92, 91, 33, 163, 165, 115, 53], [186, 139, 81, 56, 164, 20, 109, 39, 151, 17, 137, 173, 105], [141, 197, 122, 28, 116, 76, 64, 154, 58, 7, 188, 150, 101, 77, 128, 172], [37, 29, 184, 196, 136, 143, 170, 142, 127, 149, 98, 99], [10, 112, 90, 95, 102, 110, 57, 135, 66, 41, 45, 46], [74, 31, 52, 120, 168, 131, 190, 68, 61, 161, 49, 26, 134], [55, 35, 70, 12, 44, 160, 43, 83, 94, 198, 132, 88, 19], [2, 78, 9, 22, 126, 69, 169, 147, 124, 176], [138, 155, 193, 153, 13, 199, 16, 133, 38, 1], [180, 118, 111, 72, 75, 145, 86, 117, 114, 129, 34, 60], [40, 158, 152, 125, 119, 100, 32, 63, 15, 82], [162, 177, 36, 4, 62, 18, 65, 87, 47, 121, 71], [67, 25, 181, 194, 3, 80, 27, 171, 79, 192], [6, 178, 14, 187, 24, 96, 175, 48]]",false
69,9913,5675,2-opt,CMT5.vrp,"[[59, 166, 21, 93, 42, 104, 107, 189, 84, 8, 167], [5, 123, 108, 51, 50, 130, 97, 146, 73, 144, 182], [30, 103, 174, 156, 195, 191, 113, 89, 185, 23, 183, 159, 106, 11], [54, 179, 140, 157, 148, 85, 92, 91, 33, 163, 165, 115, 53], [186, 139, 81, 56, 164, 20, 109, 39, 151, 17, 137, 173, 105], [141, 197, 122, 28, 116, 76, 64, 154, 58, 7, 188, 150, 101, 77, 128, 172], [37, 29, 184, 196, 136, 143, 170, 142, 127, 149, 98, 99], [10, 112, 90, 95, 102, 110, 57, 135, 66, 41, 45, 46], [74, 31, 52, 120, 168, 131, 190, 68, 61, 161, 49, 26, 134], [55, 35, 70, 12, 44, 160, 43, 83, 94, 198, 132, 88, 19], [2, 78, 9, 22, 126, 69, 169, 147, 124, 176], [138, 155, 193, 153, 13, 199, 16, 133, 38, 1], [180, 118, 111, 72, 75, 145, 86, 117, 114, 129, 34, 60], [40, 158, 152, 125, 119, 100, 32, 63, 15, 82], [162, 177, 36, 4, 62, 18, 65, 87, 47, 121, 71], [67, 25, 181, 194, 3, 80, 27, 171, 79, 192], [6, 178, 14, 187, 24, 96, 175, 48]]",false
70,10005,5659,2-opt,CMT5.vrp,"[[59, 166, 21, 93, 42, 104, 107, 189, 84, 8, 167], [5, 123, 108, 51, 50, 130, 97, 146, 73, 144, 182], [30, 103, 174, 156, 195, 191, 113, 89, 185, 23, 183, 159, 106, 11], [54, 179, 165, 163, 33, 91, 92, 85, 148, 140, 157, 115, 53], [186, 139, 81, 56, 164, 20, 109, 39, 151, 17, 137, 173, 105], [141, 197, 122, 28, 116, 76, 64, 154, 58, 7, 188, 150, 101, 77, 128, 172], [37, 29, 184, 196, 136, 143, 170, 142, 127, 149, 98, 99], [10, 112, 90, 95, 102, 110, 57, 135, 66, 41, 45, 46], [74, 31, 52, 120, 168, 131, 190, 68, 61, 161, 49, 26, 134], [55, 35, 70, 12, 44, 160, 43, 83, 94, 198, 132, 88, 19], [2, 78, 9, 22, 126, 69, 169, 147, 124, 176], [138, 155, 193, 153, 13, 199, 16, 133, 38, 1], [180, 118, 111, 72, 75, 145, 86, 117, 114, 129, 34, 60], [40, 158, 152, 125, 119, 100, 32, 63, 15, 82], [162, 177, 36, 4, 62, 18, 65, 87, 47, 121, 71], [67, 25, 181, 194, 3, 80, 27, 171, 79, 192], [6, 178, 14, 187, 24, 96, 175, 48]]",false
71,10176,5625,2-opt,CMT5.vrp,"[[59, 166, 21, 93, 42, 104, 107, 189, 84, 8, 167], [5, 123, 108, 51, 50, 130, 97, 146, 73, 144, 182], [30, 103, 174, 156, 195, 191, 113, 89, 185, 23, 183, 159, 106, 11], [54, 179, 157, 140, 85, 148, 92, 91, 33, 163, 165, 115, 53], [186, 139, 81, 56, 164, 20, 109, 39, 151, 17, 137, 173, 105], [141, 197, 122, 28, 116, 76, 64, 154, 58, 7, 188, 150, 101, 77, 128, 172], [37, 29, 184, 196, 136, 143, 170, 142, 127, 149, 98, 99], [10, 112, 90, 95, 102, 110, 57, 135, 66, 41, 45, 46], [74, 31, 52, 120, 168, 131, 190, 68, 61, 161, 49, 26, 134], [55, 35, 70, 12, 44, 160, 43, 83, 94, 198, 132, 88, 19], [2, 78, 9, 22, 126, 69, 169, 147, 124, 176], [138, 155, 193, 153, 13, 199, 16, 133, 38, 1], [180, 118, 111, 72, 75, 145, 86, 117, 114, 129, 34, 60], [40, 158, 152, 125, 119, 100, 32, 63, 15, 82], [162, 177, 36, 4, 62, 18, 65, 87, 47, 121, 71], [67, 25, 181, 194, 3, 80, 27, 171, 79, 192], [6, 178, 14, 187, 24, 96, 175, 48]]",false
72,10270,5604,2-opt,CMT5.vrp,"[[59, 166, 21, 93, 42, 104, 107, 189, 84, 8, 167], [5, 123, 108, 51, 50, 130, 97, 146, 73, 144, 182], [30, 103, 174, 156, 195, 191, 113, 89, 185, 23, 183, 159, 106, 11], [54, 179, 157, 140, 33, 91, 92, 85, 148, 163, 165, 115, 53], [186, 139, 81, 56, 164, 20, 109, 39, 151, 17, 137, 173, 105], [141, 197, 122, 28, 116, 76, 64, 154, 58, 7, 188, 150, 101, 77, 128, 172], [37, 29, 184, 196, 136, 143, 170, 142, 127, 149, 98, 99], [10, 112, 90, 95, 102, 110, 57, 135, 66, 41, 45, 46], [74, 31, 52, 120, 168, 131, 190, 68, 61, 161, 49, 26, 134], [55, 35, 70, 12, 44, 160, 43, 83, 94, 198, 132, 88, 19], [2, 78, 9, 22, 126, 69, 169, 147, 124, 176], [138, 155, 193, 153, 13, 199, 16, 133, 38, 1], [180, 118, 111, 72, 75, 145, 86, 117, 114, 129, 34, 60], [40, 158, 152, 125, 119, 100, 32, 63, 15, 82], [162, 177, 36, 4, 62, 18, 65, 87, 47, 121, 71], [67, 25, 181, 194, 3, 80, 27, 171, 79, 192], [6, 178, 14, 187, 24, 96, 175, 48]]",false
73,10371,5601,2-opt,CMT5.vrp,"[[59, 166, 21, 93, 42, 104, 107, 189, 84, 8, 167], [5, 123, 108, 51, 50, 130, 97, 146, 73, 144, 182], [30, 103, 174, 156, 195, 191, 113, 89, 185, 23, 183, 159, 106, 11], [179, 54, 157, 140, 33, 91, 92, 85, 148, 163, 165, 115, 53], [186, 139, 81, 56, 164, 20, 109, 39, 151, 17, 137, 173, 105], [141, 197, 122, 28, 116, 76, 64, 154, 58, 7, 188, 150, 101, 77, 128, 172], [37, 29, 184, 196, 136, 143, 170, 142, 127, 149, 98, 99], [10, 112, 90, 95, 102, 110, 57, 135, 66, 41, 45, 46], [74, 31, 52, 120, 168, 131, 190, 68, 61, 161, 49, 26, 134], [55, 35, 70, 12, 44, 160, 43, 83, 94, 198, 132, 88, 19], [2, 78, 9, 22, 126, 69, 169, 147, 124, 176], [138, 155, 193, 153, 13, 199, 16, 133, 38, 1], [180, 118, 111, 72, 75, 145, 86, 117, 114, 129, 34, 60], [40, 158, 152, 125, 119, 100, 32, 63, 15, 82], [162, 177, 36, 4, 62, 18, 65, 87, 47, 121, 71], [67, 25, 181, 194, 3, 80, 27, 171, 79, 192], [6, 178, 14, 187, 24, 96, 175, 48]]",false
74,10468,5597,2-opt,CMT5.vrp,"[[59, 166, 21, 93, 42, 104, 107, 189, 84, 8, 167], [5, 123, 108, 51, 50, 130, 97, 146, 73, 144, 182], [30, 103, 174, 156, 195, 191, 113, 89, 185, 23, 183, 159, 106, 11], [54, 179, 140, 157, 33, 91, 92, 85, 148, 163, 165, 115, 53], [186, 139, 81, 56, 164, 20, 109, 39, 151, 17, 137, 173, 105], [141, 197, 122, 28, 116, 76, 64, 154, 58, 7, 188, 150, 101, 77, 128, 172], [37, 29, 184, 196, 136, 143, 170, 142, 127, 149, 98, 99], [10, 112, 90, 95, 102, 110, 57, 135, 66, 41, 45, 46], [74, 31, 52, 120, 168, 131, 190, 68, 61, 161, 49, 26, 134], [55, 35, 70, 12, 44, 160, 43, 83, 94, 198, 132, 88, 19], [2, 78, 9, 22, 126, 69, 169, 147, 124, 176], [138, 155, 193, 153, 13, 199, 16, 133, 38, 1], [180, 118, 111, 72, 75, 145, 86, 117, 114, 129, 34, 60], [40, 158, 152, 125, 119, 100, 32, 63, 15, 82], [162, 177, 36, 4, 62, 18, 65, 87, 47, 121, 71], [67, 25, 181, 194, 3, 80, 27, 171, 79, 192], [6, 178, 14, 187, 24, 96, 175, 48]]",false
75,10544,5579,2-opt,CMT5.vrp,"[[59, 166, 21, 93, 42, 104, 107, 189, 84, 8, 167], [5, 123, 108, 51, 50, 130, 97, 146, 73, 144, 182], [30, 103, 174, 156, 195, 191, 113, 89, 185, 23, 183, 159, 106, 11], [54, 179, 165, 163, 148, 85, 92, 91, 33, 140, 157, 115, 53], [186, 139, 81, 56, 164, 20, 109, 39, 151, 17, 137, 173, 105], [141, 197, 122, 28, 116, 76, 64, 154, 58, 7, 188, 150, 101, 77, 128, 172], [37, 29, 184, 196, 136, 143, 170, 142, 127, 149, 98, 99], [10, 112, 90, 95, 102, 110, 57, 135, 66, 41, 45, 46], [74, 31, 52, 120, 168, 131, 190, 68, 61, 161, 49, 26, 134], [55, 35, 70, 12, 44, 160, 43, 83, 94, 198, 132, 88, 19], [2, 78, 9, 22, 126, 69, 169, 147, 124, 176], [138, 155, 193, 153, 13, 199, 16, 133, 38, 1], [180, 118, 111, 72, 75, 145, 86, 117, 114, 129, 34, 60], [40, 158, 152, 125, 119, 100, 32, 63, 15, 82], [162, 177, 36, 4, 62, 18, 65, 87, 47, 121, 71], [67, 25, 181, 194, 3, 80, 27, 171, 79, 192], [6, 178, 14, 187, 24, 96, 175, 48]]",false
76,10637,5567,2-opt,CMT5.vrp,"[[59, 166, 21, 93, 42, 104, 107, 189, 84, 8, 167], [5, 123, 108, 51, 50, 130, 97, 146, 73, 144, 182], [30, 103, 174, 156, 195, 191, 113, 89, 185, 23, 183, 159, 106, 11], [54, 179, 157, 140, 33, 91, 85, 92, 148, 163, 165, 115, 53], [186, 139, 81, 56, 164, 20, 109, 39, 151, 17, 137, 173, 105], [141, 197, 122, 28, 116, 76, 64, 154, 58, 7, 188, 150, 101, 77, 128, 172], [37, 29, 184, 196, 136, 143, 170, 142, 127, 149, 98, 99], [10, 112, 90, 95, 102, 110, 57, 135, 66, 41, 45, 46], [74, 31, 52, 120, 168, 131, 190, 68, 61, 161, 49, 26, 134], [55, 35, 70, 12, 44, 160, 43, 83, 94, 198, 132, 88, 19], [2, 78, 9, 22, 126, 69, 169, 147, 124, 176], [138, 155, 193, 153, 13, 199, 16, 133, 38, 1], [180, 118, 111, 72, 75, 145, 86, 117, 114, 129, 34, 60], [40, 158, 152, 125, 119, 100, 32, 63, 15, 82], [162, 177, 36, 4, 62, 18, 65, 87, 47, 121, 71], [67, 25, 181, 194, 3, 80, 27, 171, 79, 192], [6, 178, 14, 187, 24, 96, 175, 48]]",false
77,10740,5542,2-opt,CMT5.vrp,"[[59, 166, 21, 93, 42, 104, 107, 189, 84, 8, 167], [5, 123, 108, 51, 50, 130, 97, 146, 73, 144, 182], [30, 103, 174, 156, 195, 191, 113, 89, 185, 23, 183, 159, 106, 11], [54, 179, 157, 140, 33, 91, 92, 163, 148, 85, 165, 115, 53], [186, 139, 81, 56, 164, 20, 109, 39, 151, 17, 137, 173, 105], [141, 197, 122, 28, 116, 76, 64, 154, 58, 7, 188, 150, 101, 77, 128, 172], [37, 29, 184, 196, 136, 143, 170, 142, 127, 149, 98, 99], [10, 112, 90, 95, 102, 110, 57, 135, 66, 41, 45, 46], [74, 31, 52, 120, 168, 131, 190, 68, 61, 161, 49, 26, 134], [55, 35, 70, 12, 44, 160, 43, 83, 94, 198, 132, 88, 19], [2, 78, 9, 22, 126, 69, 169, 147, 124, 176], [138, 155, 193, 153, 13, 199, 16, 133, 38, 1], [180, 118, 111, 72, 75, 145, 86, 117, 114, 129, 34, 60], [40, 158, 152, 125, 119, 100, 32, 63, 15, 82], [162, 177, 36, 4, 62, 18, 65, 87, 47, 121, 71], [67, 25, 181, 194, 3, 80, 27, 171, 79, 192], [6, 178, 14, 187, 24, 96, 175, 48]]",false
78,10821,5539,2-opt,CMT5.vrp,"[[59, 166, 21, 93, 42, 104, 107, 189, 84, 8, 167], [5, 123, 108, 51, 50, 130, 97, 146, 73, 144, 182], [30, 103, 174, 156, 195, 191, 113, 89, 185, 23, 183, 159, 106, 11], [179, 54, 157, 140, 33, 91, 92, 163, 148, 85, 165, 115, 53], [186, 139, 81, 56, 164, 20, 109, 39, 151, 17, 137, 173, 105], [141, 197, 122, 28, 116, 76, 64, 154, 58, 7, 188, 150, 101, 77, 128, 172], [37, 29, 184, 196, 136, 143, 170, 142, 127, 149, 98, 99], [10, 112, 90, 95, 102, 110, 57, 135, 66, 41, 45, 46], [74, 31, 52, 120, 168, 131, 190, 68, 61, 161, 49, 26, 134], [55, 35, 70, 12, 44, 160, 43, 83, 94, 198, 132, 88, 19], [2, 78, 9, 22, 126, 69, 169, 147, 124, 176], [138, 155, 193, 153, 13, 199, 16, 133, 38, 1], [180, 118, 111, 72, 75, 145, 86, 117, 114, 129, 34, 60], [40, 158, 152, 125, 119, 100, 32, 63, 15, 82], [162, 177, 36, 4, 62, 18, 65, 87, 47, 121, 71], [67, 25, 181, 194, 3, 80, 27, 171, 79, 192], [6, 178, 14, 187, 24, 96, 175, 48]]",false
79,10913,5536,2-opt,CMT5.vrp,"[[59, 166, 21, 93, 42, 104, 107, 189, 84, 8, 167], [5, 123, 108, 51, 50, 130, 97, 146, 73, 144, 182], [30, 103, 174, 156, 195, 191, 113, 89, 185, 23, 183, 159, 106, 11], [54, 179, 140, 157, 33, 91, 92, 163, 148, 85, 165, 115, 53], [186, 139, 81, 56, 164, 20, 109, 39, 151, 17, 137, 173, 105], [141, 197, 122, 28, 116, 76, 64, 154, 58, 7, 188, 150, 101, 77, 128, 172], [37, 29, 184, 196, 136, 143, 170, 142, 127, 149, 98, 99], [10, 112, 90, 95, 102, 110, 57, 135, 66, 41, 45, 46], [74, 31, 52, 120, 168, 131, 190, 68, 61, 161, 49, 26, 134], [55, 35, 70, 12, 44, 160, 43, 83, 94, 198, 132, 88, 19], [2, 78, 9, 22, 126, 69, 169, 147, 124, 176], [138, 155, 193, 153, 13, 199, 16, 133, 38, 1], [180, 118, 111, 72, 75, 145, 86, 117, 114, 129, 34, 60], [40, 158, 152, 125, 119, 100, 32, 63, 15, 82], [162, 177, 36, 4, 62, 18, 65, 87, 47, 121, 71], [67, 25, 181, 194, 3, 80, 27, 171, 79, 192], [6, 178, 14, 187, 24, 96, 175, 48]]",false
80,10994,5517,2-opt,CMT5.vrp,"[[59, 166, 21, 93, 42, 104, 107, 189, 84, 8, 167], [5, 123, 108, 51, 50, 130, 97, 146, 73, 144, 182], [30, 103, 174, 156, 195, 191, 113, 89, 185, 23, 183, 159, 106, 11], [54, 179, 165, 85, 148, 163, 92, 91, 33, 140, 157, 115, 53], [186, 139, 81, 56, 164, 20, 109, 39, 151, 17, 137, 173, 105], [141, 197, 122, 28, 116, 76, 64, 154, 58, 7, 188, 150, 101, 77, 128, 172], [37, 29, 184, 196, 136, 143, 170, 142, 127, 149, 98, 99], [10, 112, 90, 95, 102, 110, 57, 135, 66, 41, 45, 46], [74, 31, 52, 120, 168, 131, 190, 68, 61, 161, 49, 26, 134], [55, 35, 70, 12, 44, 160, 43, 83, 94, 198, 132, 88, 19], [2, 78, 9, 22, 126, 69, 169, 147, 124, 176], [138, 155, 193, 153, 13, 199, 16, 133, 38, 1], [180, 118, 111, 72, 75, 145, 86, 117, 114, 129, 34, 60], [40, 158, 152, 125, 119, 100, 32, 63, 15, 82], [162, 177, 36, 4, 62, 18, 65, 87, 47, 121, 71], [67, 25, 181, 194, 3, 80, 27, 171, 79, 192], [6, 178, 14, 187, 24, 96, 175, 48]]",false
81,11124,5517,2-opt,CMT5.vrp,"[[59, 166, 21, 93, 42, 104, 107, 189, 84, 8, 167], [5, 123, 108, 51, 50, 130, 97, 146, 73, 144, 182], [30, 103, 174, 156, 195, 191, 113, 89, 185, 23, 183, 159, 106, 11], [33, 91, 92, 163, 148, 85, 165, 179, 54, 140, 157, 115, 53], [186, 139, 81, 56, 164, 20, 109, 39, 151, 17, 137, 173, 105], [141, 197, 122, 28, 116, 76, 64, 154, 58, 7, 188, 150, 101, 77, 128, 172], [37, 29, 184, 196, 136, 143, 170, 142, 127, 149, 98, 99], [10, 112, 90, 95, 102, 110, 57, 135, 66, 41, 45, 46], [74, 31, 52, 120, 168, 131, 190, 68, 61, 161, 49, 26, 134], [55, 35, 70, 12, 44, 160, 43, 83, 94, 198, 132, 88, 19], [2, 78, 9, 22, 126, 69, 169, 147, 124, 176], [138, 155, 193, 153, 13, 199, 16, 133, 38, 1], [180, 118, 111, 72, 75, 145, 86, 117, 114, 129, 34, 60], [40, 158, 152, 125, 119, 100, 32, 63, 15, 82], [162, 177, 36, 4, 62, 18, 65, 87, 47, 121, 71], [67, 25, 181, 194, 3, 80, 27, 171, 79, 192], [6, 178, 14, 187, 24, 96, 175, 48]]",false
82,11211,5500,2-opt,CMT5.vrp,"[[59, 166, 21, 93, 42, 104, 107, 189, 84, 8, 167], [5, 123, 108, 51, 50, 130, 97, 146, 73, 144, 182], [30, 103, 174, 156, 195, 191, 113, 89, 185, 23, 183, 159, 106, 11], [54, 179, 85, 165, 148, 163, 92, 91, 33, 140, 157, 115, 53], [186, 139, 81, 56, 164, 20, 109, 39, 151, 17, 137, 173, 105], [141, 197, 122, 28, 116, 76, 64, 154, 58, 7, 188, 150, 101, 77, 128, 172], [37, 29, 184, 196, 136, 143, 170, 142, 127, 149, 98, 99], [10, 112, 90, 95, 102, 110, 57, 135, 66, 41, 45, 46], [74, 31, 52, 120, 168, 131, 190, 68, 61, 161, 49, 26, 134], [55, 35, 70, 12, 44, 160, 43, 83, 94, 198, 132, 88, 19], [2, 78, 9, 22, 126, 69, 169, 147, 124, 176], [138, 155, 193, 153, 13, 199, 16, 133, 38, 1], [180, 118, 111, 72, 75, 145, 86, 117, 114, 129, 34, 60], [40, 158, 152, 125, 119, 100, 32, 63, 15, 82], [162, 177, 36, 4, 62, 18, 65, 87, 47, 121, 71], [67, 25, 181, 194, 3, 80, 27, 171, 79, 192], [6, 178, 14, 187, 24, 96, 175, 48]]",false
83,11301,5497,2-opt,CMT5.vrp,"[[59, 166, 21, 93, 42, 104, 107, 189, 84, 8, 167], [5, 123, 108, 51, 50, 130, 97, 146, 73, 144, 182], [30, 103, 174, 156, 195, 191, 113, 89, 185, 23, 183, 159, 106, 11], [54, 179, 165, 85, 163, 148, 92, 91, 33, 140, 157, 115, 53], [186, 139, 81, 56, 164, 20, 109, 39, 151, 17, 137, 173, 105], [141, 197, 122, 28, 116, 76, 64, 154, 58, 7, 188, 150, 101, 77, 128, 172], [37, 29, 184, 196, 136, 143, 170, 142, 127, 149, 98, 99], [10, 112, 90, 95, 102, 110, 57, 135, 66, 41, 45, 46], [74, 31, 52, 120, 168, 131, 190, 68, 61, 161, 49, 26, 134], [55, 35, 70, 12, 44, 160, 43, 83, 94, 198, 132, 88, 19], [2, 78, 9, 22, 126, 69, 169, 147, 124, 176], [138, 155, 193, 153, 13, 199, 16, 133, 38, 1], [180, 118, 111, 72, 75, 145, 86, 117, 114, 129, 34, 60], [40, 158, 152, 125, 119, 100, 32, 63, 15, 82], [162, 177, 36, 4, 62, 18, 65, 87, 47, 121, 71], [67, 25, 181, 194, 3, 80, 27, 171, 79, 192], [6, 178, 14, 187, 24, 96, 175, 48]]",false
84,11397,5496,2-opt,CMT5.vrp,"[[59, 166, 21, 93, 42, 104, 107, 189, 84, 8, 167], [5, 123, 108, 51, 50, 130, 97, 146, 73, 144, 182], [30, 103, 174, 156, 195, 191, 113, 89, 185, 23, 183, 159, 106, 11], [54, 179, 165, 85, 148, 163, 92, 33, 91, 140, 157, 115, 53], [186, 139, 81, 56, 164, 20, 109, 39, 151, 17, 137, 173, 105], [141, 197, 122, 28, 116, 76, 64, 154, 58, 7, 188, 150, 101, 77, 128, 172], [37, 29, 184, 196, 136, 143, 170, 142, 127, 149, 98, 99], [10, 112, 90, 95, 102, 110, 57, 135, 66, 41, 45, 46], [74, 31, 52, 120, 168, 131, 190, 68, 61, 161, 49, 26, 134], [55, 35, 70, 12, 44, 160, 43, 83, 94, 198, 132, 88, 19], [2, 78, 9, 22, 126, 69, 169, 147, 124, 176], [138, 155, 193, 153, 13, 199, 16, 133, 38, 1], [180, 118, 111, 72, 75, 145, 86, 117, 114, 129, 34, 60], [40, 158, 152, 125, 119, 100, 32, 63, 15, 82], [162, 177, 36, 4, 62, 18, 65, 87, 47, 121, 71], [67, 25, 181, 194, 3, 80, 27, 171, 79, 192], [6, 178, 14, 187, 24, 96, 175, 48]]",false
85,11512,5478,2-opt,CMT5.vrp,"[[59, 166, 21, 93, 42, 104, 107, 189, 84, 8, 167], [5, 123, 108, 51, 50, 130, 97, 146, 73, 144, 182], [30, 103, 174, 156, 195, 191, 113, 89, 185, 23, 183, 159, 106, 11], [54, 179, 85, 165, 148, 163, 92, 33, 91, 140, 157, 115, 53], [186, 139, 81, 56, 164, 20, 109, 39, 151, 17, 137, 173, 105], [141, 197, 122, 28, 116, 76, 64, 154, 58, 7, 188, 150, 101, 77, 128, 172], [37, 29, 184, 196, 136, 143, 170, 142, 127, 149, 98, 99], [10, 112, 90, 95, 102, 110, 57, 135, 66, 41, 45, 46], [74, 31, 52, 120, 168, 131, 190, 68, 61, 161, 49, 26, 134], [55, 35, 70, 12, 44, 160, 43, 83, 94, 198, 132, 88, 19], [2, 78, 9, 22, 126, 69, 169, 147, 124, 176], [138, 155, 193, 153, 13, 199, 16, 133, 38, 1], [180, 118, 111, 72, 75, 145, 86, 117, 114, 129, 34, 60], [40, 158, 152, 125, 119, 100, 32, 63, 15, 82], [162, 177, 36, 4, 62, 18, 65, 87, 47, 121, 71], [67, 25, 181, 194, 3, 80, 27, 171, 79, 192], [6, 178, 14, 187, 24, 96, 175, 48]]",false
86,11920,5475,2-opt,CMT5.vrp,"[[59, 166, 21, 93, 42, 104, 107, 189, 84, 8, 167], [5, 123, 108, 51, 50, 130, 97, 146, 73, 144, 182], [30, 103, 174, 156, 195, 191, 113, 89, 185, 23, 183, 159, 106, 11], [54, 179, 165, 85, 163, 148, 92, 33, 91, 140, 157, 115, 53], [186, 139, 81, 56, 164, 20, 109, 39, 151, 17, 137, 173, 105], [141, 197, 122, 28, 116, 76, 64, 154, 58, 7, 188, 150, 101, 77, 128, 172], [37, 29, 184, 196, 136, 143, 170, 142, 127, 149, 98, 99], [10, 112, 90, 95, 102, 110, 57, 135, 66, 41, 45, 46], [74, 31, 52, 120, 168, 131, 190, 68, 61, 161, 49, 26, 134], [55, 35, 70, 12, 44, 160, 43, 83, 94, 198, 132, 88, 19], [2, 78, 9, 22, 126, 69, 169, 147, 124, 176], [138, 155, 193, 153, 13, 199, 16, 133, 38, 1], [180, 118, 111, 72, 75, 145, 86, 117, 114, 129, 34, 60], [40, 158, 152, 125, 119, 100, 32, 63, 15, 82], [162, 177, 36, 4, 62, 18, 65, 87, 47, 121, 71], [67, 25, 181, 194, 3, 80, 27, 171, 79, 192], [6, 178, 14, 187, 24, 96, 175, 48]]",false
87,12007,5475,2-opt,CMT5.vrp,"[[59, 166, 21, 93, 42, 104, 107, 189, 84, 8, 167], [5, 123, 108, 51, 50, 130, 97, 146, 73, 144, 182], [30, 103, 174, 156, 195, 191, 113, 89, 185, 23, 183, 159, 106, 11], [54, 179, 165, 85, 148, 163, 92, 33, 157, 140, 91, 115, 53], [186, 139, 81, 56, 164, 20, 109, 39, 151, 17, 137, 173, 105], [141, 197, 122, 28, 116, 76, 64, 154, 58, 7, 188, 150, 101, 77, 128, 172], [37, 29, 184, 196, 136, 143, 170, 142, 127, 149, 98, 99], [10, 112, 90, 95, 102, 110, 57, 135, 66, 41, 45, 46], [74, 31, 52, 120, 168, 131, 190, 68, 61, 161, 49, 26, 134], [55, 35, 70, 12, 44, 160, 43, 83, 94, 198, 132, 88, 19], [2, 78, 9, 22, 126, 69, 169, 147, 124, 176], [138, 155, 193, 153, 13, 199, 16, 133, 38, 1], [180, 118, 111, 72, 75, 145, 86, 117, 114, 129, 34, 60], [40, 158, 152, 125, 119, 100, 32, 63, 15, 82], [162, 177, 36, 4, 62, 18, 65, 87, 47, 121, 71], [67, 25, 181, 194, 3, 80, 27, 171, 79, 192], [6, 178, 14, 187, 24, 96, 175, 48]]",false
88,12082,5474,2-opt,CMT5.vrp,"[[59, 166, 21, 93, 42, 104, 107, 189, 84, 8, 167], [5, 123, 108, 51, 50, 130, 97, 146, 73, 144, 182], [30, 103, 174, 156, 195, 191, 113, 89, 185, 23, 183, 159, 106, 11], [33, 92, 163, 148, 85, 165, 179, 54, 157, 140, 91, 115, 53], [186, 139, 81, 56, 164, 20, 109, 39, 151, 17, 137, 173, 105], [141, 197, 122, 28, 116, 76, 64, 154, 58, 7, 188, 150, 101, 77, 128, 172], [37, 29, 184, 196, 136, 143, 170, 142, 127, 149, 98, 99], [10, 112, 90, 95, 102, 110, 57, 135, 66, 41, 45, 46], [74, 31, 52, 120, 168, 131, 190, 68, 61, 161, 49, 26, 134], [55, 35, 70, 12, 44, 160, 43, 83, 94, 198, 132, 88, 19], [2, 78, 9, 22, 126, 69, 169, 147, 124, 176], [138, 155, 193, 153, 13, 199, 16, 133, 38, 1], [180, 118, 111, 72, 75, 145, 86, 117, 114, 129, 34, 60], [40, 158, 152, 125, 119, 100, 32, 63, 15, 82], [162, 177, 36, 4, 62, 18, 65, 87, 47, 121, 71], [67, 25, 181, 194, 3, 80, 27, 171, 79, 192], [6, 178, 14, 187, 24, 96, 175, 48]]",false
89,12163,5457,2-opt,CMT5.vrp,"[[59, 166, 21, 93, 42, 104, 107, 189, 84, 8, 167], [5, 123, 108, 51, 50, 130, 97, 146, 73, 144, 182], [30, 103, 174, 156, 195, 191, 113, 89, 185, 23, 183, 159, 106, 11], [54, 179, 85, 165, 148, 163, 92, 33, 157, 140, 91, 115, 53], [186, 139, 81, 56, 164, 20, 109, 39, 151, 17, 137, 173, 105], [141, 197, 122, 28, 116, 76, 64, 154, 58, 7, 188, 150, 101, 77, 128, 172], [37, 29, 184, 196, 136, 143, 170, 142, 127, 149, 98, 99], [10, 112, 90, 95, 102, 110, 57, 135, 66, 41, 45, 46], [74, 31, 52, 120, 168, 131, 190, 68, 61, 161, 49, 26, 134], [55, 35, 70, 12, 44, 160, 43, 83, 94, 198, 132, 88, 19], [2, 78, 9, 22, 126, 69, 169, 147, 124, 176], [138, 155, 193, 153, 13, 199, 16, 133, 38, 1], [180, 118, 111, 72, 75, 145, 86, 117, 114, 129, 34, 60], [40, 158, 152, 125, 119, 100, 32, 63, 15, 82], [162, 177, 36, 4, 62, 18, 65, 87, 47, 121, 71], [67, 25, 181, 194, 3, 80, 27, 171, 79, 192], [6, 178, 14, 187, 24, 96, 175, 48]]",false
90,12245,5454,2-opt,CMT5.vrp,"[[59, 166, 21, 93, 42, 104, 107, 189, 84, 8, 167], [5, 123, 108, 51, 50, 130, 97, 146, 73, 144, 182], [30, 103, 174, 156, 195, 191, 113, 89, 185, 23, 183, 159, 106, 11], [54, 179, 165, 85, 163, 148, 92, 33, 157, 140, 91, 115, 53], [186, 139, 81, 56, 164, 20, 109, 39, 151, 17, 137, 173, 105], [141, 197, 122, 28, 116, 76, 64, 154, 58, 7, 188, 150, 101, 77, 128, 172], [37, 29, 184, 196, 136, 143, 170, 142, 127, 149, 98, 99], [10, 112, 90, 95, 102, 110, 57, 135, 66, 41, 45, 46], [74, 31, 52, 120, 168, 131, 190, 68, 61, 161, 49, 26, 134], [55, 35, 70, 12, 44, 160, 43, 83, 94, 198, 132, 88, 19], [2, 78, 9, 22, 126, 69, 169, 147, 124, 176], [138, 155, 193, 153, 13, 199, 16, 133, 38, 1], [180, 118, 111, 72, 75, 145, 86, 117, 114, 129, 34, 60], [40, 158, 152, 125, 119, 100, 32, 63, 15, 82], [162, 177, 36, 4, 62, 18, 65, 87, 47, 121, 71], [67, 25, 181, 194, 3, 80, 27, 171, 79, 192], [6, 178, 14, 187, 24, 96, 175, 48]]",false
91,12463,5453,2-opt,CMT5.vrp,"[[59, 166, 21, 93, 42, 104, 107, 189, 84, 8, 167], [5, 123, 108, 51, 50, 130, 97, 146, 73, 144, 182], [30, 103, 174, 156, 195, 191, 113, 89, 185, 23, 183, 159, 106, 11], [33, 92, 148, 163, 85, 165, 179, 54, 157, 140, 91, 115, 53], [186, 139, 81, 56, 164, 20, 109, 39, 151, 17, 137, 173, 105], [141, 197, 122, 28, 116, 76, 64, 154, 58, 7, 188, 150, 101, 77, 128, 172], [37, 29, 184, 196, 136, 143, 170, 142, 127, 149, 98, 99], [10, 112, 90, 95, 102, 110, 57, 135, 66, 41, 45, 46], [74, 31, 52, 120, 168, 131, 190, 68, 61, 161, 49, 26, 134], [55, 35, 70, 12, 44, 160, 43, 83, 94, 198, 132, 88, 19], [2, 78, 9, 22, 126, 69, 169, 147, 124, 176], [138, 155, 193, 153, 13, 199, 16, 133, 38, 1], [180, 118, 111, 72, 75, 145, 86, 117, 114, 129, 34, 60], [40, 158, 152, 125, 119, 100, 32, 63, 15, 82], [162, 177, 36, 4, 62, 18, 65, 87, 47, 121, 71], [67, 25, 181, 194, 3, 80, 27, 171, 79, 192], [6, 178, 14, 187, 24, 96, 175, 48]]",false
92,12598,5436,2-opt,CMT5.vrp,"[[59, 166, 21, 93, 42, 104, 107, 189, 84, 8, 167], [5, 123, 108, 51, 50, 130, 97, 146, 73, 144, 182], [30, 103, 174, 156, 195, 191, 113, 89, 185, 23, 183, 159, 106, 11], [54, 179, 85, 165, 163, 148, 92, 33, 157, 140, 91, 115, 53], [186, 139, 81, 56, 164, 20, 109, 39, 151, 17, 137, 173, 105], [141, 197, 122, 28, 116, 76, 64, 154, 58, 7, 188, 150, 101, 77, 128, 172], [37, 29, 184, 196, 136, 143, 170, 142, 127, 149, 98, 99], [10, 112, 90, 95, 102, 110, 57, 135, 66, 41, 45, 46], [74, 31, 52, 120, 168, 131, 190, 68, 61, 161, 49, 26, 134], [55, 35, 70, 12, 44, 160, 43, 83, 94, 198, 132, 88, 19], [2, 78, 9, 22, 126, 69, 169, 147, 124, 176], [138, 155, 193, 153, 13, 199, 16, 133, 38, 1], [180, 118, 111, 72, 75, 145, 86, 117, 114, 129, 34, 60], [40, 158, 152, 125, 119, 100, 32, 63, 15, 82], [162, 177, 36, 4, 62, 18, 65, 87, 47, 121, 71], [67, 25, 181, 194, 3, 80, 27, 171, 79, 192], [6, 178, 14, 187, 24, 96, 175, 48]]",false
93,12764,5435,2-opt,CMT5.vrp,"[[59, 166, 21, 93, 42, 104, 107, 189, 84, 8, 167], [5, 123, 108, 51, 50, 130, 97, 146, 73, 144, 182], [30, 103, 174, 156, 195, 191, 113, 89, 185, 23, 183, 159, 106, 11], [33, 92, 148, 163, 165, 85, 179, 54, 157, 140, 91, 115, 53], [186, 139, 81, 56, 164, 20, 109, 39, 151, 17, 137, 173, 105], [141, 197, 122, 28, 116, 76, 64, 154, 58, 7, 188, 150, 101, 77, 128, 172], [37, 29, 184, 196, 136, 143, 170, 142, 127, 149, 98, 99], [10, 112, 90, 95, 102, 110, 57, 135, 66, 41, 45, 46], [74, 31, 52, 120, 168, 131, 190, 68, 61, 161, 49, 26, 134], [55, 35, 70, 12, 44, 160, 43, 83, 94, 198, 132, 88, 19], [2, 78, 9, 22, 126, 69, 169, 147, 124, 176], [138, 155, 193, 153, 13, 199, 16, 133, 38, 1], [180, 118, 111, 72, 75, 145, 86, 117, 114, 129, 34, 60], [40, 158, 152, 125, 119, 100, 32, 63, 15, 82], [162, 177, 36, 4, 62, 18, 65, 87, 47, 121, 71], [67, 25, 181, 194, 3, 80, 27, 171, 79, 192], [6, 178, 14, 187, 24, 96, 175, 48]]",false
94,12905,5434,2-opt,CMT5.vrp,"[[59, 166, 21, 93, 42, 104, 107, 189, 84, 8, 167], [5, 123, 108, 51, 50, 130, 97, 146, 73, 144, 182], [30, 103, 174, 156, 195, 191, 113, 89, 185, 23, 183, 159, 106, 11], [54, 179, 85, 165, 163, 148, 92, 115, 91, 140, 157, 33, 53], [186, 139, 81, 56, 164, 20, 109, 39, 151, 17, 137, 173, 105], [141, 197, 122, 28, 116, 76, 64, 154, 58, 7, 188, 150, 101, 77, 128, 172], [37, 29, 184, 196, 136, 143, 170, 142, 127, 149, 98, 99], [10, 112, 90, 95, 102, 110, 57, 135, 66, 41, 45, 46], [74, 31, 52, 120, 168, 131, 190, 68, 61, 161, 49, 26, 134], [55, 35, 70, 12, 44, 160, 43, 83, 94, 198, 132, 88, 19], [2, 78, 9, 22, 126, 69, 169, 147, 124, 176], [138, 155, 193, 153, 13, 199, 16, 133, 38, 1], [180, 118, 111, 72, 75, 145, 86, 117, 114, 129, 34, 60], [40, 158, 152, 125, 119, 100, 32, 63, 15, 82], [162, 177, 36, 4, 62, 18, 65, 87, 47, 121, 71], [67, 25, 181, 194, 3, 80, 27, 171, 79, 192], [6, 178, 14, 187, 24, 96, 175, 48]]",false
95,12963,5429,2-opt,CMT5.vrp,"[[59, 166, 21, 93, 42, 104, 107, 189, 84, 8, 167], [5, 123, 108, 51, 50, 130, 97, 146, 73, 144, 182], [30, 103, 174, 156, 195, 191, 113, 89, 185, 23, 183, 159, 106, 11], [54, 179, 85, 165, 163, 148, 92, 53, 115, 91, 140, 157, 33], [186, 139, 81, 56, 164, 20, 109, 39, 151, 17, 137, 173, 105], [141, 197, 122, 28, 116, 76, 64, 154, 58, 7, 188, 150, 101, 77, 128, 172], [37, 29, 184, 196, 136, 143, 170, 142, 127, 149, 98, 99], [10, 112, 90, 95, 102, 110, 57, 135, 66, 41, 45, 46], [74, 31, 52, 120, 168, 131, 190, 68, 61, 161, 49, 26, 134], [55, 35, 70, 12, 44, 160, 43, 83, 94, 198, 132, 88, 19], [2, 78, 9, 22, 126, 69, 169, 147, 124, 176], [138, 155, 193, 153, 13, 199, 16, 133, 38, 1], [180, 118, 111, 72, 75, 145, 86, 117, 114, 129, 34, 60], [40, 158, 152, 125, 119, 100, 32, 63, 15, 82], [162, 177, 36, 4, 62, 18, 65, 87, 47, 121, 71], [67, 25, 181, 194, 3, 80, 27, 171, 79, 192], [6, 178, 14, 187, 24, 96, 175, 48]]",false
96,13022,5424,2-opt,CMT5.vrp,"[[59, 166, 21, 93, 42, 104, 107, 189, 84, 8, 167], [5, 123, 108, 51, 50, 130, 97, 146, 73, 144, 182], [30, 103, 174, 156, 195, 191, 113, 89, 185, 23, 183, 159, 106, 11], [54, 179, 85, 165, 163, 148, 92, 33, 53, 115, 91, 140, 157], [186, 139, 81, 56, 164, 20, 109, 39, 151, 17, 137, 173, 105], [141, 197, 122, 28, 116, 76, 64, 154, 58, 7, 188, 150, 101, 77, 128, 172], [37, 29, 184, 196, 136, 143, 170, 142, 127, 149, 98, 99], [10, 112, 90, 95, 102, 110, 57, 135, 66, 41, 45, 46], [74, 31, 52, 120, 168, 131, 190, 68, 61, 161, 49, 26, 134], [55, 35, 70, 12, 44, 160, 43, 83, 94, 198, 132, 88, 19], [2, 78, 9, 22, 126, 69, 169, 147, 124, 176], [138, 155, 193, 153, 13, 199, 16, 133, 38, 1], [180, 118, 111, 72, 75, 145, 86, 117, 114, 129, 34, 60], [40, 158, 152, 125, 119, 100, 32, 63, 15, 82], [162, 177, 36, 4, 62, 18, 65, 87, 47, 121, 71], [67, 25, 181, 194, 3, 80, 27, 171, 79, 192], [6, 178, 14, 187, 24, 96, 175, 48]]",false
97,13193,5393,2-opt,CMT5.vrp,"[[59, 166, 21, 93, 42, 104, 107, 189, 84, 8, 167], [5, 123, 108, 51, 50, 130, 97, 146, 73, 144, 182], [30, 103, 174, 156, 195, 191, 113, 89, 185, 23, 183, 159, 106, 11], [54, 179, 85, 165, 163, 148, 92, 33, 53, 115, 91, 140, 157], [17, 151, 39, 109, 20, 164, 56, 81, 139, 186, 137, 173, 105], [141, 197, 122, 28, 116, 76, 64, 154, 58, 7, 188, 150, 101, 77, 128, 172], [37, 29, 184, 196, 136, 143, 170, 142, 127, 149, 98, 99], [10, 112, 90, 95, 102, 110, 57, 135, 66, 41, 45, 46], [74, 31, 52, 120, 168, 131, 190, 68, 61, 161, 49, 26, 134], [55, 35, 70, 12, 44, 160, 43, 83, 94, 198, 132, 88, 19], [2, 78, 9, 22, 126, 69, 169, 147, 124, 176], [138, 155, 193, 153, 13, 199, 16, 133, 38, 1], [180, 118, 111, 72, 75, 145, 86, 117, 114, 129, 34, 60], [40, 158, 152, 125, 119, 100, 32, 63, 15, 82], [162, 177, 36, 4, 62, 18, 65, 87, 47, 121, 71], [67, 25, 181, 194, 3, 80, 27, 171, 79, 192], [6, 178, 14, 187, 24, 96, 175, 48]]",false
98,13268,5388,2-opt,CMT5.vrp,"[[59, 166, 21, 93, 42, 104, 107, 189, 84, 8, 167], [5, 123, 108, 51, 50, 130, 97, 146, 73, 144, 182], [30, 103, 174, 156, 195, 191, 113, 89, 185, 23, 183, 159, 106, 11], [54, 179, 85, 165, 163, 148, 92, 33, 53, 115, 91, 140, 157], [186, 139, 20, 164, 56, 81, 109, 39, 151, 17, 137, 173, 105], [141, 197, 122, 28, 116, 76, 64, 154, 58, 7, 188, 150, 101, 77, 128, 172], [37, 29, 184, 196, 136, 143, 170, 142, 127, 149, 98, 99], [10, 112, 90, 95, 102, 110, 57, 135, 66, 41, 45, 46], [74, 31, 52, 120, 168, 131, 190, 68, 61, 161, 49, 26, 134], [55, 35, 70, 12, 44, 160, 43, 83, 94, 198, 132, 88, 19], [2, 78, 9, 22, 126, 69, 169, 147, 124, 176], [138, 155, 193, 153, 13, 199, 16, 133, 38, 1], [180, 118, 111, 72, 75, 145, 86, 117, 114, 129, 34, 60], [40, 158, 152, 125, 119, 100, 32, 63, 15, 82], [162, 177, 36, 4, 62, 18, 65, 87, 47, 121, 71], [67, 25, 181, 194, 3, 80, 27, 171, 79, 192], [6, 178, 14, 187, 24, 96, 175, 48]]",false
99,13388,5358,2-opt,CMT5.vrp,"[[59, 166, 21, 93, 42, 104, 107, 189, 84, 8, 167], [5, 123, 108, 51, 50, 130, 97, 146, 73, 144, 182], [30, 103, 174, 156, 195, 191, 113, 89, 185, 23, 183, 159, 106, 11], [54, 179, 85, 165, 163, 148, 92, 33, 53, 115, 91, 140, 157], [17, 151, 39, 109, 81, 56, 164, 20, 139, 186, 137, 173, 105], [141, 197, 122, 28, 116, 76, 64, 154, 58, 7, 188, 150, 101, 77, 128, 172], [37, 29, 184, 196, 136, 143, 170, 142, 127, 149, 98, 99], [10, 112, 90, 95, 102, 110, 57, 135, 66, 41, 45, 46], [74, 31, 52, 120, 168, 131, 190, 68, 61, 161, 49, 26, 134], [55, 35, 70, 12, 44, 160, 43, 83, 94, 198, 132, 88, 19], [2, 78, 9, 22, 126, 69, 169, 147, 124, 176], [138, 155, 193, 153, 13, 199, 16, 133, 38, 1], [180, 118, 111, 72, 75, 145, 86, 117, 114, 129, 34, 60], [40, 158, 152, 125, 119, 100, 32, 63, 15, 82], [162, 177, 36, 4, 62, 18, 65, 87, 47, 121, 71], [67, 25, 181, 194, 3, 80, 27, 171, 79, 192], [6, 178, 14, 187, 24, 96, 175, 48]]",false
100,13537,5352,2-opt,CMT5.vrp,"[[59, 166, 21, 93, 42, 104, 107, 189, 84, 8, 167], [5, 123, 108, 51, 50, 130, 97, 146, 73, 144, 182], [30, 103, 174, 156, 195, 191, 113, 89, 185, 23, 183, 159, 106, 11], [54, 179, 85, 165, 163, 148, 92, 33, 53, 115, 91, 140, 157], [17, 81, 109, 39, 151, 56, 164, 20, 139, 186, 137, 173, 105], [141, 197, 122, 28, 116, 76, 64, 154, 58, 7, 188, 150, 101, 77, 128, 172], [37, 29, 184, 196, 136, 143, 170, 142, 127, 149, 98, 99], [10, 112, 90, 95, 102, 110, 57, 135, 66, 41, 45, 46], [74, 31, 52, 120, 168, 131, 190, 68, 61, 161, 49, 26, 134], [55, 35, 70, 12, 44, 160, 43, 83, 94, 198, 132, 88, 19], [2, 78, 9, 22, 126, 69, 169, 147, 124, 176], [138, 155, 193, 153, 13, 199, 16, 133, 38, 1], [180, 118, 111, 72, 75, 145, 86, 117, 114, 129, 34, 60], [40, 158, 152, 125, 119, 100, 32, 63, 15, 82], [162, 177, 36, 4, 62, 18, 65, 87, 47, 121, 71], [67, 25, 181, 194, 3, 80, 27, 171, 79, 192], [6, 178, 14, 187, 24, 96, 175, 48]]",false
101,13611,5338,2-opt,CMT5.vrp,"[[59, 166, 21, 93, 42, 104, 107, 189, 84, 8, 167], [5, 123, 108, 51, 50, 130, 97, 146, 73, 144, 182], [30, 103, 174, 156, 195, 191, 113, 89, 185, 23, 183, 159, 106, 11], [54, 179, 85, 165, 163, 148, 92, 33, 53, 115, 91, 140, 157], [17, 151, 81, 109, 39, 56, 164, 20, 139, 186, 137, 173, 105], [141, 197, 122, 28, 116, 76, 64, 154, 58, 7, 188, 150, 101, 77, 128, 172], [37, 29, 184, 196, 136, 143, 170, 142, 127, 149, 98, 99], [10, 112, 90, 95, 102, 110, 57, 135, 66, 41, 45, 46], [74, 31, 52, 120, 168, 131, 190, 68, 61, 161, 49, 26, 134], [55, 35, 70, 12, 44, 160, 43, 83, 94, 198, 132, 88, 19], [2, 78, 9, 22, 126, 69, 169, 147, 124, 176], [138, 155, 193, 153, 13, 199, 16, 133, 38, 1], [180, 118, 111, 72, 75, 145, 86, 117, 114, 129, 34, 60], [40, 158, 152, 125, 119, 100, 32, 63, 15, 82], [162, 177, 36, 4, 62, 18, 65, 87, 47, 121, 71], [67, 25, 181, 194, 3, 80, 27, 171, 79, 192], [6, 178, 14, 187, 24, 96, 175, 48]]",false
102,13737,5334,2-opt,CMT5.vrp,"[[59, 166, 21, 93, 42, 104, 107, 189, 84, 8, 167], [5, 123, 108, 51, 50, 130, 97, 146, 73, 144, 182], [30, 103, 174, 156, 195, 191, 113, 89, 185, 23, 183, 159, 106, 11], [54, 179, 85, 165, 163, 148, 92, 33, 53, 115, 91, 140, 157], [151, 17, 81, 109, 39, 56, 164, 20, 139, 186, 137, 173, 105], [141, 197, 122, 28, 116, 76, 64, 154, 58, 7, 188, 150, 101, 77, 128, 172], [37, 29, 184, 196, 136, 143, 170, 142, 127, 149, 98, 99], [10, 112, 90, 95, 102, 110, 57, 135, 66, 41, 45, 46], [74, 31, 52, 120, 168, 131, 190, 68, 61, 161, 49, 26, 134], [55, 35, 70, 12, 44, 160, 43, 83, 94, 198, 132, 88, 19], [2, 78, 9, 22, 126, 69, 169, 147, 124, 176], [138, 155, 193, 153, 13, 199, 16, 133, 38, 1], [180, 118, 111, 72, 75, 145, 86, 117, 114, 129, 34, 60], [40, 158, 152, 125, 119, 100, 32, 63, 15, 82], [162, 177, 36, 4, 62, 18, 65, 87, 47, 121, 71], [67, 25, 181, 194, 3, 80, 27, 171, 79, 192], [6, 178, 14, 187, 24, 96, 175, 48]]",false
103,13875,5319,2-opt,CMT5.vrp,"[[59, 166, 21, 93, 42, 104, 107, 189, 84, 8, 167], [5, 123, 108, 51, 50, 130, 97, 146, 73, 144, 182], [30, 103, 174, 156, 195, 191, 113, 89, 185, 23, 183, 159, 106, 11], [54, 179, 85, 165, 163, 148, 92, 33, 53, 115, 91, 140, 157], [17, 151, 81, 109, 39, 56, 164, 20, 173, 137, 186, 139, 105], [141, 197, 122, 28, 116, 76, 64, 154, 58, 7, 188, 150, 101, 77, 128, 172], [37, 29, 184, 196, 136, 143, 170, 142, 127, 149, 98, 99], [10, 112, 90, 95, 102, 110, 57, 135, 66, 41, 45, 46], [74, 31, 52, 120, 168, 131, 190, 68, 61, 161, 49, 26, 134], [55, 35, 70, 12, 44, 160, 43, 83, 94, 198, 132, 88, 19], [2, 78, 9, 22, 126, 69, 169, 147, 124, 176], [138, 155, 193, 153, 13, 199, 16, 133, 38, 1], [180, 118, 111, 72, 75, 145, 86, 117, 114, 129, 34, 60], [40, 158, 152, 125, 119, 100, 32, 63, 15, 82], [162, 177, 36, 4, 62, 18, 65, 87, 47, 121, 71], [67, 25, 181, 194, 3, 80, 27, 171, 79, 192], [6, 178, 14, 187, 24, 96, 175, 48]]",false
104,13942,5315,2-opt,CMT5.vrp,"[[59, 166, 21, 93, 42, 104, 107, 189, 84, 8, 167], [5, 123, 108, 51, 50, 130, 97, 146, 73, 144, 182], [30, 103, 174, 156, 195, 191, 113, 89, 185, 23, 183, 159, 106, 11], [54, 179, 85, 165, 163, 148, 92, 33, 53, 115, 91, 140, 157], [151, 17, 81, 109, 39, 56, 164, 20, 173, 137, 186, 139, 105], [141, 197, 122, 28, 116, 76, 64, 154, 58, 7, 188, 150, 101, 77, 128, 172], [37, 29, 184, 196, 136, 143, 170, 142, 127, 149, 98, 99], [10, 112, 90, 95, 102, 110, 57, 135, 66, 41, 45, 46], [74, 31, 52, 120, 168, 131, 190, 68, 61, 161, 49, 26, 134], [55, 35, 70, 12, 44, 160, 43, 83, 94, 198, 132, 88, 19], [2, 78, 9, 22, 126, 69, 169, 147, 124, 176], [138, 155, 193, 153, 13, 199, 16, 133, 38, 1], [180, 118, 111, 72, 75, 145, 86, 117, 114, 129, 34, 60], [40, 158, 152, 125, 119, 100, 32, 63, 15, 82], [162, 177, 36, 4, 62, 18, 65, 87, 47, 121, 71], [67, 25, 181, 194, 3, 80, 27, 171, 79, 192], [6, 178, 14, 187, 24, 96, 175, 48]]",false
105,14082,5307,2-opt,CMT5.vrp,"[[59, 166, 21, 93, 42, 104, 107, 189, 84, 8, 167], [5, 123, 108, 51, 50, 130, 97, 146, 73, 144, 182], [30, 103, 174, 156, 195, 191, 113, 89, 185, 23, 183, 159, 106, 11], [54, 179, 85, 165, 163, 148, 92, 33, 53, 115, 91, 140, 157], [17, 151, 81, 109, 39, 56, 164, 20, 173, 139, 186, 137, 105], [141, 197, 122, 28, 116, 76, 64, 154, 58, 7, 188, 150, 101, 77, 128, 172], [37, 29, 184, 196, 136, 143, 170, 142, 127, 149, 98, 99], [10, 112, 90, 95, 102, 110, 57, 135, 66, 41, 45, 46], [74, 31, 52, 120, 168, 131, 190, 68, 61, 161, 49, 26, 134], [55, 35, 70, 12, 44, 160, 43, 83, 94, 198, 132, 88, 19], [2, 78, 9, 22, 126, 69, 169, 147, 124, 176], [138, 155, 193, 153, 13, 199, 16, 133, 38, 1], [180, 118, 111, 72, 75, 145, 86, 117, 114, 129, 34, 60], [40, 158, 152, 125, 119, 100, 32, 63, 15, 82], [162, 177, 36, 4, 62, 18, 65, 87, 47, 121, 71], [67, 25, 181, 194, 3, 80, 27, 171, 79, 192], [6, 178, 14, 187, 24, 96, 175, 48]]",false
106,14143,5303,2-opt,CMT5.vrp,"[[59, 166, 21, 93, 42, 104, 107, 189, 84, 8, 167], [5, 123, 108, 51, 50, 130, 97, 146, 73, 144, 182], [30, 103, 174, 156, 195, 191, 113, 89, 185, 23, 183, 159, 106, 11], [54, 179, 85, 165, 163, 148, 92, 33, 53, 115, 91, 140, 157], [151, 17, 81, 109, 39, 56, 164, 20, 173, 139, 186, 137, 105], [141, 197, 122, 28, 116, 76, 64, 154, 58, 7, 188, 150, 101, 77, 128, 172], [37, 29, 184, 196, 136, 143, 170, 142, 127, 149, 98, 99], [10, 112, 90, 95, 102, 110, 57, 135, 66, 41, 45, 46], [74, 31, 52, 120, 168, 131, 190, 68, 61, 161, 49, 26, 134], [55, 35, 70, 12, 44, 160, 43, 83, 94, 198, 132, 88, 19], [2, 78, 9, 22, 126, 69, 169, 147, 124, 176], [138, 155, 193, 153, 13, 199, 16, 133, 38, 1], [180, 118, 111, 72, 75, 145, 86, 117, 114, 129, 34, 60], [40, 158, 152, 125, 119, 100, 32, 63, 15, 82], [162, 177, 36, 4, 62, 18, 65, 87, 47, 121, 71], [67, 25, 181, 194, 3, 80, 27, 171, 79, 192], [6, 178, 14, 187, 24, 96, 175, 48]]",false
107,14296,5303,2-opt,CMT5.vrp,"[[59, 166, 21, 93, 42, 104, 107, 189, 84, 8, 167], [5, 123, 108, 51, 50, 130, 97, 146, 73, 144, 182], [30, 103, 174, 156, 195, 191, 113, 89, 185, 23, 183, 159, 106, 11], [54, 179, 85, 165, 163, 148, 92, 33, 53, 115, 91, 140, 157], [105, 137, 186, 139, 173, 20, 164, 56, 39, 109, 81, 17, 151], [141, 197, 122, 28, 116, 76, 64, 154, 58, 7, 188, 150, 101, 77, 128, 172], [37, 29, 184, 196, 136, 143, 170, 142, 127, 149, 98, 99], [10, 112, 90, 95, 102, 110, 57, 135, 66, 41, 45, 46], [74, 31, 52, 120, 168, 131, 190, 68, 61, 161, 49, 26, 134], [55, 35, 70, 12, 44, 160, 43, 83, 94, 198, 132, 88, 19], [2, 78, 9, 22, 126, 69, 169, 147, 124, 176], [138, 155, 193, 153, 13, 199, 16, 133, 38, 1], [180, 118, 111, 72, 75, 145, 86, 117, 114, 129, 34, 60], [40, 158, 152, 125, 119, 100, 32, 63, 15, 82], [162, 177, 36, 4, 62, 18, 65, 87, 47, 121, 71], [67, 25, 181, 194, 3, 80, 27, 171, 79, 192], [6, 178, 14, 187, 24, 96, 175, 48]]",false
108,14526,5291,2-opt,CMT5.vrp,"[[59, 166, 21, 93, 42, 104, 107, 189, 84, 8, 167], [5, 123, 108, 51, 50, 130, 97, 146, 73, 144, 182], [30, 103, 174, 156, 195, 191, 113, 89, 185, 23, 183, 159, 106, 11], [54, 179, 85, 165, 163, 148, 92, 33, 53, 115, 91, 140, 157], [105, 137, 186, 139, 173, 20, 164, 56, 39, 109, 81, 17, 151], [197, 141, 122, 28, 116, 76, 64, 154, 58, 7, 188, 150, 101, 77, 128, 172], [37, 29, 184, 196, 136, 143, 170, 142, 127, 149, 98, 99], [10, 112, 90, 95, 102, 110, 57, 135, 66, 41, 45, 46], [74, 31, 52, 120, 168, 131, 190, 68, 61, 161, 49, 26, 134], [55, 35, 70, 12, 44, 160, 43, 83, 94, 198, 132, 88, 19], [2, 78, 9, 22, 126, 69, 169, 147, 124, 176], [138, 155, 193, 153, 13, 199, 16, 133, 38, 1], [180, 118, 111, 72, 75, 145, 86, 117, 114, 129, 34, 60], [40, 158, 152, 125, 119, 100, 32, 63, 15, 82], [162, 177, 36, 4, 62, 18, 65, 87, 47, 121, 71], [67, 25, 181, 194, 3, 80, 27, 171, 79, 192], [6, 178, 14, 187, 24, 96, 175, 48]]",false
109,14585,5289,2-opt,CMT5.vrp,"[[59, 166, 21, 93, 42, 104, 107, 189, 84, 8, 167], [5, 123, 108, 51, 50, 130, 97, 146, 73, 144, 182], [30, 103, 174, 156, 195, 191, 113, 89, 185, 23, 183, 159, 106, 11], [54, 179, 85, 165, 163, 148, 92, 33, 53, 115, 91, 140, 157], [105, 137, 186, 139, 173, 20, 164, 56, 39, 109, 81, 17, 151], [28, 122, 197, 141, 116, 76, 64, 154, 58, 7, 188, 150, 101, 77, 128, 172], [37, 29, 184, 196, 136, 143, 170, 142, 127, 149, 98, 99], [10, 112, 90, 95, 102, 110, 57, 135, 66, 41, 45, 46], [74, 31, 52, 120, 168, 131, 190, 68, 61, 161, 49, 26, 134], [55, 35, 70, 12, 44, 160, 43, 83, 94, 198, 132, 88, 19], [2, 78, 9, 22, 126, 69, 169, 147, 124, 176], [138, 155, 193, 153, 13, 199, 16, 133, 38, 1], [180, 118, 111, 72, 75, 145, 86, 117, 114, 129, 34, 60], [40, 158, 152, 125, 119, 100, 32, 63, 15, 82], [162, 177, 36, 4, 62, 18, 65, 87, 47, 121, 71], [67, 25, 181, 194, 3, 80, 27, 171, 79, 192], [6, 178, 14, 187, 24, 96, 175, 48]]",false
110,14641,5271,2-opt,CMT5.vrp,"[[59, 166, 21, 93, 42, 104, 107, 189, 84, 8, 167], [5, 123, 108, 51, 50, 130, 97, 146, 73, 144, 182], [30, 103, 174, 156, 195, 191, 113, 89, 185, 23, 183, 159, 106, 11], [54, 179, 85, 165, 163, 148, 92, 33, 53, 115, 91, 140, 157], [105, 137, 186, 139, 173, 20, 164, 56, 39, 109, 81, 17, 151], [76, 116, 28, 122, 197, 141, 64, 154, 58, 7, 188, 150, 101, 77, 128, 172], [37, 29, 184, 196, 136, 143, 170, 142, 127, 149, 98, 99], [10, 112, 90, 95, 102, 110, 57, 135, 66, 41, 45, 46], [74, 31, 52, 120, 168, 131, 190, 68, 61, 161, 49, 26, 134], [55, 35, 70, 12, 44, 160, 43, 83, 94, 198, 132, 88, 19], [2, 78, 9, 22, 126, 69, 169, 147, 124, 176], [138, 155, 193, 153, 13, 199, 16, 133, 38, 1], [180, 118, 111, 72, 75, 145, 86, 117, 114, 129, 34, 60], [40, 158, 152, 125, 119, 100, 32, 63, 15, 82], [162, 177, 36, 4, 62, 18, 65, 87, 47, 121, 71], [67, 25, 181, 194, 3, 80, 27, 171, 79, 192], [6, 178, 14, 187, 24, 96, 175, 48]]",false
111,14800,5250,2-opt,CMT5.vrp,"[[59, 166, 21, 93, 42, 104, 107, 189, 84, 8, 167], [5, 123, 108, 51, 50, 130, 97, 146, 73, 144, 182], [30, 103, 174, 156, 195, 191, 113, 89, 185, 23, 183, 159, 106, 11], [54, 179, 85, 165, 163, 148, 92, 33, 53, 115, 91, 140, 157], [105, 137, 186, 139, 173, 20, 164, 56, 39, 109, 81, 17, 151], [141, 197, 122, 28, 116, 76, 150, 188, 7, 58, 154, 64, 101, 77, 128, 172], [37, 29, 184, 196, 136, 143, 170, 142, 127, 149, 98, 99], [10, 112, 90, 95, 102, 110, 57, 135, 66, 41, 45, 46], [74, 31, 52, 120, 168, 131, 190, 68, 61, 161, 49, 26, 134], [55, 35, 70, 12, 44, 160, 43, 83, 94, 198, 132, 88, 19], [2, 78, 9, 22, 126, 69, 169, 147, 124, 176], [138, 155, 193, 153, 13, 199, 16, 133, 38, 1], [180, 118, 111, 72, 75, 145, 86, 117, 114, 129, 34, 60], [40, 158, 152, 125, 119, 100, 32, 63, 15, 82], [162, 177, 36, 4, 62, 18, 65, 87, 47, 121, 71], [67, 25, 181, 194, 3, 80, 27, 171, 79, 192], [6, 178, 14, 187, 24, 96, 175, 48]]",false
112,14908,5238,2-opt,CMT5.vrp,"[[59, 166, 21, 93, 42, 104, 107, 189, 84, 8, 167], [5, 123, 108, 51, 50, 130, 97, 146, 73, 144, 182], [30, 103, 174, 156, 195, 191, 113, 89, 185, 23, 183, 159, 106, 11], [54, 179, 85, 165, 163, 148, 92, 33, 53, 115, 91, 140, 157], [105, 137, 186, 139, 173, 20, 164, 56, 39, 109, 81, 17, 151], [197, 141, 122, 28, 116, 76, 150, 188, 7, 58, 154, 64, 101, 77, 128, 172], [37, 29, 184, 196, 136, 143, 170, 142, 127, 149, 98, 99], [10, 112, 90, 95, 102, 110, 57, 135, 66, 41, 45, 46], [74, 31, 52, 120, 168, 131, 190, 68, 61, 161, 49, 26, 134], [55, 35, 70, 12, 44, 160, 43, 83, 94, 198, 132, 88, 19], [2, 78, 9, 22, 126, 69, 169, 147, 124, 176], [138, 155, 193, 153, 13, 199, 16, 133, 38, 1], [180, 118, 111, 72, 75, 145, 86, 117, 114, 129, 34, 60], [40, 158, 152, 125, 119, 100, 32, 63, 15, 82], [162, 177, 36, 4, 62, 18, 65, 87, 47, 121, 71], [67, 25, 181, 194, 3, 80, 27, 171, 79, 192], [6, 178, 14, 187, 24, 96, 175, 48]]",false
113,14972,5236,2-opt,CMT5.vrp,"[[59, 166, 21, 93, 42, 104, 107, 189, 84, 8, 167], [5, 123, 108, 51, 50, 130, 97, 146, 73, 144, 182], [30, 103, 174, 156, 195, 191, 113, 89, 185, 23, 183, 159, 106, 11], [54, 179, 85, 165, 163, 148, 92, 33, 53, 115, 91, 140, 157], [105, 137, 186, 139, 173, 20, 164, 56, 39, 109, 81, 17, 151], [28, 122, 197, 141, 116, 76, 150, 188, 7, 58, 154, 64, 101, 77, 128, 172], [37, 29, 184, 196, 136, 143, 170, 142, 127, 149, 98, 99], [10, 112, 90, 95, 102, 110, 57, 135, 66, 41, 45, 46], [74, 31, 52, 120, 168, 131, 190, 68, 61, 161, 49, 26, 134], [55, 35, 70, 12, 44, 160, 43, 83, 94, 198, 132, 88, 19], [2, 78, 9, 22, 126, 69, 169, 147, 124, 176], [138, 155, 193, 153, 13, 199, 16, 133, 38, 1], [180, 118, 111, 72, 75, 145, 86, 117, 114, 129, 34, 60], [40, 158, 152, 125, 119, 100, 32, 63, 15, 82], [162, 177, 36, 4, 62, 18, 65, 87, 47, 121, 71], [67, 25, 181, 194, 3, 80, 27, 171, 79, 192], [6, 178, 14, 187, 24, 96, 175, 48]]",false
114,15051,5235,2-opt,CMT5.vrp,"[[59, 166, 21, 93, 42, 104, 107, 189, 84, 8, 167], [5, 123, 108, 51, 50, 130, 97, 146, 73, 144, 182], [30, 103, 174, 156, 195, 191, 113, 89, 185, 23, 183, 159, 106, 11], [54, 179, 85, 165, 163, 148, 92, 33, 53, 115, 91, 140, 157], [105, 137, 186, 139, 173, 20, 164, 56, 39, 109, 81, 17, 151], [141, 28, 122, 197, 116, 76, 150, 188, 7, 58, 154, 64, 101, 77, 128, 172], [37, 29, 184, 196, 136, 143, 170, 142, 127, 149, 98, 99], [10, 112, 90, 95, 102, 110, 57, 135, 66, 41, 45, 46], [74, 31, 52, 120, 168, 131, 190, 68, 61, 161, 49, 26, 134], [55, 35, 70, 12, 44, 160, 43, 83, 94, 198, 132, 88, 19], [2, 78, 9, 22, 126, 69, 169, 147, 124, 176], [138, 155, 193, 153, 13, 199, 16, 133, 38, 1], [180, 118, 111, 72, 75, 145, 86, 117, 114, 129, 34, 60], [40, 158, 152, 125, 119, 100, 32, 63, 15, 82], [162, 177, 36, 4, 62, 18, 65, 87, 47, 121, 71], [67, 25, 181, 194, 3, 80, 27, 171, 79, 192], [6, 178, 14, 187, 24, 96, 175, 48]]",false
115,15149,5220,2-opt,CMT5.vrp,"[[59, 166, 21, 93, 42, 104, 107, 189, 84, 8, 167], [5, 123, 108, 51, 50, 130, 97, 146, 73, 144, 182], [30, 103, 174, 156, 195, 191, 113, 89, 185, 23, 183, 159, 106, 11], [54, 179, 85, 165, 163, 148, 92, 33, 53, 115, 91, 140, 157], [105, 137, 186, 139, 173, 20, 164, 56, 39, 109, 81, 17, 151], [141, 197, 122, 154, 58, 7, 188, 150, 76, 116, 28, 64, 101, 77, 128, 172], [37, 29, 184, 196, 136, 143, 170, 142, 127, 149, 98, 99], [10, 112, 90, 95, 102, 110, 57, 135, 66, 41, 45, 46], [74, 31, 52, 120, 168, 131, 190, 68, 61, 161, 49, 26, 134], [55, 35, 70, 12, 44, 160, 43, 83, 94, 198, 132, 88, 19], [2, 78, 9, 22, 126, 69, 169, 147, 124, 176], [138, 155, 193, 153, 13, 199, 16, 133, 38, 1], [180, 118, 111, 72, 75, 145, 86, 117, 114, 129, 34, 60], [40, 158, 152, 125, 119, 100, 32, 63, 15, 82], [162, 177, 36, 4, 62, 18, 65, 87, 47, 121, 71], [67, 25, 181, 194, 3, 80, 27, 171, 79, 192], [6, 178, 14, 187, 24, 96, 175, 48]]",false
116,15264,5209,2-opt,CMT5.vrp,"[[59, 166, 21, 93, 42, 104, 107, 189, 84, 8, 167], [5, 123, 108, 51, 50, 130, 97, 146, 73, 144, 182], [30, 103, 174, 156, 195, 191, 113, 89, 185, 23, 183, 159, 106, 11], [54, 179, 85, 165, 163, 148, 92, 33, 53, 115, 91, 140, 157], [105, 137, 186, 139, 173, 20, 164, 56, 39, 109, 81, 17, 151], [141, 197, 122, 28, 116, 76, 150, 188, 101, 64, 154, 58, 7, 77, 128, 172], [37, 29, 184, 196, 136, 143, 170, 142, 127, 149, 98, 99], [10, 112, 90, 95, 102, 110, 57, 135, 66, 41, 45, 46], [74, 31, 52, 120, 168, 131, 190, 68, 61, 161, 49, 26, 134], [55, 35, 70, 12, 44, 160, 43, 83, 94, 198, 132, 88, 19], [2, 78, 9, 22, 126, 69, 169, 147, 124, 176], [138, 155, 193, 153, 13, 199, 16, 133, 38, 1], [180, 118, 111, 72, 75, 145, 86, 117, 114, 129, 34, 60], [40, 158, 152, 125, 119, 100, 32, 63, 15, 82], [162, 177, 36, 4, 62, 18, 65, 87, 47, 121, 71], [67, 25, 181, 194, 3, 80, 27, 171, 79, 192], [6, 178, 14, 187, 24, 96, 175, 48]]",false
117,15363,5197,2-opt,CMT5.vrp,"[[59, 166, 21, 93, 42, 104, 107, 189, 84, 8, 167], [5, 123, 108, 51, 50, 130, 97, 146, 73, 144, 182], [30, 103, 174, 156, 195, 191, 113, 89, 185, 23, 183, 159, 106, 11], [54, 179, 85, 165, 163, 148, 92, 33, 53, 115, 91, 140, 157], [105, 137, 186, 139, 173, 20, 164, 56, 39, 109, 81, 17, 151], [197, 141, 122, 28, 116, 76, 150, 188, 101, 64, 154, 58, 7, 77, 128, 172], [37, 29, 184, 196, 136, 143, 170, 142, 127, 149, 98, 99], [10, 112, 90, 95, 102, 110, 57, 135, 66, 41, 45, 46], [74, 31, 52, 120, 168, 131, 190, 68, 61, 161, 49, 26, 134], [55, 35, 70, 12, 44, 160, 43, 83, 94, 198, 132, 88, 19], [2, 78, 9, 22, 126, 69, 169, 147, 124, 176], [138, 155, 193, 153, 13, 199, 16, 133, 38, 1], [180, 118, 111, 72, 75, 145, 86, 117, 114, 129, 34, 60], [40, 158, 152, 125, 119, 100, 32, 63, 15, 82], [162, 177, 36, 4, 62, 18, 65, 87, 47, 121, 71], [67, 25, 181, 194, 3, 80, 27, 171, 79, 192], [6, 178, 14, 187, 24, 96, 175, 48]]",false
118,15414,5196,2-opt,CMT5.vrp,"[[59, 166, 21, 93, 42, 104, 107, 189, 84, 8, 167], [5, 123, 108, 51, 50, 130, 97, 146, 73, 144, 182], [30, 103, 174, 156, 195, 191, 113, 89, 185, 23, 183, 159, 106, 11], [54, 179, 85, 165, 163, 148, 92, 33, 53, 115, 91, 140, 157], [105, 137, 186, 139, 173, 20, 164, 56, 39, 109, 81, 17, 151], [28, 122, 197, 141, 116, 76, 150, 188, 101, 64, 154, 58, 7, 77, 128, 172], [37, 29, 184, 196, 136, 143, 170, 142, 127, 149, 98, 99], [10, 112, 90, 95, 102, 110, 57, 135, 66, 41, 45, 46], [74, 31, 52, 120, 168, 131, 190, 68, 61, 161, 49, 26, 134], [55, 35, 70, 12, 44, 160, 43, 83, 94, 198, 132, 88, 19], [2, 78, 9, 22, 126, 69, 169, 147, 124, 176], [138, 155, 193, 153, 13, 199, 16, 133, 38, 1], [180, 118, 111, 72, 75, 145, 86, 117, 114, 129, 34, 60], [40, 158, 152, 125, 119, 100, 32, 63, 15, 82], [162, 177, 36, 4, 62, 18, 65, 87, 47, 121, 71], [67, 25, 181, 194, 3, 80, 27, 171, 79, 192], [6, 178, 14, 187, 24, 96, 175, 48]]",false
119,15468,5185,2-opt,CMT5.vrp,"[[59, 166, 21, 93, 42, 104, 107, 189, 84, 8, 167], [5, 123, 108, 51, 50, 130, 97, 146, 73, 144, 182], [30, 103, 174, 156, 195, 191, 113, 89, 185, 23, 183, 159, 106, 11], [54, 179, 85, 165, 163, 148, 92, 33, 53, 115, 91, 140, 157], [105, 137, 186, 139, 173, 20, 164, 56, 39, 109, 81, 17, 151], [188, 150, 76, 116, 28, 122, 197, 141, 101, 64, 154, 58, 7, 77, 128, 172], [37, 29, 184, 196, 136, 143, 170, 142, 127, 149, 98, 99], [10, 112, 90, 95, 102, 110, 57, 135, 66, 41, 45, 46], [74, 31, 52, 120, 168, 131, 190, 68, 61, 161, 49, 26, 134], [55, 35, 70, 12, 44, 160, 43, 83, 94, 198, 132, 88, 19], [2, 78, 9, 22, 126, 69, 169, 147, 124, 176], [138, 155, 193, 153, 13, 199, 16, 133, 38, 1], [180, 118, 111, 72, 75, 145, 86, 117, 114, 129, 34, 60], [40, 158, 152, 125, 119, 100, 32, 63, 15, 82], [162, 177, 36, 4, 62, 18, 65, 87, 47, 121, 71], [67, 25, 181, 194, 3, 80, 27, 171, 79, 192], [6, 178, 14, 187, 24, 96, 175, 48]]",false
120,15613,5179,2-opt,CMT5.vrp,"[[59, 166, 21, 93, 42, 104, 107, 189, 84, 8, 167], [5, 123, 108, 51, 50, 130, 97, 146, 73, 144, 182], [30, 103, 174, 156, 195, 191, 113, 89, 185, 23, 183, 159, 106, 11], [54, 179, 85, 165, 163, 148, 92, 33, 53, 115, 91, 140, 157], [105, 137, 186, 139, 173, 20, 164, 56, 39, 109, 81, 17, 151], [141, 197, 64, 101, 188, 150, 76, 116, 28, 122, 154, 58, 7, 77, 128, 172], [37, 29, 184, 196, 136, 143, 170, 142, 127, 149, 98, 99], [10, 112, 90, 95, 102, 110, 57, 135, 66, 41, 45, 46], [74, 31, 52, 120, 168, 131, 190, 68, 61, 161, 49, 26, 134], [55, 35, 70, 12, 44, 160, 43, 83, 94, 198, 132, 88, 19], [2, 78, 9, 22, 126, 69, 169, 147, 124, 176], [138, 155, 193, 153, 13, 199, 16, 133, 38, 1], [180, 118, 111, 72, 75, 145, 86, 117, 114, 129, 34, 60], [40, 158, 152, 125, 119, 100, 32, 63, 15, 82], [162, 177, 36, 4, 62, 18, 65, 87, 47, 121, 71], [67, 25, 181, 194, 3, 80, 27, 171, 79, 192], [6, 178, 14, 187, 24, 96, 175, 48]]",false
121,15805,5170,2-opt,CMT5.vrp,"[[59, 166, 21, 93, 42, 104, 107, 189, 84, 8, 167], [5, 123, 108, 51, 50, 130, 97, 146, 73, 144, 182], [30, 103, 174, 156, 195, 191, 113, 89, 185, 23, 183, 159, 106, 11], [54, 179, 85, 165, 163, 148, 92, 33, 53, 115, 91, 140, 157], [105, 137, 186, 139, 173, 20, 164, 56, 39, 109, 81, 17, 151], [197, 141, 64, 101, 188, 150, 76, 116, 28, 122, 154, 58, 7, 77, 128, 172], [37, 29, 184, 196, 136, 143, 170, 142, 127, 149, 98, 99], [10, 112, 90, 95, 102, 110, 57, 135, 66, 41, 45, 46], [74, 31, 52, 120, 168, 131, 190, 68, 61, 161, 49, 26, 134], [55, 35, 70, 12, 44, 160, 43, 83, 94, 198, 132, 88, 19], [2, 78, 9, 22, 126, 69, 169, 147, 124, 176], [138, 155, 193, 153, 13, 199, 16, 133, 38, 1], [180, 118, 111, 72, 75, 145, 86, 117, 114, 129, 34, 60], [40, 158, 152, 125, 119, 100, 32, 63, 15, 82], [162, 177, 36, 4, 62, 18, 65, 87, 47, 121, 71], [67, 25, 181, 194, 3, 80, 27, 171, 79, 192], [6, 178, 14, 187, 24, 96, 175, 48]]",false
122,15878,5163,2-opt,CMT5.vrp,"[[59, 166, 21, 93, 42, 104, 107, 189, 84, 8, 167], [5, 123, 108, 51, 50, 130, 97, 146, 73, 144, 182], [30, 103, 174, 156, 195, 191, 113, 89, 185, 23, 183, 159, 106, 11], [54, 179, 85, 165, 163, 148, 92, 33, 53, 115, 91, 140, 157], [105, 137, 186, 139, 173, 20, 164, 56, 39, 109, 81, 17, 151], [76, 150, 188, 101, 64, 197, 141, 116, 28, 122, 154, 58, 7, 77, 128, 172], [37, 29, 184, 196, 136, 143, 170, 142, 127, 149, 98, 99], [10, 112, 90, 95, 102, 110, 57, 135, 66, 41, 45, 46], [74, 31, 52, 120, 168, 131, 190, 68, 61, 161, 49, 26, 134], [55, 35, 70, 12, 44, 160, 43, 83, 94, 198, 132, 88, 19], [2, 78, 9, 22, 126, 69, 169, 147, 124, 176], [138, 155, 193, 153, 13, 199, 16, 133, 38, 1], [180, 118, 111, 72, 75, 145, 86, 117, 114, 129, 34, 60], [40, 158, 152, 125, 119, 100, 32, 63, 15, 82], [162, 177, 36, 4, 62, 18, 65, 87, 47, 121, 71], [67, 25, 181, 194, 3, 80, 27, 171, 79, 192], [6, 178, 14, 187, 24, 96, 175, 48]]",false
123,15961,5163,2-opt,CMT5.vrp,"[[59, 166, 21, 93, 42, 104, 107, 189, 84, 8, 167], [5, 123, 108, 51, 50, 130, 97, 146, 73, 144, 182], [30, 103, 174, 156, 195, 191, 113, 89, 185, 23, 183, 159, 106, 11], [54, 179, 85, 165, 163, 148, 92, 33, 53, 115, 91, 140, 157], [105, 137, 186, 139, 173, 20, 164, 56, 39, 109, 81, 17, 151], [116, 76, 150, 188, 101, 64, 197, 141, 28, 122, 154, 58, 7, 77, 128, 172], [37, 29, 184, 196, 136, 143, 170, 142, 127, 149, 98, 99], [10, 112, 90, 95, 102, 110, 57, 135, 66, 41, 45, 46], [74, 31, 52, 120, 168, 131, 190, 68, 61, 161, 49, 26, 134], [55, 35, 70, 12, 44, 160, 43, 83, 94, 198, 132, 88, 19], [2, 78, 9, 22, 126, 69, 169, 147, 124, 176], [138, 155, 193, 153, 13, 199, 16, 133, 38, 1], [180, 118, 111, 72, 75, 145, 86, 117, 114, 129, 34, 60], [40, 158, 152, 125, 119, 100, 32, 63, 15, 82], [162, 177, 36, 4, 62, 18, 65, 87, 47, 121, 71], [67, 25, 181, 194, 3, 80, 27, 171, 79, 192], [6, 178, 14, 187, 24, 96, 175, 48]]",false
124,16062,5146,2-opt,CMT5.vrp,"[[59, 166, 21, 93, 42, 104, 107, 189, 84, 8, 167], [5, 123, 108, 51, 50, 130, 97, 146, 73, 144, 182], [30, 103, 174, 156, 195, 191, 113, 89, 185, 23, 183, 159, 106, 11], [54, 179, 85, 165, 163, 148, 92, 33, 53, 115, 91, 140, 157], [105, 137, 186, 139, 173, 20, 164, 56, 39, 109, 81, 17, 151], [141, 197, 116, 76, 150, 188, 101, 64, 28, 122, 154, 58, 7, 77, 128, 172], [37, 29, 184, 196, 136, 143, 170, 142, 127, 149, 98, 99], [10, 112, 90, 95, 102, 110, 57, 135, 66, 41, 45, 46], [74, 31, 52, 120, 168, 131, 190, 68, 61, 161, 49, 26, 134], [55, 35, 70, 12, 44, 160, 43, 83, 94, 198, 132, 88, 19], [2, 78, 9, 22, 126, 69, 169, 147, 124, 176], [138, 155, 193, 153, 13, 199, 16, 133, 38, 1], [180, 118, 111, 72, 75, 145, 86, 117, 114, 129, 34, 60], [40, 158, 152, 125, 119, 100, 32, 63, 15, 82], [162, 177, 36, 4, 62, 18, 65, 87, 47, 121, 71], [67, 25, 181, 194, 3, 80, 27, 171, 79, 192], [6, 178, 14, 187, 24, 96, 175, 48]]",false
125,16260,5138,2-opt,CMT5.vrp,"[[59, 166, 21, 93, 42, 104, 107, 189, 84, 8, 167], [5, 123, 108, 51, 50, 130, 97, 146, 73, 144, 182], [30, 103, 174, 156, 195, 191, 113, 89, 185, 23, 183, 159, 106, 11], [54, 179, 85, 165, 163, 148, 92, 33, 53, 115, 91, 140, 157], [105, 137, 186, 139, 173, 20, 164, 56, 39, 109, 81, 17, 151], [150, 76, 116, 197, 141, 188, 101, 64, 28, 122, 154, 58, 7, 77, 128, 172], [37, 29, 184, 196, 136, 143, 170, 142, 127, 149, 98, 99], [10, 112, 90, 95, 102, 110, 57, 135, 66, 41, 45, 46], [74, 31, 52, 120, 168, 131, 190, 68, 61, 161, 49, 26, 134], [55, 35, 70, 12, 44, 160, 43, 83, 94, 198, 132, 88, 19], [2, 78, 9, 22, 126, 69, 169, 147, 124, 176], [138, 155, 193, 153, 13, 199, 16, 133, 38, 1], [180, 118, 111, 72, 75, 145, 86, 117, 114, 129, 34, 60], [40, 158, 152, 125, 119, 100, 32, 63, 15, 82], [162, 177, 36, 4, 62, 18, 65, 87, 47, 121, 71], [67, 25, 181, 194, 3, 80, 27, 171, 79, 192], [6, 178, 14, 187, 24, 96, 175, 48]]",false
126,16314,5122,2-opt,CMT5.vrp,"[[59, 166, 21, 93, 42, 104, 107, 189, 84, 8, 167], [5, 123, 108, 51, 50, 130, 97, 146, 73, 144, 182], [30, 103, 174, 156, 195, 191, 113, 89, 185, 23, 183, 159, 106, 11], [54, 179, 85, 165, 163, 148, 92, 33, 53, 115, 91, 140, 157], [105, 137, 186, 139, 173, 20, 164, 56, 39, 109, 81, 17, 151], [188, 150, 76, 116, 197, 141, 101, 64, 28, 122, 154, 58, 7, 77, 128, 172], [37, 29, 184, 196, 136, 143, 170, 142, 127, 149, 98, 99], [10, 112, 90, 95, 102, 110, 57, 135, 66, 41, 45, 46], [74, 31, 52, 120, 168, 131, 190, 68, 61, 161, 49, 26, 134], [55, 35, 70, 12, 44, 160, 43, 83, 94, 198, 132, 88, 19], [2, 78, 9, 22, 126, 69, 169, 147, 124, 176], [138, 155, 193, 153, 13, 199, 16, 133, 38, 1], [180, 118, 111, 72, 75, 145, 86, 117, 114, 129, 34, 60], [40, 158, 152, 125, 119, 100, 32, 63, 15, 82], [162, 177, 36, 4, 62, 18, 65, 87, 47, 121, 71], [67, 25, 181, 194, 3, 80, 27, 171, 79, 192], [6, 178, 14, 187, 24, 96, 175, 48]]",false
127,16532,5117,2-opt,CMT5.vrp,"[[59, 166, 21, 93, 42, 104, 107, 189, 84, 8, 167], [5, 123, 108, 51, 50, 130, 97, 146, 73, 144, 182], [30, 103, 174, 156, 195, 191, 113, 89, 185, 23, 183, 159, 106, 11], [54, 179, 85, 165, 163, 148, 92, 33, 53, 115, 91, 140, 157], [105, 137, 186, 139, 173, 20, 164, 56, 39, 109, 81, 17, 151], [76, 150, 188, 116, 197, 141, 101, 64, 28, 122, 154, 58, 7, 77, 128, 172], [37, 29, 184, 196, 136, 143, 170, 142, 127, 149, 98, 99], [10, 112, 90, 95, 102, 110, 57, 135, 66, 41, 45, 46], [74, 31, 52, 120, 168, 131, 190, 68, 61, 161, 49, 26, 134], [55, 35, 70, 12, 44, 160, 43, 83, 94, 198, 132, 88, 19], [2, 78, 9, 22, 126, 69, 169, 147, 124, 176], [138, 155, 193, 153, 13, 199, 16, 133, 38, 1], [180, 118, 111, 72, 75, 145, 86, 117, 114, 129, 34, 60], [40, 158, 152, 125, 119, 100, 32, 63, 15, 82], [162, 177, 36, 4, 62, 18, 65, 87, 47, 121, 71], [67, 25, 181, 194, 3, 80, 27, 171, 79, 192], [6, 178, 14, 187, 24, 96, 175, 48]]",false
128,16623,5106,2-opt,CMT5.vrp,"[[59, 166, 21, 93, 42, 104, 107, 189, 84, 8, 167], [5, 123, 108, 51, 50, 130, 97, 146, 73, 144, 182], [30, 103, 174, 156, 195, 191, 113, 89, 185, 23, 183, 159, 106, 11], [54, 179, 85, 165, 163, 148, 92, 33, 53, 115, 91, 140, 157], [105, 137, 186, 139, 173, 20, 164, 56, 39, 109, 81, 17, 151], [188, 58, 154, 122, 28, 64, 101, 141, 197, 116, 76, 150, 7, 77, 128, 172], [37, 29, 184, 196, 136, 143, 170, 142, 127, 149, 98, 99], [10, 112, 90, 95, 102, 110, 57, 135, 66, 41, 45, 46], [74, 31, 52, 120, 168, 131, 190, 68, 61, 161, 49, 26, 134], [55, 35, 70, 12, 44, 160, 43, 83, 94, 198, 132, 88, 19], [2, 78, 9, 22, 126, 69, 169, 147, 124, 176], [138, 155, 193, 153, 13, 199, 16, 133, 38, 1], [180, 118, 111, 72, 75, 145, 86, 117, 114, 129, 34, 60], [40, 158, 152, 125, 119, 100, 32, 63, 15, 82], [162, 177, 36, 4, 62, 18, 65, 87, 47, 121, 71], [67, 25, 181, 194, 3, 80, 27, 171, 79, 192], [6, 178, 14, 187, 24, 96, 175, 48]]",false
129,16874,5097,2-opt,CMT5.vrp,"[[59, 166, 21, 93, 42, 104, 107, 189, 84, 8, 167], [5, 123, 108, 51, 50, 130, 97, 146, 73, 144, 182], [30, 103, 174, 156, 195, 191, 113, 89, 185, 23, 183, 159, 106, 11], [54, 179, 85, 165, 163, 148, 92, 33, 53, 115, 91, 140, 157], [105, 137, 186, 139, 173, 20, 164, 56, 39, 109, 81, 17, 151], [188, 116, 197, 141, 101, 64, 28, 122, 154, 58, 76, 150, 7, 77, 128, 172], [37, 29, 184, 196, 136, 143, 170, 142, 127, 149, 98, 99], [10, 112, 90, 95, 102, 110, 57, 135, 66, 41, 45, 46], [74, 31, 52, 120, 168, 131, 190, 68, 61, 161, 49, 26, 134], [55, 35, 70, 12, 44, 160, 43, 83, 94, 198, 132, 88, 19], [2, 78, 9, 22, 126, 69, 169, 147, 124, 176], [138, 155, 193, 153, 13, 199, 16, 133, 38, 1], [180, 118, 111, 72, 75, 145, 86, 117, 114, 129, 34, 60], [40, 158, 152, 125, 119, 100, 32, 63, 15, 82], [162, 177, 36, 4, 62, 18, 65, 87, 47, 121, 71], [67, 25, 181, 194, 3, 80, 27, 171, 79, 192], [6, 178, 14, 187, 24, 96, 175, 48]]",false
130,16924,5097,2-opt,CMT5.vrp,"[[59, 166, 21, 93, 42, 104, 107, 189, 84, 8, 167], [5, 123, 108, 51, 50, 130, 97, 146, 73, 144, 182], [30, 103, 174, 156, 195, 191, 113, 89, 185, 23, 183, 159, 106, 11], [54, 179, 85, 165, 163, 148, 92, 33, 53, 115, 91, 140, 157], [105, 137, 186, 139, 173, 20, 164, 56, 39, 109, 81, 17, 151], [188, 76, 116, 197, 141, 101, 64, 28, 122, 154, 58, 150, 7, 77, 128, 172], [37, 29, 184, 196, 136, 143, 170, 142, 127, 149, 98, 99], [10, 112, 90, 95, 102, 110, 57, 135, 66, 41, 45, 46], [74, 31, 52, 120, 168, 131, 190, 68, 61, 161, 49, 26, 134], [55, 35, 70, 12, 44, 160, 43, 83, 94, 198, 132, 88, 19], [2, 78, 9, 22, 126, 69, 169, 147, 124, 176], [138, 155, 193, 153, 13, 199, 16, 133, 38, 1], [180, 118, 111, 72, 75, 145, 86, 117, 114, 129, 34, 60], [40, 158, 152, 125, 119, 100, 32, 63, 15, 82], [162, 177, 36, 4, 62, 18, 65, 87, 47, 121, 71], [67, 25, 181, 194, 3, 80, 27, 171, 79, 192], [6, 178, 14, 187, 24, 96, 175, 48]]",false
131,16996,5094,2-opt,CMT5.vrp,"[[59, 166, 21, 93, 42, 104, 107, 189, 84, 8, 167], [5, 123, 108, 51, 50, 130, 97, 146, 73, 144, 182], [30, 103, 174, 156, 195, 191, 113, 89, 185, 23, 183, 159, 106, 11], [54, 179, 85, 165, 163, 148, 92, 33, 53, 115, 91, 140, 157], [105, 137, 186, 139, 173, 20, 164, 56, 39, 109, 81, 17, 151], [188, 58, 128, 77, 7, 150, 76, 116, 197, 141, 101, 64, 28, 122, 154, 172], [37, 29, 184, 196, 136, 143, 170, 142, 127, 149, 98, 99], [10, 112, 90, 95, 102, 110, 57, 135, 66, 41, 45, 46], [74, 31, 52, 120, 168, 131, 190, 68, 61, 161, 49, 26, 134], [55, 35, 70, 12, 44, 160, 43, 83, 94, 198, 132, 88, 19], [2, 78, 9, 22, 126, 69, 169, 147, 124, 176], [138, 155, 193, 153, 13, 199, 16, 133, 38, 1], [180, 118, 111, 72, 75, 145, 86, 117, 114, 129, 34, 60], [40, 158, 152, 125, 119, 100, 32, 63, 15, 82], [162, 177, 36, 4, 62, 18, 65, 87, 47, 121, 71], [67, 25, 181, 194, 3, 80, 27, 171, 79, 192], [6, 178, 14, 187, 24, 96, 175, 48]]",false
132,17060,5090,2-opt,CMT5.vrp,"[[59, 166, 21, 93, 42, 104, 107, 189, 84, 8, 167], [5, 123, 108, 51, 50, 130, 97, 146, 73, 144, 182], [30, 103, 174, 156, 195, 191, 113, 89, 185, 23, 183, 159, 106, 11], [54, 179, 85, 165, 163, 148, 92, 33, 53, 115, 91, 140, 157], [105, 137, 186, 139, 173, 20, 164, 56, 39, 109, 81, 17, 151], [188, 58, 154, 128, 77, 7, 150, 76, 116, 197, 141, 101, 64, 28, 122, 172], [37, 29, 184, 196, 136, 143, 170, 142, 127, 149, 98, 99], [10, 112, 90, 95, 102, 110, 57, 135, 66, 41, 45, 46], [74, 31, 52, 120, 168, 131, 190, 68, 61, 161, 49, 26, 134], [55, 35, 70, 12, 44, 160, 43, 83, 94, 198, 132, 88, 19], [2, 78, 9, 22, 126, 69, 169, 147, 124, 176], [138, 155, 193, 153, 13, 199, 16, 133, 38, 1], [180, 118, 111, 72, 75, 145, 86, 117, 114, 129, 34, 60], [40, 158, 152, 125, 119, 100, 32, 63, 15, 82], [162, 177, 36, 4, 62, 18, 65, 87, 47, 121, 71], [67, 25, 181, 194, 3, 80, 27, 171, 79, 192], [6, 178, 14, 187, 24, 96, 175, 48]]",false
133,17206,5085,2-opt,CMT5.vrp,"[[59, 166, 21, 93, 42, 104, 107, 189, 84, 8, 167], [5, 123, 108, 51, 50, 130, 97, 146, 73, 144, 182], [30, 103, 174, 156, 195, 191, 113, 89, 185, 23, 183, 159, 106, 11], [54, 179, 85, 165, 163, 148, 92, 33, 53, 115, 91, 140, 157], [105, 137, 186, 139, 173, 20, 164, 56, 39, 109, 81, 17, 151], [76, 150, 7, 77, 128, 154, 58, 188, 116, 197, 141, 101, 64, 28, 122, 172], [37, 29, 184, 196, 136, 143, 170, 142, 127, 149, 98, 99], [10, 112, 90, 95, 102, 110, 57, 135, 66, 41, 45, 46], [74, 31, 52, 120, 168, 131, 190, 68, 61, 161, 49, 26, 134], [55, 35, 70, 12, 44, 160, 43, 83, 94, 198, 132, 88, 19], [2, 78, 9, 22, 126, 69, 169, 147, 124, 176], [138, 155, 193, 153, 13, 199, 16, 133, 38, 1], [180, 118, 111, 72, 75, 145, 86, 117, 114, 129, 34, 60], [40, 158, 152, 125, 119, 100, 32, 63, 15, 82], [162, 177, 36, 4, 62, 18, 65, 87, 47, 121, 71], [67, 25, 181, 194, 3, 80, 27, 171, 79, 192], [6, 178, 14, 187, 24, 96, 175, 48]]",false
134,17329,5076,2-opt,CMT5.vrp,"[[59, 166, 21, 93, 42, 104, 107, 189, 84, 8, 167], [5, 123, 108, 51, 50, 130, 97, 146, 73, 144, 182], [30, 103, 174, 156, 195, 191, 113, 89, 185, 23, 183, 159, 106, 11], [54, 179, 85, 165, 163, 148, 92, 33, 53, 115, 91, 140, 157], [105, 137, 186, 139, 173, 20, 164, 56, 39, 109, 81, 17, 151], [188, 58, 154, 128, 7, 77, 150, 76, 116, 197, 141, 101, 64, 28, 122, 172], [37, 29, 184, 196, 136, 143, 170, 142, 127, 149, 98, 99], [10, 112, 90, 95, 102, 110, 57, 135, 66, 41, 45, 46], [74, 31, 52, 120, 168, 131, 190, 68, 61, 161, 49, 26, 134], [55, 35, 70, 12, 44, 160, 43, 83, 94, 198, 132, 88, 19], [2, 78, 9, 22, 126, 69, 169, 147, 124, 176], [138, 155, 193, 153, 13, 199, 16, 133, 38, 1], [180, 118, 111, 72, 75, 145, 86, 117, 114, 129, 34, 60], [40, 158, 152, 125, 119, 100, 32, 63, 15, 82], [162, 177, 36, 4, 62, 18, 65, 87, 47, 121, 71], [67, 25, 181, 194, 3, 80, 27, 171, 79, 192], [6, 178, 14, 187, 24, 96, 175, 48]]",false
135,17476,5072,2-opt,CMT5.vrp,"[[59, 166, 21, 93, 42, 104, 107, 189, 84, 8, 167], [5, 123, 108, 51, 50, 130, 97, 146, 73, 144, 182], [30, 103, 174, 156, 195, 191, 113, 89, 185, 23, 183, 159, 106, 11], [54, 179, 85, 165, 163, 148, 92, 33, 53, 115, 91, 140, 157], [105, 137, 186, 139, 173, 20, 164, 56, 39, 109, 81, 17, 151], [76, 150, 77, 7, 128, 154, 58, 188, 116, 197, 141, 101, 64, 28, 122, 172], [37, 29, 184, 196, 136, 143, 170, 142, 127, 149, 98, 99], [10, 112, 90, 95, 102, 110, 57, 135, 66, 41, 45, 46], [74, 31, 52, 120, 168, 131, 190, 68, 61, 161, 49, 26, 134], [55, 35, 70, 12, 44, 160, 43, 83, 94, 198, 132, 88, 19], [2, 78, 9, 22, 126, 69, 169, 147, 124, 176], [138, 155, 193, 153, 13, 199, 16, 133, 38, 1], [180, 118, 111, 72, 75, 145, 86, 117, 114, 129, 34, 60], [40, 158, 152, 125, 119, 100, 32, 63, 15, 82], [162, 177, 36, 4, 62, 18, 65, 87, 47, 121, 71], [67, 25, 181, 194, 3, 80, 27, 171, 79, 192], [6, 178, 14, 187, 24, 96, 175, 48]]",false
136,17609,5067,2-opt,CMT5.vrp,"[[59, 166, 21, 93, 42, 104, 107, 189, 84, 8, 167], [5, 123, 108, 51, 50, 130, 97, 146, 73, 144, 182], [30, 103, 174, 156, 195, 191, 113, 89, 185, 23, 183, 159, 106, 11], [54, 179, 85, 165, 163, 148, 92, 33, 53, 115, 91, 140, 157], [105, 137, 186, 139, 173, 20, 164, 56, 39, 109, 81, 17, 151], [188, 58, 154, 128, 7, 150, 77, 76, 116, 197, 141, 101, 64, 28, 122, 172], [37, 29, 184, 196, 136, 143, 170, 142, 127, 149, 98, 99], [10, 112, 90, 95, 102, 110, 57, 135, 66, 41, 45, 46], [74, 31, 52, 120, 168, 131, 190, 68, 61, 161, 49, 26, 134], [55, 35, 70, 12, 44, 160, 43, 83, 94, 198, 132, 88, 19], [2, 78, 9, 22, 126, 69, 169, 147, 124, 176], [138, 155, 193, 153, 13, 199, 16, 133, 38, 1], [180, 118, 111, 72, 75, 145, 86, 117, 114, 129, 34, 60], [40, 158, 152, 125, 119, 100, 32, 63, 15, 82], [162, 177, 36, 4, 62, 18, 65, 87, 47, 121, 71], [67, 25, 181, 194, 3, 80, 27, 171, 79, 192], [6, 178, 14, 187, 24, 96, 175, 48]]",false
137,17741,5063,2-opt,CMT5.vrp,"[[59, 166, 21, 93, 42, 104, 107, 189, 84, 8, 167], [5, 123, 108, 51, 50, 130, 97, 146, 73, 144, 182], [30, 103, 174, 156, 195, 191, 113, 89, 185, 23, 183, 159, 106, 11], [54, 179, 85, 165, 163, 148, 92, 33, 53, 115, 91, 140, 157], [105, 137, 186, 139, 173, 20, 164, 56, 39, 109, 81, 17, 151], [76, 77, 150, 7, 128, 154, 58, 188, 116, 197, 141, 101, 64, 28, 122, 172], [37, 29, 184, 196, 136, 143, 170, 142, 127, 149, 98, 99], [10, 112, 90, 95, 102, 110, 57, 135, 66, 41, 45, 46], [74, 31, 52, 120, 168, 131, 190, 68, 61, 161, 49, 26, 134], [55, 35, 70, 12, 44, 160, 43, 83, 94, 198, 132, 88, 19], [2, 78, 9, 22, 126, 69, 169, 147, 124, 176], [138, 155, 193, 153, 13, 199, 16, 133, 38, 1], [180, 118, 111, 72, 75, 145, 86, 117, 114, 129, 34, 60], [40, 158, 152, 125, 119, 100, 32, 63, 15, 82], [162, 177, 36, 4, 62, 18, 65, 87, 47, 121, 71], [67, 25, 181, 194, 3, 80, 27, 171, 79, 192], [6, 178, 14, 187, 24, 96, 175, 48]]",false
138,17960,5054,2-opt,CMT5.vrp,"[[59, 166, 21, 93, 42, 104, 107, 189, 84, 8, 167], [5, 123, 108, 51, 50, 130, 97, 146, 73, 144, 182], [30, 103, 174, 156, 195, 191, 113, 89, 185, 23, 183, 159, 106, 11], [54, 179, 85, 165, 163, 148, 92, 33, 53, 115, 91, 140, 157], [105, 137, 186, 139, 173, 20, 164, 56, 39, 109, 81, 17, 151], [58, 154, 128, 7, 150, 77, 76, 188, 116, 197, 141, 101, 64, 28, 122, 172], [37, 29, 184, 196, 136, 143, 170, 142, 127, 149, 98, 99], [10, 112, 90, 95, 102, 110, 57, 135, 66, 41, 45, 46], [74, 31, 52, 120, 168, 131, 190, 68, 61, 161, 49, 26, 134], [55, 35, 70, 12, 44, 160, 43, 83, 94, 198, 132, 88, 19], [2, 78, 9, 22, 126, 69, 169, 147, 124, 176], [138, 155, 193, 153, 13, 199, 16, 133, 38, 1], [180, 118, 111, 72, 75, 145, 86, 117, 114, 129, 34, 60], [40, 158, 152, 125, 119, 100, 32, 63, 15, 82], [162, 177, 36, 4, 62, 18, 65, 87, 47, 121, 71], [67, 25, 181, 194, 3, 80, 27, 171, 79, 192], [6, 178, 14, 187, 24, 96, 175, 48]]",false
139,18134,5044,2-opt,CMT5.vrp,"[[59, 166, 21, 93, 42, 104, 107, 189, 84, 8, 167], [5, 123, 108, 51, 50, 130, 97, 146, 73, 144, 182], [30, 103, 174, 156, 195, 191, 113, 89, 185, 23, 183, 159, 106, 11], [54, 179, 85, 165, 163, 148, 92, 33, 53, 115, 91, 140, 157], [105, 137, 186, 139, 173, 20, 164, 56, 39, 109, 81, 17, 151], [76, 77, 150, 7, 128, 154, 58, 172, 122, 28, 64, 101, 141, 197, 116, 188], [37, 29, 184, 196, 136, 143, 170, 142, 127, 149, 98, 99], [10, 112, 90, 95, 102, 110, 57, 135, 66, 41, 45, 46], [74, 31, 52, 120, 168, 131, 190, 68, 61, 161, 49, 26, 134], [55, 35, 70, 12, 44, 160, 43, 83, 94, 198, 132, 88, 19], [2, 78, 9, 22, 126, 69, 169, 147, 124, 176], [138, 155, 193, 153, 13, 199, 16, 133, 38, 1], [180, 118, 111, 72, 75, 145, 86, 117, 114, 129, 34, 60], [40, 158, 152, 125, 119, 100, 32, 63, 15, 82], [162, 177, 36, 4, 62, 18, 65, 87, 47, 121, 71], [67, 25, 181, 194, 3, 80, 27, 171, 79, 192], [6, 178, 14, 187, 24, 96, 175, 48]]",false
140,18244,5044,2-opt,CMT5.vrp,"[[59, 166, 21, 93, 42, 104, 107, 189, 84, 8, 167], [5, 123, 108, 51, 50, 130, 97, 146, 73, 144, 182], [30, 103, 174, 156, 195, 191, 113, 89, 185, 23, 183, 159, 106, 11], [54, 179, 85, 165, 163, 148, 92, 33, 53, 115, 91, 140, 157], [105, 137, 186, 139, 173, 20, 164, 56, 39, 109, 81, 17, 151], [188, 116, 197, 141, 101, 64, 28, 122, 172, 58, 154, 128, 7, 150, 77, 76], [37, 29, 184, 196, 136, 143, 170, 142, 127, 149, 98, 99], [10, 112, 90, 95, 102, 110, 57, 135, 66, 41, 45, 46], [74, 31, 52, 120, 168, 131, 190, 68, 61, 161, 49, 26, 134], [55, 35, 70, 12, 44, 160, 43, 83, 94, 198, 132, 88, 19], [2, 78, 9, 22, 126, 69, 169, 147, 124, 176], [138, 155, 193, 153, 13, 199, 16, 133, 38, 1], [180, 118, 111, 72, 75, 145, 86, 117, 114, 129, 34, 60], [40, 158, 152, 125, 119, 100, 32, 63, 15, 82], [162, 177, 36, 4, 62, 18, 65, 87, 47, 121, 71], [67, 25, 181, 194, 3, 80, 27, 171, 79, 192], [6, 178, 14, 187, 24, 96, 175, 48]]",false
141,18365,5042,2-opt,CMT5.vrp,"[[59, 166, 21, 93, 42, 104, 107, 189, 84, 8, 167], [5, 123, 108, 51, 50, 130, 97, 146, 73, 144, 182], [30, 103, 174, 156, 195, 191, 113, 89, 185, 23, 183, 159, 106, 11], [54, 179, 85, 165, 163, 148, 92, 33, 53, 115, 91, 140, 157], [105, 137, 186, 139, 173, 20, 164, 56, 39, 109, 81, 17, 151], [76, 77, 150, 7, 128, 58, 154, 172, 122, 28, 64, 101, 141, 197, 116, 188], [37, 29, 184, 196, 136, 143, 170, 142, 127, 149, 98, 99], [10, 112, 90, 95, 102, 110, 57, 135, 66, 41, 45, 46], [74, 31, 52, 120, 168, 131, 190, 68, 61, 161, 49, 26, 134], [55, 35, 70, 12, 44, 160, 43, 83, 94, 198, 132, 88, 19], [2, 78, 9, 22, 126, 69, 169, 147, 124, 176], [138, 155, 193, 153, 13, 199, 16, 133, 38, 1], [180, 118, 111, 72, 75, 145, 86, 117, 114, 129, 34, 60], [40, 158, 152, 125, 119, 100, 32, 63, 15, 82], [162, 177, 36, 4, 62, 18, 65, 87, 47, 121, 71], [67, 25, 181, 194, 3, 80, 27, 171, 79, 192], [6, 178, 14, 187, 24, 96, 175, 48]]",false
142,18438,5040,2-opt,CMT5.vrp,"[[59, 166, 21, 93, 42, 104, 107, 189, 84, 8, 167], [5, 123, 108, 51, 50, 130, 97, 146, 73, 144, 182], [30, 103, 174, 156, 195, 191, 113, 89, 185, 23, 183, 159, 106, 11], [54, 179, 85, 165, 163, 148, 92, 33, 53, 115, 91, 140, 157], [105, 137, 186, 139, 173, 20, 164, 56, 39, 109, 81, 17, 151], [76, 77, 150, 7, 128, 154, 58, 122, 172, 28, 64, 101, 141, 197, 116, 188], [37, 29, 184, 196, 136, 143, 170, 142, 127, 149, 98, 99], [10, 112, 90, 95, 102, 110, 57, 135, 66, 41, 45, 46], [74, 31, 52, 120, 168, 131, 190, 68, 61, 161, 49, 26, 134], [55, 35, 70, 12, 44, 160, 43, 83, 94, 198, 132, 88, 19], [2, 78, 9, 22, 126, 69, 169, 147, 124, 176], [138, 155, 193, 153, 13, 199, 16, 133, 38, 1], [180, 118, 111, 72, 75, 145, 86, 117, 114, 129, 34, 60], [40, 158, 152, 125, 119, 100, 32, 63, 15, 82], [162, 177, 36, 4, 62, 18, 65, 87, 47, 121, 71], [67, 25, 181, 194, 3, 80, 27, 171, 79, 192], [6, 178, 14, 187, 24, 96, 175, 48]]",false
143,18556,5040,2-opt,CMT5.vrp,"[[59, 166, 21, 93, 42, 104, 107, 189, 84, 8, 167], [5, 123, 108, 51, 50, 130, 97, 146, 73, 144, 182], [30, 103, 174, 156, 195, 191, 113, 89, 185, 23, 183, 159, 106, 11], [54, 179, 85, 165, 163, 148, 92, 33, 53, 115, 91, 140, 157], [105, 137, 186, 139, 173, 20, 164, 56, 39, 109, 81, 17, 151], [188, 116, 197, 141, 101, 64, 28, 172, 122, 58, 154, 128, 7, 150, 77, 76], [37, 29, 184, 196, 136, 143, 170, 142, 127, 149, 98, 99], [10, 112, 90, 95, 102, 110, 57, 135, 66, 41, 45, 46], [74, 31, 52, 120, 168, 131, 190, 68, 61, 161, 49, 26, 134], [55, 35, 70, 12, 44, 160, 43, 83, 94, 198, 132, 88, 19], [2, 78, 9, 22, 126, 69, 169, 147, 124, 176], [138, 155, 193, 153, 13, 199, 16, 133, 38, 1], [180, 118, 111, 72, 75, 145, 86, 117, 114, 129, 34, 60], [40, 158, 152, 125, 119, 100, 32, 63, 15, 82], [162, 177, 36, 4, 62, 18, 65, 87, 47, 121, 71], [67, 25, 181, 194, 3, 80, 27, 171, 79, 192], [6, 178, 14, 187, 24, 96, 175, 48]]",false
144,18675,5028,2-opt,CMT5.vrp,"[[59, 166, 21, 93, 42, 104, 107, 189, 84, 8, 167], [5, 123, 108, 51, 50, 130, 97, 146, 73, 144, 182], [30, 103, 174, 156, 195, 191, 113, 89, 185, 23, 183, 159, 106, 11], [54, 179, 85, 165, 163, 148, 92, 33, 53, 115, 91, 140, 157], [105, 137, 186, 139, 173, 20, 164, 56, 39, 109, 81, 17, 151], [76, 77, 150, 7, 128, 58, 154, 122, 172, 28, 64, 101, 141, 197, 116, 188], [37, 29, 184, 196, 136, 143, 170, 142, 127, 149, 98, 99], [10, 112, 90, 95, 102, 110, 57, 135, 66, 41, 45, 46], [74, 31, 52, 120, 168, 131, 190, 68, 61, 161, 49, 26, 134], [55, 35, 70, 12, 44, 160, 43, 83, 94, 198, 132, 88, 19], [2, 78, 9, 22, 126, 69, 169, 147, 124, 176], [138, 155, 193, 153, 13, 199, 16, 133, 38, 1], [180, 118, 111, 72, 75, 145, 86, 117, 114, 129, 34, 60], [40, 158, 152, 125, 119, 100, 32, 63, 15, 82], [162, 177, 36, 4, 62, 18, 65, 87, 47, 121, 71], [67, 25, 181, 194, 3, 80, 27, 171, 79, 192], [6, 178, 14, 187, 24, 96, 175, 48]]",false
145,18940,5026,2-opt,CMT5.vrp,"[[59, 166, 21, 93, 42, 104, 107, 189, 84, 8, 167], [5, 123, 108, 51, 50, 130, 97, 146, 73, 144, 182], [30, 103, 174, 156, 195, 191, 113, 89, 185, 23, 183, 159, 106, 11], [54, 179, 85, 165, 163, 148, 92, 33, 53, 115, 91, 140, 157], [105, 137, 186, 139, 173, 20, 164, 56, 39, 109, 81, 17, 151], [76, 77, 150, 7, 128, 58, 154, 122, 172, 64, 28, 101, 141, 197, 116, 188], [37, 29, 184, 196, 136, 143, 170, 142, 127, 149, 98, 99], [10, 112, 90, 95, 102, 110, 57, 135, 66, 41, 45, 46], [74, 31, 52, 120, 168, 131, 190, 68, 61, 161, 49, 26, 134], [55, 35, 70, 12, 44, 160, 43, 83, 94, 198, 132, 88, 19], [2, 78, 9, 22, 126, 69, 169, 147, 124, 176], [138, 155, 193, 153, 13, 199, 16, 133, 38, 1], [180, 118, 111, 72, 75, 145, 86, 117, 114, 129, 34, 60], [40, 158, 152, 125, 119, 100, 32, 63, 15, 82], [162, 177, 36, 4, 62, 18, 65, 87, 47, 121, 71], [67, 25, 181, 194, 3, 80, 27, 171, 79, 192], [6, 178, 14, 187, 24, 96, 175, 48]]",false
146,19035,5026,2-opt,CMT5.vrp,"[[59, 166, 21, 93, 42, 104, 107, 189, 84, 8, 167], [5, 123, 108, 51, 50, 130, 97, 146, 73, 144, 182], [30, 103, 174, 156, 195, 191, 113, 89, 185, 23, 183, 159, 106, 11], [54, 179, 85, 165, 163, 148, 92, 33, 53, 115, 91, 140, 157], [105, 137, 186, 139, 173, 20, 164, 56, 39, 109, 81, 17, 151], [188, 116, 197, 141, 101, 28, 64, 172, 122, 154, 58, 128, 7, 150, 77, 76], [37, 29, 184, 196, 136, 143, 170, 142, 127, 149, 98, 99], [10, 112, 90, 95, 102, 110, 57, 135, 66, 41, 45, 46], [74, 31, 52, 120, 168, 131, 190, 68, 61, 161, 49, 26, 134], [55, 35, 70, 12, 44, 160, 43, 83, 94, 198, 132, 88, 19], [2, 78, 9, 22, 126, 69, 169, 147, 124, 176], [138, 155, 193, 153, 13, 199, 16, 133, 38, 1], [180, 118, 111, 72, 75, 145, 86, 117, 114, 129, 34, 60], [40, 158, 152, 125, 119, 100, 32, 63, 15, 82], [162, 177, 36, 4, 62, 18, 65, 87, 47, 121, 71], [67, 25, 181, 194, 3, 80, 27, 171, 79, 192], [6, 178, 14, 187, 24, 96, 175, 48]]",false
147,19408,5022,2-opt,CMT5.vrp,"[[59, 166, 21, 93, 42, 104, 107, 189, 84, 8, 167], [5, 123, 108, 51, 50, 130, 97, 146, 73, 144, 182], [30, 103, 174, 156, 195, 191, 113, 89, 185, 23, 183, 159, 106, 11], [54, 179, 85, 165, 163, 148, 92, 33, 53, 115, 91, 140, 157], [105, 137, 186, 139, 173, 20, 164, 56, 39, 109, 81, 17, 151], [188, 116, 197, 141, 101, 28, 64, 172, 122, 154, 58, 128, 7, 150, 77, 76], [29, 37, 184, 196, 136, 143, 170, 142, 127, 149, 98, 99], [10, 112, 90, 95, 102, 110, 57, 135, 66, 41, 45, 46], [74, 31, 52, 120, 168, 131, 190, 68, 61, 161, 49, 26, 134], [55, 35, 70, 12, 44, 160, 43, 83, 94, 198, 132, 88, 19], [2, 78, 9, 22, 126, 69, 169, 147, 124, 176], [138, 155, 193, 153, 13, 199, 16, 133, 38, 1], [180, 118, 111, 72, 75, 145, 86, 117, 114, 129, 34, 60], [40, 158, 152, 125, 119, 100, 32, 63, 15, 82], [162, 177, 36, 4, 62, 18, 65, 87, 47, 121, 71], [67, 25, 181, 194, 3, 80, 27, 171, 79, 192], [6, 178, 14, 187, 24, 96, 175, 48]]",false
148,19476,5008,2-opt,CMT5.vrp,"[[59, 166, 21, 93, 42, 104, 107, 189, 84, 8, 167], [5, 123, 108, 51, 50, 130, 97, 146, 73, 144, 182], [30, 103, 174, 156, 195, 191, 113, 89, 185, 23, 183, 159, 106, 11], [54, 179, 85, 165, 163, 148, 92, 33, 53, 115, 91, 140, 157], [105, 137, 186, 139, 173, 20, 164, 56, 39, 109, 81, 17, 151], [188, 116, 197, 141, 101, 28, 64, 172, 122, 154, 58, 128, 7, 150, 77, 76], [143, 136, 196, 184, 29, 37, 170, 142, 127, 149, 98, 99], [10, 112, 90, 95, 102, 110, 57, 135, 66, 41, 45, 46], [74, 31, 52, 120, 168, 131, 190, 68, 61, 161, 49, 26, 134], [55, 35, 70, 12, 44, 160, 43, 83, 94, 198, 132, 88, 19], [2, 78, 9, 22, 126, 69, 169, 147, 124, 176], [138, 155, 193, 153, 13, 199, 16, 133, 38, 1], [180, 118, 111, 72, 75, 145, 86, 117, 114, 129, 34, 60], [40, 158, 152, 125, 119, 100, 32, 63, 15, 82], [162, 177, 36, 4, 62, 18, 65, 87, 47, 121, 71], [67, 25, 181, 194, 3, 80, 27, 171, 79, 192], [6, 178, 14, 187, 24, 96, 175, 48]]",false
149,19516,4999,2-opt,CMT5.vrp,"[[59, 166, 21, 93, 42, 104, 107, 189, 84, 8, 167], [5, 123, 108, 51, 50, 130, 97, 146, 73, 144, 182], [30, 103, 174, 156, 195, 191, 113, 89, 185, 23, 183, 159, 106, 11], [54, 179, 85, 165, 163, 148, 92, 33, 53, 115, 91, 140, 157], [105, 137, 186, 139, 173, 20, 164, 56, 39, 109, 81, 17, 151], [188, 116, 197, 141, 101, 28, 64, 172, 122, 154, 58, 128, 7, 150, 77, 76], [170, 143, 136, 196, 184, 29, 37, 142, 127, 149, 98, 99], [10, 112, 90, 95, 102, 110, 57, 135, 66, 41, 45, 46], [74, 31, 52, 120, 168, 131, 190, 68, 61, 161, 49, 26, 134], [55, 35, 70, 12, 44, 160, 43, 83, 94, 198, 132, 88, 19], [2, 78, 9, 22, 126, 69, 169, 147, 124, 176], [138, 155, 193, 153, 13, 199, 16, 133, 38, 1], [180, 118, 111, 72, 75, 145, 86, 117, 114, 129, 34, 60], [40, 158, 152, 125, 119, 100, 32, 63, 15, 82], [162, 177, 36, 4, 62, 18, 65, 87, 47, 121, 71], [67, 25, 181, 194, 3, 80, 27, 171, 79, 192], [6, 178, 14, 187, 24, 96, 175, 48]]",false
150,19580,4979,2-opt,CMT5.vrp,"[[59, 166, 21, 93, 42, 104, 107, 189, 84, 8, 167], [5, 123, 108, 51, 50, 130, 97, 146, 73, 144, 182], [30, 103, 174, 156, 195, 191, 113, 89, 185, 23, 183, 159, 106, 11], [54, 179, 85, 165, 163, 148, 92, 33, 53, 115, 91, 140, 157], [105, 137, 186, 139, 173, 20, 164, 56, 39, 109, 81, 17, 151], [188, 116, 197, 141, 101, 28, 64, 172, 122, 154, 58, 128, 7, 150, 77, 76], [37, 29, 170, 143, 136, 196, 184, 142, 127, 149, 98, 99], [10, 112, 90, 95, 102, 110, 57, 135, 66, 41, 45, 46], [74, 31, 52, 120, 168, 131, 190, 68, 61, 161, 49, 26, 134], [55, 35, 70, 12, 44, 160, 43, 83, 94, 198, 132, 88, 19], [2, 78, 9, 22, 126, 69, 169, 147, 124, 176], [138, 155, 193, 153, 13, 199, 16, 133, 38, 1], [180, 118, 111, 72, 75, 145, 86, 117, 114, 129, 34, 60], [40, 158, 152, 125, 119, 100, 32, 63, 15, 82], [162, 177, 36, 4, 62, 18, 65, 87, 47, 121, 71], [67, 25, 181, 194, 3, 80, 27, 171, 79, 192], [6, 178, 14, 187, 24, 96, 175, 48]]",false
151,19655,4968,2-opt,CMT5.vrp,"[[59, 166, 21, 93, 42, 104, 107, 189, 84, 8, 167], [5, 123, 108, 51, 50, 130, 97, 146, 73, 144, 182], [30, 103, 174, 156, 195, 191, 113, 89, 185, 23, 183, 159, 106, 11], [54, 179, 85, 165, 163, 148, 92, 33, 53, 115, 91, 140, 157], [105, 137, 186, 139, 173, 20, 164, 56, 39, 109, 81, 17, 151], [188, 116, 197, 141, 101, 28, 64, 172, 122, 154, 58, 128, 7, 150, 77, 76], [37, 29, 184, 196, 136, 143, 142, 170, 127, 149, 98, 99], [10, 112, 90, 95, 102, 110, 57, 135, 66, 41, 45, 46], [74, 31, 52, 120, 168, 131, 190, 68, 61, 161, 49, 26, 134], [55, 35, 70, 12, 44, 160, 43, 83, 94, 198, 132, 88, 19], [2, 78, 9, 22, 126, 69, 169, 147, 124, 176], [138, 155, 193, 153, 13, 199, 16, 133, 38, 1], [180, 118, 111, 72, 75, 145, 86, 117, 114, 129, 34, 60], [40, 158, 152, 125, 119, 100, 32, 63, 15, 82], [162, 177, 36, 4, 62, 18, 65, 87, 47, 121, 71], [67, 25, 181, 194, 3, 80, 27, 171, 79, 192], [6, 178, 14, 187, 24, 96, 175, 48]]",false
152,19716,4963,2-opt,CMT5.vrp,"[[59, 166, 21, 93, 42, 104, 107, 189, 84, 8, 167], [5, 123, 108, 51, 50, 130, 97, 146, 73, 144, 182], [30, 103, 174, 156, 195, 191, 113, 89, 185, 23, 183, 159, 106, 11], [54, 179, 85, 165, 163, 148, 92, 33, 53, 115, 91, 140, 157], [105, 137, 186, 139, 173, 20, 164, 56, 39, 109, 81, 17, 151], [188, 116, 197, 141, 101, 28, 64, 172, 122, 154, 58, 128, 7, 150, 77, 76], [29, 37, 184, 196, 136, 143, 142, 170, 127, 149, 98, 99], [10, 112, 90, 95, 102, 110, 57, 135, 66, 41, 45, 46], [74, 31, 52, 120, 168, 131, 190, 68, 61, 161, 49, 26, 134], [55, 35, 70, 12, 44, 160, 43, 83, 94, 198, 132, 88, 19], [2, 78, 9, 22, 126, 69, 169, 147, 124, 176], [138, 155, 193, 153, 13, 199, 16, 133, 38, 1], [180, 118, 111, 72, 75, 145, 86, 117, 114, 129, 34, 60], [40, 158, 152, 125, 119, 100, 32, 63, 15, 82], [162, 177, 36, 4, 62, 18, 65, 87, 47, 121, 71], [67, 25, 181, 194, 3, 80, 27, 171, 79, 192], [6, 178, 14, 187, 24, 96, 175, 48]]",false
153,19764,4950,2-opt,CMT5.vrp,"[[59, 166, 21, 93, 42, 104, 107, 189, 84, 8, 167], [5, 123, 108, 51, 50, 130, 97, 146, 73, 144, 182], [30, 103, 174, 156, 195, 191, 113, 89, 185, 23, 183, 159, 106, 11], [54, 179, 85, 165, 163, 148, 92, 33, 53, 115, 91, 140, 157], [105, 137, 186, 139, 173, 20, 164, 56, 39, 109, 81, 17, 151], [188, 116, 197, 141, 101, 28, 64, 172, 122, 154, 58, 128, 7, 150, 77, 76], [142, 143, 136, 196, 184, 29, 37, 170, 127, 149, 98, 99], [10, 112, 90, 95, 102, 110, 57, 135, 66, 41, 45, 46], [74, 31, 52, 120, 168, 131, 190, 68, 61, 161, 49, 26, 134], [55, 35, 70, 12, 44, 160, 43, 83, 94, 198, 132, 88, 19], [2, 78, 9, 22, 126, 69, 169, 147, 124, 176], [138, 155, 193, 153, 13, 199, 16, 133, 38, 1], [180, 118, 111, 72, 75, 145, 86, 117, 114, 129, 34, 60], [40, 158, 152, 125, 119, 100, 32, 63, 15, 82], [162, 177, 36, 4, 62, 18, 65, 87, 47, 121, 71], [67, 25, 181, 194, 3, 80, 27, 171, 79, 192], [6, 178, 14, 187, 24, 96, 175, 48]]",false
154,19836,4945,2-opt,CMT5.vrp,"[[59, 166, 21, 93, 42, 104, 107, 189, 84, 8, 167], [5, 123, 108, 51, 50, 130, 97, 146, 73, 144, 182], [30, 103, 174, 156, 195, 191, 113, 89, 185, 23, 183, 159, 106, 11], [54, 179, 85, 165, 163, 148, 92, 33, 53, 115, 91, 140, 157], [105, 137, 186, 139, 173, 20, 164, 56, 39, 109, 81, 17, 151], [188, 116, 197, 141, 101, 28, 64, 172, 122, 154, 58, 128, 7, 150, 77, 76], [37, 29, 99, 98, 149, 127, 170, 142, 143, 136, 196, 184], [10, 112, 90, 95, 102, 110, 57, 135, 66, 41, 45, 46], [74, 31, 52, 120, 168, 131, 190, 68, 61, 161, 49, 26, 134], [55, 35, 70, 12, 44, 160, 43, 83, 94, 198, 132, 88, 19], [2, 78, 9, 22, 126, 69, 169, 147, 124, 176], [138, 155, 193, 153, 13, 199, 16, 133, 38, 1], [180, 118, 111, 72, 75, 145, 86, 117, 114, 129, 34, 60], [40, 158, 152, 125, 119, 100, 32, 63, 15, 82], [162, 177, 36, 4, 62, 18, 65, 87, 47, 121, 71], [67, 25, 181, 194, 3, 80, 27, 171, 79, 192], [6, 178, 14, 187, 24, 96, 175, 48]]",false
155,19910,4945,2-opt,CMT5.vrp,"[[59, 166, 21, 93, 42, 104, 107, 189, 84, 8, 167], [5, 123, 108, 51, 50, 130, 97, 146, 73, 144, 182], [30, 103, 174, 156, 195, 191, 113, 89, 185, 23, 183, 159, 106, 11], [54, 179, 85, 165, 163, 148, 92, 33, 53, 115, 91, 140, 157], [105, 137, 186, 139, 173, 20, 164, 56, 39, 109, 81, 17, 151], [188, 116, 197, 141, 101, 28, 64, 172, 122, 154, 58, 128, 7, 150, 77, 76], [37, 29, 184, 196, 136, 143, 142, 127, 170, 149, 98, 99], [10, 112, 90, 95, 102, 110, 57, 135, 66, 41, 45, 46], [74, 31, 52, 120, 168, 131, 190, 68, 61, 161, 49, 26, 134], [55, 35, 70, 12, 44, 160, 43, 83, 94, 198, 132, 88, 19], [2, 78, 9, 22, 126, 69, 169, 147, 124, 176], [138, 155, 193, 153, 13, 199, 16, 133, 38, 1], [180, 118, 111, 72, 75, 145, 86, 117, 114, 129, 34, 60], [40, 158, 152, 125, 119, 100, 32, 63, 15, 82], [162, 177, 36, 4, 62, 18, 65, 87, 47, 121, 71], [67, 25, 181, 194, 3, 80, 27, 171, 79, 192], [6, 178, 14, 187, 24, 96, 175, 48]]",false
156,19958,4940,2-opt,CMT5.vrp,"[[59, 166, 21, 93, 42, 104, 107, 189, 84, 8, 167], [5, 123, 108, 51, 50, 130, 97, 146, 73, 144, 182], [30, 103, 174, 156, 195, 191, 113, 89, 185, 23, 183, 159, 106, 11], [54, 179, 85, 165, 163, 148, 92, 33, 53, 115, 91, 140, 157], [105, 137, 186, 139, 173, 20, 164, 56, 39, 109, 81, 17, 151], [188, 116, 197, 141, 101, 28, 64, 172, 122, 154, 58, 128, 7, 150, 77, 76], [29, 37, 184, 196, 136, 143, 142, 127, 170, 149, 98, 99], [10, 112, 90, 95, 102, 110, 57, 135, 66, 41, 45, 46], [74, 31, 52, 120, 168, 131, 190, 68, 61, 161, 49, 26, 134], [55, 35, 70, 12, 44, 160, 43, 83, 94, 198, 132, 88, 19], [2, 78, 9, 22, 126, 69, 169, 147, 124, 176], [138, 155, 193, 153, 13, 199, 16, 133, 38, 1], [180, 118, 111, 72, 75, 145, 86, 117, 114, 129, 34, 60], [40, 158, 152, 125, 119, 100, 32, 63, 15, 82], [162, 177, 36, 4, 62, 18, 65, 87, 47, 121, 71], [67, 25, 181, 194, 3, 80, 27, 171, 79, 192], [6, 178, 14, 187, 24, 96, 175, 48]]",false
157,20003,4937,2-opt,CMT5.vrp,"[[59, 166, 21, 93, 42, 104, 107, 189, 84, 8, 167], [5, 123, 108, 51, 50, 130, 97, 146, 73, 144, 182], [30, 103, 174, 156, 195, 191, 113, 89, 185, 23, 183, 159, 106, 11], [54, 179, 85, 165, 163, 148, 92, 33, 53, 115, 91, 140, 157], [105, 137, 186, 139, 173, 20, 164, 56, 39, 109, 81, 17, 151], [188, 116, 197, 141, 101, 28, 64, 172, 122, 154, 58, 128, 7, 150, 77, 76], [142, 143, 136, 196, 184, 29, 37, 127, 170, 149, 98, 99], [10, 112, 90, 95, 102, 110, 57, 135, 66, 41, 45, 46], [74, 31, 52, 120, 168, 131, 190, 68, 61, 161, 49, 26, 134], [55, 35, 70, 12, 44, 160, 43, 83, 94, 198, 132, 88, 19], [2, 78, 9, 22, 126, 69, 169, 147, 124, 176], [138, 155, 193, 153, 13, 199, 16, 133, 38, 1], [180, 118, 111, 72, 75, 145, 86, 117, 114, 129, 34, 60], [40, 158, 152, 125, 119, 100, 32, 63, 15, 82], [162, 177, 36, 4, 62, 18, 65, 87, 47, 121, 71], [67, 25, 181, 194, 3, 80, 27, 171, 79, 192], [6, 178, 14, 187, 24, 96, 175, 48]]",false
158,20040,4937,2-opt,CMT5.vrp,"[[59, 166, 21, 93, 42, 104, 107, 189, 84, 8, 167], [5, 123, 108, 51, 50, 130, 97, 146, 73, 144, 182], [30, 103, 174, 156, 195, 191, 113, 89, 185, 23, 183, 159, 106, 11], [54, 179, 85, 165, 163, 148, 92, 33, 53, 115, 91, 140, 157], [105, 137, 186, 139, 173, 20, 164, 56, 39, 109, 81, 17, 151], [188, 116, 197, 141, 101, 28, 64, 172, 122, 154, 58, 128, 7, 150, 77, 76], [127, 142, 143, 136, 196, 184, 29, 37, 170, 149, 98, 99], [10, 112, 90, 95, 102, 110, 57, 135, 66, 41, 45, 46], [74, 31, 52, 120, 168, 131, 190, 68, 61, 161, 49, 26, 134], [55, 35, 70, 12, 44, 160, 43, 83, 94, 198, 132, 88, 19], [2, 78, 9, 22, 126, 69, 169, 147, 124, 176], [138, 155, 193, 153, 13, 199, 16, 133, 38, 1], [180, 118, 111, 72, 75, 145, 86, 117, 114, 129, 34, 60], [40, 158, 152, 125, 119, 100, 32, 63, 15, 82], [162, 177, 36, 4, 62, 18, 65, 87, 47, 121, 71], [67, 25, 181, 194, 3, 80, 27, 171, 79, 192], [6, 178, 14, 187, 24, 96, 175, 48]]",false
159,20081,4928,2-opt,CMT5.vrp,"[[59, 166, 21, 93, 42, 104, 107, 189, 84, 8, 167], [5, 123, 108, 51, 50, 130, 97, 146, 73, 144, 182], [30, 103, 174, 156, 195, 191, 113, 89, 185, 23, 183, 159, 106, 11], [54, 179, 85, 165, 163, 148, 92, 33, 53, 115, 91, 140, 157], [105, 137, 186, 139, 173, 20, 164, 56, 39, 109, 81, 17, 151], [188, 116, 197, 141, 101, 28, 64, 172, 122, 154, 58, 128, 7, 150, 77, 76], [149, 170, 127, 142, 143, 136, 196, 184, 29, 37, 98, 99], [10, 112, 90, 95, 102, 110, 57, 135, 66, 41, 45, 46], [74, 31, 52, 120, 168, 131, 190, 68, 61, 161, 49, 26, 134], [55, 35, 70, 12, 44, 160, 43, 83, 94, 198, 132, 88, 19], [2, 78, 9, 22, 126, 69, 169, 147, 124, 176], [138, 155, 193, 153, 13, 199, 16, 133, 38, 1], [180, 118, 111, 72, 75, 145, 86, 117, 114, 129, 34, 60], [40, 158, 152, 125, 119, 100, 32, 63, 15, 82], [162, 177, 36, 4, 62, 18, 65, 87, 47, 121, 71], [67, 25, 181, 194, 3, 80, 27, 171, 79, 192], [6, 178, 14, 187, 24, 96, 175, 48]]",false
160,20379,4922,2-opt,CMT5.vrp,"[[59, 166, 21, 93, 42, 104, 107, 189, 84, 8, 167], [5, 123, 108, 51, 50, 130, 97, 146, 73, 144, 182], [30, 103, 174, 156, 195, 191, 113, 89, 185, 23, 183, 159, 106, 11], [54, 179, 85, 165, 163, 148, 92, 33, 53, 115, 91, 140, 157], [105, 137, 186, 139, 173, 20, 164, 56, 39, 109, 81, 17, 151], [188, 116, 197, 141, 101, 28, 64, 172, 122, 154, 58, 128, 7, 150, 77, 76], [37, 29, 99, 98, 149, 170, 127, 142, 143, 136, 196, 184], [10, 112, 90, 95, 102, 110, 57, 135, 66, 41, 45, 46], [74, 31, 52, 120, 168, 131, 190, 68, 61, 161, 49, 26, 134], [55, 35, 70, 12, 44, 160, 43, 83, 94, 198, 132, 88, 19], [2, 78, 9, 22, 126, 69, 169, 147, 124, 176], [138, 155, 193, 153, 13, 199, 16, 133, 38, 1], [180, 118, 111, 72, 75, 145, 86, 117, 114, 129, 34, 60], [40, 158, 152, 125, 119, 100, 32, 63, 15, 82], [162, 177, 36, 4, 62, 18, 65, 87, 47, 121, 71], [67, 25, 181, 194, 3, 80, 27, 171, 79, 192], [6, 178, 14, 187, 24, 96, 175, 48]]",false
161,20463,4920,2-opt,CMT5.vrp,"[[59, 166, 21, 93, 42, 104, 107, 189, 84, 8, 167], [5, 123, 108, 51, 50, 130, 97, 146, 73, 144, 182], [30, 103, 174, 156, 195, 191, 113, 89, 185, 23, 183, 159, 106, 11], [54, 179, 85, 165, 163, 148, 92, 33, 53, 115, 91, 140, 157], [105, 137, 186, 139, 173, 20, 164, 56, 39, 109, 81, 17, 151], [188, 116, 197, 141, 101, 28, 64, 172, 122, 154, 58, 128, 7, 150, 77, 76], [29, 37, 99, 98, 149, 170, 127, 142, 143, 136, 196, 184], [10, 112, 90, 95, 102, 110, 57, 135, 66, 41, 45, 46], [74, 31, 52, 120, 168, 131, 190, 68, 61, 161, 49, 26, 134], [55, 35, 70, 12, 44, 160, 43, 83, 94, 198, 132, 88, 19], [2, 78, 9, 22, 126, 69, 169, 147, 124, 176], [138, 155, 193, 153, 13, 199, 16, 133, 38, 1], [180, 118, 111, 72, 75, 145, 86, 117, 114, 129, 34, 60], [40, 158, 152, 125, 119, 100, 32, 63, 15, 82], [162, 177, 36, 4, 62, 18, 65, 87, 47, 121, 71], [67, 25, 181, 194, 3, 80, 27, 171, 79, 192], [6, 178, 14, 187, 24, 96, 175, 48]]",false
162,20508,4917,2-opt,CMT5.vrp,"[[59, 166, 21, 93, 42, 104, 107, 189, 84, 8, 167], [5, 123, 108, 51, 50, 130, 97, 146, 73, 144, 182], [30, 103, 174, 156, 195, 191, 113, 89, 185, 23, 183, 159, 106, 11], [54, 179, 85, 165, 163, 148, 92, 33, 53, 115, 91, 140, 157], [105, 137, 186, 139, 173, 20, 164, 56, 39, 109, 81, 17, 151], [188, 116, 197, 141, 101, 28, 64, 172, 122, 154, 58, 128, 7, 150, 77, 76], [99, 29, 37, 98, 149, 170, 127, 142, 143, 136, 196, 184], [10, 112, 90, 95, 102, 110, 57, 135, 66, 41, 45, 46], [74, 31, 52, 120, 168, 131, 190, 68, 61, 161, 49, 26, 134], [55, 35, 70, 12, 44, 160, 43, 83, 94, 198, 132, 88, 19], [2, 78, 9, 22, 126, 69, 169, 147, 124, 176], [138, 155, 193, 153, 13, 199, 16, 133, 38, 1], [180, 118, 111, 72, 75, 145, 86, 117, 114, 129, 34, 60], [40, 158, 152, 125, 119, 100, 32, 63, 15, 82], [162, 177, 36, 4, 62, 18, 65, 87, 47, 121, 71], [67, 25, 181, 194, 3, 80, 27, 171, 79, 192], [6, 178, 14, 187, 24, 96, 175, 48]]",false
163,20558,4897,2-opt,CMT5.vrp,"[[59, 166, 21, 93, 42, 104, 107, 189, 84, 8, 167], [5, 123, 108, 51, 50, 130, 97, 146, 73, 144, 182], [30, 103, 174, 156, 195, 191, 113, 89, 185, 23, 183, 159, 106, 11], [54, 179, 85, 165, 163, 148, 92, 33, 53, 115, 91, 140, 157], [105, 137, 186, 139, 173, 20, 164, 56, 39, 109, 81, 17, 151], [188, 116, 197, 141, 101, 28, 64, 172, 122, 154, 58, 128, 7, 150, 77, 76], [127, 170, 149, 98, 99, 29, 37, 142, 143, 136, 196, 184], [10, 112, 90, 95, 102, 110, 57, 135, 66, 41, 45, 46], [74, 31, 52, 120, 168, 131, 190, 68, 61, 161, 49, 26, 134], [55, 35, 70, 12, 44, 160, 43, 83, 94, 198, 132, 88, 19], [2, 78, 9, 22, 126, 69, 169, 147, 124, 176], [138, 155, 193, 153, 13, 199, 16, 133, 38, 1], [180, 118, 111, 72, 75, 145, 86, 117, 114, 129, 34, 60], [40, 158, 152, 125, 119, 100, 32, 63, 15, 82], [162, 177, 36, 4, 62, 18, 65, 87, 47, 121, 71], [67, 25, 181, 194, 3, 80, 27, 171, 79, 192], [6, 178, 14, 187, 24, 96, 175, 48]]",false
164,20662,4895,2-opt,CMT5.vrp,"[[59, 166, 21, 93, 42, 104, 107, 189, 84, 8, 167], [5, 123, 108, 51, 50, 130, 97, 146, 73, 144, 182], [30, 103, 174, 156, 195, 191, 113, 89, 185, 23, 183, 159, 106, 11], [54, 179, 85, 165, 163, 148, 92, 33, 53, 115, 91, 140, 157], [105, 137, 186, 139, 173, 20, 164, 56, 39, 109, 81, 17, 151], [188, 116, 197, 141, 101, 28, 64, 172, 122, 154, 58, 128, 7, 150, 77, 76], [127, 149, 170, 98, 99, 29, 37, 142, 143, 136, 196, 184], [10, 112, 90, 95, 102, 110, 57, 135, 66, 41, 45, 46], [74, 31, 52, 120, 168, 131, 190, 68, 61, 161, 49, 26, 134], [55, 35, 70, 12, 44, 160, 43, 83, 94, 198, 132, 88, 19], [2, 78, 9, 22, 126, 69, 169, 147, 124, 176], [138, 155, 193, 153, 13, 199, 16, 133, 38, 1], [180, 118, 111, 72, 75, 145, 86, 117, 114, 129, 34, 60], [40, 158, 152, 125, 119, 100, 32, 63, 15, 82], [162, 177, 36, 4, 62, 18, 65, 87, 47, 121, 71], [67, 25, 181, 194, 3, 80, 27, 171, 79, 192], [6, 178, 14, 187, 24, 96, 175, 48]]",false
165,20712,4892,2-opt,CMT5.vrp,"[[59, 166, 21, 93, 42, 104, 107, 189, 84, 8, 167], [5, 123, 108, 51, 50, 130, 97, 146, 73, 144, 182], [30, 103, 174, 156, 195, 191, 113, 89, 185, 23, 183, 159, 106, 11], [54, 179, 85, 165, 163, 148, 92, 33, 53, 115, 91, 140, 157], [105, 137, 186, 139, 173, 20, 164, 56, 39, 109, 81, 17, 151], [188, 116, 197, 141, 101, 28, 64, 172, 122, 154, 58, 128, 7, 150, 77, 76], [127, 98, 149, 170, 99, 29, 37, 142, 143, 136, 196, 184], [10, 112, 90, 95, 102, 110, 57, 135, 66, 41, 45, 46], [74, 31, 52, 120, 168, 131, 190, 68, 61, 161, 49, 26, 134], [55, 35, 70, 12, 44, 160, 43, 83, 94, 198, 132, 88, 19], [2, 78, 9, 22, 126, 69, 169, 147, 124, 176], [138, 155, 193, 153, 13, 199, 16, 133, 38, 1], [180, 118, 111, 72, 75, 145, 86, 117, 114, 129, 34, 60], [40, 158, 152, 125, 119, 100, 32, 63, 15, 82], [162, 177, 36, 4, 62, 18, 65, 87, 47, 121, 71], [67, 25, 181, 194, 3, 80, 27, 171, 79, 192], [6, 178, 14, 187, 24, 96, 175, 48]]",false
166,20767,4884,2-opt,CMT5.vrp,"[[59, 166, 21, 93, 42, 104, 107, 189, 84, 8, 167], [5, 123, 108, 51, 50, 130, 97, 146, 73, 144, 182], [30, 103, 174, 156, 195, 191, 113, 89, 185, 23, 183, 159, 106, 11], [54, 179, 85, 165, 163, 148, 92, 33, 53, 115, 91, 140, 157], [105, 137, 186, 139, 173, 20, 164, 56, 39, 109, 81, 17, 151], [188, 116, 197, 141, 101, 28, 64, 172, 122, 154, 58, 128, 7, 150, 77, 76], [127, 170, 149, 99, 98, 29, 37, 142, 143, 136, 196, 184], [10, 112, 90, 95, 102, 110, 57, 135, 66, 41, 45, 46], [74, 31, 52, 120, 168, 131, 190, 68, 61, 161, 49, 26, 134], [55, 35, 70, 12, 44, 160, 43, 83, 94, 198, 132, 88, 19], [2, 78, 9, 22, 126, 69, 169, 147, 124, 176], [138, 155, 193, 153, 13, 199, 16, 133, 38, 1], [180, 118, 111, 72, 75, 145, 86, 117, 114, 129, 34, 60], [40, 158, 152, 125, 119, 100, 32, 63, 15, 82], [162, 177, 36, 4, 62, 18, 65, 87, 47, 121, 71], [67, 25, 181, 194, 3, 80, 27, 171, 79, 192], [6, 178, 14, 187, 24, 96, 175, 48]]",false
167,20840,4878,2-opt,CMT5.vrp,"[[59, 166, 21, 93, 42, 104, 107, 189, 84, 8, 167], [5, 123, 108, 51, 50, 130, 97, 146, 73, 144, 182], [30, 103, 174, 156, 195, 191, 113, 89, 185, 23, 183, 159, 106, 11], [54, 179, 85, 165, 163, 148, 92, 33, 53, 115, 91, 140, 157], [105, 137, 186, 139, 173, 20, 164, 56, 39, 109, 81, 17, 151], [188, 116, 197, 141, 101, 28, 64, 172, 122, 154, 58, 128, 7, 150, 77, 76], [127, 149, 170, 99, 98, 29, 37, 142, 143, 136, 196, 184], [10, 112, 90, 95, 102, 110, 57, 135, 66, 41, 45, 46], [74, 31, 52, 120, 168, 131, 190, 68, 61, 161, 49, 26, 134], [55, 35, 70, 12, 44, 160, 43, 83, 94, 198, 132, 88, 19], [2, 78, 9, 22, 126, 69, 169, 147, 124, 176], [138, 155, 193, 153, 13, 199, 16, 133, 38, 1], [180, 118, 111, 72, 75, 145, 86, 117, 114, 129, 34, 60], [40, 158, 152, 125, 119, 100, 32, 63, 15, 82], [162, 177, 36, 4, 62, 18, 65, 87, 47, 121, 71], [67, 25, 181, 194, 3, 80, 27, 171, 79, 192], [6, 178, 14, 187, 24, 96, 175, 48]]",false
168,20921,4877,2-opt,CMT5.vrp,"[[59, 166, 21, 93, 42, 104, 107, 189, 84, 8, 167], [5, 123, 108, 51, 50, 130, 97, 146, 73, 144, 182], [30, 103, 174, 156, 195, 191, 113, 89, 185, 23, 183, 159, 106, 11], [54, 179, 85, 165, 163, 148, 92, 33, 53, 115, 91, 140, 157], [105, 137, 186, 139, 173, 20, 164, 56, 39, 109, 81, 17, 151], [188, 116, 197, 141, 101, 28, 64, 172, 122, 154, 58, 128, 7, 150, 77, 76], [127, 170, 149, 99, 98, 29, 37, 142, 143, 136, 184, 196], [10, 112, 90, 95, 102, 110, 57, 135, 66, 41, 45, 46], [74, 31, 52, 120, 168, 131, 190, 68, 61, 161, 49, 26, 134], [55, 35, 70, 12, 44, 160, 43, 83, 94, 198, 132, 88, 19], [2, 78, 9, 22, 126, 69, 169, 147, 124, 176], [138, 155, 193, 153, 13, 199, 16, 133, 38, 1], [180, 118, 111, 72, 75, 145, 86, 117, 114, 129, 34, 60], [40, 158, 152, 125, 119, 100, 32, 63, 15, 82], [162, 177, 36, 4, 62, 18, 65, 87, 47, 121, 71], [67, 25, 181, 194, 3, 80, 27, 171, 79, 192], [6, 178, 14, 187, 24, 96, 175, 48]]",false
169,20978,4872,2-opt,CMT5.vrp,"[[59, 166, 21, 93, 42, 104, 107, 189, 84, 8, 167], [5, 123, 108, 51, 50, 130, 97, 146, 73, 144, 182], [30, 103, 174, 156, 195, 191, 113, 89, 185, 23, 183, 159, 106, 11], [54, 179, 85, 165, 163, 148, 92, 33, 53, 115, 91, 140, 157], [105, 137, 186, 139, 173, 20, 164, 56, 39, 109, 81, 17, 151], [188, 116, 197, 141, 101, 28, 64, 172, 122, 154, 58, 128, 7, 150, 77, 76], [127, 149, 170, 99, 98, 29, 37, 142, 143, 136, 184, 196], [10, 112, 90, 95, 102, 110, 57, 135, 66, 41, 45, 46], [74, 31, 52, 120, 168, 131, 190, 68, 61, 161, 49, 26, 134], [55, 35, 70, 12, 44, 160, 43, 83, 94, 198, 132, 88, 19], [2, 78, 9, 22, 126, 69, 169, 147, 124, 176], [138, 155, 193, 153, 13, 199, 16, 133, 38, 1], [180, 118, 111, 72, 75, 145, 86, 117, 114, 129, 34, 60], [40, 158, 152, 125, 119, 100, 32, 63, 15, 82], [162, 177, 36, 4, 62, 18, 65, 87, 47, 121, 71], [67, 25, 181, 194, 3, 80, 27, 171, 79, 192], [6, 178, 14, 187, 24, 96, 175, 48]]",false
170,21096,4866,2-opt,CMT5.vrp,"[[59, 166, 21, 93, 42, 104, 107, 189, 84, 8, 167], [5, 123, 108, 51, 50, 130, 97, 146, 73, 144, 182], [30, 103, 174, 156, 195, 191, 113, 89, 185, 23, 183, 159, 106, 11], [54, 179, 85, 165, 163, 148, 92, 33, 53, 115, 91, 140, 157], [105, 137, 186, 139, 173, 20, 164, 56, 39, 109, 81, 17, 151], [188, 116, 197, 141, 101, 28, 64, 172, 122, 154, 58, 128, 7, 150, 77, 76], [127, 149, 170, 99, 98, 29, 37, 142, 143, 184, 136, 196], [10, 112, 90, 95, 102, 110, 57, 135, 66, 41, 45, 46], [74, 31, 52, 120, 168, 131, 190, 68, 61, 161, 49, 26, 134], [55, 35, 70, 12, 44, 160, 43, 83, 94, 198, 132, 88, 19], [2, 78, 9, 22, 126, 69, 169, 147, 124, 176], [138, 155, 193, 153, 13, 199, 16, 133, 38, 1], [180, 118, 111, 72, 75, 145, 86, 117, 114, 129, 34, 60], [40, 158, 152, 125, 119, 100, 32, 63, 15, 82], [162, 177, 36, 4, 62, 18, 65, 87, 47, 121, 71], [67, 25, 181, 194, 3, 80, 27, 171, 79, 192], [6, 178, 14, 187, 24, 96, 175, 48]]",false
171,21192,4863,2-opt,CMT5.vrp,"[[59, 166, 21, 93, 42, 104, 107, 189, 84, 8, 167], [5, 123, 108, 51, 50, 130, 97, 146, 73, 144, 182], [30, 103, 174, 156, 195, 191, 113, 89, 185, 23, 183, 159, 106, 11], [54, 179, 85, 165, 163, 148, 92, 33, 53, 115, 91, 140, 157], [105, 137, 186, 139, 173, 20, 164, 56, 39, 109, 81, 17, 151], [188, 116, 197, 141, 101, 28, 64, 172, 122, 154, 58, 128, 7, 150, 77, 76], [127, 149, 170, 99, 98, 29, 37, 142, 143, 184, 136, 196], [90, 112, 10, 95, 102, 110, 57, 135, 66, 41, 45, 46], [74, 31, 52, 120, 168, 131, 190, 68, 61, 161, 49, 26, 134], [55, 35, 70, 12, 44, 160, 43, 83, 94, 198, 132, 88, 19], [2, 78, 9, 22, 126, 69, 169, 147, 124, 176], [138, 155, 193, 153, 13, 199, 16, 133, 38, 1], [180, 118, 111, 72, 75, 145, 86, 117, 114, 129, 34, 60], [40, 158, 152, 125, 119, 100, 32, 63, 15, 82], [162, 177, 36, 4, 62, 18, 65, 87, 47, 121, 71], [67, 25, 181, 194, 3, 80, 27, 171, 79, 192], [6, 178, 14, 187, 24, 96, 175, 48]]",false
172,21291,4842,2-opt,CMT5.vrp,"[[59, 166, 21, 93, 42, 104, 107, 189, 84, 8, 167], [5, 123, 108, 51, 50, 130, 97, 146, 73, 144, 182], [30, 103, 174, 156, 195, 191, 113, 89, 185, 23, 183, 159, 106, 11], [54, 179, 85, 165, 163, 148, 92, 33, 53, 115, 91, 140, 157], [105, 137, 186, 139, 173, 20, 164, 56, 39, 109, 81, 17, 151], [188, 116, 197, 141, 101, 28, 64, 172, 122, 154, 58, 128, 7, 150, 77, 76], [127, 149, 170, 99, 98, 29, 37, 142, 143, 184, 136, 196], [95, 90, 112, 10, 102, 110, 57, 135, 66, 41, 45, 46], [74, 31, 52, 120, 168, 131, 190, 68, 61, 161, 49, 26, 134], [55, 35, 70, 12, 44, 160, 43, 83, 94, 198, 132, 88, 19], [2, 78, 9, 22, 126, 69, 169, 147, 124, 176], [138, 155, 193, 153, 13, 199, 16, 133, 38, 1], [180, 118, 111, 72, 75, 145, 86, 117, 114, 129, 34, 60], [40, 158, 152, 125, 119, 100, 32, 63, 15, 82], [162, 177, 36, 4, 62, 18, 65, 87, 47, 121, 71], [67, 25, 181, 194, 3, 80, 27, 171, 79, 192], [6, 178, 14, 187, 24, 96, 175, 48]]",false
173,21340,4837,2-opt,CMT5.vrp,"[[59, 166, 21, 93, 42, 104, 107, 189, 84, 8, 167], [5, 123, 108, 51, 50, 130, 97, 146, 73, 144, 182], [30, 103, 174, 156, 195, 191, 113, 89, 185, 23, 183, 159, 106, 11], [54, 179, 85, 165, 163, 148, 92, 33, 53, 115, 91, 140, 157], [105, 137, 186, 139, 173, 20, 164, 56, 39, 109, 81, 17, 151], [188, 116, 197, 141, 101, 28, 64, 172, 122, 154, 58, 128, 7, 150, 77, 76], [127, 149, 170, 99, 98, 29, 37, 142, 143, 184, 136, 196], [102, 95, 90, 112, 10, 110, 57, 135, 66, 41, 45, 46], [74, 31, 52, 120, 168, 131, 190, 68, 61, 161, 49, 26, 134], [55, 35, 70, 12, 44, 160, 43, 83, 94, 198, 132, 88, 19], [2, 78, 9, 22, 126, 69, 169, 147, 124, 176], [138, 155, 193, 153, 13, 199, 16, 133, 38, 1], [180, 118, 111, 72, 75, 145, 86, 117, 114, 129, 34, 60], [40, 158, 152, 125, 119, 100, 32, 63, 15, 82], [162, 177, 36, 4, 62, 18, 65, 87, 47, 121, 71], [67, 25, 181, 194, 3, 80, 27, 171, 79, 192], [6, 178, 14, 187, 24, 96, 175, 48]]",false
174,21392,4822,2-opt,CMT5.vrp,"[[59, 166, 21, 93, 42, 104, 107, 189, 84, 8, 167], [5, 123, 108, 51, 50, 130, 97, 146, 73, 144, 182], [30, 103, 174, 156, 195, 191, 113, 89, 185, 23, 183, 159, 106, 11], [54, 179, 85, 165, 163, 148, 92, 33, 53, 115, 91, 140, 157], [105, 137, 186, 139, 173, 20, 164, 56, 39, 109, 81, 17, 151], [188, 116, 197, 141, 101, 28, 64, 172, 122, 154, 58, 128, 7, 150, 77, 76], [127, 149, 170, 99, 98, 29, 37, 142, 143, 184, 136, 196], [10, 135, 57, 110, 102, 95, 90, 112, 66, 41, 45, 46], [74, 31, 52, 120, 168, 131, 190, 68, 61, 161, 49, 26, 134], [55, 35, 70, 12, 44, 160, 43, 83, 94, 198, 132, 88, 19], [2, 78, 9, 22, 126, 69, 169, 147, 124, 176], [138, 155, 193, 153, 13, 199, 16, 133, 38, 1], [180, 118, 111, 72, 75, 145, 86, 117, 114, 129, 34, 60], [40, 158, 152, 125, 119, 100, 32, 63, 15, 82], [162, 177, 36, 4, 62, 18, 65, 87, 47, 121, 71], [67, 25, 181, 194, 3, 80, 27, 171, 79, 192], [6, 178, 14, 187, 24, 96, 175, 48]]",false
175,21450,4817,2-opt,CMT5.vrp,"[[59, 166, 21, 93, 42, 104, 107, 189, 84, 8, 167], [5, 123, 108, 51, 50, 130, 97, 146, 73, 144, 182], [30, 103, 174, 156, 195, 191, 113, 89, 185, 23, 183, 159, 106, 11], [54, 179, 85, 165, 163, 148, 92, 33, 53, 115, 91, 140, 157], [105, 137, 186, 139, 173, 20, 164, 56, 39, 109, 81, 17, 151], [188, 116, 197, 141, 101, 28, 64, 172, 122, 154, 58, 128, 7, 150, 77, 76], [127, 149, 170, 99, 98, 29, 37, 142, 143, 184, 136, 196], [10, 112, 90, 41, 66, 135, 57, 110, 102, 95, 45, 46], [74, 31, 52, 120, 168, 131, 190, 68, 61, 161, 49, 26, 134], [55, 35, 70, 12, 44, 160, 43, 83, 94, 198, 132, 88, 19], [2, 78, 9, 22, 126, 69, 169, 147, 124, 176], [138, 155, 193, 153, 13, 199, 16, 133, 38, 1], [180, 118, 111, 72, 75, 145, 86, 117, 114, 129, 34, 60], [40, 158, 152, 125, 119, 100, 32, 63, 15, 82], [162, 177, 36, 4, 62, 18, 65, 87, 47, 121, 71], [67, 25, 181, 194, 3, 80, 27, 171, 79, 192], [6, 178, 14, 187, 24, 96, 175, 48]]",false
176,21509,4794,2-opt,CMT5.vrp,"[[59, 166, 21, 93, 42, 104, 107, 189, 84, 8, 167], [5, 123, 108, 51, 50, 130, 97, 146, 73, 144, 182], [30, 103, 174, 156, 195, 191, 113, 89, 185, 23, 183, 159, 106, 11], [54, 179, 85, 165, 163, 148, 92, 33, 53, 115, 91, 140, 157], [105, 137, 186, 139, 173, 20, 164, 56, 39, 109, 81, 17, 151], [188, 116, 197, 141, 101, 28, 64, 172, 122, 154, 58, 128, 7, 150, 77, 76], [127, 149, 170, 99, 98, 29, 37, 142, 143, 184, 136, 196], [66, 41, 90, 112, 10, 135, 57, 110, 102, 95, 45, 46], [74, 31, 52, 120, 168, 131, 190, 68, 61, 161, 49, 26, 134], [55, 35, 70, 12, 44, 160, 43, 83, 94, 198, 132, 88, 19], [2, 78, 9, 22, 126, 69, 169, 147, 124, 176], [138, 155, 193, 153, 13, 199, 16, 133, 38, 1], [180, 118, 111, 72, 75, 145, 86, 117, 114, 129, 34, 60], [40, 158, 152, 125, 119, 100, 32, 63, 15, 82], [162, 177, 36, 4, 62, 18, 65, 87, 47, 121, 71], [67, 25, 181, 194, 3, 80, 27, 171, 79, 192], [6, 178, 14, 187, 24, 96, 175, 48]]",false
177,21565,4787,2-opt,CMT5.vrp,"[[59, 166, 21, 93, 42, 104, 107, 189, 84, 8, 167], [5, 123, 108, 51, 50, 130, 97, 146, 73, 144, 182], [30, 103, 174, 156, 195, 191, 113, 89, 185, 23, 183, 159, 106, 11], [54, 179, 85, 165, 163, 148, 92, 33, 53, 115, 91, 140, 157], [105, 137, 186, 139, 173, 20, 164, 56, 39, 109, 81, 17, 151], [188, 116, 197, 141, 101, 28, 64, 172, 122, 154, 58, 128, 7, 150, 77, 76], [127, 149, 170, 99, 98, 29, 37, 142, 143, 184, 136, 196], [10, 110, 57, 135, 66, 41, 90, 112, 102, 95, 45, 46], [74, 31, 52, 120, 168, 131, 190, 68, 61, 161, 49, 26, 134], [55, 35, 70, 12, 44, 160, 43, 83, 94, 198, 132, 88, 19], [2, 78, 9, 22, 126, 69, 169, 147, 124, 176], [138, 155, 193, 153, 13, 199, 16, 133, 38, 1], [180, 118, 111, 72, 75, 145, 86, 117, 114, 129, 34, 60], [40, 158, 152, 125, 119, 100, 32, 63, 15, 82], [162, 177, 36, 4, 62, 18, 65, 87, 47, 121, 71], [67, 25, 181, 194, 3, 80, 27, 171, 79, 192], [6, 178, 14, 187, 24, 96, 175, 48]]",false
178,21642,4786,2-opt,CMT5.vrp,"[[59, 166, 21, 93, 42, 104, 107, 189, 84, 8, 167], [5, 123, 108, 51, 50, 130, 97, 146, 73, 144, 182], [30, 103, 174, 156, 195, 191, 113, 89, 185, 23, 183, 159, 106, 11], [54, 179, 85, 165, 163, 148, 92, 33, 53, 115, 91, 140, 157], [105, 137, 186, 139, 173, 20, 164, 56, 39, 109, 81, 17, 151], [188, 116, 197, 141, 101, 28, 64, 172, 122, 154, 58, 128, 7, 150, 77, 76], [127, 149, 170, 99, 98, 29, 37, 142, 143, 184, 136, 196], [10, 112, 90, 41, 66, 135, 57, 110, 102, 46, 45, 95], [74, 31, 52, 120, 168, 131, 190, 68, 61, 161, 49, 26, 134], [55, 35, 70, 12, 44, 160, 43, 83, 94, 198, 132, 88, 19], [2, 78, 9, 22, 126, 69, 169, 147, 124, 176], [138, 155, 193, 153, 13, 199, 16, 133, 38, 1], [180, 118, 111, 72, 75, 145, 86, 117, 114, 129, 34, 60], [40, 158, 152, 125, 119, 100, 32, 63, 15, 82], [162, 177, 36, 4, 62, 18, 65, 87, 47, 121, 71], [67, 25, 181, 194, 3, 80, 27, 171, 79, 192], [6, 178, 14, 187, 24, 96, 175, 48]]",false
179,21686,4763,2-opt,CMT5.vrp,"[[59, 166, 21, 93, 42, 104, 107, 189, 84, 8, 167], [5, 123, 108, 51, 50, 130, 97, 146, 73, 144, 182], [30, 103, 174, 156, 195, 191, 113, 89, 185, 23, 183, 159, 106, 11], [54, 179, 85, 165, 163, 148, 92, 33, 53, 115, 91, 140, 157], [105, 137, 186, 139, 173, 20, 164, 56, 39, 109, 81, 17, 151], [188, 116, 197, 141, 101, 28, 64, 172, 122, 154, 58, 128, 7, 150, 77, 76], [127, 149, 170, 99, 98, 29, 37, 142, 143, 184, 136, 196], [66, 41, 90, 112, 10, 135, 57, 110, 102, 46, 45, 95], [74, 31, 52, 120, 168, 131, 190, 68, 61, 161, 49, 26, 134], [55, 35, 70, 12, 44, 160, 43, 83, 94, 198, 132, 88, 19], [2, 78, 9, 22, 126, 69, 169, 147, 124, 176], [138, 155, 193, 153, 13, 199, 16, 133, 38, 1], [180, 118, 111, 72, 75, 145, 86, 117, 114, 129, 34, 60], [40, 158, 152, 125, 119, 100, 32, 63, 15, 82], [162, 177, 36, 4, 62, 18, 65, 87, 47, 121, 71], [67, 25, 181, 194, 3, 80, 27, 171, 79, 192], [6, 178, 14, 187, 24, 96, 175, 48]]",false
180,21737,4756,2-opt,CMT5.vrp,"[[59, 166, 21, 93, 42, 104, 107, 189, 84, 8, 167], [5, 123, 108, 51, 50, 130, 97, 146, 73, 144, 182], [30, 103, 174, 156, 195, 191, 113, 89, 185, 23, 183, 159, 106, 11], [54, 179, 85, 165, 163, 148, 92, 33, 53, 115, 91, 140, 157], [105, 137, 186, 139, 173, 20, 164, 56, 39, 109, 81, 17, 151], [188, 116, 197, 141, 101, 28, 64, 172, 122, 154, 58, 128, 7, 150, 77, 76], [127, 149, 170, 99, 98, 29, 37, 142, 143, 184, 136, 196], [10, 110, 57, 135, 66, 41, 90, 112, 102, 46, 45, 95], [74, 31, 52, 120, 168, 131, 190, 68, 61, 161, 49, 26, 134], [55, 35, 70, 12, 44, 160, 43, 83, 94, 198, 132, 88, 19], [2, 78, 9, 22, 126, 69, 169, 147, 124, 176], [138, 155, 193, 153, 13, 199, 16, 133, 38, 1], [180, 118, 111, 72, 75, 145, 86, 117, 114, 129, 34, 60], [40, 158, 152, 125, 119, 100, 32, 63, 15, 82], [162, 177, 36, 4, 62, 18, 65, 87, 47, 121, 71], [67, 25, 181, 194, 3, 80, 27, 171, 79, 192], [6, 178, 14, 187, 24, 96, 175, 48]]",false
181,21818,4729,2-opt,CMT5.vrp,"[[59, 166, 21, 93, 42, 104, 107, 189, 84, 8, 167], [5, 123, 108, 51, 50, 130, 97, 146, 73, 144, 182], [30, 103, 174, 156, 195, 191, 113, 89, 185, 23, 183, 159, 106, 11], [54, 179, 85, 165, 163, 148, 92, 33, 53, 115, 91, 140, 157], [105, 137, 186, 139, 173, 20, 164, 56, 39, 109, 81, 17, 151], [188, 116, 197, 141, 101, 28, 64, 172, 122, 154, 58, 128, 7, 150, 77, 76], [127, 149, 170, 99, 98, 29, 37, 142, 143, 184, 136, 196], [112, 90, 41, 66, 135, 57, 110, 10, 102, 46, 45, 95], [74, 31, 52, 120, 168, 131, 190, 68, 61, 161, 49, 26, 134], [55, 35, 70, 12, 44, 160, 43, 83, 94, 198, 132, 88, 19], [2, 78, 9, 22, 126, 69, 169, 147, 124, 176], [138, 155, 193, 153, 13, 199, 16, 133, 38, 1], [180, 118, 111, 72, 75, 145, 86, 117, 114, 129, 34, 60], [40, 158, 152, 125, 119, 100, 32, 63, 15, 82], [162, 177, 36, 4, 62, 18, 65, 87, 47, 121, 71], [67, 25, 181, 194, 3, 80, 27, 171, 79, 192], [6, 178, 14, 187, 24, 96, 175, 48]]",false
182,21908,4728,2-opt,CMT5.vrp,"[[59, 166, 21, 93, 42, 104, 107, 189, 84, 8, 167], [5, 123, 108, 51, 50, 130, 97, 146, 73, 144, 182], [30, 103, 174, 156, 195, 191, 113, 89, 185, 23, 183, 159, 106, 11], [54, 179, 85, 165, 163, 148, 92, 33, 53, 115, 91, 140, 157], [105, 137, 186, 139, 173, 20, 164, 56, 39, 109, 81, 17, 151], [188, 116, 197, 141, 101, 28, 64, 172, 122, 154, 58, 128, 7, 150, 77, 76], [127, 149, 170, 99, 98, 29, 37, 142, 143, 184, 136, 196], [45, 46, 102, 10, 110, 57, 135, 66, 41, 90, 112, 95], [74, 31, 52, 120, 168, 131, 190, 68, 61, 161, 49, 26, 134], [55, 35, 70, 12, 44, 160, 43, 83, 94, 198, 132, 88, 19], [2, 78, 9, 22, 126, 69, 169, 147, 124, 176], [138, 155, 193, 153, 13, 199, 16, 133, 38, 1], [180, 118, 111, 72, 75, 145, 86, 117, 114, 129, 34, 60], [40, 158, 152, 125, 119, 100, 32, 63, 15, 82], [162, 177, 36, 4, 62, 18, 65, 87, 47, 121, 71], [67, 25, 181, 194, 3, 80, 27, 171, 79, 192], [6, 178, 14, 187, 24, 96, 175, 48]]",false
183,21958,4710,2-opt,CMT5.vrp,"[[59, 166, 21, 93, 42, 104, 107, 189, 84, 8, 167], [5, 123, 108, 51, 50, 130, 97, 146, 73, 144, 182], [30, 103, 174, 156, 195, 191, 113, 89, 185, 23, 183, 159, 106, 11], [54, 179, 85, 165, 163, 148, 92, 33, 53, 115, 91, 140, 157], [105, 137, 186, 139, 173, 20, 164, 56, 39, 109, 81, 17, 151], [188, 116, 197, 141, 101, 28, 64, 172, 122, 154, 58, 128, 7, 150, 77, 76], [127, 149, 170, 99, 98, 29, 37, 142, 143, 184, 136, 196], [112, 66, 41, 90, 135, 57, 110, 10, 102, 46, 45, 95], [74, 31, 52, 120, 168, 131, 190, 68, 61, 161, 49, 26, 134], [55, 35, 70, 12, 44, 160, 43, 83, 94, 198, 132, 88, 19], [2, 78, 9, 22, 126, 69, 169, 147, 124, 176], [138, 155, 193, 153, 13, 199, 16, 133, 38, 1], [180, 118, 111, 72, 75, 145, 86, 117, 114, 129, 34, 60], [40, 158, 152, 125, 119, 100, 32, 63, 15, 82], [162, 177, 36, 4, 62, 18, 65, 87, 47, 121, 71], [67, 25, 181, 194, 3, 80, 27, 171, 79, 192], [6, 178, 14, 187, 24, 96, 175, 48]]",false
184,22025,4709,2-opt,CMT5.vrp,"[[59, 166, 21, 93, 42, 104, 107, 189, 84, 8, 167], [5, 123, 108, 51, 50, 130, 97, 146, 73, 144, 182], [30, 103, 174, 156, 195, 191, 113, 89, 185, 23, 183, 159, 106, 11], [54, 179, 85, 165, 163, 148, 92, 33, 53, 115, 91, 140, 157], [105, 137, 186, 139, 173, 20, 164, 56, 39, 109, 81, 17, 151], [188, 116, 197, 141, 101, 28, 64, 172, 122, 154, 58, 128, 7, 150, 77, 76], [127, 149, 170, 99, 98, 29, 37, 142, 143, 184, 136, 196], [112, 90, 41, 66, 135, 110, 57, 10, 102, 46, 45, 95], [74, 31, 52, 120, 168, 131, 190, 68, 61, 161, 49, 26, 134], [55, 35, 70, 12, 44, 160, 43, 83, 94, 198, 132, 88, 19], [2, 78, 9, 22, 126, 69, 169, 147, 124, 176], [138, 155, 193, 153, 13, 199, 16, 133, 38, 1], [180, 118, 111, 72, 75, 145, 86, 117, 114, 129, 34, 60], [40, 158, 152, 125, 119, 100, 32, 63, 15, 82], [162, 177, 36, 4, 62, 18, 65, 87, 47, 121, 71], [67, 25, 181, 194, 3, 80, 27, 171, 79, 192], [6, 178, 14, 187, 24, 96, 175, 48]]",false
185,22086,4707,2-opt,CMT5.vrp,"[[59, 166, 21, 93, 42, 104, 107, 189, 84, 8, 167], [5, 123, 108, 51, 50, 130, 97, 146, 73, 144, 182], [30, 103, 174, 156, 195, 191, 113, 89, 185, 23, 183, 159, 106, 11], [54, 179, 85, 165, 163, 148, 92, 33, 53, 115, 91, 140, 157], [105, 137, 186, 139, 173, 20, 164, 56, 39, 109, 81, 17, 151], [188, 116, 197, 141, 101, 28, 64, 172, 122, 154, 58, 128, 7, 150, 77, 76], [127, 149, 170, 99, 98, 29, 37, 142, 143, 184, 136, 196], [45, 46, 102, 10, 57, 110, 135, 66, 41, 90, 112, 95], [74, 31, 52, 120, 168, 131, 190, 68, 61, 161, 49, 26, 134], [55, 35, 70, 12, 44, 160, 43, 83, 94, 198, 132, 88, 19], [2, 78, 9, 22, 126, 69, 169, 147, 124, 176], [138, 155, 193, 153, 13, 199, 16, 133, 38, 1], [180, 118, 111, 72, 75, 145, 86, 117, 114, 129, 34, 60], [40, 158, 152, 125, 119, 100, 32, 63, 15, 82], [162, 177, 36, 4, 62, 18, 65, 87, 47, 121, 71], [67, 25, 181, 194, 3, 80, 27, 171, 79, 192], [6, 178, 14, 187, 24, 96, 175, 48]]",false
186,22136,4690,2-opt,CMT5.vrp,"[[59, 166, 21, 93, 42, 104, 107, 189, 84, 8, 167], [5, 123, 108, 51, 50, 130, 97, 146, 73, 144, 182], [30, 103, 174, 156, 195, 191, 113, 89, 185, 23, 183, 159, 106, 11], [54, 179, 85, 165, 163, 148, 92, 33, 53, 115, 91, 140, 157], [105, 137, 186, 139, 173, 20, 164, 56, 39, 109, 81, 17, 151], [188, 116, 197, 141, 101, 28, 64, 172, 122, 154, 58, 128, 7, 150, 77, 76], [127, 149, 170, 99, 98, 29, 37, 142, 143, 184, 136, 196], [112, 66, 41, 90, 135, 110, 57, 10, 102, 46, 45, 95], [74, 31, 52, 120, 168, 131, 190, 68, 61, 161, 49, 26, 134], [55, 35, 70, 12, 44, 160, 43, 83, 94, 198, 132, 88, 19], [2, 78, 9, 22, 126, 69, 169, 147, 124, 176], [138, 155, 193, 153, 13, 199, 16, 133, 38, 1], [180, 118, 111, 72, 75, 145, 86, 117, 114, 129, 34, 60], [40, 158, 152, 125, 119, 100, 32, 63, 15, 82], [162, 177, 36, 4, 62, 18, 65, 87, 47, 121, 71], [67, 25, 181, 194, 3, 80, 27, 171, 79, 192], [6, 178, 14, 187, 24, 96, 175, 48]]",false
187,22376,4688,2-opt,CMT5.vrp,"[[59, 166, 21, 93, 42, 104, 107, 189, 84, 8, 167], [5, 123, 108, 51, 50, 130, 97, 146, 73, 144, 182], [30, 103, 174, 156, 195, 191, 113, 89, 185, 23, 183, 159, 106, 11], [54, 179, 85, 165, 163, 148, 92, 33, 53, 115, 91, 140, 157], [105, 137, 186, 139, 173, 20, 164, 56, 39, 109, 81, 17, 151], [188, 116, 197, 141, 101, 28, 64, 172, 122, 154, 58, 128, 7, 150, 77, 76], [127, 149, 170, 99, 98, 29, 37, 142, 143, 184, 136, 196], [45, 46, 102, 10, 57, 110, 135, 90, 41, 66, 112, 95], [74, 31, 52, 120, 168, 131, 190, 68, 61, 161, 49, 26, 134], [55, 35, 70, 12, 44, 160, 43, 83, 94, 198, 132, 88, 19], [2, 78, 9, 22, 126, 69, 169, 147, 124, 176], [138, 155, 193, 153, 13, 199, 16, 133, 38, 1], [180, 118, 111, 72, 75, 145, 86, 117, 114, 129, 34, 60], [40, 158, 152, 125, 119, 100, 32, 63, 15, 82], [162, 177, 36, 4, 62, 18, 65, 87, 47, 121, 71], [67, 25, 181, 194, 3, 80, 27, 171, 79, 192], [6, 178, 14, 187, 24, 96, 175, 48]]",false
188,22471,4688,2-opt,CMT5.vrp,"[[59, 166, 21, 93, 42, 104, 107, 189, 84, 8, 167], [5, 123, 108, 51, 50, 130, 97, 146, 73, 144, 182], [30, 103, 174, 156, 195, 191, 113, 89, 185, 23, 183, 159, 106, 11], [54, 179, 85, 165, 163, 148, 92, 33, 53, 115, 91, 140, 157], [105, 137, 186, 139, 173, 20, 164, 56, 39, 109, 81, 17, 151], [188, 116, 197, 141, 101, 28, 64, 172, 122, 154, 58, 128, 7, 150, 77, 76], [127, 149, 170, 99, 98, 29, 37, 142, 143, 184, 136, 196], [95, 112, 66, 41, 90, 135, 110, 57, 10, 102, 46, 45], [74, 31, 52, 120, 168, 131, 190, 68, 61, 161, 49, 26, 134], [55, 35, 70, 12, 44, 160, 43, 83, 94, 198, 132, 88, 19], [2, 78, 9, 22, 126, 69, 169, 147, 124, 176], [138, 155, 193, 153, 13, 199, 16, 133, 38, 1], [180, 118, 111, 72, 75, 145, 86, 117, 114, 129, 34, 60], [40, 158, 152, 125, 119, 100, 32, 63, 15, 82], [162, 177, 36, 4, 62, 18, 65, 87, 47, 121, 71], [67, 25, 181, 194, 3, 80, 27, 171, 79, 192], [6, 178, 14, 187, 24, 96, 175, 48]]",false
189,22615,4681,2-opt,CMT5.vrp,"[[59, 166, 21, 93, 42, 104, 107, 189, 84, 8, 167], [5, 123, 108, 51, 50, 130, 97, 146, 73, 144, 182], [30, 103, 174, 156, 195, 191, 113, 89, 185, 23, 183, 159, 106, 11], [54, 179, 85, 165, 163, 148, 92, 33, 53, 115, 91, 140, 157], [105, 137, 186, 139, 173, 20, 164, 56, 39, 109, 81, 17, 151], [188, 116, 197, 141, 101, 28, 64, 172, 122, 154, 58, 128, 7, 150, 77, 76], [127, 149, 170, 99, 98, 29, 37, 142, 143, 184, 136, 196], [95, 112, 66, 41, 90, 135, 110, 57, 10, 102, 46, 45], [120, 52, 31, 74, 168, 131, 190, 68, 61, 161, 49, 26, 134], [55, 35, 70, 12, 44, 160, 43, 83, 94, 198, 132, 88, 19], [2, 78, 9, 22, 126, 69, 169, 147, 124, 176], [138, 155, 193, 153, 13, 199, 16, 133, 38, 1], [180, 118, 111, 72, 75, 145, 86, 117, 114, 129, 34, 60], [40, 158, 152, 125, 119, 100, 32, 63, 15, 82], [162, 177, 36, 4, 62, 18, 65, 87, 47, 121, 71], [67, 25, 181, 194, 3, 80, 27, 171, 79, 192], [6, 178, 14, 187, 24, 96, 175, 48]]",false
190,22659,4661,2-opt,CMT5.vrp,"[[59, 166, 21, 93, 42, 104, 107, 189, 84, 8, 167], [5, 123, 108, 51, 50, 130, 97, 146, 73, 144, 182], [30, 103, 174, 156, 195, 191, 113, 89, 185, 23, 183, 159, 106, 11], [54, 179, 85, 165, 163, 148, 92, 33, 53, 115, 91, 140, 157], [105, 137, 186, 139, 173, 20, 164, 56, 39, 109, 81, 17, 151], [188, 116, 197, 141, 101, 28, 64, 172, 122, 154, 58, 128, 7, 150, 77, 76], [127, 149, 170, 99, 98, 29, 37, 142, 143, 184, 136, 196], [95, 112, 66, 41, 90, 135, 110, 57, 10, 102, 46, 45], [131, 168, 120, 52, 31, 74, 190, 68, 61, 161, 49, 26, 134], [55, 35, 70, 12, 44, 160, 43, 83, 94, 198, 132, 88, 19], [2, 78, 9, 22, 126, 69, 169, 147, 124, 176], [138, 155, 193, 153, 13, 199, 16, 133, 38, 1], [180, 118, 111, 72, 75, 145, 86, 117, 114, 129, 34, 60], [40, 158, 152, 125, 119, 100, 32, 63, 15, 82], [162, 177, 36, 4, 62, 18, 65, 87, 47, 121, 71], [67, 25, 181, 194, 3, 80, 27, 171, 79, 192], [6, 178, 14, 187, 24, 96, 175, 48]]",false
191,22706,4661,2-opt,CMT5.vrp,"[[59, 166, 21, 93, 42, 104, 107, 189, 84, 8, 167], [5, 123, 108, 51, 50, 130, 97, 146, 73, 144, 182], [30, 103, 174, 156, 195, 191, 113, 89, 185, 23, 183, 159, 106, 11], [54, 179, 85, 165, 163, 148, 92, 33, 53, 115, 91, 140, 157], [105, 137, 186, 139, 173, 20, 164, 56, 39, 109, 81, 17, 151], [188, 116, 197, 141, 101, 28, 64, 172, 122, 154, 58, 128, 7, 150, 77, 76], [127, 149, 170, 99, 98, 29, 37, 142, 143, 184, 136, 196], [95, 112, 66, 41, 90, 135, 110, 57, 10, 102, 46, 45], [74, 168, 120, 52, 31, 131, 190, 68, 61, 161, 49, 26, 134], [55, 35, 70, 12, 44, 160, 43, 83, 94, 198, 132, 88, 19], [2, 78, 9, 22, 126, 69, 169, 147, 124, 176], [138, 155, 193, 153, 13, 199, 16, 133, 38, 1], [180, 118, 111, 72, 75, 145, 86, 117, 114, 129, 34, 60], [40, 158, 152, 125, 119, 100, 32, 63, 15, 82], [162, 177, 36, 4, 62, 18, 65, 87, 47, 121, 71], [67, 25, 181, 194, 3, 80, 27, 171, 79, 192], [6, 178, 14, 187, 24, 96, 175, 48]]",false
192,22751,4661,2-opt,CMT5.vrp,"[[59, 166, 21, 93, 42, 104, 107, 189, 84, 8, 167], [5, 123, 108, 51, 50, 130, 97, 146, 73, 144, 182], [30, 103, 174, 156, 195, 191, 113, 89, 185, 23, 183, 159, 106, 11], [54, 179, 85, 165, 163, 148, 92, 33, 53, 115, 91, 140, 157], [105, 137, 186, 139, 173, 20, 164, 56, 39, 109, 81, 17, 151], [188, 116, 197, 141, 101, 28, 64, 172, 122, 154, 58, 128, 7, 150, 77, 76], [127, 149, 170, 99, 98, 29, 37, 142, 143, 184, 136, 196], [95, 112, 66, 41, 90, 135, 110, 57, 10, 102, 46, 45], [74, 61, 68, 190, 131, 168, 120, 52, 31, 161, 49, 26, 134], [55, 35, 70, 12, 44, 160, 43, 83, 94, 198, 132, 88, 19], [2, 78, 9, 22, 126, 69, 169, 147, 124, 176], [138, 155, 193, 153, 13, 199, 16, 133, 38, 1], [180, 118, 111, 72, 75, 145, 86, 117, 114, 129, 34, 60], [40, 158, 152, 125, 119, 100, 32, 63, 15, 82], [162, 177, 36, 4, 62, 18, 65, 87, 47, 121, 71], [67, 25, 181, 194, 3, 80, 27, 171, 79, 192], [6, 178, 14, 187, 24, 96, 175, 48]]",false
193,22795,4650,2-opt,CMT5.vrp,"[[59, 166, 21, 93, 42, 104, 107, 189, 84, 8, 167], [5, 123, 108, 51, 50, 130, 97, 146, 73, 144, 182], [30, 103, 174, 156, 195, 191, 113, 89, 185, 23, 183, 159, 106, 11], [54, 179, 85, 165, 163, 148, 92, 33, 53, 115, 91, 140, 157], [105, 137, 186, 139, 173, 20, 164, 56, 39, 109, 81, 17, 151], [188, 116, 197, 141, 101, 28, 64, 172, 122, 154, 58, 128, 7, 150, 77, 76], [127, 149, 170, 99, 98, 29, 37, 142, 143, 184, 136, 196], [95, 112, 66, 41, 90, 135, 110, 57, 10, 102, 46, 45], [74, 49, 161, 61, 68, 190, 131, 168, 120, 52, 31, 26, 134], [55, 35, 70, 12, 44, 160, 43, 83, 94, 198, 132, 88, 19], [2, 78, 9, 22, 126, 69, 169, 147, 124, 176], [138, 155, 193, 153, 13, 199, 16, 133, 38, 1], [180, 118, 111, 72, 75, 145, 86, 117, 114, 129, 34, 60], [40, 158, 152, 125, 119, 100, 32, 63, 15, 82], [162, 177, 36, 4, 62, 18, 65, 87, 47, 121, 71], [67, 25, 181, 194, 3, 80, 27, 171, 79, 192], [6, 178, 14, 187, 24, 96, 175, 48]]",false
194,22852,4638,2-opt,CMT5.vrp,"[[59, 166, 21, 93, 42, 104, 107, 189, 84, 8, 167], [5, 123, 108, 51, 50, 130, 97, 146, 73, 144, 182], [30, 103, 174, 156, 195, 191, 113, 89, 185, 23, 183, 159, 106, 11], [54, 179, 85, 165, 163, 148, 92, 33, 53, 115, 91, 140, 157], [105, 137, 186, 139, 173, 20, 164, 56, 39, 109, 81, 17, 151], [188, 116, 197, 141, 101, 28, 64, 172, 122, 154, 58, 128, 7, 150, 77, 76], [127, 149, 170, 99, 98, 29, 37, 142, 143, 184, 136, 196], [95, 112, 66, 41, 90, 135, 110, 57, 10, 102, 46, 45], [74, 31, 52, 131, 168, 120, 190, 68, 61, 161, 49, 26, 134], [55, 35, 70, 12, 44, 160, 43, 83, 94, 198, 132, 88, 19], [2, 78, 9, 22, 126, 69, 169, 147, 124, 176], [138, 155, 193, 153, 13, 199, 16, 133, 38, 1], [180, 118, 111, 72, 75, 145, 86, 117, 114, 129, 34, 60], [40, 158, 152, 125, 119, 100, 32, 63, 15, 82], [162, 177, 36, 4, 62, 18, 65, 87, 47, 121, 71], [67, 25, 181, 194, 3, 80, 27, 171, 79, 192], [6, 178, 14, 187, 24, 96, 175, 48]]",false
195,22897,4632,2-opt,CMT5.vrp,"[[59, 166, 21, 93, 42, 104, 107, 189, 84, 8, 167], [5, 123, 108, 51, 50, 130, 97, 146, 73, 144, 182], [30, 103, 174, 156, 195, 191, 113, 89, 185, 23, 183, 159, 106, 11], [54, 179, 85, 165, 163, 148, 92, 33, 53, 115, 91, 140, 157], [105, 137, 186, 139, 173, 20, 164, 56, 39, 109, 81, 17, 151], [188, 116, 197, 141, 101, 28, 64, 172, 122, 154, 58, 128, 7, 150, 77, 76], [127, 149, 170, 99, 98, 29, 37, 142, 143, 184, 136, 196], [95, 112, 66, 41, 90, 135, 110, 57, 10, 102, 46, 45], [74, 31, 52, 134, 26, 49, 161, 61, 68, 190, 131, 168, 120], [55, 35, 70, 12, 44, 160, 43, 83, 94, 198, 132, 88, 19], [2, 78, 9, 22, 126, 69, 169, 147, 124, 176], [138, 155, 193, 153, 13, 199, 16, 133, 38, 1], [180, 118, 111, 72, 75, 145, 86, 117, 114, 129, 34, 60], [40, 158, 152, 125, 119, 100, 32, 63, 15, 82], [162, 177, 36, 4, 62, 18, 65, 87, 47, 121, 71], [67, 25, 181, 194, 3, 80, 27, 171, 79, 192], [6, 178, 14, 187, 24, 96, 175, 48]]",false
196,23095,4591,2-opt,CMT5.vrp,"[[59, 166, 21, 93, 42, 104, 107, 189, 84, 8, 167], [5, 123, 108, 51, 50, 130, 97, 146, 73, 144, 182], [30, 103, 174, 156, 195, 191, 113, 89, 185, 23, 183, 159, 106, 11], [54, 179, 85, 165, 163, 148, 92, 33, 53, 115, 91, 140, 157], [105, 137, 186, 139, 173, 20, 164, 56, 39, 109, 81, 17, 151], [188, 116, 197, 141, 101, 28, 64, 172, 122, 154, 58, 128, 7, 150, 77, 76], [127, 149, 170, 99, 98, 29, 37, 142, 143, 184, 136, 196], [95, 112, 66, 41, 90, 135, 110, 57, 10, 102, 46, 45], [26, 134, 52, 31, 74, 49, 161, 61, 68, 190, 131, 168, 120], [55, 35, 70, 12, 44, 160, 43, 83, 94, 198, 132, 88, 19], [2, 78, 9, 22, 126, 69, 169, 147, 124, 176], [138, 155, 193, 153, 13, 199, 16, 133, 38, 1], [180, 118, 111, 72, 75, 145, 86, 117, 114, 129, 34, 60], [40, 158, 152, 125, 119, 100, 32, 63, 15, 82], [162, 177, 36, 4, 62, 18, 65, 87, 47, 121, 71], [67, 25, 181, 194, 3, 80, 27, 171, 79, 192], [6, 178, 14, 187, 24, 96, 175, 48]]",false
197,23145,4588,2-opt,CMT5.vrp,"[[59, 166, 21, 93, 42, 104, 107, 189, 84, 8, 167], [5, 123, 108, 51, 50, 130, 97, 146, 73, 144, 182], [30, 103, 174, 156, 195, 191, 113, 89, 185, 23, 183, 159, 106, 11], [54, 179, 85, 165, 163, 148, 92, 33, 53, 115, 91, 140, 157], [105, 137, 186, 139, 173, 20, 164, 56, 39, 109, 81, 17, 151], [188, 116, 197, 141, 101, 28, 64, 172, 122, 154, 58, 128, 7, 150, 77, 76], [127, 149, 170, 99, 98, 29, 37, 142, 143, 184, 136, 196], [95, 112, 66, 41, 90, 135, 110, 57, 10, 102, 46, 45], [74, 49, 26, 134, 52, 31, 161, 61, 68, 190, 131, 168, 120], [55, 35, 70, 12, 44, 160, 43, 83, 94, 198, 132, 88, 19], [2, 78, 9, 22, 126, 69, 169, 147, 124, 176], [138, 155, 193, 153, 13, 199, 16, 133, 38, 1], [180, 118, 111, 72, 75, 145, 86, 117, 114, 129, 34, 60], [40, 158, 152, 125, 119, 100, 32, 63, 15, 82], [162, 177, 36, 4, 62, 18, 65, 87, 47, 121, 71], [67, 25, 181, 194, 3, 80, 27, 171, 79, 192], [6, 178, 14, 187, 24, 96, 175, 48]]",false
198,23191,4562,2-opt,CMT5.vrp,"[[59, 166, 21, 93, 42, 104, 107, 189, 84, 8, 167], [5, 123, 108, 51, 50, 130, 97, 146, 73, 144, 182], [30, 103, 174, 156, 195, 191, 113, 89, 185, 23, 183, 159, 106, 11], [54, 179, 85, 165, 163, 148, 92, 33, 53, 115, 91, 140, 157], [105, 137, 186, 139, 173, 20, 164, 56, 39, 109, 81, 17, 151], [188, 116, 197, 141, 101, 28, 64, 172, 122, 154, 58, 128, 7, 150, 77, 76], [127, 149, 170, 99, 98, 29, 37, 142, 143, 184, 136, 196], [95, 112, 66, 41, 90, 135, 110, 57, 10, 102, 46, 45], [74, 190, 68, 61, 161, 49, 26, 134, 52, 31, 131, 168, 120], [55, 35, 70, 12, 44, 160, 43, 83, 94, 198, 132, 88, 19], [2, 78, 9, 22, 126, 69, 169, 147, 124, 176], [138, 155, 193, 153, 13, 199, 16, 133, 38, 1], [180, 118, 111, 72, 75, 145, 86, 117, 114, 129, 34, 60], [40, 158, 152, 125, 119, 100, 32, 63, 15, 82], [162, 177, 36, 4, 62, 18, 65, 87, 47, 121, 71], [67, 25, 181, 194, 3, 80, 27, 171, 79, 192], [6, 178, 14, 187, 24, 96, 175, 48]]",false
199,23279,4538,2-opt,CMT5.vrp,"[[59, 166, 21, 93, 42, 104, 107, 189, 84, 8, 167], [5, 123, 108, 51, 50, 130, 97, 146, 73, 144, 182], [30, 103, 174, 156, 195, 191, 113, 89, 185, 23, 183, 159, 106, 11], [54, 179, 85, 165, 163, 148, 92, 33, 53, 115, 91, 140, 157], [105, 137, 186, 139, 173, 20, 164, 56, 39, 109, 81, 17, 151], [188, 116, 197, 141, 101, 28, 64, 172, 122, 154, 58, 128, 7, 150, 77, 76], [127, 149, 170, 99, 98, 29, 37, 142, 143, 184, 136, 196], [95, 112, 66, 41, 90, 135, 110, 57, 10, 102, 46, 45], [61, 68, 190, 74, 161, 49, 26, 134, 52, 31, 131, 168, 120], [55, 35, 70, 12, 44, 160, 43, 83, 94, 198, 132, 88, 19], [2, 78, 9, 22, 126, 69, 169, 147, 124, 176], [138, 155, 193, 153, 13, 199, 16, 133, 38, 1], [180, 118, 111, 72, 75, 145, 86, 117, 114, 129, 34, 60], [40, 158, 152, 125, 119, 100, 32, 63, 15, 82], [162, 177, 36, 4, 62, 18, 65, 87, 47, 121, 71], [67, 25, 181, 194, 3, 80, 27, 171, 79, 192], [6, 178, 14, 187, 24, 96, 175, 48]]",false
200,23387,4535,2-opt,CMT5.vrp,"[[59, 166, 21, 93, 42, 104, 107, 189, 84, 8, 167], [5, 123, 108, 51, 50, 130, 97, 146, 73, 144, 182], [30, 103, 174, 156, 195, 191, 113, 89, 185, 23, 183, 159, 106, 11], [54, 179, 85, 165, 163, 148, 92, 33, 53, 115, 91, 140, 157], [105, 137, 186, 139, 173, 20, 164, 56, 39, 109, 81, 17, 151], [188, 116, 197, 141, 101, 28, 64, 172, 122, 154, 58, 128, 7, 150, 77, 76], [127, 149, 170, 99, 98, 29, 37, 142, 143, 184, 136, 196], [95, 112, 66, 41, 90, 135, 110, 57, 10, 102, 46, 45], [168, 131, 31, 52, 134, 26, 49, 161, 74, 190, 68, 61, 120], [55, 35, 70, 12, 44, 160, 43, 83, 94, 198, 132, 88, 19], [2, 78, 9, 22, 126, 69, 169, 147, 124, 176], [138, 155, 193, 153, 13, 199, 16, 133, 38, 1], [180, 118, 111, 72, 75, 145, 86, 117, 114, 129, 34, 60], [40, 158, 152, 125, 119, 100, 32, 63, 15, 82], [162, 177, 36, 4, 62, 18, 65, 87, 47, 121, 71], [67, 25, 181, 194, 3, 80, 27, 171, 79, 192], [6, 178, 14, 187, 24, 96, 175, 48]]",false
201,23435,4533,2-opt,CMT5.vrp,"[[59, 166, 21, 93, 42, 104, 107, 189, 84, 8, 167], [5, 123, 108, 51, 50, 130, 97, 146, 73, 144, 182], [30, 103, 174, 156, 195, 191, 113, 89, 185, 23, 183, 159, 106, 11], [54, 179, 85, 165, 163, 148, 92, 33, 53, 115, 91, 140, 157], [105, 137, 186, 139, 173, 20, 164, 56, 39, 109, 81, 17, 151], [188, 116, 197, 141, 101, 28, 64, 172, 122, 154, 58, 128, 7, 150, 77, 76], [127, 149, 170, 99, 98, 29, 37, 142, 143, 184, 136, 196], [95, 112, 66, 41, 90, 135, 110, 57, 10, 102, 46, 45], [61, 168, 131, 31, 52, 134, 26, 49, 161, 74, 190, 68, 120], [55, 35, 70, 12, 44, 160, 43, 83, 94, 198, 132, 88, 19], [2, 78, 9, 22, 126, 69, 169, 147, 124, 176], [138, 155, 193, 153, 13, 199, 16, 133, 38, 1], [180, 118, 111, 72, 75, 145, 86, 117, 114, 129, 34, 60], [40, 158, 152, 125, 119, 100, 32, 63, 15, 82], [162, 177, 36, 4, 62, 18, 65, 87, 47, 121, 71], [67, 25, 181, 194, 3, 80, 27, 171, 79, 192], [6, 178, 14, 187, 24, 96, 175, 48]]",false
202,23490,4507,2-opt,CMT5.vrp,"[[59, 166, 21, 93, 42, 104, 107, 189, 84, 8, 167], [5, 123, 108, 51, 50, 130, 97, 146, 73, 144, 182], [30, 103, 174, 156, 195, 191, 113, 89, 185, 23, 183, 159, 106, 11], [54, 179, 85, 165, 163, 148, 92, 33, 53, 115, 91, 140, 157], [105, 137, 186, 139, 173, 20, 164, 56, 39, 109, 81, 17, 151], [188, 116, 197, 141, 101, 28, 64, 172, 122, 154, 58, 128, 7, 150, 77, 76], [127, 149, 170, 99, 98, 29, 37, 142, 143, 184, 136, 196], [95, 112, 66, 41, 90, 135, 110, 57, 10, 102, 46, 45], [61, 68, 190, 74, 49, 161, 26, 134, 52, 31, 131, 168, 120], [55, 35, 70, 12, 44, 160, 43, 83, 94, 198, 132, 88, 19], [2, 78, 9, 22, 126, 69, 169, 147, 124, 176], [138, 155, 193, 153, 13, 199, 16, 133, 38, 1], [180, 118, 111, 72, 75, 145, 86, 117, 114, 129, 34, 60], [40, 158, 152, 125, 119, 100, 32, 63, 15, 82], [162, 177, 36, 4, 62, 18, 65, 87, 47, 121, 71], [67, 25, 181, 194, 3, 80, 27, 171, 79, 192], [6, 178, 14, 187, 24, 96, 175, 48]]",false
203,23559,4505,2-opt,CMT5.vrp,"[[59, 166, 21, 93, 42, 104, 107, 189, 84, 8, 167], [5, 123, 108, 51, 50, 130, 97, 146, 73, 144, 182], [30, 103, 174, 156, 195, 191, 113, 89, 185, 23, 183, 159, 106, 11], [54, 179, 85, 165, 163, 148, 92, 33, 53, 115, 91, 140, 157], [105, 137, 186, 139, 173, 20, 164, 56, 39, 109, 81, 17, 151], [188, 116, 197, 141, 101, 28, 64, 172, 122, 154, 58, 128, 7, 150, 77, 76], [127, 149, 170, 99, 98, 29, 37, 142, 143, 184, 136, 196], [95, 112, 66, 41, 90, 135, 110, 57, 10, 102, 46, 45], [168, 131, 31, 52, 134, 26, 161, 49, 74, 190, 68, 61, 120], [55, 35, 70, 12, 44, 160, 43, 83, 94, 198, 132, 88, 19], [2, 78, 9, 22, 126, 69, 169, 147, 124, 176], [138, 155, 193, 153, 13, 199, 16, 133, 38, 1], [180, 118, 111, 72, 75, 145, 86, 117, 114, 129, 34, 60], [40, 158, 152, 125, 119, 100, 32, 63, 15, 82], [162, 177, 36, 4, 62, 18, 65, 87, 47, 121, 71], [67, 25, 181, 194, 3, 80, 27, 171, 79, 192], [6, 178, 14, 187, 24, 96, 175, 48]]",false
204,23615,4502,2-opt,CMT5.vrp,"[[59, 166, 21, 93, 42, 104, 107, 189, 84, 8, 167], [5, 123, 108, 51, 50, 130, 97, 146, 73, 144, 182], [30, 103, 174, 156, 195, 191, 113, 89, 185, 23, 183, 159, 106, 11], [54, 179, 85, 165, 163, 148, 92, 33, 53, 115, 91, 140, 157], [105, 137, 186, 139, 173, 20, 164, 56, 39, 109, 81, 17, 151], [188, 116, 197, 141, 101, 28, 64, 172, 122, 154, 58, 128, 7, 150, 77, 76], [127, 149, 170, 99, 98, 29, 37, 142, 143, 184, 136, 196], [95, 112, 66, 41, 90, 135, 110, 57, 10, 102, 46, 45], [61, 168, 131, 31, 52, 134, 26, 161, 49, 74, 190, 68, 120], [55, 35, 70, 12, 44, 160, 43, 83, 94, 198, 132, 88, 19], [2, 78, 9, 22, 126, 69, 169, 147, 124, 176], [138, 155, 193, 153, 13, 199, 16, 133, 38, 1], [180, 118, 111, 72, 75, 145, 86, 117, 114, 129, 34, 60], [40, 158, 152, 125, 119, 100, 32, 63, 15, 82], [162, 177, 36, 4, 62, 18, 65, 87, 47, 121, 71], [67, 25, 181, 194, 3, 80, 27, 171, 79, 192], [6, 178, 14, 187, 24, 96, 175, 48]]",false
205,23682,4484,2-opt,CMT5.vrp,"[[59, 166, 21, 93, 42, 104, 107, 189, 84, 8, 167], [5, 123, 108, 51, 50, 130, 97, 146, 73, 144, 182], [30, 103, 174, 156, 195, 191, 113, 89, 185, 23, 183, 159, 106, 11], [54, 179, 85, 165, 163, 148, 92, 33, 53, 115, 91, 140, 157], [105, 137, 186, 139, 173, 20, 164, 56, 39, 109, 81, 17, 151], [188, 116, 197, 141, 101, 28, 64, 172, 122, 154, 58, 128, 7, 150, 77, 76], [127, 149, 170, 99, 98, 29, 37, 142, 143, 184, 136, 196], [95, 112, 66, 41, 90, 135, 110, 57, 10, 102, 46, 45], [61, 68, 190, 74, 49, 161, 131, 31, 52, 134, 26, 168, 120], [55, 35, 70, 12, 44, 160, 43, 83, 94, 198, 132, 88, 19], [2, 78, 9, 22, 126, 69, 169, 147, 124, 176], [138, 155, 193, 153, 13, 199, 16, 133, 38, 1], [180, 118, 111, 72, 75, 145, 86, 117, 114, 129, 34, 60], [40, 158, 152, 125, 119, 100, 32, 63, 15, 82], [162, 177, 36, 4, 62, 18, 65, 87, 47, 121, 71], [67, 25, 181, 194, 3, 80, 27, 171, 79, 192], [6, 178, 14, 187, 24, 96, 175, 48]]",false
206,23743,4482,2-opt,CMT5.vrp,"[[59, 166, 21, 93, 42, 104, 107, 189, 84, 8, 167], [5, 123, 108, 51, 50, 130, 97, 146, 73, 144, 182], [30, 103, 174, 156, 195, 191, 113, 89, 185, 23, 183, 159, 106, 11], [54, 179, 85, 165, 163, 148, 92, 33, 53, 115, 91, 140, 157], [105, 137, 186, 139, 173, 20, 164, 56, 39, 109, 81, 17, 151], [188, 116, 197, 141, 101, 28, 64, 172, 122, 154, 58, 128, 7, 150, 77, 76], [127, 149, 170, 99, 98, 29, 37, 142, 143, 184, 136, 196], [95, 112, 66, 41, 90, 135, 110, 57, 10, 102, 46, 45], [168, 26, 134, 52, 31, 131, 161, 49, 74, 190, 68, 61, 120], [55, 35, 70, 12, 44, 160, 43, 83, 94, 198, 132, 88, 19], [2, 78, 9, 22, 126, 69, 169, 147, 124, 176], [138, 155, 193, 153, 13, 199, 16, 133, 38, 1], [180, 118, 111, 72, 75, 145, 86, 117, 114, 129, 34, 60], [40, 158, 152, 125, 119, 100, 32, 63, 15, 82], [162, 177, 36, 4, 62, 18, 65, 87, 47, 121, 71], [67, 25, 181, 194, 3, 80, 27, 171, 79, 192], [6, 178, 14, 187, 24, 96, 175, 48]]",false
207,23795,4479,2-opt,CMT5.vrp,"[[59, 166, 21, 93, 42, 104, 107, 189, 84, 8, 167], [5, 123, 108, 51, 50, 130, 97, 146, 73, 144, 182], [30, 103, 174, 156, 195, 191, 113, 89, 185, 23, 183, 159, 106, 11], [54, 179, 85, 165, 163, 148, 92, 33, 53, 115, 91, 140, 157], [105, 137, 186, 139, 173, 20, 164, 56, 39, 109, 81, 17, 151], [188, 116, 197, 141, 101, 28, 64, 172, 122, 154, 58, 128, 7, 150, 77, 76], [127, 149, 170, 99, 98, 29, 37, 142, 143, 184, 136, 196], [95, 112, 66, 41, 90, 135, 110, 57, 10, 102, 46, 45], [61, 168, 26, 134, 52, 31, 131, 161, 49, 74, 190, 68, 120], [55, 35, 70, 12, 44, 160, 43, 83, 94, 198, 132, 88, 19], [2, 78, 9, 22, 126, 69, 169, 147, 124, 176], [138, 155, 193, 153, 13, 199, 16, 133, 38, 1], [180, 118, 111, 72, 75, 145, 86, 117, 114, 129, 34, 60], [40, 158, 152, 125, 119, 100, 32, 63, 15, 82], [162, 177, 36, 4, 62, 18, 65, 87, 47, 121, 71], [67, 25, 181, 194, 3, 80, 27, 171, 79, 192], [6, 178, 14, 187, 24, 96, 175, 48]]",false
208,23894,4475,2-opt,CMT5.vrp,"[[59, 166, 21, 93, 42, 104, 107, 189, 84, 8, 167], [5, 123, 108, 51, 50, 130, 97, 146, 73, 144, 182], [30, 103, 174, 156, 195, 191, 113, 89, 185, 23, 183, 159, 106, 11], [54, 179, 85, 165, 163, 148, 92, 33, 53, 115, 91, 140, 157], [105, 137, 186, 139, 173, 20, 164, 56, 39, 109, 81, 17, 151], [188, 116, 197, 141, 101, 28, 64, 172, 122, 154, 58, 128, 7, 150, 77, 76], [127, 149, 170, 99, 98, 29, 37, 142, 143, 184, 136, 196], [95, 112, 66, 41, 90, 135, 110, 57, 10, 102, 46, 45], [61, 120, 68, 190, 74, 49, 161, 131, 31, 52, 134, 26, 168], [55, 35, 70, 12, 44, 160, 43, 83, 94, 198, 132, 88, 19], [2, 78, 9, 22, 126, 69, 169, 147, 124, 176], [138, 155, 193, 153, 13, 199, 16, 133, 38, 1], [180, 118, 111, 72, 75, 145, 86, 117, 114, 129, 34, 60], [40, 158, 152, 125, 119, 100, 32, 63, 15, 82], [162, 177, 36, 4, 62, 18, 65, 87, 47, 121, 71], [67, 25, 181, 194, 3, 80, 27, 171, 79, 192], [6, 178, 14, 187, 24, 96, 175, 48]]",false
209,24031,4473,2-opt,CMT5.vrp,"[[59, 166, 21, 93, 42, 104, 107, 189, 84, 8, 167], [5, 123, 108, 51, 50, 130, 97, 146, 73, 144, 182], [30, 103, 174, 156, 195, 191, 113, 89, 185, 23, 183, 159, 106, 11], [54, 179, 85, 165, 163, 148, 92, 33, 53, 115, 91, 140, 157], [105, 137, 186, 139, 173, 20, 164, 56, 39, 109, 81, 17, 151], [188, 116, 197, 141, 101, 28, 64, 172, 122, 154, 58, 128, 7, 150, 77, 76], [127, 149, 170, 99, 98, 29, 37, 142, 143, 184, 136, 196], [95, 112, 66, 41, 90, 135, 110, 57, 10, 102, 46, 45], [61, 120, 68, 190, 74, 49, 161, 31, 131, 52, 134, 26, 168], [55, 35, 70, 12, 44, 160, 43, 83, 94, 198, 132, 88, 19], [2, 78, 9, 22, 126, 69, 169, 147, 124, 176], [138, 155, 193, 153, 13, 199, 16, 133, 38, 1], [180, 118, 111, 72, 75, 145, 86, 117, 114, 129, 34, 60], [40, 158, 152, 125, 119, 100, 32, 63, 15, 82], [162, 177, 36, 4, 62, 18, 65, 87, 47, 121, 71], [67, 25, 181, 194, 3, 80, 27, 171, 79, 192], [6, 178, 14, 187, 24, 96, 175, 48]]",false
210,24177,4468,2-opt,CMT5.vrp,"[[59, 166, 21, 93, 42, 104, 107, 189, 84, 8, 167], [5, 123, 108, 51, 50, 130, 97, 146, 73, 144, 182], [30, 103, 174, 156, 195, 191, 113, 89, 185, 23, 183, 159, 106, 11], [54, 179, 85, 165, 163, 148, 92, 33, 53, 115, 91, 140, 157], [105, 137, 186, 139, 173, 20, 164, 56, 39, 109, 81, 17, 151], [188, 116, 197, 141, 101, 28, 64, 172, 122, 154, 58, 128, 7, 150, 77, 76], [127, 149, 170, 99, 98, 29, 37, 142, 143, 184, 136, 196], [95, 112, 66, 41, 90, 135, 110, 57, 10, 102, 46, 45], [61, 120, 68, 190, 74, 49, 161, 31, 131, 52, 134, 26, 168], [70, 35, 55, 12, 44, 160, 43, 83, 94, 198, 132, 88, 19], [2, 78, 9, 22, 126, 69, 169, 147, 124, 176], [138, 155, 193, 153, 13, 199, 16, 133, 38, 1], [180, 118, 111, 72, 75, 145, 86, 117, 114, 129, 34, 60], [40, 158, 152, 125, 119, 100, 32, 63, 15, 82], [162, 177, 36, 4, 62, 18, 65, 87, 47, 121, 71], [67, 25, 181, 194, 3, 80, 27, 171, 79, 192], [6, 178, 14, 187, 24, 96, 175, 48]]",false
211,24225,4457,2-opt,CMT5.vrp,"[[59, 166, 21, 93, 42, 104, 107, 189, 84, 8, 167], [5, 123, 108, 51, 50, 130, 97, 146, 73, 144, 182], [30, 103, 174, 156, 195, 191, 113, 89, 185, 23, 183, 159, 106, 11], [54, 179, 85, 165, 163, 148, 92, 33, 53, 115, 91, 140, 157], [105, 137, 186, 139, 173, 20, 164, 56, 39, 109, 81, 17, 151], [188, 116, 197, 141, 101, 28, 64, 172, 122, 154, 58, 128, 7, 150, 77, 76], [127, 149, 170, 99, 98, 29, 37, 142, 143, 184, 136, 196], [95, 112, 66, 41, 90, 135, 110, 57, 10, 102, 46, 45], [61, 120, 68, 190, 74, 49, 161, 31, 131, 52, 134, 26, 168], [12, 70, 35, 55, 44, 160, 43, 83, 94, 198, 132, 88, 19], [2, 78, 9, 22, 126, 69, 169, 147, 124, 176], [138, 155, 193, 153, 13, 199, 16, 133, 38, 1], [180, 118, 111, 72, 75, 145, 86, 117, 114, 129, 34, 60], [40, 158, 152, 125, 119, 100, 32, 63, 15, 82], [162, 177, 36, 4, 62, 18, 65, 87, 47, 121, 71], [67, 25, 181, 194, 3, 80, 27, 171, 79, 192], [6, 178, 14, 187, 24, 96, 175, 48]]",false
212,24278,4438,2-opt,CMT5.vrp,"[[59, 166, 21, 93, 42, 104, 107, 189, 84, 8, 167], [5, 123, 108, 51, 50, 130, 97, 146, 73, 144, 182], [30, 103, 174, 156, 195, 191, 113, 89, 185, 23, 183, 159, 106, 11], [54, 179, 85, 165, 163, 148, 92, 33, 53, 115, 91, 140, 157], [105, 137, 186, 139, 173, 20, 164, 56, 39, 109, 81, 17, 151], [188, 116, 197, 141, 101, 28, 64, 172, 122, 154, 58, 128, 7, 150, 77, 76], [127, 149, 170, 99, 98, 29, 37, 142, 143, 184, 136, 196], [95, 112, 66, 41, 90, 135, 110, 57, 10, 102, 46, 45], [61, 120, 68, 190, 74, 49, 161, 31, 131, 52, 134, 26, 168], [55, 43, 160, 44, 12, 70, 35, 83, 94, 198, 132, 88, 19], [2, 78, 9, 22, 126, 69, 169, 147, 124, 176], [138, 155, 193, 153, 13, 199, 16, 133, 38, 1], [180, 118, 111, 72, 75, 145, 86, 117, 114, 129, 34, 60], [40, 158, 152, 125, 119, 100, 32, 63, 15, 82], [162, 177, 36, 4, 62, 18, 65, 87, 47, 121, 71], [67, 25, 181, 194, 3, 80, 27, 171, 79, 192], [6, 178, 14, 187, 24, 96, 175, 48]]",false
213,24326,4420,2-opt,CMT5.vrp,"[[59, 166, 21, 93, 42, 104, 107, 189, 84, 8, 167], [5, 123, 108, 51, 50, 130, 97, 146, 73, 144, 182], [30, 103, 174, 156, 195, 191, 113, 89, 185, 23, 183, 159, 106, 11], [54, 179, 85, 165, 163, 148, 92, 33, 53, 115, 91, 140, 157], [105, 137, 186, 139, 173, 20, 164, 56, 39, 109, 81, 17, 151], [188, 116, 197, 141, 101, 28, 64, 172, 122, 154, 58, 128, 7, 150, 77, 76], [127, 149, 170, 99, 98, 29, 37, 142, 143, 184, 136, 196], [95, 112, 66, 41, 90, 135, 110, 57, 10, 102, 46, 45], [61, 120, 68, 190, 74, 49, 161, 31, 131, 52, 134, 26, 168], [55, 198, 94, 83, 43, 160, 44, 12, 70, 35, 132, 88, 19], [2, 78, 9, 22, 126, 69, 169, 147, 124, 176], [138, 155, 193, 153, 13, 199, 16, 133, 38, 1], [180, 118, 111, 72, 75, 145, 86, 117, 114, 129, 34, 60], [40, 158, 152, 125, 119, 100, 32, 63, 15, 82], [162, 177, 36, 4, 62, 18, 65, 87, 47, 121, 71], [67, 25, 181, 194, 3, 80, 27, 171, 79, 192], [6, 178, 14, 187, 24, 96, 175, 48]]",false
214,24401,4412,2-opt,CMT5.vrp,"[[59, 166, 21, 93, 42, 104, 107, 189, 84, 8, 167], [5, 123, 108, 51, 50, 130, 97, 146, 73, 144, 182], [30, 103, 174, 156, 195, 191, 113, 89, 185, 23, 183, 159, 106, 11], [54, 179, 85, 165, 163, 148, 92, 33, 53, 115, 91, 140, 157], [105, 137, 186, 139, 173, 20, 164, 56, 39, 109, 81, 17, 151], [188, 116, 197, 141, 101, 28, 64, 172, 122, 154, 58, 128, 7, 150, 77, 76], [127, 149, 170, 99, 98, 29, 37, 142, 143, 184, 136, 196], [95, 112, 66, 41, 90, 135, 110, 57, 10, 102, 46, 45], [61, 120, 68, 190, 74, 49, 161, 31, 131, 52, 134, 26, 168], [55, 35, 70, 12, 44, 160, 43, 198, 94, 83, 132, 88, 19], [2, 78, 9, 22, 126, 69, 169, 147, 124, 176], [138, 155, 193, 153, 13, 199, 16, 133, 38, 1], [180, 118, 111, 72, 75, 145, 86, 117, 114, 129, 34, 60], [40, 158, 152, 125, 119, 100, 32, 63, 15, 82], [162, 177, 36, 4, 62, 18, 65, 87, 47, 121, 71], [67, 25, 181, 194, 3, 80, 27, 171, 79, 192], [6, 178, 14, 187, 24, 96, 175, 48]]",false
215,24454,4408,2-opt,CMT5.vrp,"[[59, 166, 21, 93, 42, 104, 107, 189, 84, 8, 167], [5, 123, 108, 51, 50, 130, 97, 146, 73, 144, 182], [30, 103, 174, 156, 195, 191, 113, 89, 185, 23, 183, 159, 106, 11], [54, 179, 85, 165, 163, 148, 92, 33, 53, 115, 91, 140, 157], [105, 137, 186, 139, 173, 20, 164, 56, 39, 109, 81, 17, 151], [188, 116, 197, 141, 101, 28, 64, 172, 122, 154, 58, 128, 7, 150, 77, 76], [127, 149, 170, 99, 98, 29, 37, 142, 143, 184, 136, 196], [95, 112, 66, 41, 90, 135, 110, 57, 10, 102, 46, 45], [61, 120, 68, 190, 74, 49, 161, 31, 131, 52, 134, 26, 168], [70, 35, 55, 12, 44, 160, 43, 198, 94, 83, 132, 88, 19], [2, 78, 9, 22, 126, 69, 169, 147, 124, 176], [138, 155, 193, 153, 13, 199, 16, 133, 38, 1], [180, 118, 111, 72, 75, 145, 86, 117, 114, 129, 34, 60], [40, 158, 152, 125, 119, 100, 32, 63, 15, 82], [162, 177, 36, 4, 62, 18, 65, 87, 47, 121, 71], [67, 25, 181, 194, 3, 80, 27, 171, 79, 192], [6, 178, 14, 187, 24, 96, 175, 48]]",false
216,24495,4396,2-opt,CMT5.vrp,"[[59, 166, 21, 93, 42, 104, 107, 189, 84, 8, 167], [5, 123, 108, 51, 50, 130, 97, 146, 73, 144, 182], [30, 103, 174, 156, 195, 191, 113, 89, 185, 23, 183, 159, 106, 11], [54, 179, 85, 165, 163, 148, 92, 33, 53, 115, 91, 140, 157], [105, 137, 186, 139, 173, 20, 164, 56, 39, 109, 81, 17, 151], [188, 116, 197, 141, 101, 28, 64, 172, 122, 154, 58, 128, 7, 150, 77, 76], [127, 149, 170, 99, 98, 29, 37, 142, 143, 184, 136, 196], [95, 112, 66, 41, 90, 135, 110, 57, 10, 102, 46, 45], [61, 120, 68, 190, 74, 49, 161, 31, 131, 52, 134, 26, 168], [12, 70, 35, 55, 44, 160, 43, 198, 94, 83, 132, 88, 19], [2, 78, 9, 22, 126, 69, 169, 147, 124, 176], [138, 155, 193, 153, 13, 199, 16, 133, 38, 1], [180, 118, 111, 72, 75, 145, 86, 117, 114, 129, 34, 60], [40, 158, 152, 125, 119, 100, 32, 63, 15, 82], [162, 177, 36, 4, 62, 18, 65, 87, 47, 121, 71], [67, 25, 181, 194, 3, 80, 27, 171, 79, 192], [6, 178, 14, 187, 24, 96, 175, 48]]",false
217,24559,4394,2-opt,CMT5.vrp,"[[59, 166, 21, 93, 42, 104, 107, 189, 84, 8, 167], [5, 123, 108, 51, 50, 130, 97, 146, 73, 144, 182], [30, 103, 174, 156, 195, 191, 113, 89, 185, 23, 183, 159, 106, 11], [54, 179, 85, 165, 163, 148, 92, 33, 53, 115, 91, 140, 157], [105, 137, 186, 139, 173, 20, 164, 56, 39, 109, 81, 17, 151], [188, 116, 197, 141, 101, 28, 64, 172, 122, 154, 58, 128, 7, 150, 77, 76], [127, 149, 170, 99, 98, 29, 37, 142, 143, 184, 136, 196], [95, 112, 66, 41, 90, 135, 110, 57, 10, 102, 46, 45], [61, 120, 68, 190, 74, 49, 161, 31, 131, 52, 134, 26, 168], [55, 35, 132, 83, 94, 198, 43, 160, 44, 12, 70, 88, 19], [2, 78, 9, 22, 126, 69, 169, 147, 124, 176], [138, 155, 193, 153, 13, 199, 16, 133, 38, 1], [180, 118, 111, 72, 75, 145, 86, 117, 114, 129, 34, 60], [40, 158, 152, 125, 119, 100, 32, 63, 15, 82], [162, 177, 36, 4, 62, 18, 65, 87, 47, 121, 71], [67, 25, 181, 194, 3, 80, 27, 171, 79, 192], [6, 178, 14, 187, 24, 96, 175, 48]]",false
218,24607,4390,2-opt,CMT5.vrp,"[[59, 166, 21, 93, 42, 104, 107, 189, 84, 8, 167], [5, 123, 108, 51, 50, 130, 97, 146, 73, 144, 182], [30, 103, 174, 156, 195, 191, 113, 89, 185, 23, 183, 159, 106, 11], [54, 179, 85, 165, 163, 148, 92, 33, 53, 115, 91, 140, 157], [105, 137, 186, 139, 173, 20, 164, 56, 39, 109, 81, 17, 151], [188, 116, 197, 141, 101, 28, 64, 172, 122, 154, 58, 128, 7, 150, 77, 76], [127, 149, 170, 99, 98, 29, 37, 142, 143, 184, 136, 196], [95, 112, 66, 41, 90, 135, 110, 57, 10, 102, 46, 45], [61, 120, 68, 190, 74, 49, 161, 31, 131, 52, 134, 26, 168], [55, 35, 70, 83, 94, 198, 43, 160, 44, 12, 132, 88, 19], [2, 78, 9, 22, 126, 69, 169, 147, 124, 176], [138, 155, 193, 153, 13, 199, 16, 133, 38, 1], [180, 118, 111, 72, 75, 145, 86, 117, 114, 129, 34, 60], [40, 158, 152, 125, 119, 100, 32, 63, 15, 82], [162, 177, 36, 4, 62, 18, 65, 87, 47, 121, 71], [67, 25, 181, 194, 3, 80, 27, 171, 79, 192], [6, 178, 14, 187, 24, 96, 175, 48]]",false
219,24654,4376,2-opt,CMT5.vrp,"[[59, 166, 21, 93, 42, 104, 107, 189, 84, 8, 167], [5, 123, 108, 51, 50, 130, 97, 146, 73, 144, 182], [30, 103, 174, 156, 195, 191, 113, 89, 185, 23, 183, 159, 106, 11], [54, 179, 85, 165, 163, 148, 92, 33, 53, 115, 91, 140, 157], [105, 137, 186, 139, 173, 20, 164, 56, 39, 109, 81, 17, 151], [188, 116, 197, 141, 101, 28, 64, 172, 122, 154, 58, 128, 7, 150, 77, 76], [127, 149, 170, 99, 98, 29, 37, 142, 143, 184, 136, 196], [95, 112, 66, 41, 90, 135, 110, 57, 10, 102, 46, 45], [61, 120, 68, 190, 74, 49, 161, 31, 131, 52, 134, 26, 168], [55, 35, 70, 19, 88, 132, 83, 94, 198, 43, 160, 44, 12], [2, 78, 9, 22, 126, 69, 169, 147, 124, 176], [138, 155, 193, 153, 13, 199, 16, 133, 38, 1], [180, 118, 111, 72, 75, 145, 86, 117, 114, 129, 34, 60], [40, 158, 152, 125, 119, 100, 32, 63, 15, 82], [162, 177, 36, 4, 62, 18, 65, 87, 47, 121, 71], [67, 25, 181, 194, 3, 80, 27, 171, 79, 192], [6, 178, 14, 187, 24, 96, 175, 48]]",false
220,24723,4358,2-opt,CMT5.vrp,"[[59, 166, 21, 93, 42, 104, 107, 189, 84, 8, 167], [5, 123, 108, 51, 50, 130, 97, 146, 73, 144, 182], [30, 103, 174, 156, 195, 191, 113, 89, 185, 23, 183, 159, 106, 11], [54, 179, 85, 165, 163, 148, 92, 33, 53, 115, 91, 140, 157], [105, 137, 186, 139, 173, 20, 164, 56, 39, 109, 81, 17, 151], [188, 116, 197, 141, 101, 28, 64, 172, 122, 154, 58, 128, 7, 150, 77, 76], [127, 149, 170, 99, 98, 29, 37, 142, 143, 184, 136, 196], [95, 112, 66, 41, 90, 135, 110, 57, 10, 102, 46, 45], [61, 120, 68, 190, 74, 49, 161, 31, 131, 52, 134, 26, 168], [160, 43, 198, 94, 83, 132, 88, 19, 70, 35, 55, 44, 12], [2, 78, 9, 22, 126, 69, 169, 147, 124, 176], [138, 155, 193, 153, 13, 199, 16, 133, 38, 1], [180, 118, 111, 72, 75, 145, 86, 117, 114, 129, 34, 60], [40, 158, 152, 125, 119, 100, 32, 63, 15, 82], [162, 177, 36, 4, 62, 18, 65, 87, 47, 121, 71], [67, 25, 181, 194, 3, 80, 27, 171, 79, 192], [6, 178, 14, 187, 24, 96, 175, 48]]",false
221,24771,4357,2-opt,CMT5.vrp,"[[59, 166, 21, 93, 42, 104, 107, 189, 84, 8, 167], [5, 123, 108, 51, 50, 130, 97, 146, 73, 144, 182], [30, 103, 174, 156, 195, 191, 113, 89, 185, 23, 183, 159, 106, 11], [54, 179, 85, 165, 163, 148, 92, 33, 53, 115, 91, 140, 157], [105, 137, 186, 139, 173, 20, 164, 56, 39, 109, 81, 17, 151], [188, 116, 197, 141, 101, 28, 64, 172, 122, 154, 58, 128, 7, 150, 77, 76], [127, 149, 170, 99, 98, 29, 37, 142, 143, 184, 136, 196], [95, 112, 66, 41, 90, 135, 110, 57, 10, 102, 46, 45], [61, 120, 68, 190, 74, 49, 161, 31, 131, 52, 134, 26, 168], [55, 88, 19, 70, 35, 132, 83, 94, 198, 43, 160, 44, 12], [2, 78, 9, 22, 126, 69, 169, 147, 124, 176], [138, 155, 193, 153, 13, 199, 16, 133, 38, 1], [180, 118, 111, 72, 75, 145, 86, 117, 114, 129, 34, 60], [40, 158, 152, 125, 119, 100, 32, 63, 15, 82], [162, 177, 36, 4, 62, 18, 65, 87, 47, 121, 71], [67, 25, 181, 194, 3, 80, 27, 171, 79, 192], [6, 178, 14, 187, 24, 96, 175, 48]]",false
222,24820,4348,2-opt,CMT5.vrp,"[[59, 166, 21, 93, 42, 104, 107, 189, 84, 8, 167], [5, 123, 108, 51, 50, 130, 97, 146, 73, 144, 182], [30, 103, 174, 156, 195, 191, 113, 89, 185, 23, 183, 159, 106, 11], [54, 179, 85, 165, 163, 148, 92, 33, 53, 115, 91, 140, 157], [105, 137, 186, 139, 173, 20, 164, 56, 39, 109, 81, 17, 151], [188, 116, 197, 141, 101, 28, 64, 172, 122, 154, 58, 128, 7, 150, 77, 76], [127, 149, 170, 99, 98, 29, 37, 142, 143, 184, 136, 196], [95, 112, 66, 41, 90, 135, 110, 57, 10, 102, 46, 45], [61, 120, 68, 190, 74, 49, 161, 31, 131, 52, 134, 26, 168], [55, 44, 160, 43, 198, 94, 83, 132, 88, 19, 70, 35, 12], [2, 78, 9, 22, 126, 69, 169, 147, 124, 176], [138, 155, 193, 153, 13, 199, 16, 133, 38, 1], [180, 118, 111, 72, 75, 145, 86, 117, 114, 129, 34, 60], [40, 158, 152, 125, 119, 100, 32, 63, 15, 82], [162, 177, 36, 4, 62, 18, 65, 87, 47, 121, 71], [67, 25, 181, 194, 3, 80, 27, 171, 79, 192], [6, 178, 14, 187, 24, 96, 175, 48]]",false
223,24884,4346,2-opt,CMT5.vrp,"[[59, 166, 21, 93, 42, 104, 107, 189, 84, 8, 167], [5, 123, 108, 51, 50, 130, 97, 146, 73, 144, 182], [30, 103, 174, 156, 195, 191, 113, 89, 185, 23, 183, 159, 106, 11], [54, 179, 85, 165, 163, 148, 92, 33, 53, 115, 91, 140, 157], [105, 137, 186, 139, 173, 20, 164, 56, 39, 109, 81, 17, 151], [188, 116, 197, 141, 101, 28, 64, 172, 122, 154, 58, 128, 7, 150, 77, 76], [127, 149, 170, 99, 98, 29, 37, 142, 143, 184, 136, 196], [95, 112, 66, 41, 90, 135, 110, 57, 10, 102, 46, 45], [61, 120, 68, 190, 74, 49, 161, 31, 131, 52, 134, 26, 168], [55, 35, 70, 19, 83, 132, 88, 94, 198, 43, 160, 44, 12], [2, 78, 9, 22, 126, 69, 169, 147, 124, 176], [138, 155, 193, 153, 13, 199, 16, 133, 38, 1], [180, 118, 111, 72, 75, 145, 86, 117, 114, 129, 34, 60], [40, 158, 152, 125, 119, 100, 32, 63, 15, 82], [162, 177, 36, 4, 62, 18, 65, 87, 47, 121, 71], [67, 25, 181, 194, 3, 80, 27, 171, 79, 192], [6, 178, 14, 187, 24, 96, 175, 48]]",false
224,24962,4329,2-opt,CMT5.vrp,"[[59, 166, 21, 93, 42, 104, 107, 189, 84, 8, 167], [5, 123, 108, 51, 50, 130, 97, 146, 73, 144, 182], [30, 103, 174, 156, 195, 191, 113, 89, 185, 23, 183, 159, 106, 11], [54, 179, 85, 165, 163, 148, 92, 33, 53, 115, 91, 140, 157], [105, 137, 186, 139, 173, 20, 164, 56, 39, 109, 81, 17, 151], [188, 116, 197, 141, 101, 28, 64, 172, 122, 154, 58, 128, 7, 150, 77, 76], [127, 149, 170, 99, 98, 29, 37, 142, 143, 184, 136, 196], [95, 112, 66, 41, 90, 135, 110, 57, 10, 102, 46, 45], [61, 120, 68, 190, 74, 49, 161, 31, 131, 52, 134, 26, 168], [160, 43, 198, 94, 88, 132, 83, 19, 70, 35, 55, 44, 12], [2, 78, 9, 22, 126, 69, 169, 147, 124, 176], [138, 155, 193, 153, 13, 199, 16, 133, 38, 1], [180, 118, 111, 72, 75, 145, 86, 117, 114, 129, 34, 60], [40, 158, 152, 125, 119, 100, 32, 63, 15, 82], [162, 177, 36, 4, 62, 18, 65, 87, 47, 121, 71], [67, 25, 181, 194, 3, 80, 27, 171, 79, 192], [6, 178, 14, 187, 24, 96, 175, 48]]",false
225,25019,4319,2-opt,CMT5.vrp,"[[59, 166, 21, 93, 42, 104, 107, 189, 84, 8, 167], [5, 123, 108, 51, 50, 130, 97, 146, 73, 144, 182], [30, 103, 174, 156, 195, 191, 113, 89, 185, 23, 183, 159, 106, 11], [54, 179, 85, 165, 163, 148, 92, 33, 53, 115, 91, 140, 157], [105, 137, 186, 139, 173, 20, 164, 56, 39, 109, 81, 17, 151], [188, 116, 197, 141, 101, 28, 64, 172, 122, 154, 58, 128, 7, 150, 77, 76], [127, 149, 170, 99, 98, 29, 37, 142, 143, 184, 136, 196], [95, 112, 66, 41, 90, 135, 110, 57, 10, 102, 46, 45], [61, 120, 68, 190, 74, 49, 161, 31, 131, 52, 134, 26, 168], [55, 44, 160, 43, 198, 94, 88, 132, 83, 19, 70, 35, 12], [2, 78, 9, 22, 126, 69, 169, 147, 124, 176], [138, 155, 193, 153, 13, 199, 16, 133, 38, 1], [180, 118, 111, 72, 75, 145, 86, 117, 114, 129, 34, 60], [40, 158, 152, 125, 119, 100, 32, 63, 15, 82], [162, 177, 36, 4, 62, 18, 65, 87, 47, 121, 71], [67, 25, 181, 194, 3, 80, 27, 171, 79, 192], [6, 178, 14, 187, 24, 96, 175, 48]]",false
226,25118,4319,2-opt,CMT5.vrp,"[[59, 166, 21, 93, 42, 104, 107, 189, 84, 8, 167], [5, 123, 108, 51, 50, 130, 97, 146, 73, 144, 182], [30, 103, 174, 156, 195, 191, 113, 89, 185, 23, 183, 159, 106, 11], [54, 179, 85, 165, 163, 148, 92, 33, 53, 115, 91, 140, 157], [105, 137, 186, 139, 173, 20, 164, 56, 39, 109, 81, 17, 151], [188, 116, 197, 141, 101, 28, 64, 172, 122, 154, 58, 128, 7, 150, 77, 76], [127, 149, 170, 99, 98, 29, 37, 142, 143, 184, 136, 196], [95, 112, 66, 41, 90, 135, 110, 57, 10, 102, 46, 45], [61, 120, 68, 190, 74, 49, 161, 31, 131, 52, 134, 26, 168], [44, 55, 160, 43, 198, 94, 88, 132, 83, 19, 70, 35, 12], [2, 78, 9, 22, 126, 69, 169, 147, 124, 176], [138, 155, 193, 153, 13, 199, 16, 133, 38, 1], [180, 118, 111, 72, 75, 145, 86, 117, 114, 129, 34, 60], [40, 158, 152, 125, 119, 100, 32, 63, 15, 82], [162, 177, 36, 4, 62, 18, 65, 87, 47, 121, 71], [67, 25, 181, 194, 3, 80, 27, 171, 79, 192], [6, 178, 14, 187, 24, 96, 175, 48]]",false
227,25178,4317,2-opt,CMT5.vrp,"[[59, 166, 21, 93, 42, 104, 107, 189, 84, 8, 167], [5, 123, 108, 51, 50, 130, 97, 146, 73, 144, 182], [30, 103, 174, 156, 195, 191, 113, 89, 185, 23, 183, 159, 106, 11], [54, 179, 85, 165, 163, 148, 92, 33, 53, 115, 91, 140, 157], [105, 137, 186, 139, 173, 20, 164, 56, 39, 109, 81, 17, 151], [188, 116, 197, 141, 101, 28, 64, 172, 122, 154, 58, 128, 7, 150, 77, 76], [127, 149, 170, 99, 98, 29, 37, 142, 143, 184, 136, 196], [95, 112, 66, 41, 90, 135, 110, 57, 10, 102, 46, 45], [61, 120, 68, 190, 74, 49, 161, 31, 131, 52, 134, 26, 168], [55, 44, 12, 35, 70, 19, 83, 132, 88, 94, 198, 43, 160], [2, 78, 9, 22, 126, 69, 169, 147, 124, 176], [138, 155, 193, 153, 13, 199, 16, 133, 38, 1], [180, 118, 111, 72, 75, 145, 86, 117, 114, 129, 34, 60], [40, 158, 152, 125, 119, 100, 32, 63, 15, 82], [162, 177, 36, 4, 62, 18, 65, 87, 47, 121, 71], [67, 25, 181, 194, 3, 80, 27, 171, 79, 192], [6, 178, 14, 187, 24, 96, 175, 48]]",false
228,25250,4294,2-opt,CMT5.vrp,"[[59, 166, 21, 93, 42, 104, 107, 189, 84, 8, 167], [5, 123, 108, 51, 50, 130, 97, 146, 73, 144, 182], [30, 103, 174, 156, 195, 191, 113, 89, 185, 23, 183, 159, 106, 11], [54, 179, 85, 165, 163, 148, 92, 33, 53, 115, 91, 140, 157], [105, 137, 186, 139, 173, 20, 164, 56, 39, 109, 81, 17, 151], [188, 116, 197, 141, 101, 28, 64, 172, 122, 154, 58, 128, 7, 150, 77, 76], [127, 149, 170, 99, 98, 29, 37, 142, 143, 184, 136, 196], [95, 112, 66, 41, 90, 135, 110, 57, 10, 102, 46, 45], [61, 120, 68, 190, 74, 49, 161, 31, 131, 52, 134, 26, 168], [55, 44, 160, 43, 198, 94, 88, 83, 132, 19, 70, 35, 12], [2, 78, 9, 22, 126, 69, 169, 147, 124, 176], [138, 155, 193, 153, 13, 199, 16, 133, 38, 1], [180, 118, 111, 72, 75, 145, 86, 117, 114, 129, 34, 60], [40, 158, 152, 125, 119, 100, 32, 63, 15, 82], [162, 177, 36, 4, 62, 18, 65, 87, 47, 121, 71], [67, 25, 181, 194, 3, 80, 27, 171, 79, 192], [6, 178, 14, 187, 24, 96, 175, 48]]",false
229,25305,4294,2-opt,CMT5.vrp,"[[59, 166, 21, 93, 42, 104, 107, 189, 84, 8, 167], [5, 123, 108, 51, 50, 130, 97, 146, 73, 144, 182], [30, 103, 174, 156, 195, 191, 113, 89, 185, 23, 183, 159, 106, 11], [54, 179, 85, 165, 163, 148, 92, 33, 53, 115, 91, 140, 157], [105, 137, 186, 139, 173, 20, 164, 56, 39, 109, 81, 17, 151], [188, 116, 197, 141, 101, 28, 64, 172, 122, 154, 58, 128, 7, 150, 77, 76], [127, 149, 170, 99, 98, 29, 37, 142, 143, 184, 136, 196], [95, 112, 66, 41, 90, 135, 110, 57, 10, 102, 46, 45], [61, 120, 68, 190, 74, 49, 161, 31, 131, 52, 134, 26, 168], [44, 55, 160, 43, 198, 94, 88, 83, 132, 19, 70, 35, 12], [2, 78, 9, 22, 126, 69, 169, 147, 124, 176], [138, 155, 193, 153, 13, 199, 16, 133, 38, 1], [180, 118, 111, 72, 75, 145, 86, 117, 114, 129, 34, 60], [40, 158, 152, 125, 119, 100, 32, 63, 15, 82], [162, 177, 36, 4, 62, 18, 65, 87, 47, 121, 71], [67, 25, 181, 194, 3, 80, 27, 171, 79, 192], [6, 178, 14, 187, 24, 96, 175, 48]]",false
230,25371,4293,2-opt,CMT5.vrp,"[[59, 166, 21, 93, 42, 104, 107, 189, 84, 8, 167], [5, 123, 108, 51, 50, 130, 97, 146, 73, 144, 182], [30, 103, 174, 156, 195, 191, 113, 89, 185, 23, 183, 159, 106, 11], [54, 179, 85, 165, 163, 148, 92, 33, 53, 115, 91, 140, 157], [105, 137, 186, 139, 173, 20, 164, 56, 39, 109, 81, 17, 151], [188, 116, 197, 141, 101, 28, 64, 172, 122, 154, 58, 128, 7, 150, 77, 76], [127, 149, 170, 99, 98, 29, 37, 142, 143, 184, 136, 196], [95, 112, 66, 41, 90, 135, 110, 57, 10, 102, 46, 45], [61, 120, 68, 190, 74, 49, 161, 31, 131, 52, 134, 26, 168], [55, 44, 12, 35, 70, 19, 132, 83, 88, 94, 198, 43, 160], [2, 78, 9, 22, 126, 69, 169, 147, 124, 176], [138, 155, 193, 153, 13, 199, 16, 133, 38, 1], [180, 118, 111, 72, 75, 145, 86, 117, 114, 129, 34, 60], [40, 158, 152, 125, 119, 100, 32, 63, 15, 82], [162, 177, 36, 4, 62, 18, 65, 87, 47, 121, 71], [67, 25, 181, 194, 3, 80, 27, 171, 79, 192], [6, 178, 14, 187, 24, 96, 175, 48]]",false
231,25434,4275,2-opt,CMT5.vrp,"[[59, 166, 21, 93, 42, 104, 107, 189, 84, 8, 167], [5, 123, 108, 51, 50, 130, 97, 146, 73, 144, 182], [30, 103, 174, 156, 195, 191, 113, 89, 185, 23, 183, 159, 106, 11], [54, 179, 85, 165, 163, 148, 92, 33, 53, 115, 91, 140, 157], [105, 137, 186, 139, 173, 20, 164, 56, 39, 109, 81, 17, 151], [188, 116, 197, 141, 101, 28, 64, 172, 122, 154, 58, 128, 7, 150, 77, 76], [127, 149, 170, 99, 98, 29, 37, 142, 143, 184, 136, 196], [95, 112, 66, 41, 90, 135, 110, 57, 10, 102, 46, 45], [61, 120, 68, 190, 74, 49, 161, 31, 131, 52, 134, 26, 168], [55, 44, 160, 43, 198, 94, 88, 83, 70, 19, 132, 35, 12], [2, 78, 9, 22, 126, 69, 169, 147, 124, 176], [138, 155, 193, 153, 13, 199, 16, 133, 38, 1], [180, 118, 111, 72, 75, 145, 86, 117, 114, 129, 34, 60], [40, 158, 152, 125, 119, 100, 32, 63, 15, 82], [162, 177, 36, 4, 62, 18, 65, 87, 47, 121, 71], [67, 25, 181, 194, 3, 80, 27, 171, 79, 192], [6, 178, 14, 187, 24, 96, 175, 48]]",false
232,25478,4275,2-opt,CMT5.vrp,"[[59, 166, 21, 93, 42, 104, 107, 189, 84, 8, 167], [5, 123, 108, 51, 50, 130, 97, 146, 73, 144, 182], [30, 103, 174, 156, 195, 191, 113, 89, 185, 23, 183, 159, 106, 11], [54, 179, 85, 165, 163, 148, 92, 33, 53, 115, 91, 140, 157], [105, 137, 186, 139, 173, 20, 164, 56, 39, 109, 81, 17, 151], [188, 116, 197, 141, 101, 28, 64, 172, 122, 154, 58, 128, 7, 150, 77, 76], [127, 149, 170, 99, 98, 29, 37, 142, 143, 184, 136, 196], [95, 112, 66, 41, 90, 135, 110, 57, 10, 102, 46, 45], [61, 120, 68, 190, 74, 49, 161, 31, 131, 52, 134, 26, 168], [44, 55, 160, 43, 198, 94, 88, 83, 70, 19, 132, 35, 12], [2, 78, 9, 22, 126, 69, 169, 147, 124, 176], [138, 155, 193, 153, 13, 199, 16, 133, 38, 1], [180, 118, 111, 72, 75, 145, 86, 117, 114, 129, 34, 60], [40, 158, 152, 125, 119, 100, 32, 63, 15, 82], [162, 177, 36, 4, 62, 18, 65, 87, 47, 121, 71], [67, 25, 181, 194, 3, 80, 27, 171, 79, 192], [6, 178, 14, 187, 24, 96, 175, 48]]",false
233,25536,4273,2-opt,CMT5.vrp,"[[59, 166, 21, 93, 42, 104, 107, 189, 84, 8, 167], [5, 123, 108, 51, 50, 130, 97, 146, 73, 144, 182], [30, 103, 174, 156, 195, 191, 113, 89, 185, 23, 183, 159, 106, 11], [54, 179, 85, 165, 163, 148, 92, 33, 53, 115, 91, 140, 157], [105, 137, 186, 139, 173, 20, 164, 56, 39, 109, 81, 17, 151], [188, 116, 197, 141, 101, 28, 64, 172, 122, 154, 58, 128, 7, 150, 77, 76], [127, 149, 170, 99, 98, 29, 37, 142, 143, 184, 136, 196], [95, 112, 66, 41, 90, 135, 110, 57, 10, 102, 46, 45], [61, 120, 68, 190, 74, 49, 161, 31, 131, 52, 134, 26, 168], [55, 44, 12, 35, 132, 19, 70, 83, 88, 94, 198, 43, 160], [2, 78, 9, 22, 126, 69, 169, 147, 124, 176], [138, 155, 193, 153, 13, 199, 16, 133, 38, 1], [180, 118, 111, 72, 75, 145, 86, 117, 114, 129, 34, 60], [40, 158, 152, 125, 119, 100, 32, 63, 15, 82], [162, 177, 36, 4, 62, 18, 65, 87, 47, 121, 71], [67, 25, 181, 194, 3, 80, 27, 171, 79, 192], [6, 178, 14, 187, 24, 96, 175, 48]]",false
234,25610,4270,2-opt,CMT5.vrp,"[[59, 166, 21, 93, 42, 104, 107, 189, 84, 8, 167], [5, 123, 108, 51, 50, 130, 97, 146, 73, 144, 182], [30, 103, 174, 156, 195, 191, 113, 89, 185, 23, 183, 159, 106, 11], [54, 179, 85, 165, 163, 148, 92, 33, 53, 115, 91, 140, 157], [105, 137, 186, 139, 173, 20, 164, 56, 39, 109, 81, 17, 151], [188, 116, 197, 141, 101, 28, 64, 172, 122, 154, 58, 128, 7, 150, 77, 76], [127, 149, 170, 99, 98, 29, 37, 142, 143, 184, 136, 196], [95, 112, 66, 41, 90, 135, 110, 57, 10, 102, 46, 45], [61, 120, 68, 190, 74, 49, 161, 31, 131, 52, 134, 26, 168], [55, 44, 160, 43, 198, 94, 88, 83, 70, 19, 35, 132, 12], [2, 78, 9, 22, 126, 69, 169, 147, 124, 176], [138, 155, 193, 153, 13, 199, 16, 133, 38, 1], [180, 118, 111, 72, 75, 145, 86, 117, 114, 129, 34, 60], [40, 158, 152, 125, 119, 100, 32, 63, 15, 82], [162, 177, 36, 4, 62, 18, 65, 87, 47, 121, 71], [67, 25, 181, 194, 3, 80, 27, 171, 79, 192], [6, 178, 14, 187, 24, 96, 175, 48]]",false
235,25656,4270,2-opt,CMT5.vrp,"[[59, 166, 21, 93, 42, 104, 107, 189, 84, 8, 167], [5, 123, 108, 51, 50, 130, 97, 146, 73, 144, 182], [30, 103, 174, 156, 195, 191, 113, 89, 185, 23, 183, 159, 106, 11], [54, 179, 85, 165, 163, 148, 92, 33, 53, 115, 91, 140, 157], [105, 137, 186, 139, 173, 20, 164, 56, 39, 109, 81, 17, 151], [188, 116, 197, 141, 101, 28, 64, 172, 122, 154, 58, 128, 7, 150, 77, 76], [127, 149, 170, 99, 98, 29, 37, 142, 143, 184, 136, 196], [95, 112, 66, 41, 90, 135, 110, 57, 10, 102, 46, 45], [61, 120, 68, 190, 74, 49, 161, 31, 131, 52, 134, 26, 168], [44, 55, 160, 43, 198, 94, 88, 83, 70, 19, 35, 132, 12], [2, 78, 9, 22, 126, 69, 169, 147, 124, 176], [138, 155, 193, 153, 13, 199, 16, 133, 38, 1], [180, 118, 111, 72, 75, 145, 86, 117, 114, 129, 34, 60], [40, 158, 152, 125, 119, 100, 32, 63, 15, 82], [162, 177, 36, 4, 62, 18, 65, 87, 47, 121, 71], [67, 25, 181, 194, 3, 80, 27, 171, 79, 192], [6, 178, 14, 187, 24, 96, 175, 48]]",false
236,25722,4269,2-opt,CMT5.vrp,"[[59, 166, 21, 93, 42, 104, 107, 189, 84, 8, 167], [5, 123, 108, 51, 50, 130, 97, 146, 73, 144, 182], [30, 103, 174, 156, 195, 191, 113, 89, 185, 23, 183, 159, 106, 11], [54, 179, 85, 165, 163, 148, 92, 33, 53, 115, 91, 140, 157], [105, 137, 186, 139, 173, 20, 164, 56, 39, 109, 81, 17, 151], [188, 116, 197, 141, 101, 28, 64, 172, 122, 154, 58, 128, 7, 150, 77, 76], [127, 149, 170, 99, 98, 29, 37, 142, 143, 184, 136, 196], [95, 112, 66, 41, 90, 135, 110, 57, 10, 102, 46, 45], [61, 120, 68, 190, 74, 49, 161, 31, 131, 52, 134, 26, 168], [55, 44, 12, 132, 35, 19, 70, 83, 88, 94, 198, 43, 160], [2, 78, 9, 22, 126, 69, 169, 147, 124, 176], [138, 155, 193, 153, 13, 199, 16, 133, 38, 1], [180, 118, 111, 72, 75, 145, 86, 117, 114, 129, 34, 60], [40, 158, 152, 125, 119, 100, 32, 63, 15, 82], [162, 177, 36, 4, 62, 18, 65, 87, 47, 121, 71], [67, 25, 181, 194, 3, 80, 27, 171, 79, 192], [6, 178, 14, 187, 24, 96, 175, 48]]",false
237,25853,4266,2-opt,CMT5.vrp,"[[59, 166, 21, 93, 42, 104, 107, 189, 84, 8, 167], [5, 123, 108, 51, 50, 130, 97, 146, 73, 144, 182], [30, 103, 174, 156, 195, 191, 113, 89, 185, 23, 183, 159, 106, 11], [54, 179, 85, 165, 163, 148, 92, 33, 53, 115, 91, 140, 157], [105, 137, 186, 139, 173, 20, 164, 56, 39, 109, 81, 17, 151], [188, 116, 197, 141, 101, 28, 64, 172, 122, 154, 58, 128, 7, 150, 77, 76], [127, 149, 170, 99, 98, 29, 37, 142, 143, 184, 136, 196], [95, 112, 66, 41, 90, 135, 110, 57, 10, 102, 46, 45], [61, 120, 68, 190, 74, 49, 161, 31, 131, 52, 134, 26, 168], [55, 44, 12, 132, 35, 19, 70, 83, 88, 94, 160, 43, 198], [2, 78, 9, 22, 126, 69, 169, 147, 124, 176], [138, 155, 193, 153, 13, 199, 16, 133, 38, 1], [180, 118, 111, 72, 75, 145, 86, 117, 114, 129, 34, 60], [40, 158, 152, 125, 119, 100, 32, 63, 15, 82], [162, 177, 36, 4, 62, 18, 65, 87, 47, 121, 71], [67, 25, 181, 194, 3, 80, 27, 171, 79, 192], [6, 178, 14, 187, 24, 96, 175, 48]]",false
238,25951,4261,2-opt,CMT5.vrp,"[[59, 166, 21, 93, 42, 104, 107, 189, 84, 8, 167], [5, 123, 108, 51, 50, 130, 97, 146, 73, 144, 182], [30, 103, 174, 156, 195, 191, 113, 89, 185, 23, 183, 159, 106, 11], [54, 179, 85, 165, 163, 148, 92, 33, 53, 115, 91, 140, 157], [105, 137, 186, 139, 173, 20, 164, 56, 39, 109, 81, 17, 151], [188, 116, 197, 141, 101, 28, 64, 172, 122, 154, 58, 128, 7, 150, 77, 76], [127, 149, 170, 99, 98, 29, 37, 142, 143, 184, 136, 196], [95, 112, 66, 41, 90, 135, 110, 57, 10, 102, 46, 45], [61, 120, 68, 190, 74, 49, 161, 31, 131, 52, 134, 26, 168], [55, 44, 12, 132, 35, 19, 70, 83, 88, 94, 43, 160, 198], [2, 78, 9, 22, 126, 69, 169, 147, 124, 176], [138, 155, 193, 153, 13, 199, 16, 133, 38, 1], [180, 118, 111, 72, 75, 145, 86, 117, 114, 129, 34, 60], [40, 158, 152, 125, 119, 100, 32, 63, 15, 82], [162, 177, 36, 4, 62, 18, 65, 87, 47, 121, 71], [67, 25, 181, 194, 3, 80, 27, 171, 79, 192], [6, 178, 14, 187, 24, 96, 175, 48]]",false
239,26074,4248,2-opt,CMT5.vrp,"[[59, 166, 21, 93, 42, 104, 107, 189, 84, 8, 167], [5, 123, 108, 51, 50, 130, 97, 146, 73, 144, 182], [30, 103, 174, 156, 195, 191, 113, 89, 185, 23, 183, 159, 106, 11], [54, 179, 85, 165, 163, 148, 92, 33, 53, 115, 91, 140, 157], [105, 137, 186, 139, 173, 20, 164, 56, 39, 109, 81, 17, 151], [188, 116, 197, 141, 101, 28, 64, 172, 122, 154, 58, 128, 7, 150, 77, 76], [127, 149, 170, 99, 98, 29, 37, 142, 143, 184, 136, 196], [95, 112, 66, 41, 90, 135, 110, 57, 10, 102, 46, 45], [61, 120, 68, 190, 74, 49, 161, 31, 131, 52, 134, 26, 168], [55, 44, 12, 132, 35, 19, 70, 83, 88, 94, 43, 160, 198], [9, 78, 2, 22, 126, 69, 169, 147, 124, 176], [138, 155, 193, 153, 13, 199, 16, 133, 38, 1], [180, 118, 111, 72, 75, 145, 86, 117, 114, 129, 34, 60], [40, 158, 152, 125, 119, 100, 32, 63, 15, 82], [162, 177, 36, 4, 62, 18, 65, 87, 47, 121, 71], [67, 25, 181, 194, 3, 80, 27, 171, 79, 192], [6, 178, 14, 187, 24, 96, 175, 48]]",false
240,26122,4242,2-opt,CMT5.vrp,"[[59, 166, 21, 93, 42, 104, 107, 189, 84, 8, 167], [5, 123, 108, 51, 50, 130, 97, 146, 73, 144, 182], [30, 103, 174, 156, 195, 191, 113, 89, 185, 23, 183, 159, 106, 11], [54, 179, 85, 165, 163, 148, 92, 33, 53, 115, 91, 140, 157], [105, 137, 186, 139, 173, 20, 164, 56, 39, 109, 81, 17, 151], [188, 116, 197, 141, 101, 28, 64, 172, 122, 154, 58, 128, 7, 150, 77, 76], [127, 149, 170, 99, 98, 29, 37, 142, 143, 184, 136, 196], [95, 112, 66, 41, 90, 135, 110, 57, 10, 102, 46, 45], [61, 120, 68, 190, 74, 49, 161, 31, 131, 52, 134, 26, 168], [55, 44, 12, 132, 35, 19, 70, 83, 88, 94, 43, 160, 198], [2, 22, 9, 78, 126, 69, 169, 147, 124, 176], [138, 155, 193, 153, 13, 199, 16, 133, 38, 1], [180, 118, 111, 72, 75, 145, 86, 117, 114, 129, 34, 60], [40, 158, 152, 125, 119, 100, 32, 63, 15, 82], [162, 177, 36, 4, 62, 18, 65, 87, 47, 121, 71], [67, 25, 181, 194, 3, 80, 27, 171, 79, 192], [6, 178, 14, 187, 24, 96, 175, 48]]",false
241,26157,4225,2-opt,CMT5.vrp,"[[59, 166, 21, 93, 42, 104, 107, 189, 84, 8, 167], [5, 123, 108, 51, 50, 130, 97, 146, 73, 144, 182], [30, 103, 174, 156, 195, 191, 113, 89, 185, 23, 183, 159, 106, 11], [54, 179, 85, 165, 163, 148, 92, 33, 53, 115, 91, 140, 157], [105, 137, 186, 139, 173, 20, 164, 56, 39, 109, 81, 17, 151], [188, 116, 197, 141, 101, 28, 64, 172, 122, 154, 58, 128, 7, 150, 77, 76], [127, 149, 170, 99, 98, 29, 37, 142, 143, 184, 136, 196], [95, 112, 66, 41, 90, 135, 110, 57, 10, 102, 46, 45], [61, 120, 68, 190, 74, 49, 161, 31, 131, 52, 134, 26, 168], [55, 44, 12, 132, 35, 19, 70, 83, 88, 94, 43, 160, 198], [2, 126, 22, 9, 78, 69, 169, 147, 124, 176], [138, 155, 193, 153, 13, 199, 16, 133, 38, 1], [180, 118, 111, 72, 75, 145, 86, 117, 114, 129, 34, 60], [40, 158, 152, 125, 119, 100, 32, 63, 15, 82], [162, 177, 36, 4, 62, 18, 65, 87, 47, 121, 71], [67, 25, 181, 194, 3, 80, 27, 171, 79, 192], [6, 178, 14, 187, 24, 96, 175, 48]]",false
242,26205,4208,2-opt,CMT5.vrp,"[[59, 166, 21, 93, 42, 104, 107, 189, 84, 8, 167], [5, 123, 108, 51, 50, 130, 97, 146, 73, 144, 182], [30, 103, 174, 156, 195, 191, 113, 89, 185, 23, 183, 159, 106, 11], [54, 179, 85, 165, 163, 148, 92, 33, 53, 115, 91, 140, 157], [105, 137, 186, 139, 173, 20, 164, 56, 39, 109, 81, 17, 151], [188, 116, 197, 141, 101, 28, 64, 172, 122, 154, 58, 128, 7, 150, 77, 76], [127, 149, 170, 99, 98, 29, 37, 142, 143, 184, 136, 196], [95, 112, 66, 41, 90, 135, 110, 57, 10, 102, 46, 45], [61, 120, 68, 190, 74, 49, 161, 31, 131, 52, 134, 26, 168], [55, 44, 12, 132, 35, 19, 70, 83, 88, 94, 43, 160, 198], [2, 78, 9, 147, 169, 69, 126, 22, 124, 176], [138, 155, 193, 153, 13, 199, 16, 133, 38, 1], [180, 118, 111, 72, 75, 145, 86, 117, 114, 129, 34, 60], [40, 158, 152, 125, 119, 100, 32, 63, 15, 82], [162, 177, 36, 4, 62, 18, 65, 87, 47, 121, 71], [67, 25, 181, 194, 3, 80, 27, 171, 79, 192], [6, 178, 14, 187, 24, 96, 175, 48]]",false
243,26260,4192,2-opt,CMT5.vrp,"[[59, 166, 21, 93, 42, 104, 107, 189, 84, 8, 167], [5, 123, 108, 51, 50, 130, 97, 146, 73, 144, 182], [30, 103, 174, 156, 195, 191, 113, 89, 185, 23, 183, 159, 106, 11], [54, 179, 85, 165, 163, 148, 92, 33, 53, 115, 91, 140, 157], [105, 137, 186, 139, 173, 20, 164, 56, 39, 109, 81, 17, 151], [188, 116, 197, 141, 101, 28, 64, 172, 122, 154, 58, 128, 7, 150, 77, 76], [127, 149, 170, 99, 98, 29, 37, 142, 143, 184, 136, 196], [95, 112, 66, 41, 90, 135, 110, 57, 10, 102, 46, 45], [61, 120, 68, 190, 74, 49, 161, 31, 131, 52, 134, 26, 168], [55, 44, 12, 132, 35, 19, 70, 83, 88, 94, 43, 160, 198], [126, 69, 169, 147, 9, 78, 2, 22, 124, 176], [138, 155, 193, 153, 13, 199, 16, 133, 38, 1], [180, 118, 111, 72, 75, 145, 86, 117, 114, 129, 34, 60], [40, 158, 152, 125, 119, 100, 32, 63, 15, 82], [162, 177, 36, 4, 62, 18, 65, 87, 47, 121, 71], [67, 25, 181, 194, 3, 80, 27, 171, 79, 192], [6, 178, 14, 187, 24, 96, 175, 48]]",false
244,26315,4182,2-opt,CMT5.vrp,"[[59, 166, 21, 93, 42, 104, 107, 189, 84, 8, 167], [5, 123, 108, 51, 50, 130, 97, 146, 73, 144, 182], [30, 103, 174, 156, 195, 191, 113, 89, 185, 23, 183, 159, 106, 11], [54, 179, 85, 165, 163, 148, 92, 33, 53, 115, 91, 140, 157], [105, 137, 186, 139, 173, 20, 164, 56, 39, 109, 81, 17, 151], [188, 116, 197, 141, 101, 28, 64, 172, 122, 154, 58, 128, 7, 150, 77, 76], [127, 149, 170, 99, 98, 29, 37, 142, 143, 184, 136, 196], [95, 112, 66, 41, 90, 135, 110, 57, 10, 102, 46, 45], [61, 120, 68, 190, 74, 49, 161, 31, 131, 52, 134, 26, 168], [55, 44, 12, 132, 35, 19, 70, 83, 88, 94, 43, 160, 198], [2, 22, 126, 69, 169, 147, 9, 78, 124, 176], [138, 155, 193, 153, 13, 199, 16, 133, 38, 1], [180, 118, 111, 72, 75, 145, 86, 117, 114, 129, 34, 60], [40, 158, 152, 125, 119, 100, 32, 63, 15, 82], [162, 177, 36, 4, 62, 18, 65, 87, 47, 121, 71], [67, 25, 181, 194, 3, 80, 27, 171, 79, 192], [6, 178, 14, 187, 24, 96, 175, 48]]",false
245,26363,4177,2-opt,CMT5.vrp,"[[59, 166, 21, 93, 42, 104, 107, 189, 84, 8, 167], [5, 123, 108, 51, 50, 130, 97, 146, 73, 144, 182], [30, 103, 174, 156, 195, 191, 113, 89, 185, 23, 183, 159, 106, 11], [54, 179, 85, 165, 163, 148, 92, 33, 53, 115, 91, 140, 157], [105, 137, 186, 139, 173, 20, 164, 56, 39, 109, 81, 17, 151], [188, 116, 197, 141, 101, 28, 64, 172, 122, 154, 58, 128, 7, 150, 77, 76], [127, 149, 170, 99, 98, 29, 37, 142, 143, 184, 136, 196], [95, 112, 66, 41, 90, 135, 110, 57, 10, 102, 46, 45], [61, 120, 68, 190, 74, 49, 161, 31, 131, 52, 134, 26, 168], [55, 44, 12, 132, 35, 19, 70, 83, 88, 94, 43, 160, 198], [2, 78, 69, 169, 147, 9, 126, 22, 124, 176], [138, 155, 193, 153, 13, 199, 16, 133, 38, 1], [180, 118, 111, 72, 75, 145, 86, 117, 114, 129, 34, 60], [40, 158, 152, 125, 119, 100, 32, 63, 15, 82], [162, 177, 36, 4, 62, 18, 65, 87, 47, 121, 71], [67, 25, 181, 194, 3, 80, 27, 171, 79, 192], [6, 178, 14, 187, 24, 96, 175, 48]]",false
246,26420,4161,2-opt,CMT5.vrp,"[[59, 166, 21, 93, 42, 104, 107, 189, 84, 8, 167], [5, 123, 108, 51, 50, 130, 97, 146, 73, 144, 182], [30, 103, 174, 156, 195, 191, 113, 89, 185, 23, 183, 159, 106, 11], [54, 179, 85, 165, 163, 148, 92, 33, 53, 115, 91, 140, 157], [105, 137, 186, 139, 173, 20, 164, 56, 39, 109, 81, 17, 151], [188, 116, 197, 141, 101, 28, 64, 172, 122, 154, 58, 128, 7, 150, 77, 76], [127, 149, 170, 99, 98, 29, 37, 142, 143, 184, 136, 196], [95, 112, 66, 41, 90, 135, 110, 57, 10, 102, 46, 45], [61, 120, 68, 190, 74, 49, 161, 31, 131, 52, 134, 26, 168], [55, 44, 12, 132, 35, 19, 70, 83, 88, 94, 43, 160, 198], [126, 9, 147, 169, 69, 78, 2, 22, 124, 176], [138, 155, 193, 153, 13, 199, 16, 133, 38, 1], [180, 118, 111, 72, 75, 145, 86, 117, 114, 129, 34, 60], [40, 158, 152, 125, 119, 100, 32, 63, 15, 82], [162, 177, 36, 4, 62, 18, 65, 87, 47, 121, 71], [67, 25, 181, 194, 3, 80, 27, 171, 79, 192], [6, 178, 14, 187, 24, 96, 175, 48]]",false
247,26463,4151,2-opt,CMT5.vrp,"[[59, 166, 21, 93, 42, 104, 107, 189, 84, 8, 167], [5, 123, 108, 51, 50, 130, 97, 146, 73, 144, 182], [30, 103, 174, 156, 195, 191, 113, 89, 185, 23, 183, 159, 106, 11], [54, 179, 85, 165, 163, 148, 92, 33, 53, 115, 91, 140, 157], [105, 137, 186, 139, 173, 20, 164, 56, 39, 109, 81, 17, 151], [188, 116, 197, 141, 101, 28, 64, 172, 122, 154, 58, 128, 7, 150, 77, 76], [127, 149, 170, 99, 98, 29, 37, 142, 143, 184, 136, 196], [95, 112, 66, 41, 90, 135, 110, 57, 10, 102, 46, 45], [61, 120, 68, 190, 74, 49, 161, 31, 131, 52, 134, 26, 168], [55, 44, 12, 132, 35, 19, 70, 83, 88, 94, 43, 160, 198], [2, 22, 126, 9, 147, 169, 69, 78, 124, 176], [138, 155, 193, 153, 13, 199, 16, 133, 38, 1], [180, 118, 111, 72, 75, 145, 86, 117, 114, 129, 34, 60], [40, 158, 152, 125, 119, 100, 32, 63, 15, 82], [162, 177, 36, 4, 62, 18, 65, 87, 47, 121, 71], [67, 25, 181, 194, 3, 80, 27, 171, 79, 192], [6, 178, 14, 187, 24, 96, 175, 48]]",false
248,26532,4148,2-opt,CMT5.vrp,"[[59, 166, 21, 93, 42, 104, 107, 189, 84, 8, 167], [5, 123, 108, 51, 50, 130, 97, 146, 73, 144, 182], [30, 103, 174, 156, 195, 191, 113, 89, 185, 23, 183, 159, 106, 11], [54, 179, 85, 165, 163, 148, 92, 33, 53, 115, 91, 140, 157], [105, 137, 186, 139, 173, 20, 164, 56, 39, 109, 81, 17, 151], [188, 116, 197, 141, 101, 28, 64, 172, 122, 154, 58, 128, 7, 150, 77, 76], [127, 149, 170, 99, 98, 29, 37, 142, 143, 184, 136, 196], [95, 112, 66, 41, 90, 135, 110, 57, 10, 102, 46, 45], [61, 120, 68, 190, 74, 49, 161, 31, 131, 52, 134, 26, 168], [55, 44, 12, 132, 35, 19, 70, 83, 88, 94, 43, 160, 198], [2, 22, 176, 124, 78, 69, 169, 147, 9, 126], [138, 155, 193, 153, 13, 199, 16, 133, 38, 1], [180, 118, 111, 72, 75, 145, 86, 117, 114, 129, 34, 60], [40, 158, 152, 125, 119, 100, 32, 63, 15, 82], [162, 177, 36, 4, 62, 18, 65, 87, 47, 121, 71], [67, 25, 181, 194, 3, 80, 27, 171, 79, 192], [6, 178, 14, 187, 24, 96, 175, 48]]",false
249,26576,4142,2-opt,CMT5.vrp,"[[59, 166, 21, 93, 42, 104, 107, 189, 84, 8, 167], [5, 123, 108, 51, 50, 130, 97, 146, 73, 144, 182], [30, 103, 174, 156, 195, 191, 113, 89, 185, 23, 183, 159, 106, 11], [54, 179, 85, 165, 163, 148, 92, 33, 53, 115, 91, 140, 157], [105, 137, 186, 139, 173, 20, 164, 56, 39, 109, 81, 17, 151], [188, 116, 197, 141, 101, 28, 64, 172, 122, 154, 58, 128, 7, 150, 77, 76], [127, 149, 170, 99, 98, 29, 37, 142, 143, 184, 136, 196], [95, 112, 66, 41, 90, 135, 110, 57, 10, 102, 46, 45], [61, 120, 68, 190, 74, 49, 161, 31, 131, 52, 134, 26, 168], [55, 44, 12, 132, 35, 19, 70, 83, 88, 94, 43, 160, 198], [2, 22, 126, 147, 9, 169, 69, 78, 124, 176], [138, 155, 193, 153, 13, 199, 16, 133, 38, 1], [180, 118, 111, 72, 75, 145, 86, 117, 114, 129, 34, 60], [40, 158, 152, 125, 119, 100, 32, 63, 15, 82], [162, 177, 36, 4, 62, 18, 65, 87, 47, 121, 71], [67, 25, 181, 194, 3, 80, 27, 171, 79, 192], [6, 178, 14, 187, 24, 96, 175, 48]]",false
250,26645,4140,2-opt,CMT5.vrp,"[[59, 166, 21, 93, 42, 104, 107, 189, 84, 8, 167], [5, 123, 108, 51, 50, 130, 97, 146, 73, 144, 182], [30, 103, 174, 156, 195, 191, 113, 89, 185, 23, 183, 159, 106, 11], [54, 179, 85, 165, 163, 148, 92, 33, 53, 115, 91, 140, 157], [105, 137, 186, 139, 173, 20, 164, 56, 39, 109, 81, 17, 151], [188, 116, 197, 141, 101, 28, 64, 172, 122, 154, 58, 128, 7, 150, 77, 76], [127, 149, 170, 99, 98, 29, 37, 142, 143, 184, 136, 196], [95, 112, 66, 41, 90, 135, 110, 57, 10, 102, 46, 45], [61, 120, 68, 190, 74, 49, 161, 31, 131, 52, 134, 26, 168], [55, 44, 12, 132, 35, 19, 70, 83, 88, 94, 43, 160, 198], [2, 22, 176, 124, 78, 69, 169, 9, 147, 126], [138, 155, 193, 153, 13, 199, 16, 133, 38, 1], [180, 118, 111, 72, 75, 145, 86, 117, 114, 129, 34, 60], [40, 158, 152, 125, 119, 100, 32, 63, 15, 82], [162, 177, 36, 4, 62, 18, 65, 87, 47, 121, 71], [67, 25, 181, 194, 3, 80, 27, 171, 79, 192], [6, 178, 14, 187, 24, 96, 175, 48]]",false
251,26696,4134,2-opt,CMT5.vrp,"[[59, 166, 21, 93, 42, 104, 107, 189, 84, 8, 167], [5, 123, 108, 51, 50, 130, 97, 146, 73, 144, 182], [30, 103, 174, 156, 195, 191, 113, 89, 185, 23, 183, 159, 106, 11], [54, 179, 85, 165, 163, 148, 92, 33, 53, 115, 91, 140, 157], [105, 137, 186, 139, 173, 20, 164, 56, 39, 109, 81, 17, 151], [188, 116, 197, 141, 101, 28, 64, 172, 122, 154, 58, 128, 7, 150, 77, 76], [127, 149, 170, 99, 98, 29, 37, 142, 143, 184, 136, 196], [95, 112, 66, 41, 90, 135, 110, 57, 10, 102, 46, 45], [61, 120, 68, 190, 74, 49, 161, 31, 131, 52, 134, 26, 168], [55, 44, 12, 132, 35, 19, 70, 83, 88, 94, 43, 160, 198], [2, 22, 126, 147, 9, 169, 69, 78, 176, 124], [138, 155, 193, 153, 13, 199, 16, 133, 38, 1], [180, 118, 111, 72, 75, 145, 86, 117, 114, 129, 34, 60], [40, 158, 152, 125, 119, 100, 32, 63, 15, 82], [162, 177, 36, 4, 62, 18, 65, 87, 47, 121, 71], [67, 25, 181, 194, 3, 80, 27, 171, 79, 192], [6, 178, 14, 187, 24, 96, 175, 48]]",false
252,26753,4117,2-opt,CMT5.vrp,"[[59, 166, 21, 93, 42, 104, 107, 189, 84, 8, 167], [5, 123, 108, 51, 50, 130, 97, 146, 73, 144, 182], [30, 103, 174, 156, 195, 191, 113, 89, 185, 23, 183, 159, 106, 11], [54, 179, 85, 165, 163, 148, 92, 33, 53, 115, 91, 140, 157], [105, 137, 186, 139, 173, 20, 164, 56, 39, 109, 81, 17, 151], [188, 116, 197, 141, 101, 28, 64, 172, 122, 154, 58, 128, 7, 150, 77, 76], [127, 149, 170, 99, 98, 29, 37, 142, 143, 184, 136, 196], [95, 112, 66, 41, 90, 135, 110, 57, 10, 102, 46, 45], [61, 120, 68, 190, 74, 49, 161, 31, 131, 52, 134, 26, 168], [55, 44, 12, 132, 35, 19, 70, 83, 88, 94, 43, 160, 198], [2, 22, 124, 176, 78, 69, 169, 9, 147, 126], [138, 155, 193, 153, 13, 199, 16, 133, 38, 1], [180, 118, 111, 72, 75, 145, 86, 117, 114, 129, 34, 60], [40, 158, 152, 125, 119, 100, 32, 63, 15, 82], [162, 177, 36, 4, 62, 18, 65, 87, 47, 121, 71], [67, 25, 181, 194, 3, 80, 27, 171, 79, 192], [6, 178, 14, 187, 24, 96, 175, 48]]",false
253,26834,4081,2-opt,CMT5.vrp,"[[59, 166, 21, 93, 42, 104, 107, 189, 84, 8, 167], [5, 123, 108, 51, 50, 130, 97, 146, 73, 144, 182], [30, 103, 174, 156, 195, 191, 113, 89, 185, 23, 183, 159, 106, 11], [54, 179, 85, 165, 163, 148, 92, 33, 53, 115, 91, 140, 157], [105, 137, 186, 139, 173, 20, 164, 56, 39, 109, 81, 17, 151], [188, 116, 197, 141, 101, 28, 64, 172, 122, 154, 58, 128, 7, 150, 77, 76], [127, 149, 170, 99, 98, 29, 37, 142, 143, 184, 136, 196], [95, 112, 66, 41, 90, 135, 110, 57, 10, 102, 46, 45], [61, 120, 68, 190, 74, 49, 161, 31, 131, 52, 134, 26, 168], [55, 44, 12, 132, 35, 19, 70, 83, 88, 94, 43, 160, 198], [2, 22, 124, 176, 78, 69, 169, 9, 147, 126], [193, 155, 138, 153, 13, 199, 16, 133, 38, 1], [180, 118, 111, 72, 75, 145, 86, 117, 114, 129, 34, 60], [40, 158, 152, 125, 119, 100, 32, 63, 15, 82], [162, 177, 36, 4, 62, 18, 65, 87, 47, 121, 71], [67, 25, 181, 194, 3, 80, 27, 171, 79, 192], [6, 178, 14, 187, 24, 96, 175, 48]]",false
254,26881,4076,2-opt,CMT5.vrp,"[[59, 166, 21, 93, 42, 104, 107, 189, 84, 8, 167], [5, 123, 108, 51, 50, 130, 97, 146, 73, 144, 182], [30, 103, 174, 156, 195, 191, 113, 89, 185, 23, 183, 159, 106, 11], [54, 179, 85, 165, 163, 148, 92, 33, 53, 115, 91, 140, 157], [105, 137, 186, 139, 173, 20, 164, 56, 39, 109, 81, 17, 151], [188, 116, 197, 141, 101, 28, 64, 172, 122, 154, 58, 128, 7, 150, 77, 76], [127, 149, 170, 99, 98, 29, 37, 142, 143, 184, 136, 196], [95, 112, 66, 41, 90, 135, 110, 57, 10, 102, 46, 45], [61, 120, 68, 190, 74, 49, 161, 31, 131, 52, 134, 26, 168], [55, 44, 12, 132, 35, 19, 70, 83, 88, 94, 43, 160, 198], [2, 22, 124, 176, 78, 69, 169, 9, 147, 126], [138, 155, 13, 153, 193, 199, 16, 133, 38, 1], [180, 118, 111, 72, 75, 145, 86, 117, 114, 129, 34, 60], [40, 158, 152, 125, 119, 100, 32, 63, 15, 82], [162, 177, 36, 4, 62, 18, 65, 87, 47, 121, 71], [67, 25, 181, 194, 3, 80, 27, 171, 79, 192], [6, 178, 14, 187, 24, 96, 175, 48]]",false
255,26926,4076,2-opt,CMT5.vrp,"[[59, 166, 21, 93, 42, 104, 107, 189, 84, 8, 167], [5, 123, 108, 51, 50, 130, 97, 146, 73, 144, 182], [30, 103, 174, 156, 195, 191, 113, 89, 185, 23, 183, 159, 106, 11], [54, 179, 85, 165, 163, 148, 92, 33, 53, 115, 91, 140, 157], [105, 137, 186, 139, 173, 20, 164, 56, 39, 109, 81, 17, 151], [188, 116, 197, 141, 101, 28, 64, 172, 122, 154, 58, 128, 7, 150, 77, 76], [127, 149, 170, 99, 98, 29, 37, 142, 143, 184, 136, 196], [95, 112, 66, 41, 90, 135, 110, 57, 10, 102, 46, 45], [61, 120, 68, 190, 74, 49, 161, 31, 131, 52, 134, 26, 168], [55, 44, 12, 132, 35, 19, 70, 83, 88, 94, 43, 160, 198], [2, 22, 124, 176, 78, 69, 169, 9, 147, 126], [138, 155, 193, 16, 199, 13, 153, 133, 38, 1], [180, 118, 111, 72, 75, 145, 86, 117, 114, 129, 34, 60], [40, 158, 152, 125, 119, 100, 32, 63, 15, 82], [162, 177, 36, 4, 62, 18, 65, 87, 47, 121, 71], [67, 25, 181, 194, 3, 80, 27, 171, 79, 192], [6, 178, 14, 187, 24, 96, 175, 48]]",false
256,26979,4059,2-opt,CMT5.vrp,"[[59, 166, 21, 93, 42, 104, 107, 189, 84, 8, 167], [5, 123, 108, 51, 50, 130, 97, 146, 73, 144, 182], [30, 103, 174, 156, 195, 191, 113, 89, 185, 23, 183, 159, 106, 11], [54, 179, 85, 165, 163, 148, 92, 33, 53, 115, 91, 140, 157], [105, 137, 186, 139, 173, 20, 164, 56, 39, 109, 81, 17, 151], [188, 116, 197, 141, 101, 28, 64, 172, 122, 154, 58, 128, 7, 150, 77, 76], [127, 149, 170, 99, 98, 29, 37, 142, 143, 184, 136, 196], [95, 112, 66, 41, 90, 135, 110, 57, 10, 102, 46, 45], [61, 120, 68, 190, 74, 49, 161, 31, 131, 52, 134, 26, 168], [55, 44, 12, 132, 35, 19, 70, 83, 88, 94, 43, 160, 198], [2, 22, 124, 176, 78, 69, 169, 9, 147, 126], [138, 155, 193, 153, 13, 38, 133, 16, 199, 1], [180, 118, 111, 72, 75, 145, 86, 117, 114, 129, 34, 60], [40, 158, 152, 125, 119, 100, 32, 63, 15, 82], [162, 177, 36, 4, 62, 18, 65, 87, 47, 121, 71], [67, 25, 181, 194, 3, 80, 27, 171, 79, 192], [6, 178, 14, 187, 24, 96, 175, 48]]",false
257,27027,4024,2-opt,CMT5.vrp,"[[59, 166, 21, 93, 42, 104, 107, 189, 84, 8, 167], [5, 123, 108, 51, 50, 130, 97, 146, 73, 144, 182], [30, 103, 174, 156, 195, 191, 113, 89, 185, 23, 183, 159, 106, 11], [54, 179, 85, 165, 163, 148, 92, 33, 53, 115, 91, 140, 157], [105, 137, 186, 139, 173, 20, 164, 56, 39, 109, 81, 17, 151], [188, 116, 197, 141, 101, 28, 64, 172, 122, 154, 58, 128, 7, 150, 77, 76], [127, 149, 170, 99, 98, 29, 37, 142, 143, 184, 136, 196], [95, 112, 66, 41, 90, 135, 110, 57, 10, 102, 46, 45], [61, 120, 68, 190, 74, 49, 161, 31, 131, 52, 134, 26, 168], [55, 44, 12, 132, 35, 19, 70, 83, 88, 94, 43, 160, 198], [2, 22, 124, 176, 78, 69, 169, 9, 147, 126], [193, 155, 138, 153, 13, 38, 133, 16, 199, 1], [180, 118, 111, 72, 75, 145, 86, 117, 114, 129, 34, 60], [40, 158, 152, 125, 119, 100, 32, 63, 15, 82], [162, 177, 36, 4, 62, 18, 65, 87, 47, 121, 71], [67, 25, 181, 194, 3, 80, 27, 171, 79, 192], [6, 178, 14, 187, 24, 96, 175, 48]]",false
258,27097,4010,2-opt,CMT5.vrp,"[[59, 166, 21, 93, 42, 104, 107, 189, 84, 8, 167], [5, 123, 108, 51, 50, 130, 97, 146, 73, 144, 182], [30, 103, 174, 156, 195, 191, 113, 89, 185, 23, 183, 159, 106, 11], [54, 179, 85, 165, 163, 148, 92, 33, 53, 115, 91, 140, 157], [105, 137, 186, 139, 173, 20, 164, 56, 39, 109, 81, 17, 151], [188, 116, 197, 141, 101, 28, 64, 172, 122, 154, 58, 128, 7, 150, 77, 76], [127, 149, 170, 99, 98, 29, 37, 142, 143, 184, 136, 196], [95, 112, 66, 41, 90, 135, 110, 57, 10, 102, 46, 45], [61, 120, 68, 190, 74, 49, 161, 31, 131, 52, 134, 26, 168], [55, 44, 12, 132, 35, 19, 70, 83, 88, 94, 43, 160, 198], [2, 22, 124, 176, 78, 69, 169, 9, 147, 126], [133, 38, 13, 153, 138, 155, 193, 16, 199, 1], [180, 118, 111, 72, 75, 145, 86, 117, 114, 129, 34, 60], [40, 158, 152, 125, 119, 100, 32, 63, 15, 82], [162, 177, 36, 4, 62, 18, 65, 87, 47, 121, 71], [67, 25, 181, 194, 3, 80, 27, 171, 79, 192], [6, 178, 14, 187, 24, 96, 175, 48]]",false
259,27148,4010,2-opt,CMT5.vrp,"[[59, 166, 21, 93, 42, 104, 107, 189, 84, 8, 167], [5, 123, 108, 51, 50, 130, 97, 146, 73, 144, 182], [30, 103, 174, 156, 195, 191, 113, 89, 185, 23, 183, 159, 106, 11], [54, 179, 85, 165, 163, 148, 92, 33, 53, 115, 91, 140, 157], [105, 137, 186, 139, 173, 20, 164, 56, 39, 109, 81, 17, 151], [188, 116, 197, 141, 101, 28, 64, 172, 122, 154, 58, 128, 7, 150, 77, 76], [127, 149, 170, 99, 98, 29, 37, 142, 143, 184, 136, 196], [95, 112, 66, 41, 90, 135, 110, 57, 10, 102, 46, 45], [61, 120, 68, 190, 74, 49, 161, 31, 131, 52, 134, 26, 168], [55, 44, 12, 132, 35, 19, 70, 83, 88, 94, 43, 160, 198], [2, 22, 124, 176, 78, 69, 169, 9, 147, 126], [193, 1, 199, 16, 133, 38, 13, 153, 138, 155], [180, 118, 111, 72, 75, 145, 86, 117, 114, 129, 34, 60], [40, 158, 152, 125, 119, 100, 32, 63, 15, 82], [162, 177, 36, 4, 62, 18, 65, 87, 47, 121, 71], [67, 25, 181, 194, 3, 80, 27, 171, 79, 192], [6, 178, 14, 187, 24, 96, 175, 48]]",false
260,27224,4001,2-opt,CMT5.vrp,"[[59, 166, 21, 93, 42, 104, 107, 189, 84, 8, 167], [5, 123, 108, 51, 50, 130, 97, 146, 73, 144, 182], [30, 103, 174, 156, 195, 191, 113, 89, 185, 23, 183, 159, 106, 11], [54, 179, 85, 165, 163, 148, 92, 33, 53, 115, 91, 140, 157], [105, 137, 186, 139, 173, 20, 164, 56, 39, 109, 81, 17, 151], [188, 116, 197, 141, 101, 28, 64, 172, 122, 154, 58, 128, 7, 150, 77, 76], [127, 149, 170, 99, 98, 29, 37, 142, 143, 184, 136, 196], [95, 112, 66, 41, 90, 135, 110, 57, 10, 102, 46, 45], [61, 120, 68, 190, 74, 49, 161, 31, 131, 52, 134, 26, 168], [55, 44, 12, 132, 35, 19, 70, 83, 88, 94, 43, 160, 198], [2, 22, 124, 176, 78, 69, 169, 9, 147, 126], [193, 155, 138, 153, 13, 133, 38, 16, 199, 1], [180, 118, 111, 72, 75, 145, 86, 117, 114, 129, 34, 60], [40, 158, 152, 125, 119, 100, 32, 63, 15, 82], [162, 177, 36, 4, 62, 18, 65, 87, 47, 121, 71], [67, 25, 181, 194, 3, 80, 27, 171, 79, 192], [6, 178, 14, 187, 24, 96, 175, 48]]",false
261,27277,3993,2-opt,CMT5.vrp,"[[59, 166, 21, 93, 42, 104, 107, 189, 84, 8, 167], [5, 123, 108, 51, 50, 130, 97, 146, 73, 144, 182], [30, 103, 174, 156, 195, 191, 113, 89, 185, 23, 183, 159, 106, 11], [54, 179, 85, 165, 163, 148, 92, 33, 53, 115, 91, 140, 157], [105, 137, 186, 139, 173, 20, 164, 56, 39, 109, 81, 17, 151], [188, 116, 197, 141, 101, 28, 64, 172, 122, 154, 58, 128, 7, 150, 77, 76], [127, 149, 170, 99, 98, 29, 37, 142, 143, 184, 136, 196], [95, 112, 66, 41, 90, 135, 110, 57, 10, 102, 46, 45], [61, 120, 68, 190, 74, 49, 161, 31, 131, 52, 134, 26, 168], [55, 44, 12, 132, 35, 19, 70, 83, 88, 94, 43, 160, 198], [2, 22, 124, 176, 78, 69, 169, 9, 147, 126], [38, 133, 13, 153, 138, 155, 193, 16, 199, 1], [180, 118, 111, 72, 75, 145, 86, 117, 114, 129, 34, 60], [40, 158, 152, 125, 119, 100, 32, 63, 15, 82], [162, 177, 36, 4, 62, 18, 65, 87, 47, 121, 71], [67, 25, 181, 194, 3, 80, 27, 171, 79, 192], [6, 178, 14, 187, 24, 96, 175, 48]]",false
262,27326,3988,2-opt,CMT5.vrp,"[[59, 166, 21, 93, 42, 104, 107, 189, 84, 8, 167], [5, 123, 108, 51, 50, 130, 97, 146, 73, 144, 182], [30, 103, 174, 156, 195, 191, 113, 89, 185, 23, 183, 159, 106, 11], [54, 179, 85, 165, 163, 148, 92, 33, 53, 115, 91, 140, 157], [105, 137, 186, 139, 173, 20, 164, 56, 39, 109, 81, 17, 151], [188, 116, 197, 141, 101, 28, 64, 172, 122, 154, 58, 128, 7, 150, 77, 76], [127, 149, 170, 99, 98, 29, 37, 142, 143, 184, 136, 196], [95, 112, 66, 41, 90, 135, 110, 57, 10, 102, 46, 45], [61, 120, 68, 190, 74, 49, 161, 31, 131, 52, 134, 26, 168], [55, 44, 12, 132, 35, 19, 70, 83, 88, 94, 43, 160, 198], [2, 22, 124, 176, 78, 69, 169, 9, 147, 126], [193, 1, 199, 16, 38, 133, 13, 153, 138, 155], [180, 118, 111, 72, 75, 145, 86, 117, 114, 129, 34, 60], [40, 158, 152, 125, 119, 100, 32, 63, 15, 82], [162, 177, 36, 4, 62, 18, 65, 87, 47, 121, 71], [67, 25, 181, 194, 3, 80, 27, 171, 79, 192], [6, 178, 14, 187, 24, 96, 175, 48]]",false
263,27409,3988,2-opt,CMT5.vrp,"[[59, 166, 21, 93, 42, 104, 107, 189, 84, 8, 167], [5, 123, 108, 51, 50, 130, 97, 146, 73, 144, 182], [30, 103, 174, 156, 195, 191, 113, 89, 185, 23, 183, 159, 106, 11], [54, 179, 85, 165, 163, 148, 92, 33, 53, 115, 91, 140, 157], [105, 137, 186, 139, 173, 20, 164, 56, 39, 109, 81, 17, 151], [188, 116, 197, 141, 101, 28, 64, 172, 122, 154, 58, 128, 7, 150, 77, 76], [127, 149, 170, 99, 98, 29, 37, 142, 143, 184, 136, 196], [95, 112, 66, 41, 90, 135, 110, 57, 10, 102, 46, 45], [61, 120, 68, 190, 74, 49, 161, 31, 131, 52, 134, 26, 168], [55, 44, 12, 132, 35, 19, 70, 83, 88, 94, 43, 160, 198], [2, 22, 124, 176, 78, 69, 169, 9, 147, 126], [155, 138, 153, 13, 133, 38, 16, 199, 1, 193], [180, 118, 111, 72, 75, 145, 86, 117, 114, 129, 34, 60], [40, 158, 152, 125, 119, 100, 32, 63, 15, 82], [162, 177, 36, 4, 62, 18, 65, 87, 47, 121, 71], [67, 25, 181, 194, 3, 80, 27, 171, 79, 192], [6, 178, 14, 187, 24, 96, 175, 48]]",false
264,27501,3969,2-opt,CMT5.vrp,"[[59, 166, 21, 93, 42, 104, 107, 189, 84, 8, 167], [5, 123, 108, 51, 50, 130, 97, 146, 73, 144, 182], [30, 103, 174, 156, 195, 191, 113, 89, 185, 23, 183, 159, 106, 11], [54, 179, 85, 165, 163, 148, 92, 33, 53, 115, 91, 140, 157], [105, 137, 186, 139, 173, 20, 164, 56, 39, 109, 81, 17, 151], [188, 116, 197, 141, 101, 28, 64, 172, 122, 154, 58, 128, 7, 150, 77, 76], [127, 149, 170, 99, 98, 29, 37, 142, 143, 184, 136, 196], [95, 112, 66, 41, 90, 135, 110, 57, 10, 102, 46, 45], [61, 120, 68, 190, 74, 49, 161, 31, 131, 52, 134, 26, 168], [55, 44, 12, 132, 35, 19, 70, 83, 88, 94, 43, 160, 198], [2, 22, 124, 176, 78, 69, 169, 9, 147, 126], [155, 138, 153, 13, 133, 38, 16, 199, 1, 193], [118, 180, 111, 72, 75, 145, 86, 117, 114, 129, 34, 60], [40, 158, 152, 125, 119, 100, 32, 63, 15, 82], [162, 177, 36, 4, 62, 18, 65, 87, 47, 121, 71], [67, 25, 181, 194, 3, 80, 27, 171, 79, 192], [6, 178, 14, 187, 24, 96, 175, 48]]",false
265,27546,3951,2-opt,CMT5.vrp,"[[59, 166, 21, 93, 42, 104, 107, 189, 84, 8, 167], [5, 123, 108, 51, 50, 130, 97, 146, 73, 144, 182], [30, 103, 174, 156, 195, 191, 113, 89, 185, 23, 183, 159, 106, 11], [54, 179, 85, 165, 163, 148, 92, 33, 53, 115, 91, 140, 157], [105, 137, 186, 139, 173, 20, 164, 56, 39, 109, 81, 17, 151], [188, 116, 197, 141, 101, 28, 64, 172, 122, 154, 58, 128, 7, 150, 77, 76], [127, 149, 170, 99, 98, 29, 37, 142, 143, 184, 136, 196], [95, 112, 66, 41, 90, 135, 110, 57, 10, 102, 46, 45], [61, 120, 68, 190, 74, 49, 161, 31, 131, 52, 134, 26, 168], [55, 44, 12, 132, 35, 19, 70, 83, 88, 94, 43, 160, 198], [2, 22, 124, 176, 78, 69, 169, 9, 147, 126], [155, 138, 153, 13, 133, 38, 16, 199, 1, 193], [114, 117, 86, 145, 75, 72, 111, 118, 180, 129, 34, 60], [40, 158, 152, 125, 119, 100, 32, 63, 15, 82], [162, 177, 36, 4, 62, 18, 65, 87, 47, 121, 71], [67, 25, 181, 194, 3, 80, 27, 171, 79, 192], [6, 178, 14, 187, 24, 96, 175, 48]]",false
266,27587,3929,2-opt,CMT5.vrp,"[[59, 166, 21, 93, 42, 104, 107, 189, 84, 8, 167], [5, 123, 108, 51, 50, 130, 97, 146, 73, 144, 182], [30, 103, 174, 156, 195, 191, 113, 89, 185, 23, 183, 159, 106, 11], [54, 179, 85, 165, 163, 148, 92, 33, 53, 115, 91, 140, 157], [105, 137, 186, 139, 173, 20, 164, 56, 39, 109, 81, 17, 151], [188, 116, 197, 141, 101, 28, 64, 172, 122, 154, 58, 128, 7, 150, 77, 76], [127, 149, 170, 99, 98, 29, 37, 142, 143, 184, 136, 196], [95, 112, 66, 41, 90, 135, 110, 57, 10, 102, 46, 45], [61, 120, 68, 190, 74, 49, 161, 31, 131, 52, 134, 26, 168], [55, 44, 12, 132, 35, 19, 70, 83, 88, 94, 43, 160, 198], [2, 22, 124, 176, 78, 69, 169, 9, 147, 126], [155, 138, 153, 13, 133, 38, 16, 199, 1, 193], [180, 111, 118, 72, 75, 145, 86, 117, 114, 129, 34, 60], [40, 158, 152, 125, 119, 100, 32, 63, 15, 82], [162, 177, 36, 4, 62, 18, 65, 87, 47, 121, 71], [67, 25, 181, 194, 3, 80, 27, 171, 79, 192], [6, 178, 14, 187, 24, 96, 175, 48]]",false
267,27664,3914,2-opt,CMT5.vrp,"[[59, 166, 21, 93, 42, 104, 107, 189, 84, 8, 167], [5, 123, 108, 51, 50, 130, 97, 146, 73, 144, 182], [30, 103, 174, 156, 195, 191, 113, 89, 185, 23, 183, 159, 106, 11], [54, 179, 85, 165, 163, 148, 92, 33, 53, 115, 91, 140, 157], [105, 137, 186, 139, 173, 20, 164, 56, 39, 109, 81, 17, 151], [188, 116, 197, 141, 101, 28, 64, 172, 122, 154, 58, 128, 7, 150, 77, 76], [127, 149, 170, 99, 98, 29, 37, 142, 143, 184, 136, 196], [95, 112, 66, 41, 90, 135, 110, 57, 10, 102, 46, 45], [61, 120, 68, 190, 74, 49, 161, 31, 131, 52, 134, 26, 168], [55, 44, 12, 132, 35, 19, 70, 83, 88, 94, 43, 160, 198], [2, 22, 124, 176, 78, 69, 169, 9, 147, 126], [155, 138, 153, 13, 133, 38, 16, 199, 1, 193], [111, 180, 118, 72, 75, 145, 86, 117, 114, 129, 34, 60], [40, 158, 152, 125, 119, 100, 32, 63, 15, 82], [162, 177, 36, 4, 62, 18, 65, 87, 47, 121, 71], [67, 25, 181, 194, 3, 80, 27, 171, 79, 192], [6, 178, 14, 187, 24, 96, 175, 48]]",false
268,27707,3893,2-opt,CMT5.vrp,"[[59, 166, 21, 93, 42, 104, 107, 189, 84, 8, 167], [5, 123, 108, 51, 50, 130, 97, 146, 73, 144, 182], [30, 103, 174, 156, 195, 191, 113, 89, 185, 23, 183, 159, 106, 11], [54, 179, 85, 165, 163, 148, 92, 33, 53, 115, 91, 140, 157], [105, 137, 186, 139, 173, 20, 164, 56, 39, 109, 81, 17, 151], [188, 116, 197, 141, 101, 28, 64, 172, 122, 154, 58, 128, 7, 150, 77, 76], [127, 149, 170, 99, 98, 29, 37, 142, 143, 184, 136, 196], [95, 112, 66, 41, 90, 135, 110, 57, 10, 102, 46, 45], [61, 120, 68, 190, 74, 49, 161, 31, 131, 52, 134, 26, 168], [55, 44, 12, 132, 35, 19, 70, 83, 88, 94, 43, 160, 198], [2, 22, 124, 176, 78, 69, 169, 9, 147, 126], [155, 138, 153, 13, 133, 38, 16, 199, 1, 193], [114, 117, 86, 145, 75, 72, 118, 111, 180, 129, 34, 60], [40, 158, 152, 125, 119, 100, 32, 63, 15, 82], [162, 177, 36, 4, 62, 18, 65, 87, 47, 121, 71], [67, 25, 181, 194, 3, 80, 27, 171, 79, 192], [6, 178, 14, 187, 24, 96, 175, 48]]",false
269,27753,3892,2-opt,CMT5.vrp,"[[59, 166, 21, 93, 42, 104, 107, 189, 84, 8, 167], [5, 123, 108, 51, 50, 130, 97, 146, 73, 144, 182], [30, 103, 174, 156, 195, 191, 113, 89, 185, 23, 183, 159, 106, 11], [54, 179, 85, 165, 163, 148, 92, 33, 53, 115, 91, 140, 157], [105, 137, 186, 139, 173, 20, 164, 56, 39, 109, 81, 17, 151], [188, 116, 197, 141, 101, 28, 64, 172, 122, 154, 58, 128, 7, 150, 77, 76], [127, 149, 170, 99, 98, 29, 37, 142, 143, 184, 136, 196], [95, 112, 66, 41, 90, 135, 110, 57, 10, 102, 46, 45], [61, 120, 68, 190, 74, 49, 161, 31, 131, 52, 134, 26, 168], [55, 44, 12, 132, 35, 19, 70, 83, 88, 94, 43, 160, 198], [2, 22, 124, 176, 78, 69, 169, 9, 147, 126], [155, 138, 153, 13, 133, 38, 16, 199, 1, 193], [180, 111, 114, 117, 86, 145, 75, 72, 118, 129, 34, 60], [40, 158, 152, 125, 119, 100, 32, 63, 15, 82], [162, 177, 36, 4, 62, 18, 65, 87, 47, 121, 71], [67, 25, 181, 194, 3, 80, 27, 171, 79, 192], [6, 178, 14, 187, 24, 96, 175, 48]]",false
270,27807,3890,2-opt,CMT5.vrp,"[[59, 166, 21, 93, 42, 104, 107, 189, 84, 8, 167], [5, 123, 108, 51, 50, 130, 97, 146, 73, 144, 182], [30, 103, 174, 156, 195, 191, 113, 89, 185, 23, 183, 159, 106, 11], [54, 179, 85, 165, 163, 148, 92, 33, 53, 115, 91, 140, 157], [105, 137, 186, 139, 173, 20, 164, 56, 39, 109, 81, 17, 151], [188, 116, 197, 141, 101, 28, 64, 172, 122, 154, 58, 128, 7, 150, 77, 76], [127, 149, 170, 99, 98, 29, 37, 142, 143, 184, 136, 196], [95, 112, 66, 41, 90, 135, 110, 57, 10, 102, 46, 45], [61, 120, 68, 190, 74, 49, 161, 31, 131, 52, 134, 26, 168], [55, 44, 12, 132, 35, 19, 70, 83, 88, 94, 43, 160, 198], [2, 22, 124, 176, 78, 69, 169, 9, 147, 126], [155, 138, 153, 13, 133, 38, 16, 199, 1, 193], [180, 111, 118, 72, 75, 145, 117, 86, 114, 129, 34, 60], [40, 158, 152, 125, 119, 100, 32, 63, 15, 82], [162, 177, 36, 4, 62, 18, 65, 87, 47, 121, 71], [67, 25, 181, 194, 3, 80, 27, 171, 79, 192], [6, 178, 14, 187, 24, 96, 175, 48]]",false
271,27855,3875,2-opt,CMT5.vrp,"[[59, 166, 21, 93, 42, 104, 107, 189, 84, 8, 167], [5, 123, 108, 51, 50, 130, 97, 146, 73, 144, 182], [30, 103, 174, 156, 195, 191, 113, 89, 185, 23, 183, 159, 106, 11], [54, 179, 85, 165, 163, 148, 92, 33, 53, 115, 91, 140, 157], [105, 137, 186, 139, 173, 20, 164, 56, 39, 109, 81, 17, 151], [188, 116, 197, 141, 101, 28, 64, 172, 122, 154, 58, 128, 7, 150, 77, 76], [127, 149, 170, 99, 98, 29, 37, 142, 143, 184, 136, 196], [95, 112, 66, 41, 90, 135, 110, 57, 10, 102, 46, 45], [61, 120, 68, 190, 74, 49, 161, 31, 131, 52, 134, 26, 168], [55, 44, 12, 132, 35, 19, 70, 83, 88, 94, 43, 160, 198], [2, 22, 124, 176, 78, 69, 169, 9, 147, 126], [155, 138, 153, 13, 133, 38, 16, 199, 1, 193], [111, 180, 118, 72, 75, 145, 117, 86, 114, 129, 34, 60], [40, 158, 152, 125, 119, 100, 32, 63, 15, 82], [162, 177, 36, 4, 62, 18, 65, 87, 47, 121, 71], [67, 25, 181, 194, 3, 80, 27, 171, 79, 192], [6, 178, 14, 187, 24, 96, 175, 48]]",false
272,27897,3853,2-opt,CMT5.vrp,"[[59, 166, 21, 93, 42, 104, 107, 189, 84, 8, 167], [5, 123, 108, 51, 50, 130, 97, 146, 73, 144, 182], [30, 103, 174, 156, 195, 191, 113, 89, 185, 23, 183, 159, 106, 11], [54, 179, 85, 165, 163, 148, 92, 33, 53, 115, 91, 140, 157], [105, 137, 186, 139, 173, 20, 164, 56, 39, 109, 81, 17, 151], [188, 116, 197, 141, 101, 28, 64, 172, 122, 154, 58, 128, 7, 150, 77, 76], [127, 149, 170, 99, 98, 29, 37, 142, 143, 184, 136, 196], [95, 112, 66, 41, 90, 135, 110, 57, 10, 102, 46, 45], [61, 120, 68, 190, 74, 49, 161, 31, 131, 52, 134, 26, 168], [55, 44, 12, 132, 35, 19, 70, 83, 88, 94, 43, 160, 198], [2, 22, 124, 176, 78, 69, 169, 9, 147, 126], [155, 138, 153, 13, 133, 38, 16, 199, 1, 193], [114, 86, 117, 145, 75, 72, 118, 111, 180, 129, 34, 60], [40, 158, 152, 125, 119, 100, 32, 63, 15, 82], [162, 177, 36, 4, 62, 18, 65, 87, 47, 121, 71], [67, 25, 181, 194, 3, 80, 27, 171, 79, 192], [6, 178, 14, 187, 24, 96, 175, 48]]",false
273,27952,3852,2-opt,CMT5.vrp,"[[59, 166, 21, 93, 42, 104, 107, 189, 84, 8, 167], [5, 123, 108, 51, 50, 130, 97, 146, 73, 144, 182], [30, 103, 174, 156, 195, 191, 113, 89, 185, 23, 183, 159, 106, 11], [54, 179, 85, 165, 163, 148, 92, 33, 53, 115, 91, 140, 157], [105, 137, 186, 139, 173, 20, 164, 56, 39, 109, 81, 17, 151], [188, 116, 197, 141, 101, 28, 64, 172, 122, 154, 58, 128, 7, 150, 77, 76], [127, 149, 170, 99, 98, 29, 37, 142, 143, 184, 136, 196], [95, 112, 66, 41, 90, 135, 110, 57, 10, 102, 46, 45], [61, 120, 68, 190, 74, 49, 161, 31, 131, 52, 134, 26, 168], [55, 44, 12, 132, 35, 19, 70, 83, 88, 94, 43, 160, 198], [2, 22, 124, 176, 78, 69, 169, 9, 147, 126], [155, 138, 153, 13, 133, 38, 16, 199, 1, 193], [180, 111, 114, 86, 117, 145, 75, 72, 118, 129, 34, 60], [40, 158, 152, 125, 119, 100, 32, 63, 15, 82], [162, 177, 36, 4, 62, 18, 65, 87, 47, 121, 71], [67, 25, 181, 194, 3, 80, 27, 171, 79, 192], [6, 178, 14, 187, 24, 96, 175, 48]]",false
274,28019,3848,2-opt,CMT5.vrp,"[[59, 166, 21, 93, 42, 104, 107, 189, 84, 8, 167], [5, 123, 108, 51, 50, 130, 97, 146, 73, 144, 182], [30, 103, 174, 156, 195, 191, 113, 89, 185, 23, 183, 159, 106, 11], [54, 179, 85, 165, 163, 148, 92, 33, 53, 115, 91, 140, 157], [105, 137, 186, 139, 173, 20, 164, 56, 39, 109, 81, 17, 151], [188, 116, 197, 141, 101, 28, 64, 172, 122, 154, 58, 128, 7, 150, 77, 76], [127, 149, 170, 99, 98, 29, 37, 142, 143, 184, 136, 196], [95, 112, 66, 41, 90, 135, 110, 57, 10, 102, 46, 45], [61, 120, 68, 190, 74, 49, 161, 31, 131, 52, 134, 26, 168], [55, 44, 12, 132, 35, 19, 70, 83, 88, 94, 43, 160, 198], [2, 22, 124, 176, 78, 69, 169, 9, 147, 126], [155, 138, 153, 13, 133, 38, 16, 199, 1, 193], [118, 72, 75, 145, 117, 86, 114, 111, 180, 129, 34, 60], [40, 158, 152, 125, 119, 100, 32, 63, 15, 82], [162, 177, 36, 4, 62, 18, 65, 87, 47, 121, 71], [67, 25, 181, 194, 3, 80, 27, 171, 79, 192], [6, 178, 14, 187, 24, 96, 175, 48]]",false
275,28057,3843,2-opt,CMT5.vrp,"[[59, 166, 21, 93, 42, 104, 107, 189, 84, 8, 167], [5, 123, 108, 51, 50, 130, 97, 146, 73, 144, 182], [30, 103, 174, 156, 195, 191, 113, 89, 185, 23, 183, 159, 106, 11], [54, 179, 85, 165, 163, 148, 92, 33, 53, 115, 91, 140, 157], [105, 137, 186, 139, 173, 20, 164, 56, 39, 109, 81, 17, 151], [188, 116, 197, 141, 101, 28, 64, 172, 122, 154, 58, 128, 7, 150, 77, 76], [127, 149, 170, 99, 98, 29, 37, 142, 143, 184, 136, 196], [95, 112, 66, 41, 90, 135, 110, 57, 10, 102, 46, 45], [61, 120, 68, 190, 74, 49, 161, 31, 131, 52, 134, 26, 168], [55, 44, 12, 132, 35, 19, 70, 83, 88, 94, 43, 160, 198], [2, 22, 124, 176, 78, 69, 169, 9, 147, 126], [155, 138, 153, 13, 133, 38, 16, 199, 1, 193], [129, 118, 72, 75, 145, 117, 86, 114, 111, 180, 34, 60], [40, 158, 152, 125, 119, 100, 32, 63, 15, 82], [162, 177, 36, 4, 62, 18, 65, 87, 47, 121, 71], [67, 25, 181, 194, 3, 80, 27, 171, 79, 192], [6, 178, 14, 187, 24, 96, 175, 48]]",false
276,28100,3831,2-opt,CMT5.vrp,"[[59, 166, 21, 93, 42, 104, 107, 189, 84, 8, 167], [5, 123, 108, 51, 50, 130, 97, 146, 73, 144, 182], [30, 103, 174, 156, 195, 191, 113, 89, 185, 23, 183, 159, 106, 11], [54, 179, 85, 165, 163, 148, 92, 33, 53, 115, 91, 140, 157], [105, 137, 186, 139, 173, 20, 164, 56, 39, 109, 81, 17, 151], [188, 116, 197, 141, 101, 28, 64, 172, 122, 154, 58, 128, 7, 150, 77, 76], [127, 149, 170, 99, 98, 29, 37, 142, 143, 184, 136, 196], [95, 112, 66, 41, 90, 135, 110, 57, 10, 102, 46, 45], [61, 120, 68, 190, 74, 49, 161, 31, 131, 52, 134, 26, 168], [55, 44, 12, 132, 35, 19, 70, 83, 88, 94, 43, 160, 198], [2, 22, 124, 176, 78, 69, 169, 9, 147, 126], [155, 138, 153, 13, 133, 38, 16, 199, 1, 193], [180, 129, 118, 72, 75, 145, 117, 86, 114, 111, 34, 60], [40, 158, 152, 125, 119, 100, 32, 63, 15, 82], [162, 177, 36, 4, 62, 18, 65, 87, 47, 121, 71], [67, 25, 181, 194, 3, 80, 27, 171, 79, 192], [6, 178, 14, 187, 24, 96, 175, 48]]",false
277,28159,3828,2-opt,CMT5.vrp,"[[59, 166, 21, 93, 42, 104, 107, 189, 84, 8, 167], [5, 123, 108, 51, 50, 130, 97, 146, 73, 144, 182], [30, 103, 174, 156, 195, 191, 113, 89, 185, 23, 183, 159, 106, 11], [54, 179, 85, 165, 163, 148, 92, 33, 53, 115, 91, 140, 157], [105, 137, 186, 139, 173, 20, 164, 56, 39, 109, 81, 17, 151], [188, 116, 197, 141, 101, 28, 64, 172, 122, 154, 58, 128, 7, 150, 77, 76], [127, 149, 170, 99, 98, 29, 37, 142, 143, 184, 136, 196], [95, 112, 66, 41, 90, 135, 110, 57, 10, 102, 46, 45], [61, 120, 68, 190, 74, 49, 161, 31, 131, 52, 134, 26, 168], [55, 44, 12, 132, 35, 19, 70, 83, 88, 94, 43, 160, 198], [2, 22, 124, 176, 78, 69, 169, 9, 147, 126], [155, 138, 153, 13, 133, 38, 16, 199, 1, 193], [180, 111, 114, 86, 117, 145, 118, 72, 75, 129, 34, 60], [40, 158, 152, 125, 119, 100, 32, 63, 15, 82], [162, 177, 36, 4, 62, 18, 65, 87, 47, 121, 71], [67, 25, 181, 194, 3, 80, 27, 171, 79, 192], [6, 178, 14, 187, 24, 96, 175, 48]]",false
278,28217,3819,2-opt,CMT5.vrp,"[[59, 166, 21, 93, 42, 104, 107, 189, 84, 8, 167], [5, 123, 108, 51, 50, 130, 97, 146, 73, 144, 182], [30, 103, 174, 156, 195, 191, 113, 89, 185, 23, 183, 159, 106, 11], [54, 179, 85, 165, 163, 148, 92, 33, 53, 115, 91, 140, 157], [105, 137, 186, 139, 173, 20, 164, 56, 39, 109, 81, 17, 151], [188, 116, 197, 141, 101, 28, 64, 172, 122, 154, 58, 128, 7, 150, 77, 76], [127, 149, 170, 99, 98, 29, 37, 142, 143, 184, 136, 196], [95, 112, 66, 41, 90, 135, 110, 57, 10, 102, 46, 45], [61, 120, 68, 190, 74, 49, 161, 31, 131, 52, 134, 26, 168], [55, 44, 12, 132, 35, 19, 70, 83, 88, 94, 43, 160, 198], [2, 22, 124, 176, 78, 69, 169, 9, 147, 126], [155, 138, 153, 13, 133, 38, 16, 199, 1, 193], [129, 75, 72, 118, 145, 117, 86, 114, 111, 180, 34, 60], [40, 158, 152, 125, 119, 100, 32, 63, 15, 82], [162, 177, 36, 4, 62, 18, 65, 87, 47, 121, 71], [67, 25, 181, 194, 3, 80, 27, 171, 79, 192], [6, 178, 14, 187, 24, 96, 175, 48]]",false
279,28261,3807,2-opt,CMT5.vrp,"[[59, 166, 21, 93, 42, 104, 107, 189, 84, 8, 167], [5, 123, 108, 51, 50, 130, 97, 146, 73, 144, 182], [30, 103, 174, 156, 195, 191, 113, 89, 185, 23, 183, 159, 106, 11], [54, 179, 85, 165, 163, 148, 92, 33, 53, 115, 91, 140, 157], [105, 137, 186, 139, 173, 20, 164, 56, 39, 109, 81, 17, 151], [188, 116, 197, 141, 101, 28, 64, 172, 122, 154, 58, 128, 7, 150, 77, 76], [127, 149, 170, 99, 98, 29, 37, 142, 143, 184, 136, 196], [95, 112, 66, 41, 90, 135, 110, 57, 10, 102, 46, 45], [61, 120, 68, 190, 74, 49, 161, 31, 131, 52, 134, 26, 168], [55, 44, 12, 132, 35, 19, 70, 83, 88, 94, 43, 160, 198], [2, 22, 124, 176, 78, 69, 169, 9, 147, 126], [155, 138, 153, 13, 133, 38, 16, 199, 1, 193], [180, 129, 75, 72, 118, 145, 117, 86, 114, 111, 34, 60], [40, 158, 152, 125, 119, 100, 32, 63, 15, 82], [162, 177, 36, 4, 62, 18, 65, 87, 47, 121, 71], [67, 25, 181, 194, 3, 80, 27, 171, 79, 192], [6, 178, 14, 187, 24, 96, 175, 48]]",false
280,28402,3794,2-opt,CMT5.vrp,"[[59, 166, 21, 93, 42, 104, 107, 189, 84, 8, 167], [5, 123, 108, 51, 50, 130, 97, 146, 73, 144, 182], [30, 103, 174, 156, 195, 191, 113, 89, 185, 23, 183, 159, 106, 11], [54, 179, 85, 165, 163, 148, 92, 33, 53, 115, 91, 140, 157], [105, 137, 186, 139, 173, 20, 164, 56, 39, 109, 81, 17, 151], [188, 116, 197, 141, 101, 28, 64, 172, 122, 154, 58, 128, 7, 150, 77, 76], [127, 149, 170, 99, 98, 29, 37, 142, 143, 184, 136, 196], [95, 112, 66, 41, 90, 135, 110, 57, 10, 102, 46, 45], [61, 120, 68, 190, 74, 49, 161, 31, 131, 52, 134, 26, 168], [55, 44, 12, 132, 35, 19, 70, 83, 88, 94, 43, 160, 198], [2, 22, 124, 176, 78, 69, 169, 9, 147, 126], [155, 138, 153, 13, 133, 38, 16, 199, 1, 193], [114, 86, 117, 145, 118, 72, 75, 129, 180, 111, 34, 60], [40, 158, 152, 125, 119, 100, 32, 63, 15, 82], [162, 177, 36, 4, 62, 18, 65, 87, 47, 121, 71], [67, 25, 181, 194, 3, 80, 27, 171, 79, 192], [6, 178, 14, 187, 24, 96, 175, 48]]",false
281,28487,3791,2-opt,CMT5.vrp,"[[59, 166, 21, 93, 42, 104, 107, 189, 84, 8, 167], [5, 123, 108, 51, 50, 130, 97, 146, 73, 144, 182], [30, 103, 174, 156, 195, 191, 113, 89, 185, 23, 183, 159, 106, 11], [54, 179, 85, 165, 163, 148, 92, 33, 53, 115, 91, 140, 157], [105, 137, 186, 139, 173, 20, 164, 56, 39, 109, 81, 17, 151], [188, 116, 197, 141, 101, 28, 64, 172, 122, 154, 58, 128, 7, 150, 77, 76], [127, 149, 170, 99, 98, 29, 37, 142, 143, 184, 136, 196], [95, 112, 66, 41, 90, 135, 110, 57, 10, 102, 46, 45], [61, 120, 68, 190, 74, 49, 161, 31, 131, 52, 134, 26, 168], [55, 44, 12, 132, 35, 19, 70, 83, 88, 94, 43, 160, 198], [2, 22, 124, 176, 78, 69, 169, 9, 147, 126], [155, 138, 153, 13, 133, 38, 16, 199, 1, 193], [86, 114, 117, 145, 118, 72, 75, 129, 180, 111, 34, 60], [40, 158, 152, 125, 119, 100, 32, 63, 15, 82], [162, 177, 36, 4, 62, 18, 65, 87, 47, 121, 71], [67, 25, 181, 194, 3, 80, 27, 171, 79, 192], [6, 178, 14, 187, 24, 96, 175, 48]]",false
282,29634,3791,2-opt,CMT5.vrp,"[[59, 166, 21, 93, 42, 104, 107, 189, 84, 8, 167], [5, 123, 108, 51, 50, 130, 97, 146, 73, 144, 182], [30, 103, 174, 156, 195, 191, 113, 89, 185, 23, 183, 159, 106, 11], [54, 179, 85, 165, 163, 148, 92, 33, 53, 115, 91, 140, 157], [105, 137, 186, 139, 173, 20, 164, 56, 39, 109, 81, 17, 151], [188, 116, 197, 141, 101, 28, 64, 172, 122, 154, 58, 128, 7, 150, 77, 76], [127, 149, 170, 99, 98, 29, 37, 142, 143, 184, 136, 196], [95, 112, 66, 41, 90, 135, 110, 57, 10, 102, 46, 45], [61, 120, 68, 190, 74, 49, 161, 31, 131, 52, 134, 26, 168], [55, 44, 12, 132, 35, 19, 70, 83, 88, 94, 43, 160, 198], [2, 22, 124, 176, 78, 69, 169, 9, 147, 126], [155, 138, 153, 13, 133, 38, 16, 199, 1, 193], [114, 86, 117, 145, 118, 72, 75, 129, 180, 34, 111, 60], [40, 158, 152, 125, 119, 100, 32, 63, 15, 82], [162, 177, 36, 4, 62, 18, 65, 87, 47, 121, 71], [67, 25, 181, 194, 3, 80, 27, 171, 79, 192], [6, 178, 14, 187, 24, 96, 175, 48]]",false
283,29695,3789,2-opt,CMT5.vrp,"[[59, 166, 21, 93, 42, 104, 107, 189, 84, 8, 167], [5, 123, 108, 51, 50, 130, 97, 146, 73, 144, 182], [30, 103, 174, 156, 195, 191, 113, 89, 185, 23, 183, 159, 106, 11], [54, 179, 85, 165, 163, 148, 92, 33, 53, 115, 91, 140, 157], [105, 137, 186, 139, 173, 20, 164, 56, 39, 109, 81, 17, 151], [188, 116, 197, 141, 101, 28, 64, 172, 122, 154, 58, 128, 7, 150, 77, 76], [127, 149, 170, 99, 98, 29, 37, 142, 143, 184, 136, 196], [95, 112, 66, 41, 90, 135, 110, 57, 10, 102, 46, 45], [61, 120, 68, 190, 74, 49, 161, 31, 131, 52, 134, 26, 168], [55, 44, 12, 132, 35, 19, 70, 83, 88, 94, 43, 160, 198], [2, 22, 124, 176, 78, 69, 169, 9, 147, 126], [155, 138, 153, 13, 133, 38, 16, 199, 1, 193], [86, 114, 117, 145, 118, 72, 75, 129, 180, 34, 111, 60], [40, 158, 152, 125, 119, 100, 32, 63, 15, 82], [162, 177, 36, 4, 62, 18, 65, 87, 47, 121, 71], [67, 25, 181, 194, 3, 80, 27, 171, 79, 192], [6, 178, 14, 187, 24, 96, 175, 48]]",false
284,29784,3789,2-opt,CMT5.vrp,"[[59, 166, 21, 93, 42, 104, 107, 189, 84, 8, 167], [5, 123, 108, 51, 50, 130, 97, 146, 73, 144, 182], [30, 103, 174, 156, 195, 191, 113, 89, 185, 23, 183, 159, 106, 11], [54, 179, 85, 165, 163, 148, 92, 33, 53, 115, 91, 140, 157], [105, 137, 186, 139, 173, 20, 164, 56, 39, 109, 81, 17, 151], [188, 116, 197, 141, 101, 28, 64, 172, 122, 154, 58, 128, 7, 150, 77, 76], [127, 149, 170, 99, 98, 29, 37, 142, 143, 184, 136, 196], [95, 112, 66, 41, 90, 135, 110, 57, 10, 102, 46, 45], [61, 120, 68, 190, 74, 49, 161, 31, 131, 52, 134, 26, 168], [55, 44, 12, 132, 35, 19, 70, 83, 88, 94, 43, 160, 198], [2, 22, 124, 176, 78, 69, 169, 9, 147, 126], [155, 138, 153, 13, 133, 38, 16, 199, 1, 193], [60, 111, 34, 180, 129, 75, 72, 118, 145, 117, 114, 86], [40, 158, 152, 125, 119, 100, 32, 63, 15, 82], [162, 177, 36, 4, 62, 18, 65, 87, 47, 121, 71], [67, 25, 181, 194, 3, 80, 27, 171, 79, 192], [6, 178, 14, 187, 24, 96, 175, 48]]",false
285,29838,3786,2-opt,CMT5.vrp,"[[59, 166, 21, 93, 42, 104, 107, 189, 84, 8, 167], [5, 123, 108, 51, 50, 130, 97, 146, 73, 144, 182], [30, 103, 174, 156, 195, 191, 113, 89, 185, 23, 183, 159, 106, 11], [54, 179, 85, 165, 163, 148, 92, 33, 53, 115, 91, 140, 157], [105, 137, 186, 139, 173, 20, 164, 56, 39, 109, 81, 17, 151], [188, 116, 197, 141, 101, 28, 64, 172, 122, 154, 58, 128, 7, 150, 77, 76], [127, 149, 170, 99, 98, 29, 37, 142, 143, 184, 136, 196], [95, 112, 66, 41, 90, 135, 110, 57, 10, 102, 46, 45], [61, 120, 68, 190, 74, 49, 161, 31, 131, 52, 134, 26, 168], [55, 44, 12, 132, 35, 19, 70, 83, 88, 94, 43, 160, 198], [2, 22, 124, 176, 78, 69, 169, 9, 147, 126], [155, 138, 153, 13, 133, 38, 16, 199, 1, 193], [86, 114, 117, 145, 72, 118, 75, 129, 180, 34, 111, 60], [40, 158, 152, 125, 119, 100, 32, 63, 15, 82], [162, 177, 36, 4, 62, 18, 65, 87, 47, 121, 71], [67, 25, 181, 194, 3, 80, 27, 171, 79, 192], [6, 178, 14, 187, 24, 96, 175, 48]]",false
286,29904,3786,2-opt,CMT5.vrp,"[[59, 166, 21, 93, 42, 104, 107, 189, 84, 8, 167], [5, 123, 108, 51, 50, 130, 97, 146, 73, 144, 182], [30, 103, 174, 156, 195, 191, 113, 89, 185, 23, 183, 159, 106, 11], [54, 179, 85, 165, 163, 148, 92, 33, 53, 115, 91, 140, 157], [105, 137, 186, 139, 173, 20, 164, 56, 39, 109, 81, 17, 151], [188, 116, 197, 141, 101, 28, 64, 172, 122, 154, 58, 128, 7, 150, 77, 76], [127, 149, 170, 99, 98, 29, 37, 142, 143, 184, 136, 196], [95, 112, 66, 41, 90, 135, 110, 57, 10, 102, 46, 45], [61, 120, 68, 190, 74, 49, 161, 31, 131, 52, 134, 26, 168], [55, 44, 12, 132, 35, 19, 70, 83, 88, 94, 43, 160, 198], [2, 22, 124, 176, 78, 69, 169, 9, 147, 126], [155, 138, 153, 13, 133, 38, 16, 199, 1, 193], [60, 111, 34, 180, 129, 75, 118, 72, 145, 117, 114, 86], [40, 158, 152, 125, 119, 100, 32, 63, 15, 82], [162, 177, 36, 4, 62, 18, 65, 87, 47, 121, 71], [67, 25, 181, 194, 3, 80, 27, 171, 79, 192], [6, 178, 14, 187, 24, 96, 175, 48]]",false
287,30037,3768,2-opt,CMT5.vrp,"[[59, 166, 21, 93, 42, 104, 107, 189, 84, 8, 167], [5, 123, 108, 51, 50, 130, 97, 146, 73, 144, 182], [30, 103, 174, 156, 195, 191, 113, 89, 185, 23, 183, 159, 106, 11], [54, 179, 85, 165, 163, 148, 92, 33, 53, 115, 91, 140, 157], [105, 137, 186, 139, 173, 20, 164, 56, 39, 109, 81, 17, 151], [188, 116, 197, 141, 101, 28, 64, 172, 122, 154, 58, 128, 7, 150, 77, 76], [127, 149, 170, 99, 98, 29, 37, 142, 143, 184, 136, 196], [95, 112, 66, 41, 90, 135, 110, 57, 10, 102, 46, 45], [61, 120, 68, 190, 74, 49, 161, 31, 131, 52, 134, 26, 168], [55, 44, 12, 132, 35, 19, 70, 83, 88, 94, 43, 160, 198], [2, 22, 124, 176, 78, 69, 169, 9, 147, 126], [155, 138, 153, 13, 133, 38, 16, 199, 1, 193], [60, 111, 34, 180, 129, 75, 118, 72, 145, 117, 114, 86], [125, 152, 158, 40, 119, 100, 32, 63, 15, 82], [162, 177, 36, 4, 62, 18, 65, 87, 47, 121, 71], [67, 25, 181, 194, 3, 80, 27, 171, 79, 192], [6, 178, 14, 187, 24, 96, 175, 48]]",false
288,30085,3767,2-opt,CMT5.vrp,"[[59, 166, 21, 93, 42, 104, 107, 189, 84, 8, 167], [5, 123, 108, 51, 50, 130, 97, 146, 73, 144, 182], [30, 103, 174, 156, 195, 191, 113, 89, 185, 23, 183, 159, 106, 11], [54, 179, 85, 165, 163, 148, 92, 33, 53, 115, 91, 140, 157], [105, 137, 186, 139, 173, 20, 164, 56, 39, 109, 81, 17, 151], [188, 116, 197, 141, 101, 28, 64, 172, 122, 154, 58, 128, 7, 150, 77, 76], [127, 149, 170, 99, 98, 29, 37, 142, 143, 184, 136, 196], [95, 112, 66, 41, 90, 135, 110, 57, 10, 102, 46, 45], [61, 120, 68, 190, 74, 49, 161, 31, 131, 52, 134, 26, 168], [55, 44, 12, 132, 35, 19, 70, 83, 88, 94, 43, 160, 198], [2, 22, 124, 176, 78, 69, 169, 9, 147, 126], [155, 138, 153, 13, 133, 38, 16, 199, 1, 193], [60, 111, 34, 180, 129, 75, 118, 72, 145, 117, 114, 86], [40, 63, 32, 100, 119, 125, 152, 158, 15, 82], [162, 177, 36, 4, 62, 18, 65, 87, 47, 121, 71], [67, 25, 181, 194, 3, 80, 27, 171, 79, 192], [6, 178, 14, 187, 24, 96, 175, 48]]",false
289,30128,3762,2-opt,CMT5.vrp,"[[59, 166, 21, 93, 42, 104, 107, 189, 84, 8, 167], [5, 123, 108, 51, 50, 130, 97, 146, 73, 144, 182], [30, 103, 174, 156, 195, 191, 113, 89, 185, 23, 183, 159, 106, 11], [54, 179, 85, 165, 163, 148, 92, 33, 53, 115, 91, 140, 157], [105, 137, 186, 139, 173, 20, 164, 56, 39, 109, 81, 17, 151], [188, 116, 197, 141, 101, 28, 64, 172, 122, 154, 58, 128, 7, 150, 77, 76], [127, 149, 170, 99, 98, 29, 37, 142, 143, 184, 136, 196], [95, 112, 66, 41, 90, 135, 110, 57, 10, 102, 46, 45], [61, 120, 68, 190, 74, 49, 161, 31, 131, 52, 134, 26, 168], [55, 44, 12, 132, 35, 19, 70, 83, 88, 94, 43, 160, 198], [2, 22, 124, 176, 78, 69, 169, 9, 147, 126], [155, 138, 153, 13, 133, 38, 16, 199, 1, 193], [60, 111, 34, 180, 129, 75, 118, 72, 145, 117, 114, 86], [40, 158, 63, 32, 100, 119, 125, 152, 15, 82], [162, 177, 36, 4, 62, 18, 65, 87, 47, 121, 71], [67, 25, 181, 194, 3, 80, 27, 171, 79, 192], [6, 178, 14, 187, 24, 96, 175, 48]]",false
290,30181,3760,2-opt,CMT5.vrp,"[[59, 166, 21, 93, 42, 104, 107, 189, 84, 8, 167], [5, 123, 108, 51, 50, 130, 97, 146, 73, 144, 182], [30, 103, 174, 156, 195, 191, 113, 89, 185, 23, 183, 159, 106, 11], [54, 179, 85, 165, 163, 148, 92, 33, 53, 115, 91, 140, 157], [105, 137, 186, 139, 173, 20, 164, 56, 39, 109, 81, 17, 151], [188, 116, 197, 141, 101, 28, 64, 172, 122, 154, 58, 128, 7, 150, 77, 76], [127, 149, 170, 99, 98, 29, 37, 142, 143, 184, 136, 196], [95, 112, 66, 41, 90, 135, 110, 57, 10, 102, 46, 45], [61, 120, 68, 190, 74, 49, 161, 31, 131, 52, 134, 26, 168], [55, 44, 12, 132, 35, 19, 70, 83, 88, 94, 43, 160, 198], [2, 22, 124, 176, 78, 69, 169, 9, 147, 126], [155, 138, 153, 13, 133, 38, 16, 199, 1, 193], [60, 111, 34, 180, 129, 75, 118, 72, 145, 117, 114, 86], [32, 63, 158, 40, 100, 119, 125, 152, 15, 82], [162, 177, 36, 4, 62, 18, 65, 87, 47, 121, 71], [67, 25, 181, 194, 3, 80, 27, 171, 79, 192], [6, 178, 14, 187, 24, 96, 175, 48]]",false
291,30226,3756,2-opt,CMT5.vrp,"[[59, 166, 21, 93, 42, 104, 107, 189, 84, 8, 167], [5, 123, 108, 51, 50, 130, 97, 146, 73, 144, 182], [30, 103, 174, 156, 195, 191, 113, 89, 185, 23, 183, 159, 106, 11], [54, 179, 85, 165, 163, 148, 92, 33, 53, 115, 91, 140, 157], [105, 137, 186, 139, 173, 20, 164, 56, 39, 109, 81, 17, 151], [188, 116, 197, 141, 101, 28, 64, 172, 122, 154, 58, 128, 7, 150, 77, 76], [127, 149, 170, 99, 98, 29, 37, 142, 143, 184, 136, 196], [95, 112, 66, 41, 90, 135, 110, 57, 10, 102, 46, 45], [61, 120, 68, 190, 74, 49, 161, 31, 131, 52, 134, 26, 168], [55, 44, 12, 132, 35, 19, 70, 83, 88, 94, 43, 160, 198], [2, 22, 124, 176, 78, 69, 169, 9, 147, 126], [155, 138, 153, 13, 133, 38, 16, 199, 1, 193], [60, 111, 34, 180, 129, 75, 118, 72, 145, 117, 114, 86], [40, 32, 63, 158, 100, 119, 125, 152, 15, 82], [162, 177, 36, 4, 62, 18, 65, 87, 47, 121, 71], [67, 25, 181, 194, 3, 80, 27, 171, 79, 192], [6, 178, 14, 187, 24, 96, 175, 48]]",false
292,30263,3745,2-opt,CMT5.vrp,"[[59, 166, 21, 93, 42, 104, 107, 189, 84, 8, 167], [5, 123, 108, 51, 50, 130, 97, 146, 73, 144, 182], [30, 103, 174, 156, 195, 191, 113, 89, 185, 23, 183, 159, 106, 11], [54, 179, 85, 165, 163, 148, 92, 33, 53, 115, 91, 140, 157], [105, 137, 186, 139, 173, 20, 164, 56, 39, 109, 81, 17, 151], [188, 116, 197, 141, 101, 28, 64, 172, 122, 154, 58, 128, 7, 150, 77, 76], [127, 149, 170, 99, 98, 29, 37, 142, 143, 184, 136, 196], [95, 112, 66, 41, 90, 135, 110, 57, 10, 102, 46, 45], [61, 120, 68, 190, 74, 49, 161, 31, 131, 52, 134, 26, 168], [55, 44, 12, 132, 35, 19, 70, 83, 88, 94, 43, 160, 198], [2, 22, 124, 176, 78, 69, 169, 9, 147, 126], [155, 138, 153, 13, 133, 38, 16, 199, 1, 193], [60, 111, 34, 180, 129, 75, 118, 72, 145, 117, 114, 86], [40, 119, 100, 32, 63, 158, 125, 152, 15, 82], [162, 177, 36, 4, 62, 18, 65, 87, 47, 121, 71], [67, 25, 181, 194, 3, 80, 27, 171, 79, 192], [6, 178, 14, 187, 24, 96, 175, 48]]",false
293,30317,3734,2-opt,CMT5.vrp,"[[59, 166, 21, 93, 42, 104, 107, 189, 84, 8, 167], [5, 123, 108, 51, 50, 130, 97, 146, 73, 144, 182], [30, 103, 174, 156, 195, 191, 113, 89, 185, 23, 183, 159, 106, 11], [54, 179, 85, 165, 163, 148, 92, 33, 53, 115, 91, 140, 157], [105, 137, 186, 139, 173, 20, 164, 56, 39, 109, 81, 17, 151], [188, 116, 197, 141, 101, 28, 64, 172, 122, 154, 58, 128, 7, 150, 77, 76], [127, 149, 170, 99, 98, 29, 37, 142, 143, 184, 136, 196], [95, 112, 66, 41, 90, 135, 110, 57, 10, 102, 46, 45], [61, 120, 68, 190, 74, 49, 161, 31, 131, 52, 134, 26, 168], [55, 44, 12, 132, 35, 19, 70, 83, 88, 94, 43, 160, 198], [2, 22, 124, 176, 78, 69, 169, 9, 147, 126], [155, 138, 153, 13, 133, 38, 16, 199, 1, 193], [60, 111, 34, 180, 129, 75, 118, 72, 145, 117, 114, 86], [100, 119, 40, 32, 63, 158, 125, 152, 15, 82], [162, 177, 36, 4, 62, 18, 65, 87, 47, 121, 71], [67, 25, 181, 194, 3, 80, 27, 171, 79, 192], [6, 178, 14, 187, 24, 96, 175, 48]]",false
294,30375,3730,2-opt,CMT5.vrp,"[[59, 166, 21, 93, 42, 104, 107, 189, 84, 8, 167], [5, 123, 108, 51, 50, 130, 97, 146, 73, 144, 182], [30, 103, 174, 156, 195, 191, 113, 89, 185, 23, 183, 159, 106, 11], [54, 179, 85, 165, 163, 148, 92, 33, 53, 115, 91, 140, 157], [105, 137, 186, 139, 173, 20, 164, 56, 39, 109, 81, 17, 151], [188, 116, 197, 141, 101, 28, 64, 172, 122, 154, 58, 128, 7, 150, 77, 76], [127, 149, 170, 99, 98, 29, 37, 142, 143, 184, 136, 196], [95, 112, 66, 41, 90, 135, 110, 57, 10, 102, 46, 45], [61, 120, 68, 190, 74, 49, 161, 31, 131, 52, 134, 26, 168], [55, 44, 12, 132, 35, 19, 70, 83, 88, 94, 43, 160, 198], [2, 22, 124, 176, 78, 69, 169, 9, 147, 126], [155, 138, 153, 13, 133, 38, 16, 199, 1, 193], [60, 111, 34, 180, 129, 75, 118, 72, 145, 117, 114, 86], [40, 119, 100, 32, 63, 158, 152, 125, 15, 82], [162, 177, 36, 4, 62, 18, 65, 87, 47, 121, 71], [67, 25, 181, 194, 3, 80, 27, 171, 79, 192], [6, 178, 14, 187, 24, 96, 175, 48]]",false
295,30416,3719,2-opt,CMT5.vrp,"[[59, 166, 21, 93, 42, 104, 107, 189, 84, 8, 167], [5, 123, 108, 51, 50, 130, 97, 146, 73, 144, 182], [30, 103, 174, 156, 195, 191, 113, 89, 185, 23, 183, 159, 106, 11], [54, 179, 85, 165, 163, 148, 92, 33, 53, 115, 91, 140, 157], [105, 137, 186, 139, 173, 20, 164, 56, 39, 109, 81, 17, 151], [188, 116, 197, 141, 101, 28, 64, 172, 122, 154, 58, 128, 7, 150, 77, 76], [127, 149, 170, 99, 98, 29, 37, 142, 143, 184, 136, 196], [95, 112, 66, 41, 90, 135, 110, 57, 10, 102, 46, 45], [61, 120, 68, 190, 74, 49, 161, 31, 131, 52, 134, 26, 168], [55, 44, 12, 132, 35, 19, 70, 83, 88, 94, 43, 160, 198], [2, 22, 124, 176, 78, 69, 169, 9, 147, 126], [155, 138, 153, 13, 133, 38, 16, 199, 1, 193], [60, 111, 34, 180, 129, 75, 118, 72, 145, 117, 114, 86], [100, 119, 40, 32, 63, 158, 152, 125, 15, 82], [162, 177, 36, 4, 62, 18, 65, 87, 47, 121, 71], [67, 25, 181, 194, 3, 80, 27, 171, 79, 192], [6, 178, 14, 187, 24, 96, 175, 48]]",false
296,30481,3719,2-opt,CMT5.vrp,"[[59, 166, 21, 93, 42, 104, 107, 189, 84, 8, 167], [5, 123, 108, 51, 50, 130, 97, 146, 73, 144, 182], [30, 103, 174, 156, 195, 191, 113, 89, 185, 23, 183, 159, 106, 11], [54, 179, 85, 165, 163, 148, 92, 33, 53, 115, 91, 140, 157], [105, 137, 186, 139, 173, 20, 164, 56, 39, 109, 81, 17, 151], [188, 116, 197, 141, 101, 28, 64, 172, 122, 154, 58, 128, 7, 150, 77, 76], [127, 149, 170, 99, 98, 29, 37, 142, 143, 184, 136, 196], [95, 112, 66, 41, 90, 135, 110, 57, 10, 102, 46, 45], [61, 120, 68, 190, 74, 49, 161, 31, 131, 52, 134, 26, 168], [55, 44, 12, 132, 35, 19, 70, 83, 88, 94, 43, 160, 198], [2, 22, 124, 176, 78, 69, 169, 9, 147, 126], [155, 138, 153, 13, 133, 38, 16, 199, 1, 193], [60, 111, 34, 180, 129, 75, 118, 72, 145, 117, 114, 86], [40, 119, 100, 32, 63, 158, 82, 15, 125, 152], [162, 177, 36, 4, 62, 18, 65, 87, 47, 121, 71], [67, 25, 181, 194, 3, 80, 27, 171, 79, 192], [6, 178, 14, 187, 24, 96, 175, 48]]",false
297,30524,3707,2-opt,CMT5.vrp,"[[59, 166, 21, 93, 42, 104, 107, 189, 84, 8, 167], [5, 123, 108, 51, 50, 130, 97, 146, 73, 144, 182], [30, 103, 174, 156, 195, 191, 113, 89, 185, 23, 183, 159, 106, 11], [54, 179, 85, 165, 163, 148, 92, 33, 53, 115, 91, 140, 157], [105, 137, 186, 139, 173, 20, 164, 56, 39, 109, 81, 17, 151], [188, 116, 197, 141, 101, 28, 64, 172, 122, 154, 58, 128, 7, 150, 77, 76], [127, 149, 170, 99, 98, 29, 37, 142, 143, 184, 136, 196], [95, 112, 66, 41, 90, 135, 110, 57, 10, 102, 46, 45], [61, 120, 68, 190, 74, 49, 161, 31, 131, 52, 134, 26, 168], [55, 44, 12, 132, 35, 19, 70, 83, 88, 94, 43, 160, 198], [2, 22, 124, 176, 78, 69, 169, 9, 147, 126], [155, 138, 153, 13, 133, 38, 16, 199, 1, 193], [60, 111, 34, 180, 129, 75, 118, 72, 145, 117, 114, 86], [100, 119, 40, 32, 63, 158, 82, 15, 125, 152], [162, 177, 36, 4, 62, 18, 65, 87, 47, 121, 71], [67, 25, 181, 194, 3, 80, 27, 171, 79, 192], [6, 178, 14, 187, 24, 96, 175, 48]]",false
298,30623,3690,2-opt,CMT5.vrp,"[[59, 166, 21, 93, 42, 104, 107, 189, 84, 8, 167], [5, 123, 108, 51, 50, 130, 97, 146, 73, 144, 182], [30, 103, 174, 156, 195, 191, 113, 89, 185, 23, 183, 159, 106, 11], [54, 179, 85, 165, 163, 148, 92, 33, 53, 115, 91, 140, 157], [105, 137, 186, 139, 173, 20, 164, 56, 39, 109, 81, 17, 151], [188, 116, 197, 141, 101, 28, 64, 172, 122, 154, 58, 128, 7, 150, 77, 76], [127, 149, 170, 99, 98, 29, 37, 142, 143, 184, 136, 196], [95, 112, 66, 41, 90, 135, 110, 57, 10, 102, 46, 45], [61, 120, 68, 190, 74, 49, 161, 31, 131, 52, 134, 26, 168], [55, 44, 12, 132, 35, 19, 70, 83, 88, 94, 43, 160, 198], [2, 22, 124, 176, 78, 69, 169, 9, 147, 126], [155, 138, 153, 13, 133, 38, 16, 199, 1, 193], [60, 111, 34, 180, 129, 75, 118, 72, 145, 117, 114, 86], [100, 119, 40, 32, 63, 158, 82, 15, 125, 152], [4, 36, 177, 162, 62, 18, 65, 87, 47, 121, 71], [67, 25, 181, 194, 3, 80, 27, 171, 79, 192], [6, 178, 14, 187, 24, 96, 175, 48]]",false
299,30665,3671,2-opt,CMT5.vrp,"[[59, 166, 21, 93, 42, 104, 107, 189, 84, 8, 167], [5, 123, 108, 51, 50, 130, 97, 146, 73, 144, 182], [30, 103, 174, 156, 195, 191, 113, 89, 185, 23, 183, 159, 106, 11], [54, 179, 85, 165, 163, 148, 92, 33, 53, 115, 91, 140, 157], [105, 137, 186, 139, 173, 20, 164, 56, 39, 109, 81, 17, 151], [188, 116, 197, 141, 101, 28, 64, 172, 122, 154, 58, 128, 7, 150, 77, 76], [127, 149, 170, 99, 98, 29, 37, 142, 143, 184, 136, 196], [95, 112, 66, 41, 90, 135, 110, 57, 10, 102, 46, 45], [61, 120, 68, 190, 74, 49, 161, 31, 131, 52, 134, 26, 168], [55, 44, 12, 132, 35, 19, 70, 83, 88, 94, 43, 160, 198], [2, 22, 124, 176, 78, 69, 169, 9, 147, 126], [155, 138, 153, 13, 133, 38, 16, 199, 1, 193], [60, 111, 34, 180, 129, 75, 118, 72, 145, 117, 114, 86], [100, 119, 40, 32, 63, 158, 82, 15, 125, 152], [121, 47, 87, 65, 18, 62, 4, 36, 177, 162, 71], [67, 25, 181, 194, 3, 80, 27, 171, 79, 192], [6, 178, 14, 187, 24, 96, 175, 48]]",false
300,30709,3660,2-opt,CMT5.vrp,"[[59, 166, 21, 93, 42, 104, 107, 189, 84, 8, 167], [5, 123, 108, 51, 50, 130, 97, 146, 73, 144, 182], [30, 103, 174, 156, 195, 191, 113, 89, 185, 23, 183, 159, 106, 11], [54, 179, 85, 165, 163, 148, 92, 33, 53, 115, 91, 140, 157], [105, 137, 186, 139, 173, 20, 164, 56, 39, 109, 81, 17, 151], [188, 116, 197, 141, 101, 28, 64, 172, 122, 154, 58, 128, 7, 150, 77, 76], [127, 149, 170, 99, 98, 29, 37, 142, 143, 184, 136, 196], [95, 112, 66, 41, 90, 135, 110, 57, 10, 102, 46, 45], [61, 120, 68, 190, 74, 49, 161, 31, 131, 52, 134, 26, 168], [55, 44, 12, 132, 35, 19, 70, 83, 88, 94, 43, 160, 198], [2, 22, 124, 176, 78, 69, 169, 9, 147, 126], [155, 138, 153, 13, 133, 38, 16, 199, 1, 193], [60, 111, 34, 180, 129, 75, 118, 72, 145, 117, 114, 86], [100, 119, 40, 32, 63, 158, 82, 15, 125, 152], [162, 18, 62, 4, 36, 177, 65, 87, 47, 121, 71], [67, 25, 181, 194, 3, 80, 27, 171, 79, 192], [6, 178, 14, 187, 24, 96, 175, 48]]",false
301,30790,3654,2-opt,CMT5.vrp,"[[59, 166, 21, 93, 42, 104, 107, 189, 84, 8, 167], [5, 123, 108, 51, 50, 130, 97, 146, 73, 144, 182], [30, 103, 174, 156, 195, 191, 113, 89, 185, 23, 183, 159, 106, 11], [54, 179, 85, 165, 163, 148, 92, 33, 53, 115, 91, 140, 157], [105, 137, 186, 139, 173, 20, 164, 56, 39, 109, 81, 17, 151], [188, 116, 197, 141, 101, 28, 64, 172, 122, 154, 58, 128, 7, 150, 77, 76], [127, 149, 170, 99, 98, 29, 37, 142, 143, 184, 136, 196], [95, 112, 66, 41, 90, 135, 110, 57, 10, 102, 46, 45], [61, 120, 68, 190, 74, 49, 161, 31, 131, 52, 134, 26, 168], [55, 44, 12, 132, 35, 19, 70, 83, 88, 94, 43, 160, 198], [2, 22, 124, 176, 78, 69, 169, 9, 147, 126], [155, 138, 153, 13, 133, 38, 16, 199, 1, 193], [60, 111, 34, 180, 129, 75, 118, 72, 145, 117, 114, 86], [100, 119, 40, 32, 63, 158, 82, 15, 125, 152], [62, 18, 162, 4, 36, 177, 65, 87, 47, 121, 71], [67, 25, 181, 194, 3, 80, 27, 171, 79, 192], [6, 178, 14, 187, 24, 96, 175, 48]]",false
302,30827,3652,2-opt,CMT5.vrp,"[[59, 166, 21, 93, 42, 104, 107, 189, 84, 8, 167], [5, 123, 108, 51, 50, 130, 97, 146, 73, 144, 182], [30, 103, 174, 156, 195, 191, 113, 89, 185, 23, 183, 159, 106, 11], [54, 179, 85, 165, 163, 148, 92, 33, 53, 115, 91, 140, 157], [105, 137, 186, 139, 173, 20, 164, 56, 39, 109, 81, 17, 151], [188, 116, 197, 141, 101, 28, 64, 172, 122, 154, 58, 128, 7, 150, 77, 76], [127, 149, 170, 99, 98, 29, 37, 142, 143, 184, 136, 196], [95, 112, 66, 41, 90, 135, 110, 57, 10, 102, 46, 45], [61, 120, 68, 190, 74, 49, 161, 31, 131, 52, 134, 26, 168], [55, 44, 12, 132, 35, 19, 70, 83, 88, 94, 43, 160, 198], [2, 22, 124, 176, 78, 69, 169, 9, 147, 126], [155, 138, 153, 13, 133, 38, 16, 199, 1, 193], [60, 111, 34, 180, 129, 75, 118, 72, 145, 117, 114, 86], [100, 119, 40, 32, 63, 158, 82, 15, 125, 152], [36, 4, 62, 18, 162, 177, 65, 87, 47, 121, 71], [67, 25, 181, 194, 3, 80, 27, 171, 79, 192], [6, 178, 14, 187, 24, 96, 175, 48]]",false
303,30870,3624,2-opt,CMT5.vrp,"[[59, 166, 21, 93, 42, 104, 107, 189, 84, 8, 167], [5, 123, 108, 51, 50, 130, 97, 146, 73, 144, 182], [30, 103, 174, 156, 195, 191, 113, 89, 185, 23, 183, 159, 106, 11], [54, 179, 85, 165, 163, 148, 92, 33, 53, 115, 91, 140, 157], [105, 137, 186, 139, 173, 20, 164, 56, 39, 109, 81, 17, 151], [188, 116, 197, 141, 101, 28, 64, 172, 122, 154, 58, 128, 7, 150, 77, 76], [127, 149, 170, 99, 98, 29, 37, 142, 143, 184, 136, 196], [95, 112, 66, 41, 90, 135, 110, 57, 10, 102, 46, 45], [61, 120, 68, 190, 74, 49, 161, 31, 131, 52, 134, 26, 168], [55, 44, 12, 132, 35, 19, 70, 83, 88, 94, 43, 160, 198], [2, 22, 124, 176, 78, 69, 169, 9, 147, 126], [155, 138, 153, 13, 133, 38, 16, 199, 1, 193], [60, 111, 34, 180, 129, 75, 118, 72, 145, 117, 114, 86], [100, 119, 40, 32, 63, 158, 82, 15, 125, 152], [121, 47, 87, 65, 177, 36, 4, 62, 18, 162, 71], [67, 25, 181, 194, 3, 80, 27, 171, 79, 192], [6, 178, 14, 187, 24, 96, 175, 48]]",false
304,30927,3619,2-opt,CMT5.vrp,"[[59, 166, 21, 93, 42, 104, 107, 189, 84, 8, 167], [5, 123, 108, 51, 50, 130, 97, 146, 73, 144, 182], [30, 103, 174, 156, 195, 191, 113, 89, 185, 23, 183, 159, 106, 11], [54, 179, 85, 165, 163, 148, 92, 33, 53, 115, 91, 140, 157], [105, 137, 186, 139, 173, 20, 164, 56, 39, 109, 81, 17, 151], [188, 116, 197, 141, 101, 28, 64, 172, 122, 154, 58, 128, 7, 150, 77, 76], [127, 149, 170, 99, 98, 29, 37, 142, 143, 184, 136, 196], [95, 112, 66, 41, 90, 135, 110, 57, 10, 102, 46, 45], [61, 120, 68, 190, 74, 49, 161, 31, 131, 52, 134, 26, 168], [55, 44, 12, 132, 35, 19, 70, 83, 88, 94, 43, 160, 198], [2, 22, 124, 176, 78, 69, 169, 9, 147, 126], [155, 138, 153, 13, 133, 38, 16, 199, 1, 193], [60, 111, 34, 180, 129, 75, 118, 72, 145, 117, 114, 86], [100, 119, 40, 32, 63, 158, 82, 15, 125, 152], [162, 18, 62, 4, 87, 65, 177, 36, 47, 121, 71], [67, 25, 181, 194, 3, 80, 27, 171, 79, 192], [6, 178, 14, 187, 24, 96, 175, 48]]",false
305,30968,3599,2-opt,CMT5.vrp,"[[59, 166, 21, 93, 42, 104, 107, 189, 84, 8, 167], [5, 123, 108, 51, 50, 130, 97, 146, 73, 144, 182], [30, 103, 174, 156, 195, 191, 113, 89, 185, 23, 183, 159, 106, 11], [54, 179, 85, 165, 163, 148, 92, 33, 53, 115, 91, 140, 157], [105, 137, 186, 139, 173, 20, 164, 56, 39, 109, 81, 17, 151], [188, 116, 197, 141, 101, 28, 64, 172, 122, 154, 58, 128, 7, 150, 77, 76], [127, 149, 170, 99, 98, 29, 37, 142, 143, 184, 136, 196], [95, 112, 66, 41, 90, 135, 110, 57, 10, 102, 46, 45], [61, 120, 68, 190, 74, 49, 161, 31, 131, 52, 134, 26, 168], [55, 44, 12, 132, 35, 19, 70, 83, 88, 94, 43, 160, 198], [2, 22, 124, 176, 78, 69, 169, 9, 147, 126], [155, 138, 153, 13, 133, 38, 16, 199, 1, 193], [60, 111, 34, 180, 129, 75, 118, 72, 145, 117, 114, 86], [100, 119, 40, 32, 63, 158, 82, 15, 125, 152], [162, 18, 62, 4, 36, 121, 47, 87, 65, 177, 71], [67, 25, 181, 194, 3, 80, 27, 171, 79, 192], [6, 178, 14, 187, 24, 96, 175, 48]]",false
306,31008,3593,2-opt,CMT5.vrp,"[[59, 166, 21, 93, 42, 104, 107, 189, 84, 8, 167], [5, 123, 108, 51, 50, 130, 97, 146, 73, 144, 182], [30, 103, 174, 156, 195, 191, 113, 89, 185, 23, 183, 159, 106, 11], [54, 179, 85, 165, 163, 148, 92, 33, 53, 115, 91, 140, 157], [105, 137, 186, 139, 173, 20, 164, 56, 39, 109, 81, 17, 151], [188, 116, 197, 141, 101, 28, 64, 172, 122, 154, 58, 128, 7, 150, 77, 76], [127, 149, 170, 99, 98, 29, 37, 142, 143, 184, 136, 196], [95, 112, 66, 41, 90, 135, 110, 57, 10, 102, 46, 45], [61, 120, 68, 190, 74, 49, 161, 31, 131, 52, 134, 26, 168], [55, 44, 12, 132, 35, 19, 70, 83, 88, 94, 43, 160, 198], [2, 22, 124, 176, 78, 69, 169, 9, 147, 126], [155, 138, 153, 13, 133, 38, 16, 199, 1, 193], [60, 111, 34, 180, 129, 75, 118, 72, 145, 117, 114, 86], [100, 119, 40, 32, 63, 158, 82, 15, 125, 152], [62, 18, 162, 4, 36, 121, 47, 87, 65, 177, 71], [67, 25, 181, 194, 3, 80, 27, 171, 79, 192], [6, 178, 14, 187, 24, 96, 175, 48]]",false
307,31059,3583,2-opt,CMT5.vrp,"[[59, 166, 21, 93, 42, 104, 107, 189, 84, 8, 167], [5, 123, 108, 51, 50, 130, 97, 146, 73, 144, 182], [30, 103, 174, 156, 195, 191, 113, 89, 185, 23, 183, 159, 106, 11], [54, 179, 85, 165, 163, 148, 92, 33, 53, 115, 91, 140, 157], [105, 137, 186, 139, 173, 20, 164, 56, 39, 109, 81, 17, 151], [188, 116, 197, 141, 101, 28, 64, 172, 122, 154, 58, 128, 7, 150, 77, 76], [127, 149, 170, 99, 98, 29, 37, 142, 143, 184, 136, 196], [95, 112, 66, 41, 90, 135, 110, 57, 10, 102, 46, 45], [61, 120, 68, 190, 74, 49, 161, 31, 131, 52, 134, 26, 168], [55, 44, 12, 132, 35, 19, 70, 83, 88, 94, 43, 160, 198], [2, 22, 124, 176, 78, 69, 169, 9, 147, 126], [155, 138, 153, 13, 133, 38, 16, 199, 1, 193], [60, 111, 34, 180, 129, 75, 118, 72, 145, 117, 114, 86], [100, 119, 40, 32, 63, 158, 82, 15, 125, 152], [162, 18, 62, 47, 121, 36, 4, 87, 65, 177, 71], [67, 25, 181, 194, 3, 80, 27, 171, 79, 192], [6, 178, 14, 187, 24, 96, 175, 48]]",false
308,31119,3579,2-opt,CMT5.vrp,"[[59, 166, 21, 93, 42, 104, 107, 189, 84, 8, 167], [5, 123, 108, 51, 50, 130, 97, 146, 73, 144, 182], [30, 103, 174, 156, 195, 191, 113, 89, 185, 23, 183, 159, 106, 11], [54, 179, 85, 165, 163, 148, 92, 33, 53, 115, 91, 140, 157], [105, 137, 186, 139, 173, 20, 164, 56, 39, 109, 81, 17, 151], [188, 116, 197, 141, 101, 28, 64, 172, 122, 154, 58, 128, 7, 150, 77, 76], [127, 149, 170, 99, 98, 29, 37, 142, 143, 184, 136, 196], [95, 112, 66, 41, 90, 135, 110, 57, 10, 102, 46, 45], [61, 120, 68, 190, 74, 49, 161, 31, 131, 52, 134, 26, 168], [55, 44, 12, 132, 35, 19, 70, 83, 88, 94, 43, 160, 198], [2, 22, 124, 176, 78, 69, 169, 9, 147, 126], [155, 138, 153, 13, 133, 38, 16, 199, 1, 193], [60, 111, 34, 180, 129, 75, 118, 72, 145, 117, 114, 86], [100, 119, 40, 32, 63, 158, 82, 15, 125, 152], [177, 65, 87, 4, 36, 121, 47, 62, 18, 162, 71], [67, 25, 181, 194, 3, 80, 27, 171, 79, 192], [6, 178, 14, 187, 24, 96, 175, 48]]",false
309,31165,3577,2-opt,CMT5.vrp,"[[59, 166, 21, 93, 42, 104, 107, 189, 84, 8, 167], [5, 123, 108, 51, 50, 130, 97, 146, 73, 144, 182], [30, 103, 174, 156, 195, 191, 113, 89, 185, 23, 183, 159, 106, 11], [54, 179, 85, 165, 163, 148, 92, 33, 53, 115, 91, 140, 157], [105, 137, 186, 139, 173, 20, 164, 56, 39, 109, 81, 17, 151], [188, 116, 197, 141, 101, 28, 64, 172, 122, 154, 58, 128, 7, 150, 77, 76], [127, 149, 170, 99, 98, 29, 37, 142, 143, 184, 136, 196], [95, 112, 66, 41, 90, 135, 110, 57, 10, 102, 46, 45], [61, 120, 68, 190, 74, 49, 161, 31, 131, 52, 134, 26, 168], [55, 44, 12, 132, 35, 19, 70, 83, 88, 94, 43, 160, 198], [2, 22, 124, 176, 78, 69, 169, 9, 147, 126], [155, 138, 153, 13, 133, 38, 16, 199, 1, 193], [60, 111, 34, 180, 129, 75, 118, 72, 145, 117, 114, 86], [100, 119, 40, 32, 63, 158, 82, 15, 125, 152], [162, 18, 62, 121, 47, 36, 4, 87, 65, 177, 71], [67, 25, 181, 194, 3, 80, 27, 171, 79, 192], [6, 178, 14, 187, 24, 96, 175, 48]]",false
310,31222,3573,2-opt,CMT5.vrp,"[[59, 166, 21, 93, 42, 104, 107, 189, 84, 8, 167], [5, 123, 108, 51, 50, 130, 97, 146, 73, 144, 182], [30, 103, 174, 156, 195, 191, 113, 89, 185, 23, 183, 159, 106, 11], [54, 179, 85, 165, 163, 148, 92, 33, 53, 115, 91, 140, 157], [105, 137, 186, 139, 173, 20, 164, 56, 39, 109, 81, 17, 151], [188, 116, 197, 141, 101, 28, 64, 172, 122, 154, 58, 128, 7, 150, 77, 76], [127, 149, 170, 99, 98, 29, 37, 142, 143, 184, 136, 196], [95, 112, 66, 41, 90, 135, 110, 57, 10, 102, 46, 45], [61, 120, 68, 190, 74, 49, 161, 31, 131, 52, 134, 26, 168], [55, 44, 12, 132, 35, 19, 70, 83, 88, 94, 43, 160, 198], [2, 22, 124, 176, 78, 69, 169, 9, 147, 126], [155, 138, 153, 13, 133, 38, 16, 199, 1, 193], [60, 111, 34, 180, 129, 75, 118, 72, 145, 117, 114, 86], [100, 119, 40, 32, 63, 158, 82, 15, 125, 152], [177, 65, 87, 4, 36, 47, 121, 62, 18, 162, 71], [67, 25, 181, 194, 3, 80, 27, 171, 79, 192], [6, 178, 14, 187, 24, 96, 175, 48]]",false
311,31284,3568,2-opt,CMT5.vrp,"[[59, 166, 21, 93, 42, 104, 107, 189, 84, 8, 167], [5, 123, 108, 51, 50, 130, 97, 146, 73, 144, 182], [30, 103, 174, 156, 195, 191, 113, 89, 185, 23, 183, 159, 106, 11], [54, 179, 85, 165, 163, 148, 92, 33, 53, 115, 91, 140, 157], [105, 137, 186, 139, 173, 20, 164, 56, 39, 109, 81, 17, 151], [188, 116, 197, 141, 101, 28, 64, 172, 122, 154, 58, 128, 7, 150, 77, 76], [127, 149, 170, 99, 98, 29, 37, 142, 143, 184, 136, 196], [95, 112, 66, 41, 90, 135, 110, 57, 10, 102, 46, 45], [61, 120, 68, 190, 74, 49, 161, 31, 131, 52, 134, 26, 168], [55, 44, 12, 132, 35, 19, 70, 83, 88, 94, 43, 160, 198], [2, 22, 124, 176, 78, 69, 169, 9, 147, 126], [155, 138, 153, 13, 133, 38, 16, 199, 1, 193], [60, 111, 34, 180, 129, 75, 118, 72, 145, 117, 114, 86], [100, 119, 40, 32, 63, 158, 82, 15, 125, 152], [4, 87, 65, 177, 36, 47, 121, 62, 18, 162, 71], [67, 25, 181, 194, 3, 80, 27, 171, 79, 192], [6, 178, 14, 187, 24, 96, 175, 48]]",false
312,31366,3566,2-opt,CMT5.vrp,"[[59, 166, 21, 93, 42, 104, 107, 189, 84, 8, 167], [5, 123, 108, 51, 50, 130, 97, 146, 73, 144, 182], [30, 103, 174, 156, 195, 191, 113, 89, 185, 23, 183, 159, 106, 11], [54, 179, 85, 165, 163, 148, 92, 33, 53, 115, 91, 140, 157], [105, 137, 186, 139, 173, 20, 164, 56, 39, 109, 81, 17, 151], [188, 116, 197, 141, 101, 28, 64, 172, 122, 154, 58, 128, 7, 150, 77, 76], [127, 149, 170, 99, 98, 29, 37, 142, 143, 184, 136, 196], [95, 112, 66, 41, 90, 135, 110, 57, 10, 102, 46, 45], [61, 120, 68, 190, 74, 49, 161, 31, 131, 52, 134, 26, 168], [55, 44, 12, 132, 35, 19, 70, 83, 88, 94, 43, 160, 198], [2, 22, 124, 176, 78, 69, 169, 9, 147, 126], [155, 138, 153, 13, 133, 38, 16, 199, 1, 193], [60, 111, 34, 180, 129, 75, 118, 72, 145, 117, 114, 86], [100, 119, 40, 32, 63, 158, 82, 15, 125, 152], [4, 87, 65, 177, 47, 36, 121, 62, 18, 162, 71], [67, 25, 181, 194, 3, 80, 27, 171, 79, 192], [6, 178, 14, 187, 24, 96, 175, 48]]",false
313,31410,3553,2-opt,CMT5.vrp,"[[59, 166, 21, 93, 42, 104, 107, 189, 84, 8, 167], [5, 123, 108, 51, 50, 130, 97, 146, 73, 144, 182], [30, 103, 174, 156, 195, 191, 113, 89, 185, 23, 183, 159, 106, 11], [54, 179, 85, 165, 163, 148, 92, 33, 53, 115, 91, 140, 157], [105, 137, 186, 139, 173, 20, 164, 56, 39, 109, 81, 17, 151], [188, 116, 197, 141, 101, 28, 64, 172, 122, 154, 58, 128, 7, 150, 77, 76], [127, 149, 170, 99, 98, 29, 37, 142, 143, 184, 136, 196], [95, 112, 66, 41, 90, 135, 110, 57, 10, 102, 46, 45], [61, 120, 68, 190, 74, 49, 161, 31, 131, 52, 134, 26, 168], [55, 44, 12, 132, 35, 19, 70, 83, 88, 94, 43, 160, 198], [2, 22, 124, 176, 78, 69, 169, 9, 147, 126], [155, 138, 153, 13, 133, 38, 16, 199, 1, 193], [60, 111, 34, 180, 129, 75, 118, 72, 145, 117, 114, 86], [100, 119, 40, 32, 63, 158, 82, 15, 125, 152], [4, 87, 65, 177, 71, 162, 18, 62, 121, 47, 36], [67, 25, 181, 194, 3, 80, 27, 171, 79, 192], [6, 178, 14, 187, 24, 96, 175, 48]]",false
314,31491,3549,2-opt,CMT5.vrp,"[[59, 166, 21, 93, 42, 104, 107, 189, 84, 8, 167], [5, 123, 108, 51, 50, 130, 97, 146, 73, 144, 182], [30, 103, 174, 156, 195, 191, 113, 89, 185, 23, 183, 159, 106, 11], [54, 179, 85, 165, 163, 148, 92, 33, 53, 115, 91, 140, 157], [105, 137, 186, 139, 173, 20, 164, 56, 39, 109, 81, 17, 151], [188, 116, 197, 141, 101, 28, 64, 172, 122, 154, 58, 128, 7, 150, 77, 76], [127, 149, 170, 99, 98, 29, 37, 142, 143, 184, 136, 196], [95, 112, 66, 41, 90, 135, 110, 57, 10, 102, 46, 45], [61, 120, 68, 190, 74, 49, 161, 31, 131, 52, 134, 26, 168], [55, 44, 12, 132, 35, 19, 70, 83, 88, 94, 43, 160, 198], [2, 22, 124, 176, 78, 69, 169, 9, 147, 126], [155, 138, 153, 13, 133, 38, 16, 199, 1, 193], [60, 111, 34, 180, 129, 75, 118, 72, 145, 117, 114, 86], [100, 119, 40, 32, 63, 158, 82, 15, 125, 152], [4, 87, 65, 177, 71, 162, 18, 62, 121, 36, 47], [67, 25, 181, 194, 3, 80, 27, 171, 79, 192], [6, 178, 14, 187, 24, 96, 175, 48]]",false
315,31564,3541,2-opt,CMT5.vrp,"[[59, 166, 21, 93, 42, 104, 107, 189, 84, 8, 167], [5, 123, 108, 51, 50, 130, 97, 146, 73, 144, 182], [30, 103, 174, 156, 195, 191, 113, 89, 185, 23, 183, 159, 106, 11], [54, 179, 85, 165, 163, 148, 92, 33, 53, 115, 91, 140, 157], [105, 137, 186, 139, 173, 20, 164, 56, 39, 109, 81, 17, 151], [188, 116, 197, 141, 101, 28, 64, 172, 122, 154, 58, 128, 7, 150, 77, 76], [127, 149, 170, 99, 98, 29, 37, 142, 143, 184, 136, 196], [95, 112, 66, 41, 90, 135, 110, 57, 10, 102, 46, 45], [61, 120, 68, 190, 74, 49, 161, 31, 131, 52, 134, 26, 168], [55, 44, 12, 132, 35, 19, 70, 83, 88, 94, 43, 160, 198], [2, 22, 124, 176, 78, 69, 169, 9, 147, 126], [155, 138, 153, 13, 133, 38, 16, 199, 1, 193], [60, 111, 34, 180, 129, 75, 118, 72, 145, 117, 114, 86], [100, 119, 40, 32, 63, 158, 82, 15, 125, 152], [4, 87, 65, 177, 71, 162, 18, 62, 121, 36, 47], [181, 25, 67, 194, 3, 80, 27, 171, 79, 192], [6, 178, 14, 187, 24, 96, 175, 48]]",false
316,31601,3537,2-opt,CMT5.vrp,"[[59, 166, 21, 93, 42, 104, 107, 189, 84, 8, 167], [5, 123, 108, 51, 50, 130, 97, 146, 73, 144, 182], [30, 103, 174, 156, 195, 191, 113, 89, 185, 23, 183, 159, 106, 11], [54, 179, 85, 165, 163, 148, 92, 33, 53, 115, 91, 140, 157], [105, 137, 186, 139, 173, 20, 164, 56, 39, 109, 81, 17, 151], [188, 116, 197, 141, 101, 28, 64, 172, 122, 154, 58, 128, 7, 150, 77, 76], [127, 149, 170, 99, 98, 29, 37, 142, 143, 184, 136, 196], [95, 112, 66, 41, 90, 135, 110, 57, 10, 102, 46, 45], [61, 120, 68, 190, 74, 49, 161, 31, 131, 52, 134, 26, 168], [55, 44, 12, 132, 35, 19, 70, 83, 88, 94, 43, 160, 198], [2, 22, 124, 176, 78, 69, 169, 9, 147, 126], [155, 138, 153, 13, 133, 38, 16, 199, 1, 193], [60, 111, 34, 180, 129, 75, 118, 72, 145, 117, 114, 86], [100, 119, 40, 32, 63, 158, 82, 15, 125, 152], [4, 87, 65, 177, 71, 162, 18, 62, 121, 36, 47], [194, 181, 25, 67, 3, 80, 27, 171, 79, 192], [6, 178, 14, 187, 24, 96, 175, 48]]",false
317,31637,3524,2-opt,CMT5.vrp,"[[59, 166, 21, 93, 42, 104, 107, 189, 84, 8, 167], [5, 123, 108, 51, 50, 130, 97, 146, 73, 144, 182], [30, 103, 174, 156, 195, 191, 113, 89, 185, 23, 183, 159, 106, 11], [54, 179, 85, 165, 163, 148, 92, 33, 53, 115, 91, 140, 157], [105, 137, 186, 139, 173, 20, 164, 56, 39, 109, 81, 17, 151], [188, 116, 197, 141, 101, 28, 64, 172, 122, 154, 58, 128, 7, 150, 77, 76], [127, 149, 170, 99, 98, 29, 37, 142, 143, 184, 136, 196], [95, 112, 66, 41, 90, 135, 110, 57, 10, 102, 46, 45], [61, 120, 68, 190, 74, 49, 161, 31, 131, 52, 134, 26, 168], [55, 44, 12, 132, 35, 19, 70, 83, 88, 94, 43, 160, 198], [2, 22, 124, 176, 78, 69, 169, 9, 147, 126], [155, 138, 153, 13, 133, 38, 16, 199, 1, 193], [60, 111, 34, 180, 129, 75, 118, 72, 145, 117, 114, 86], [100, 119, 40, 32, 63, 158, 82, 15, 125, 152], [4, 87, 65, 177, 71, 162, 18, 62, 121, 36, 47], [79, 171, 27, 80, 3, 194, 181, 25, 67, 192], [6, 178, 14, 187, 24, 96, 175, 48]]",false
318,31677,3522,2-opt,CMT5.vrp,"[[59, 166, 21, 93, 42, 104, 107, 189, 84, 8, 167], [5, 123, 108, 51, 50, 130, 97, 146, 73, 144, 182], [30, 103, 174, 156, 195, 191, 113, 89, 185, 23, 183, 159, 106, 11], [54, 179, 85, 165, 163, 148, 92, 33, 53, 115, 91, 140, 157], [105, 137, 186, 139, 173, 20, 164, 56, 39, 109, 81, 17, 151], [188, 116, 197, 141, 101, 28, 64, 172, 122, 154, 58, 128, 7, 150, 77, 76], [127, 149, 170, 99, 98, 29, 37, 142, 143, 184, 136, 196], [95, 112, 66, 41, 90, 135, 110, 57, 10, 102, 46, 45], [61, 120, 68, 190, 74, 49, 161, 31, 131, 52, 134, 26, 168], [55, 44, 12, 132, 35, 19, 70, 83, 88, 94, 43, 160, 198], [2, 22, 124, 176, 78, 69, 169, 9, 147, 126], [155, 138, 153, 13, 133, 38, 16, 199, 1, 193], [60, 111, 34, 180, 129, 75, 118, 72, 145, 117, 114, 86], [100, 119, 40, 32, 63, 158, 82, 15, 125, 152], [4, 87, 65, 177, 71, 162, 18, 62, 121, 36, 47], [67, 3, 194, 181, 25, 80, 27, 171, 79, 192], [6, 178, 14, 187, 24, 96, 175, 48]]",false
319,31730,3512,2-opt,CMT5.vrp,"[[59, 166, 21, 93, 42, 104, 107, 189, 84, 8, 167], [5, 123, 108, 51, 50, 130, 97, 146, 73, 144, 182], [30, 103, 174, 156, 195, 191, 113, 89, 185, 23, 183, 159, 106, 11], [54, 179, 85, 165, 163, 148, 92, 33, 53, 115, 91, 140, 157], [105, 137, 186, 139, 173, 20, 164, 56, 39, 109, 81, 17, 151], [188, 116, 197, 141, 101, 28, 64, 172, 122, 154, 58, 128, 7, 150, 77, 76], [127, 149, 170, 99, 98, 29, 37, 142, 143, 184, 136, 196], [95, 112, 66, 41, 90, 135, 110, 57, 10, 102, 46, 45], [61, 120, 68, 190, 74, 49, 161, 31, 131, 52, 134, 26, 168], [55, 44, 12, 132, 35, 19, 70, 83, 88, 94, 43, 160, 198], [2, 22, 124, 176, 78, 69, 169, 9, 147, 126], [155, 138, 153, 13, 133, 38, 16, 199, 1, 193], [60, 111, 34, 180, 129, 75, 118, 72, 145, 117, 114, 86], [100, 119, 40, 32, 63, 158, 82, 15, 125, 152], [4, 87, 65, 177, 71, 162, 18, 62, 121, 36, 47], [3, 67, 194, 181, 25, 80, 27, 171, 79, 192], [6, 178, 14, 187, 24, 96, 175, 48]]",false
320,31770,3508,2-opt,CMT5.vrp,"[[59, 166, 21, 93, 42, 104, 107, 189, 84, 8, 167], [5, 123, 108, 51, 50, 130, 97, 146, 73, 144, 182], [30, 103, 174, 156, 195, 191, 113, 89, 185, 23, 183, 159, 106, 11], [54, 179, 85, 165, 163, 148, 92, 33, 53, 115, 91, 140, 157], [105, 137, 186, 139, 173, 20, 164, 56, 39, 109, 81, 17, 151], [188, 116, 197, 141, 101, 28, 64, 172, 122, 154, 58, 128, 7, 150, 77, 76], [127, 149, 170, 99, 98, 29, 37, 142, 143, 184, 136, 196], [95, 112, 66, 41, 90, 135, 110, 57, 10, 102, 46, 45], [61, 120, 68, 190, 74, 49, 161, 31, 131, 52, 134, 26, 168], [55, 44, 12, 132, 35, 19, 70, 83, 88, 94, 43, 160, 198], [2, 22, 124, 176, 78, 69, 169, 9, 147, 126], [155, 138, 153, 13, 133, 38, 16, 199, 1, 193], [60, 111, 34, 180, 129, 75, 118, 72, 145, 117, 114, 86], [100, 119, 40, 32, 63, 158, 82, 15, 125, 152], [4, 87, 65, 177, 71, 162, 18, 62, 121, 36, 47], [194, 3, 67, 181, 25, 80, 27, 171, 79, 192], [6, 178, 14, 187, 24, 96, 175, 48]]",false
321,31821,3497,2-opt,CMT5.vrp,"[[59, 166, 21, 93, 42, 104, 107, 189, 84, 8, 167], [5, 123, 108, 51, 50, 130, 97, 146, 73, 144, 182], [30, 103, 174, 156, 195, 191, 113, 89, 185, 23, 183, 159, 106, 11], [54, 179, 85, 165, 163, 148, 92, 33, 53, 115, 91, 140, 157], [105, 137, 186, 139, 173, 20, 164, 56, 39, 109, 81, 17, 151], [188, 116, 197, 141, 101, 28, 64, 172, 122, 154, 58, 128, 7, 150, 77, 76], [127, 149, 170, 99, 98, 29, 37, 142, 143, 184, 136, 196], [95, 112, 66, 41, 90, 135, 110, 57, 10, 102, 46, 45], [61, 120, 68, 190, 74, 49, 161, 31, 131, 52, 134, 26, 168], [55, 44, 12, 132, 35, 19, 70, 83, 88, 94, 43, 160, 198], [2, 22, 124, 176, 78, 69, 169, 9, 147, 126], [155, 138, 153, 13, 133, 38, 16, 199, 1, 193], [60, 111, 34, 180, 129, 75, 118, 72, 145, 117, 114, 86], [100, 119, 40, 32, 63, 158, 82, 15, 125, 152], [4, 87, 65, 177, 71, 162, 18, 62, 121, 36, 47], [79, 171, 27, 80, 25, 181, 194, 3, 67, 192], [6, 178, 14, 187, 24, 96, 175, 48]]",false
322,31877,3483,2-opt,CMT5.vrp,"[[59, 166, 21, 93, 42, 104, 107, 189, 84, 8, 167], [5, 123, 108, 51, 50, 130, 97, 146, 73, 144, 182], [30, 103, 174, 156, 195, 191, 113, 89, 185, 23, 183, 159, 106, 11], [54, 179, 85, 165, 163, 148, 92, 33, 53, 115, 91, 140, 157], [105, 137, 186, 139, 173, 20, 164, 56, 39, 109, 81, 17, 151], [188, 116, 197, 141, 101, 28, 64, 172, 122, 154, 58, 128, 7, 150, 77, 76], [127, 149, 170, 99, 98, 29, 37, 142, 143, 184, 136, 196], [95, 112, 66, 41, 90, 135, 110, 57, 10, 102, 46, 45], [61, 120, 68, 190, 74, 49, 161, 31, 131, 52, 134, 26, 168], [55, 44, 12, 132, 35, 19, 70, 83, 88, 94, 43, 160, 198], [2, 22, 124, 176, 78, 69, 169, 9, 147, 126], [155, 138, 153, 13, 133, 38, 16, 199, 1, 193], [60, 111, 34, 180, 129, 75, 118, 72, 145, 117, 114, 86], [100, 119, 40, 32, 63, 158, 82, 15, 125, 152], [4, 87, 65, 177, 71, 162, 18, 62, 121, 36, 47], [171, 79, 27, 80, 25, 181, 194, 3, 67, 192], [6, 178, 14, 187, 24, 96, 175, 48]]",false
323,31934,3478,2-opt,CMT5.vrp,"[[59, 166, 21, 93, 42, 104, 107, 189, 84, 8, 167], [5, 123, 108, 51, 50, 130, 97, 146, 73, 144, 182], [30, 103, 174, 156, 195, 191, 113, 89, 185, 23, 183, 159, 106, 11], [54, 179, 85, 165, 163, 148, 92, 33, 53, 115, 91, 140, 157], [105, 137, 186, 139, 173, 20, 164, 56, 39, 109, 81, 17, 151], [188, 116, 197, 141, 101, 28, 64, 172, 122, 154, 58, 128, 7, 150, 77, 76], [127, 149, 170, 99, 98, 29, 37, 142, 143, 184, 136, 196], [95, 112, 66, 41, 90, 135, 110, 57, 10, 102, 46, 45], [61, 120, 68, 190, 74, 49, 161, 31, 131, 52, 134, 26, 168], [55, 44, 12, 132, 35, 19, 70, 83, 88, 94, 43, 160, 198], [2, 22, 124, 176, 78, 69, 169, 9, 147, 126], [155, 138, 153, 13, 133, 38, 16, 199, 1, 193], [60, 111, 34, 180, 129, 75, 118, 72, 145, 117, 114, 86], [100, 119, 40, 32, 63, 158, 82, 15, 125, 152], [4, 87, 65, 177, 71, 162, 18, 62, 121, 36, 47], [79, 171, 27, 80, 25, 181, 3, 194, 67, 192], [6, 178, 14, 187, 24, 96, 175, 48]]",false
324,31972,3464,2-opt,CMT5.vrp,"[[59, 166, 21, 93, 42, 104, 107, 189, 84, 8, 167], [5, 123, 108, 51, 50, 130, 97, 146, 73, 144, 182], [30, 103, 174, 156, 195, 191, 113, 89, 185, 23, 183, 159, 106, 11], [54, 179, 85, 165, 163, 148, 92, 33, 53, 115, 91, 140, 157], [105, 137, 186, 139, 173, 20, 164, 56, 39, 109, 81, 17, 151], [188, 116, 197, 141, 101, 28, 64, 172, 122, 154, 58, 128, 7, 150, 77, 76], [127, 149, 170, 99, 98, 29, 37, 142, 143, 184, 136, 196], [95, 112, 66, 41, 90, 135, 110, 57, 10, 102, 46, 45], [61, 120, 68, 190, 74, 49, 161, 31, 131, 52, 134, 26, 168], [55, 44, 12, 132, 35, 19, 70, 83, 88, 94, 43, 160, 198], [2, 22, 124, 176, 78, 69, 169, 9, 147, 126], [155, 138, 153, 13, 133, 38, 16, 199, 1, 193], [60, 111, 34, 180, 129, 75, 118, 72, 145, 117, 114, 86], [100, 119, 40, 32, 63, 158, 82, 15, 125, 152], [4, 87, 65, 177, 71, 162, 18, 62, 121, 36, 47], [171, 79, 27, 80, 25, 181, 3, 194, 67, 192], [6, 178, 14, 187, 24, 96, 175, 48]]",false
325,32031,3461,2-opt,CMT5.vrp,"[[59, 166, 21, 93, 42, 104, 107, 189, 84, 8, 167], [5, 123, 108, 51, 50, 130, 97, 146, 73, 144, 182], [30, 103, 174, 156, 195, 191, 113, 89, 185, 23, 183, 159, 106, 11], [54, 179, 85, 165, 163, 148, 92, 33, 53, 115, 91, 140, 157], [105, 137, 186, 139, 173, 20, 164, 56, 39, 109, 81, 17, 151], [188, 116, 197, 141, 101, 28, 64, 172, 122, 154, 58, 128, 7, 150, 77, 76], [127, 149, 170, 99, 98, 29, 37, 142, 143, 184, 136, 196], [95, 112, 66, 41, 90, 135, 110, 57, 10, 102, 46, 45], [61, 120, 68, 190, 74, 49, 161, 31, 131, 52, 134, 26, 168], [55, 44, 12, 132, 35, 19, 70, 83, 88, 94, 43, 160, 198], [2, 22, 124, 176, 78, 69, 169, 9, 147, 126], [155, 138, 153, 13, 133, 38, 16, 199, 1, 193], [60, 111, 34, 180, 129, 75, 118, 72, 145, 117, 114, 86], [100, 119, 40, 32, 63, 158, 82, 15, 125, 152], [4, 87, 65, 177, 71, 162, 18, 62, 121, 36, 47], [3, 181, 25, 80, 27, 79, 171, 194, 67, 192], [6, 178, 14, 187, 24, 96, 175, 48]]",false
326,32083,3453,2-opt,CMT5.vrp,"[[59, 166, 21, 93, 42, 104, 107, 189, 84, 8, 167], [5, 123, 108, 51, 50, 130, 97, 146, 73, 144, 182], [30, 103, 174, 156, 195, 191, 113, 89, 185, 23, 183, 159, 106, 11], [54, 179, 85, 165, 163, 148, 92, 33, 53, 115, 91, 140, 157], [105, 137, 186, 139, 173, 20, 164, 56, 39, 109, 81, 17, 151], [188, 116, 197, 141, 101, 28, 64, 172, 122, 154, 58, 128, 7, 150, 77, 76], [127, 149, 170, 99, 98, 29, 37, 142, 143, 184, 136, 196], [95, 112, 66, 41, 90, 135, 110, 57, 10, 102, 46, 45], [61, 120, 68, 190, 74, 49, 161, 31, 131, 52, 134, 26, 168], [55, 44, 12, 132, 35, 19, 70, 83, 88, 94, 43, 160, 198], [2, 22, 124, 176, 78, 69, 169, 9, 147, 126], [155, 138, 153, 13, 133, 38, 16, 199, 1, 193], [60, 111, 34, 180, 129, 75, 118, 72, 145, 117, 114, 86], [100, 119, 40, 32, 63, 158, 82, 15, 125, 152], [4, 87, 65, 177, 71, 162, 18, 62, 121, 36, 47], [171, 79, 27, 80, 25, 181, 3, 67, 194, 192], [6, 178, 14, 187, 24, 96, 175, 48]]",false
327,32144,3445,2-opt,CMT5.vrp,"[[59, 166, 21, 93, 42, 104, 107, 189, 84, 8, 167], [5, 123, 108, 51, 50, 130, 97, 146, 73, 144, 182], [30, 103, 174, 156, 195, 191, 113, 89, 185, 23, 183, 159, 106, 11], [54, 179, 85, 165, 163, 148, 92, 33, 53, 115, 91, 140, 157], [105, 137, 186, 139, 173, 20, 164, 56, 39, 109, 81, 17, 151], [188, 116, 197, 141, 101, 28, 64, 172, 122, 154, 58, 128, 7, 150, 77, 76], [127, 149, 170, 99, 98, 29, 37, 142, 143, 184, 136, 196], [95, 112, 66, 41, 90, 135, 110, 57, 10, 102, 46, 45], [61, 120, 68, 190, 74, 49, 161, 31, 131, 52, 134, 26, 168], [55, 44, 12, 132, 35, 19, 70, 83, 88, 94, 43, 160, 198], [2, 22, 124, 176, 78, 69, 169, 9, 147, 126], [155, 138, 153, 13, 133, 38, 16, 199, 1, 193], [60, 111, 34, 180, 129, 75, 118, 72, 145, 117, 114, 86], [100, 119, 40, 32, 63, 158, 82, 15, 125, 152], [4, 87, 65, 177, 71, 162, 18, 62, 121, 36, 47], [171, 79, 27, 80, 25, 181, 3, 67, 192, 194], [6, 178, 14, 187, 24, 96, 175, 48]]",false
328,32214,3445,2-opt,CMT5.vrp,"[[59, 166, 21, 93, 42, 104, 107, 189, 84, 8, 167], [5, 123, 108, 51, 50, 130, 97, 146, 73, 144, 182], [30, 103, 174, 156, 195, 191, 113, 89, 185, 23, 183, 159, 106, 11], [54, 179, 85, 165, 163, 148, 92, 33, 53, 115, 91, 140, 157], [105, 137, 186, 139, 173, 20, 164, 56, 39, 109, 81, 17, 151], [188, 116, 197, 141, 101, 28, 64, 172, 122, 154, 58, 128, 7, 150, 77, 76], [127, 149, 170, 99, 98, 29, 37, 142, 143, 184, 136, 196], [95, 112, 66, 41, 90, 135, 110, 57, 10, 102, 46, 45], [61, 120, 68, 190, 74, 49, 161, 31, 131, 52, 134, 26, 168], [55, 44, 12, 132, 35, 19, 70, 83, 88, 94, 43, 160, 198], [2, 22, 124, 176, 78, 69, 169, 9, 147, 126], [155, 138, 153, 13, 133, 38, 16, 199, 1, 193], [60, 111, 34, 180, 129, 75, 118, 72, 145, 117, 114, 86], [100, 119, 40, 32, 63, 158, 82, 15, 125, 152], [4, 87, 65, 177, 71, 162, 18, 62, 121, 36, 47], [171, 79, 27, 80, 25, 181, 3, 67, 192, 194], [48, 175, 96, 24, 187, 14, 178, 6]]",false
329,32250,3409,2-opt,CMT5.vrp,"[[59, 166, 21, 93, 42, 104, 107, 189, 84, 8, 167], [5, 123, 108, 51, 50, 130, 97, 146, 73, 144, 182], [30, 103, 174, 156, 195, 191, 113, 89, 185, 23, 183, 159, 106, 11], [54, 179, 85, 165, 163, 148, 92, 33, 53, 115, 91, 140, 157], [105, 137, 186, 139, 173, 20, 164, 56, 39, 109, 81, 17, 151], [188, 116, 197, 141, 101, 28, 64, 172, 122, 154, 58, 128, 7, 150, 77, 76], [127, 149, 170, 99, 98, 29, 37, 142, 143, 184, 136, 196], [95, 112, 66, 41, 90, 135, 110, 57, 10, 102, 46, 45], [61, 120, 68, 190, 74, 49, 161, 31, 131, 52, 134, 26, 168], [55, 44, 12, 132, 35, 19, 70, 83, 88, 94, 43, 160, 198], [2, 22, 124, 176, 78, 69, 169, 9, 147, 126], [155, 138, 153, 13, 133, 38, 16, 199, 1, 193], [60, 111, 34, 180, 129, 75, 118, 72, 145, 117, 114, 86], [100, 119, 40, 32, 63, 158, 82, 15, 125, 152], [4, 87, 65, 177, 71, 162, 18, 62, 121, 36, 47], [171, 79, 27, 80, 25, 181, 3, 67, 192, 194], [6, 96, 24, 187, 14, 178, 175, 48]]",false
0,0,6229,2-opt,CMT5.vrp,"[[21, 84, 107, 93, 8, 189, 166, 104, 59, 42], [167, 73, 144, 51, 123, 146], [5, 108, 130, 97, 50, 182, 30, 106, 185, 113], [11, 156, 23, 191, 89, 174, 183, 195, 159, 103, 54, 179, 157, 140], [148, 85, 92, 91, 33, 163, 165, 115, 53, 186, 139], [81, 56, 164, 20, 109, 39, 151, 17], [137, 173, 105, 141, 197, 122, 28, 116, 76, 64, 154, 58, 7, 188, 150, 101], [77, 128, 172, 37, 29, 184, 196, 136, 143, 170], [142, 127, 149, 98, 99, 10], [112, 90, 95, 102, 110, 57, 135, 66, 41, 45, 46], [74, 31, 52, 120, 168, 131, 190, 68, 61], [161, 49, 26, 134, 55, 35, 70, 12, 44, 160, 43, 83, 94, 198], [132, 88, 19, 2, 78, 9, 22, 126, 69, 169, 147], [124, 176, 138, 155, 193, 153, 13, 199, 16, 133, 38], [1, 180, 118, 111, 72, 75, 145, 86, 117, 114], [129, 34, 60, 40, 158], [152, 125, 119, 100, 32, 63], [15, 82, 162, 177, 36, 4, 62, 18, 65, 87, 47, 121], [71, 67, 25, 181, 194, 3, 80, 27, 171, 79], [192, 6, 178, 14, 187, 24, 96, 175, 48]]",true
1,70,6211,2-opt,CMT5.vrp,"[[107, 84, 21, 93, 8, 189, 166, 104, 59, 42], [167, 73, 144, 51, 123, 146], [5, 108, 130, 97, 50, 182, 30, 106, 185, 113], [11, 156, 23, 191, 89, 174, 183, 195, 159, 103, 54, 179, 157, 140], [148, 85, 92, 91, 33, 163, 165, 115, 53, 186, 139], [81, 56, 164, 20, 109, 39, 151, 17], [137, 173, 105, 141, 197, 122, 28, 116, 76, 64, 154, 58, 7, 188, 150, 101], [77, 128, 172, 37, 29, 184, 196, 136, 143, 170], [142, 127, 149, 98, 99, 10], [112, 90, 95, 102, 110, 57, 135, 66, 41, 45, 46], [74, 31, 52, 120, 168, 131, 190, 68, 61], [161, 49, 26, 134, 55, 35, 70, 12, 44, 160, 43, 83, 94, 198], [132, 88, 19, 2, 78, 9, 22, 126, 69, 169, 147], [124, 176, 138, 155, 193, 153, 13, 199, 16, 133, 38], [1, 180, 118, 111, 72, 75, 145, 86, 117, 114], [129, 34, 60, 40, 158], [152, 125, 119, 100, 32, 63], [15, 82, 162, 177, 36, 4, 62, 18, 65, 87, 47, 121], [71, 67, 25, 181, 194, 3, 80, 27, 171, 79], [192, 6, 178, 14, 187, 24, 96, 175, 48]]",true
2,137,6190,2-opt,CMT5.vrp,"[[189, 8, 93, 107, 84, 21, 166, 104, 59, 42], [167, 73, 144, 51, 123, 146], [5, 108, 130, 97, 50, 182, 30, 106, 185, 113], [11, 156, 23, 191, 89, 174, 183, 195, 159, 103, 54, 179, 157, 140], [148, 85, 92, 91, 33, 163, 165, 115, 53, 186, 139], [81, 56, 164, 20, 109, 39, 151, 17], [137, 173, 105, 141, 197, 122, 28, 116, 76, 64, 154, 58, 7, 188, 150, 101], [77, 128, 172, 37, 29, 184, 196, 136, 143, 170], [142, 127, 149, 98, 99, 10], [112, 90, 95, 102, 110, 57, 135, 66, 41, 45, 46], [74, 31, 52, 120, 168, 131, 190, 68, 61], [161, 49, 26, 134, 55, 35, 70, 12, 44, 160, 43, 83, 94, 198], [132, 88, 19, 2, 78, 9, 22, 126, 69, 169, 147], [124, 176, 138, 155, 193, 153, 13, 199, 16, 133, 38], [1, 180, 118, 111, 72, 75, 145, 86, 117, 114], [129, 34, 60, 40, 158], [152, 125, 119, 100, 32, 63], [15, 82, 162, 177, 36, 4, 62, 18, 65, 87, 47, 121], [71, 67, 25, 181, 194, 3, 80, 27, 171, 79], [192, 6, 178, 14, 187, 24, 96, 175, 48]]",true
3,184,6170,2-opt,CMT5.vrp,"[[21, 93, 107, 84, 8, 189, 166, 104, 59, 42], [167, 73, 144, 51, 123, 146], [5, 108, 130, 97, 50, 182, 30, 106, 185, 113], [11, 156, 23, 191, 89, 174, 183, 195, 159, 103, 54, 179, 157, 140], [148, 85, 92, 91, 33, 163, 165, 115, 53, 186, 139], [81, 56, 164, 20, 109, 39, 151, 17], [137, 173, 105, 141, 197, 122, 28, 116, 76, 64, 154, 58, 7, 188, 150, 101], [77, 128, 172, 37, 29, 184, 196, 136, 143, 170], [142, 127, 149, 98, 99, 10], [112, 90, 95, 102, 110, 57, 135, 66, 41, 45, 46], [74, 31, 52, 120, 168, 131, 190, 68, 61], [161, 49, 26, 134, 55, 35, 70, 12, 44, 160, 43, 83, 94, 198], [132, 88, 19, 2, 78, 9, 22, 126, 69, 169, 147], [124, 176, 138, 155, 193, 153, 13, 199, 16, 133, 38], [1, 180, 118, 111, 72, 75, 145, 86, 117, 114], [129, 34, 60, 40, 158], [152, 125, 119, 100, 32, 63], [15, 82, 162, 177, 36, 4, 62, 18, 65, 87, 47, 121], [71, 67, 25, 181, 194, 3, 80, 27, 171, 79], [192, 6, 178, 14, 187, 24, 96, 175, 48]]",true
4,249,6170,2-opt,CMT5.vrp,"[[107, 93, 21, 84, 8, 189, 166, 104, 59, 42], [167, 73, 144, 51, 123, 146], [5, 108, 130, 97, 50, 182, 30, 106, 185, 113], [11, 156, 23, 191, 89, 174, 183, 195, 159, 103, 54, 179, 157, 140], [148, 85, 92, 91, 33, 163, 165, 115, 53, 186, 139], [81, 56, 164, 20, 109, 39, 151, 17], [137, 173, 105, 141, 197, 122, 28, 116, 76, 64, 154, 58, 7, 188, 150, 101], [77, 128, 172, 37, 29, 184, 196, 136, 143, 170], [142, 127, 149, 98, 99, 10], [112, 90, 95, 102, 110, 57, 135, 66, 41, 45, 46], [74, 31, 52, 120, 168, 131, 190, 68, 61], [161, 49, 26, 134, 55, 35, 70, 12, 44, 160, 43, 83, 94, 198], [132, 88, 19, 2, 78, 9, 22, 126, 69, 169, 147], [124, 176, 138, 155, 193, 153, 13, 199, 16, 133, 38], [1, 180, 118, 111, 72, 75, 145, 86, 117, 114], [129, 34, 60, 40, 158], [152, 125, 119, 100, 32, 63], [15, 82, 162, 177, 36, 4, 62, 18, 65, 87, 47, 121], [71, 67, 25, 181, 194, 3, 80, 27, 171, 79], [192, 6, 178, 14, 187, 24, 96, 175, 48]]",true
5,314,6131,2-opt,CMT5.vrp,"[[189, 8, 84, 107, 93, 21, 166, 104, 59, 42], [167, 73, 144, 51, 123, 146], [5, 108, 130, 97, 50, 182, 30, 106, 185, 113], [11, 156, 23, 191, 89, 174, 183, 195, 159, 103, 54, 179, 157, 140], [148, 85, 92, 91, 33, 163, 165, 115, 53, 186, 139], [81, 56, 164, 20, 109, 39, 151, 17], [137, 173, 105, 141, 197, 122, 28, 116, 76, 64, 154, 58, 7, 188, 150, 101], [77, 128, 172, 37, 29, 184, 196, 136, 143, 170], [142, 127, 149, 98, 99, 10], [112, 90, 95, 102, 110, 57, 135, 66, 41, 45, 46], [74, 31, 52, 120, 168, 131, 190, 68, 61], [161, 49, 26, 134, 55, 35, 70, 12, 44, 160, 43, 83, 94, 198], [132, 88, 19, 2, 78, 9, 22, 126, 69, 169, 147], [124, 176, 138, 155, 193, 153, 13, 199, 16, 133, 38], [1, 180, 118, 111, 72, 75, 145, 86, 117, 114], [129, 34, 60, 40, 158], [152, 125, 119, 100, 32, 63], [15, 82, 162, 177, 36, 4, 62, 18, 65, 87, 47, 121], [71, 67, 25, 181, 194, 3, 80, 27, 171, 79], [192, 6, 178, 14, 187, 24, 96, 175, 48]]",true
6,365,6130,2-opt,CMT5.vrp,"[[21, 93, 166, 189, 8, 84, 107, 104, 59, 42], [167, 73, 144, 51, 123, 146], [5, 108, 130, 97, 50, 182, 30, 106, 185, 113], [11, 156, 23, 191, 89, 174, 183, 195, 159, 103, 54, 179, 157, 140], [148, 85, 92, 91, 33, 163, 165, 115, 53, 186, 139], [81, 56, 164, 20, 109, 39, 151, 17], [137, 173, 105, 141, 197, 122, 28, 116, 76, 64, 154, 58, 7, 188, 150, 101], [77, 128, 172, 37, 29, 184, 196, 136, 143, 170], [142, 127, 149, 98, 99, 10], [112, 90, 95, 102, 110, 57, 135, 66, 41, 45, 46], [74, 31, 52, 120, 168, 131, 190, 68, 61], [161, 49, 26, 134, 55, 35, 70, 12, 44, 160, 43, 83, 94, 198], [132, 88, 19, 2, 78, 9, 22, 126, 69, 169, 147], [124, 176, 138, 155, 193, 153, 13, 199, 16, 133, 38], [1, 180, 118, 111, 72, 75, 145, 86, 117, 114], [129, 34, 60, 40, 158], [152, 125, 119, 100, 32, 63], [15, 82, 162, 177, 36, 4, 62, 18, 65, 87, 47, 121], [71, 67, 25, 181, 194, 3, 80, 27, 171, 79], [192, 6, 178, 14, 187, 24, 96, 175, 48]]",true
7,418,6124,2-opt,CMT5.vrp,"[[21, 93, 107, 84, 8, 189, 104, 166, 59, 42], [167, 73, 144, 51, 123, 146], [5, 108, 130, 97, 50, 182, 30, 106, 185, 113], [11, 156, 23, 191, 89, 174, 183, 195, 159, 103, 54, 179, 157, 140], [148, 85, 92, 91, 33, 163, 165, 115, 53, 186, 139], [81, 56, 164, 20, 109, 39, 151, 17], [137, 173, 105, 141, 197, 122, 28, 116, 76, 64, 154, 58, 7, 188, 150, 101], [77, 128, 172, 37, 29, 184, 196, 136, 143, 170], [142, 127, 149, 98, 99, 10], [112, 90, 95, 102, 110, 57, 135, 66, 41, 45, 46], [74, 31, 52, 120, 168, 131, 190, 68, 61], [161, 49, 26, 134, 55, 35, 70, 12, 44, 160, 43, 83, 94, 198], [132, 88, 19, 2, 78, 9, 22, 126, 69, 169, 147], [124, 176, 138, 155, 193, 153, 13, 199, 16, 133, 38], [1, 180, 118, 111, 72, 75, 145, 86, 117, 114], [129, 34, 60, 40, 158], [152, 125, 119, 100, 32, 63], [15, 82, 162, 177, 36, 4, 62, 18, 65, 87, 47, 121], [71, 67, 25, 181, 194, 3, 80, 27, 171, 79], [192, 6, 178, 14, 187, 24, 96, 175, 48]]",true
8,475,6114,2-opt,CMT5.vrp,"[[21, 93, 107, 84, 8, 189, 166, 59, 104, 42], [167, 73, 144, 51, 123, 146], [5, 108, 130, 97, 50, 182, 30, 106, 185, 113], [11, 156, 23, 191, 89, 174, 183, 195, 159, 103, 54, 179, 157, 140], [148, 85, 92, 91, 33, 163, 165, 115, 53, 186, 139], [81, 56, 164, 20, 109, 39, 151, 17], [137, 173, 105, 141, 197, 122, 28, 116, 76, 64, 154, 58, 7, 188, 150, 101], [77, 128, 172, 37, 29, 184, 196, 136, 143, 170], [142, 127, 149, 98, 99, 10], [112, 90, 95, 102, 110, 57, 135, 66, 41, 45, 46], [74, 31, 52, 120, 168, 131, 190, 68, 61], [161, 49, 26, 134, 55, 35, 70, 12, 44, 160, 43, 83, 94, 198], [132, 88, 19, 2, 78, 9, 22, 126, 69, 169, 147], [124, 176, 138, 155, 193, 153, 13, 199, 16, 133, 38], [1, 180, 118, 111, 72, 75, 145, 86, 117, 114], [129, 34, 60, 40, 158], [152, 125, 119, 100, 32, 63], [15, 82, 162, 177, 36, 4, 62, 18, 65, 87, 47, 121], [71, 67, 25, 181, 194, 3, 80, 27, 171, 79], [192, 6, 178, 14, 187, 24, 96, 175, 48]]",true
9,516,6114,2-opt,CMT5.vrp,"[[107, 93, 21, 84, 8, 189, 166, 59, 104, 42], [167, 73, 144, 51, 123, 146], [5, 108, 130, 97, 50, 182, 30, 106, 185, 113], [11, 156, 23, 191, 89, 174, 183, 195, 159, 103, 54, 179, 157, 140], [148, 85, 92, 91, 33, 163, 165, 115, 53, 186, 139], [81, 56, 164, 20, 109, 39, 151, 17], [137, 173, 105, 141, 197, 122, 28, 116, 76, 64, 154, 58, 7, 188, 150, 101], [77, 128, 172, 37, 29, 184, 196, 136, 143, 170], [142, 127, 149, 98, 99, 10], [112, 90, 95, 102, 110, 57, 135, 66, 41, 45, 46], [74, 31, 52, 120, 168, 131, 190, 68, 61], [161, 49, 26, 134, 55, 35, 70, 12, 44, 160, 43, 83, 94, 198], [132, 88, 19, 2, 78, 9, 22, 126, 69, 169, 147], [124, 176, 138, 155, 193, 153, 13, 199, 16, 133, 38], [1, 180, 118, 111, 72, 75, 145, 86, 117, 114], [129, 34, 60, 40, 158], [152, 125, 119, 100, 32, 63], [15, 82, 162, 177, 36, 4, 62, 18, 65, 87, 47, 121], [71, 67, 25, 181, 194, 3, 80, 27, 171, 79], [192, 6, 178, 14, 187, 24, 96, 175, 48]]",true
10,558,6076,2-opt,CMT5.vrp,"[[189, 8, 84, 107, 93, 21, 166, 59, 104, 42], [167, 73, 144, 51, 123, 146], [5, 108, 130, 97, 50, 182, 30, 106, 185, 113], [11, 156, 23, 191, 89, 174, 183, 195, 159, 103, 54, 179, 157, 140], [148, 85, 92, 91, 33, 163, 165, 115, 53, 186, 139], [81, 56, 164, 20, 109, 39, 151, 17], [137, 173, 105, 141, 197, 122, 28, 116, 76, 64, 154, 58, 7, 188, 150, 101], [77, 128, 172, 37, 29, 184, 196, 136, 143, 170], [142, 127, 149, 98, 99, 10], [112, 90, 95, 102, 110, 57, 135, 66, 41, 45, 46], [74, 31, 52, 120, 168, 131, 190, 68, 61], [161, 49, 26, 134, 55, 35, 70, 12, 44, 160, 43, 83, 94, 198], [132, 88, 19, 2, 78, 9, 22, 126, 69, 169, 147], [124, 176, 138, 155, 193, 153, 13, 199, 16, 133, 38], [1, 180, 118, 111, 72, 75, 145, 86, 117, 114], [129, 34, 60, 40, 158], [152, 125, 119, 100, 32, 63], [15, 82, 162, 177, 36, 4, 62, 18, 65, 87, 47, 121], [71, 67, 25, 181, 194, 3, 80, 27, 171, 79], [192, 6, 178, 14, 187, 24, 96, 175, 48]]",true
11,614,6058,2-opt,CMT5.vrp,"[[84, 8, 189, 107, 93, 21, 166, 59, 104, 42], [167, 73, 144, 51, 123, 146], [5, 108, 130, 97, 50, 182, 30, 106, 185, 113], [11, 156, 23, 191, 89, 174, 183, 195, 159, 103, 54, 179, 157, 140], [148, 85, 92, 91, 33, 163, 165, 115, 53, 186, 139], [81, 56, 164, 20, 109, 39, 151, 17], [137, 173, 105, 141, 197, 122, 28, 116, 76, 64, 154, 58, 7, 188, 150, 101], [77, 128, 172, 37, 29, 184, 196, 136, 143, 170], [142, 127, 149, 98, 99, 10], [112, 90, 95, 102, 110, 57, 135, 66, 41, 45, 46], [74, 31, 52, 120, 168, 131, 190, 68, 61], [161, 49, 26, 134, 55, 35, 70, 12, 44, 160, 43, 83, 94, 198], [132, 88, 19, 2, 78, 9, 22, 126, 69, 169, 147], [124, 176, 138, 155, 193, 153, 13, 199, 16, 133, 38], [1, 180, 118, 111, 72, 75, 145, 86, 117, 114], [129, 34, 60, 40, 158], [152, 125, 119, 100, 32, 63], [15, 82, 162, 177, 36, 4, 62, 18, 65, 87, 47, 121], [71, 67, 25, 181, 194, 3, 80, 27, 171, 79], [192, 6, 178, 14, 187, 24, 96, 175, 48]]",true
12,681,6040,2-opt,CMT5.vrp,"[[189, 8, 84, 59, 166, 21, 93, 107, 104, 42], [167, 73, 144, 51, 123, 146], [5, 108, 130, 97, 50, 182, 30, 106, 185, 113], [11, 156, 23, 191, 89, 174, 183, 195, 159, 103, 54, 179, 157, 140], [148, 85, 92, 91, 33, 163, 165, 115, 53, 186, 139], [81, 56, 164, 20, 109, 39, 151, 17], [137, 173, 105, 141, 197, 122, 28, 116, 76, 64, 154, 58, 7, 188, 150, 101], [77, 128, 172, 37, 29, 184, 196, 136, 143, 170], [142, 127, 149, 98, 99, 10], [112, 90, 95, 102, 110, 57, 135, 66, 41, 45, 46], [74, 31, 52, 120, 168, 131, 190, 68, 61], [161, 49, 26, 134, 55, 35, 70, 12, 44, 160, 43, 83, 94, 198], [132, 88, 19, 2, 78, 9, 22, 126, 69, 169, 147], [124, 176, 138, 155, 193, 153, 13, 199, 16, 133, 38], [1, 180, 118, 111, 72, 75, 145, 86, 117, 114], [129, 34, 60, 40, 158], [152, 125, 119, 100, 32, 63], [15, 82, 162, 177, 36, 4, 62, 18, 65, 87, 47, 121], [71, 67, 25, 181, 194, 3, 80, 27, 171, 79], [192, 6, 178, 14, 187, 24, 96, 175, 48]]",true
13,727,6026,2-opt,CMT5.vrp,"[[93, 21, 166, 59, 84, 8, 189, 107, 104, 42], [167, 73, 144, 51, 123, 146], [5, 108, 130, 97, 50, 182, 30, 106, 185, 113], [11, 156, 23, 191, 89, 174, 183, 195, 159, 103, 54, 179, 157, 140], [148, 85, 92, 91, 33, 163, 165, 115, 53, 186, 139], [81, 56, 164, 20, 109, 39, 151, 17], [137, 173, 105, 141, 197, 122, 28, 116, 76, 64, 154, 58, 7, 188, 150, 101], [77, 128, 172, 37, 29, 184, 196, 136, 143, 170], [142, 127, 149, 98, 99, 10], [112, 90, 95, 102, 110, 57, 135, 66, 41, 45, 46], [74, 31, 52, 120, 168, 131, 190, 68, 61], [161, 49, 26, 134, 55, 35, 70, 12, 44, 160, 43, 83, 94, 198], [132, 88, 19, 2, 78, 9, 22, 126, 69, 169, 147], [124, 176, 138, 155, 193, 153, 13, 199, 16, 133, 38], [1, 180, 118, 111, 72, 75, 145, 86, 117, 114], [129, 34, 60, 40, 158], [152, 125, 119, 100, 32, 63], [15, 82, 162, 177, 36, 4, 62, 18, 65, 87, 47, 121], [71, 67, 25, 181, 194, 3, 80, 27, 171, 79], [192, 6, 178, 14, 187, 24, 96, 175, 48]]",true
14,769,6020,2-opt,CMT5.vrp,"[[189, 84, 8, 59, 166, 21, 93, 107, 104, 42], [167, 73, 144, 51, 123, 146], [5, 108, 130, 97, 50, 182, 30, 106, 185, 113], [11, 156, 23, 191, 89, 174, 183, 195, 159, 103, 54, 179, 157, 140], [148, 85, 92, 91, 33, 163, 165, 115, 53, 186, 139], [81, 56, 164, 20, 109, 39, 151, 17], [137, 173, 105, 141, 197, 122, 28, 116, 76, 64, 154, 58, 7, 188, 150, 101], [77, 128, 172, 37, 29, 184, 196, 136, 143, 170], [142, 127, 149, 98, 99, 10], [112, 90, 95, 102, 110, 57, 135, 66, 41, 45, 46], [74, 31, 52, 120, 168, 131, 190, 68, 61], [161, 49, 26, 134, 55, 35, 70, 12, 44, 160, 43, 83, 94, 198], [132, 88, 19, 2, 78, 9, 22, 126, 69, 169, 147], [124, 176, 138, 155, 193, 153, 13, 199, 16, 133, 38], [1, 180, 118, 111, 72, 75, 145, 86, 117, 114], [129, 34, 60, 40, 158], [152, 125, 119, 100, 32, 63], [15, 82, 162, 177, 36, 4, 62, 18, 65, 87, 47, 121], [71, 67, 25, 181, 194, 3, 80, 27, 171, 79], [192, 6, 178, 14, 187, 24, 96, 175, 48]]",true
15,822,6018,2-opt,CMT5.vrp,"[[189, 8, 84, 59, 166, 21, 93, 42, 104, 107], [167, 73, 144, 51, 123, 146], [5, 108, 130, 97, 50, 182, 30, 106, 185, 113], [11, 156, 23, 191, 89, 174, 183, 195, 159, 103, 54, 179, 157, 140], [148, 85, 92, 91, 33, 163, 165, 115, 53, 186, 139], [81, 56, 164, 20, 109, 39, 151, 17], [137, 173, 105, 141, 197, 122, 28, 116, 76, 64, 154, 58, 7, 188, 150, 101], [77, 128, 172, 37, 29, 184, 196, 136, 143, 170], [142, 127, 149, 98, 99, 10], [112, 90, 95, 102, 110, 57, 135, 66, 41, 45, 46], [74, 31, 52, 120, 168, 131, 190, 68, 61], [161, 49, 26, 134, 55, 35, 70, 12, 44, 160, 43, 83, 94, 198], [132, 88, 19, 2, 78, 9, 22, 126, 69, 169, 147], [124, 176, 138, 155, 193, 153, 13, 199, 16, 133, 38], [1, 180, 118, 111, 72, 75, 145, 86, 117, 114], [129, 34, 60, 40, 158], [152, 125, 119, 100, 32, 63], [15, 82, 162, 177, 36, 4, 62, 18, 65, 87, 47, 121], [71, 67, 25, 181, 194, 3, 80, 27, 171, 79], [192, 6, 178, 14, 187, 24, 96, 175, 48]]",true
16,904,5998,2-opt,CMT5.vrp,"[[189, 84, 8, 59, 166, 21, 93, 42, 104, 107], [167, 73, 144, 51, 123, 146], [5, 108, 130, 97, 50, 182, 30, 106, 185, 113], [11, 156, 23, 191, 89, 174, 183, 195, 159, 103, 54, 179, 157, 140], [148, 85, 92, 91, 33, 163, 165, 115, 53, 186, 139], [81, 56, 164, 20, 109, 39, 151, 17], [137, 173, 105, 141, 197, 122, 28, 116, 76, 64, 154, 58, 7, 188, 150, 101], [77, 128, 172, 37, 29, 184, 196, 136, 143, 170], [142, 127, 149, 98, 99, 10], [112, 90, 95, 102, 110, 57, 135, 66, 41, 45, 46], [74, 31, 52, 120, 168, 131, 190, 68, 61], [161, 49, 26, 134, 55, 35, 70, 12, 44, 160, 43, 83, 94, 198], [132, 88, 19, 2, 78, 9, 22, 126, 69, 169, 147], [124, 176, 138, 155, 193, 153, 13, 199, 16, 133, 38], [1, 180, 118, 111, 72, 75, 145, 86, 117, 114], [129, 34, 60, 40, 158], [152, 125, 119, 100, 32, 63], [15, 82, 162, 177, 36, 4, 62, 18, 65, 87, 47, 121], [71, 67, 25, 181, 194, 3, 80, 27, 171, 79], [192, 6, 178, 14, 187, 24, 96, 175, 48]]",true
17,1025,5973,2-opt,CMT5.vrp,"[[189, 84, 8, 59, 166, 21, 93, 42, 104, 107], [144, 73, 167, 51, 123, 146], [5, 108, 130, 97, 50, 182, 30, 106, 185, 113], [11, 156, 23, 191, 89, 174, 183, 195, 159, 103, 54, 179, 157, 140], [148, 85, 92, 91, 33, 163, 165, 115, 53, 186, 139], [81, 56, 164, 20, 109, 39, 151, 17], [137, 173, 105, 141, 197, 122, 28, 116, 76, 64, 154, 58, 7, 188, 150, 101], [77, 128, 172, 37, 29, 184, 196, 136, 143, 170], [142, 127, 149, 98, 99, 10], [112, 90, 95, 102, 110, 57, 135, 66, 41, 45, 46], [74, 31, 52, 120, 168, 131, 190, 68, 61], [161, 49, 26, 134, 55, 35, 70, 12, 44, 160, 43, 83, 94, 198], [132, 88, 19, 2, 78, 9, 22, 126, 69, 169, 147], [124, 176, 138, 155, 193, 153, 13, 199, 16, 133, 38], [1, 180, 118, 111, 72, 75, 145, 86, 117, 114], [129, 34, 60, 40, 158], [152, 125, 119, 100, 32, 63], [15, 82, 162, 177, 36, 4, 62, 18, 65, 87, 47, 121], [71, 67, 25, 181, 194, 3, 80, 27, 171, 79], [192, 6, 178, 14, 187, 24, 96, 175, 48]]",true
18,1068,5901,2-opt,CMT5.vrp,"[[189, 84, 8, 59, 166, 21, 93, 42, 104, 107], [167, 123, 51, 144, 73, 146], [5, 108, 130, 97, 50, 182, 30, 106, 185, 113], [11, 156, 23, 191, 89, 174, 183, 195, 159, 103, 54, 179, 157, 140], [148, 85, 92, 91, 33, 163, 165, 115, 53, 186, 139], [81, 56, 164, 20, 109, 39, 151, 17], [137, 173, 105, 141, 197, 122, 28, 116, 76, 64, 154, 58, 7, 188, 150, 101], [77, 128, 172, 37, 29, 184, 196, 136, 143, 170], [142, 127, 149, 98, 99, 10], [112, 90, 95, 102, 110, 57, 135, 66, 41, 45, 46], [74, 31, 52, 120, 168, 131, 190, 68, 61], [161, 49, 26, 134, 55, 35, 70, 12, 44, 160, 43, 83, 94, 198], [132, 88, 19, 2, 78, 9, 22, 126, 69, 169, 147], [124, 176, 138, 155, 193, 153, 13, 199, 16, 133, 38], [1, 180, 118, 111, 72, 75, 145, 86, 117, 114], [129, 34, 60, 40, 158], [152, 125, 119, 100, 32, 63], [15, 82, 162, 177, 36, 4, 62, 18, 65, 87, 47, 121], [71, 67, 25, 181, 194, 3, 80, 27, 171, 79], [192, 6, 178, 14, 187, 24, 96, 175, 48]]",true
19,1110,5901,2-opt,CMT5.vrp,"[[189, 84, 8, 59, 166, 21, 93, 42, 104, 107], [123, 167, 51, 144, 73, 146], [5, 108, 130, 97, 50, 182, 30, 106, 185, 113], [11, 156, 23, 191, 89, 174, 183, 195, 159, 103, 54, 179, 157, 140], [148, 85, 92, 91, 33, 163, 165, 115, 53, 186, 139], [81, 56, 164, 20, 109, 39, 151, 17], [137, 173, 105, 141, 197, 122, 28, 116, 76, 64, 154, 58, 7, 188, 150, 101], [77, 128, 172, 37, 29, 184, 196, 136, 143, 170], [142, 127, 149, 98, 99, 10], [112, 90, 95, 102, 110, 57, 135, 66, 41, 45, 46], [74, 31, 52, 120, 168, 131, 190, 68, 61], [161, 49, 26, 134, 55, 35, 70, 12, 44, 160, 43, 83, 94, 198], [132, 88, 19, 2, 78, 9, 22, 126, 69, 169, 147], [124, 176, 138, 155, 193, 153, 13, 199, 16, 133, 38], [1, 180, 118, 111, 72, 75, 145, 86, 117, 114], [129, 34, 60, 40, 158], [152, 125, 119, 100, 32, 63], [15, 82, 162, 177, 36, 4, 62, 18, 65, 87, 47, 121], [71, 67, 25, 181, 194, 3, 80, 27, 171, 79], [192, 6, 178, 14, 187, 24, 96, 175, 48]]",true
20,1154,5893,2-opt,CMT5.vrp,"[[189, 84, 8, 59, 166, 21, 93, 42, 104, 107], [167, 123, 51, 146, 73, 144], [5, 108, 130, 97, 50, 182, 30, 106, 185, 113], [11, 156, 23, 191, 89, 174, 183, 195, 159, 103, 54, 179, 157, 140], [148, 85, 92, 91, 33, 163, 165, 115, 53, 186, 139], [81, 56, 164, 20, 109, 39, 151, 17], [137, 173, 105, 141, 197, 122, 28, 116, 76, 64, 154, 58, 7, 188, 150, 101], [77, 128, 172, 37, 29, 184, 196, 136, 143, 170], [142, 127, 149, 98, 99, 10], [112, 90, 95, 102, 110, 57, 135, 66, 41, 45, 46], [74, 31, 52, 120, 168, 131, 190, 68, 61], [161, 49, 26, 134, 55, 35, 70, 12, 44, 160, 43, 83, 94, 198], [132, 88, 19, 2, 78, 9, 22, 126, 69, 169, 147], [124, 176, 138, 155, 193, 153, 13, 199, 16, 133, 38], [1, 180, 118, 111, 72, 75, 145, 86, 117, 114], [129, 34, 60, 40, 158], [152, 125, 119, 100, 32, 63], [15, 82, 162, 177, 36, 4, 62, 18, 65, 87, 47, 121], [71, 67, 25, 181, 194, 3, 80, 27, 171, 79], [192, 6, 178, 14, 187, 24, 96, 175, 48]]",true
21,1195,5893,2-opt,CMT5.vrp,"[[189, 84, 8, 59, 166, 21, 93, 42, 104, 107], [123, 167, 51, 146, 73, 144], [5, 108, 130, 97, 50, 182, 30, 106, 185, 113], [11, 156, 23, 191, 89, 174, 183, 195, 159, 103, 54, 179, 157, 140], [148, 85, 92, 91, 33, 163, 165, 115, 53, 186, 139], [81, 56, 164, 20, 109, 39, 151, 17], [137, 173, 105, 141, 197, 122, 28, 116, 76, 64, 154, 58, 7, 188, 150, 101], [77, 128, 172, 37, 29, 184, 196, 136, 143, 170], [142, 127, 149, 98, 99, 10], [112, 90, 95, 102, 110, 57, 135, 66, 41, 45, 46], [74, 31, 52, 120, 168, 131, 190, 68, 61], [161, 49, 26, 134, 55, 35, 70, 12, 44, 160, 43, 83, 94, 198], [132, 88, 19, 2, 78, 9, 22, 126, 69, 169, 147], [124, 176, 138, 155, 193, 153, 13, 199, 16, 133, 38], [1, 180, 118, 111, 72, 75, 145, 86, 117, 114], [129, 34, 60, 40, 158], [152, 125, 119, 100, 32, 63], [15, 82, 162, 177, 36, 4, 62, 18, 65, 87, 47, 121], [71, 67, 25, 181, 194, 3, 80, 27, 171, 79], [192, 6, 178, 14, 187, 24, 96, 175, 48]]",true
22,1248,5871,2-opt,CMT5.vrp,"[[189, 84, 8, 59, 166, 21, 93, 42, 104, 107], [123, 167, 51, 146, 73, 144], [182, 50, 97, 130, 108, 5, 30, 106, 185, 113], [11, 156, 23, 191, 89, 174, 183, 195, 159, 103, 54, 179, 157, 140], [148, 85, 92, 91, 33, 163, 165, 115, 53, 186, 139], [81, 56, 164, 20, 109, 39, 151, 17], [137, 173, 105, 141, 197, 122, 28, 116, 76, 64, 154, 58, 7, 188, 150, 101], [77, 128, 172, 37, 29, 184, 196, 136, 143, 170], [142, 127, 149, 98, 99, 10], [112, 90, 95, 102, 110, 57, 135, 66, 41, 45, 46], [74, 31, 52, 120, 168, 131, 190, 68, 61], [161, 49, 26, 134, 55, 35, 70, 12, 44, 160, 43, 83, 94, 198], [132, 88, 19, 2, 78, 9, 22, 126, 69, 169, 147], [124, 176, 138, 155, 193, 153, 13, 199, 16, 133, 38], [1, 180, 118, 111, 72, 75, 145, 86, 117, 114], [129, 34, 60, 40, 158], [152, 125, 119, 100, 32, 63], [15, 82, 162, 177, 36, 4, 62, 18, 65, 87, 47, 121], [71, 67, 25, 181, 194, 3, 80, 27, 171, 79], [192, 6, 178, 14, 187, 24, 96, 175, 48]]",true
23,1299,5869,2-opt,CMT5.vrp,"[[189, 84, 8, 59, 166, 21, 93, 42, 104, 107], [123, 167, 51, 146, 73, 144], [5, 30, 182, 50, 97, 130, 108, 106, 185, 113], [11, 156, 23, 191, 89, 174, 183, 195, 159, 103, 54, 179, 157, 140], [148, 85, 92, 91, 33, 163, 165, 115, 53, 186, 139], [81, 56, 164, 20, 109, 39, 151, 17], [137, 173, 105, 141, 197, 122, 28, 116, 76, 64, 154, 58, 7, 188, 150, 101], [77, 128, 172, 37, 29, 184, 196, 136, 143, 170], [142, 127, 149, 98, 99, 10], [112, 90, 95, 102, 110, 57, 135, 66, 41, 45, 46], [74, 31, 52, 120, 168, 131, 190, 68, 61], [161, 49, 26, 134, 55, 35, 70, 12, 44, 160, 43, 83, 94, 198], [132, 88, 19, 2, 78, 9, 22, 126, 69, 169, 147], [124, 176, 138, 155, 193, 153, 13, 199, 16, 133, 38], [1, 180, 118, 111, 72, 75, 145, 86, 117, 114], [129, 34, 60, 40, 158], [152, 125, 119, 100, 32, 63], [15, 82, 162, 177, 36, 4, 62, 18, 65, 87, 47, 121], [71, 67, 25, 181, 194, 3, 80, 27, 171, 79], [192, 6, 178, 14, 187, 24, 96, 175, 48]]",true
24,1367,5868,2-opt,CMT5.vrp,"[[189, 84, 8, 59, 166, 21, 93, 42, 104, 107], [123, 167, 51, 146, 73, 144], [5, 108, 130, 97, 50, 106, 30, 182, 185, 113], [11, 156, 23, 191, 89, 174, 183, 195, 159, 103, 54, 179, 157, 140], [148, 85, 92, 91, 33, 163, 165, 115, 53, 186, 139], [81, 56, 164, 20, 109, 39, 151, 17], [137, 173, 105, 141, 197, 122, 28, 116, 76, 64, 154, 58, 7, 188, 150, 101], [77, 128, 172, 37, 29, 184, 196, 136, 143, 170], [142, 127, 149, 98, 99, 10], [112, 90, 95, 102, 110, 57, 135, 66, 41, 45, 46], [74, 31, 52, 120, 168, 131, 190, 68, 61], [161, 49, 26, 134, 55, 35, 70, 12, 44, 160, 43, 83, 94, 198], [132, 88, 19, 2, 78, 9, 22, 126, 69, 169, 147], [124, 176, 138, 155, 193, 153, 13, 199, 16, 133, 38], [1, 180, 118, 111, 72, 75, 145, 86, 117, 114], [129, 34, 60, 40, 158], [152, 125, 119, 100, 32, 63], [15, 82, 162, 177, 36, 4, 62, 18, 65, 87, 47, 121], [71, 67, 25, 181, 194, 3, 80, 27, 171, 79], [192, 6, 178, 14, 187, 24, 96, 175, 48]]",true
25,1412,5844,2-opt,CMT5.vrp,"[[189, 84, 8, 59, 166, 21, 93, 42, 104, 107], [123, 167, 51, 146, 73, 144], [106, 50, 97, 130, 108, 5, 30, 182, 185, 113], [11, 156, 23, 191, 89, 174, 183, 195, 159, 103, 54, 179, 157, 140], [148, 85, 92, 91, 33, 163, 165, 115, 53, 186, 139], [81, 56, 164, 20, 109, 39, 151, 17], [137, 173, 105, 141, 197, 122, 28, 116, 76, 64, 154, 58, 7, 188, 150, 101], [77, 128, 172, 37, 29, 184, 196, 136, 143, 170], [142, 127, 149, 98, 99, 10], [112, 90, 95, 102, 110, 57, 135, 66, 41, 45, 46], [74, 31, 52, 120, 168, 131, 190, 68, 61], [161, 49, 26, 134, 55, 35, 70, 12, 44, 160, 43, 83, 94, 198], [132, 88, 19, 2, 78, 9, 22, 126, 69, 169, 147], [124, 176, 138, 155, 193, 153, 13, 199, 16, 133, 38], [1, 180, 118, 111, 72, 75, 145, 86, 117, 114], [129, 34, 60, 40, 158], [152, 125, 119, 100, 32, 63], [15, 82, 162, 177, 36, 4, 62, 18, 65, 87, 47, 121], [71, 67, 25, 181, 194, 3, 80, 27, 171, 79], [192, 6, 178, 14, 187, 24, 96, 175, 48]]",true
26,1475,5835,2-opt,CMT5.vrp,"[[189, 84, 8, 59, 166, 21, 93, 42, 104, 107], [123, 167, 51, 146, 73, 144], [50, 106, 97, 130, 108, 5, 30, 182, 185, 113], [11, 156, 23, 191, 89, 174, 183, 195, 159, 103, 54, 179, 157, 140], [148, 85, 92, 91, 33, 163, 165, 115, 53, 186, 139], [81, 56, 164, 20, 109, 39, 151, 17], [137, 173, 105, 141, 197, 122, 28, 116, 76, 64, 154, 58, 7, 188, 150, 101], [77, 128, 172, 37, 29, 184, 196, 136, 143, 170], [142, 127, 149, 98, 99, 10], [112, 90, 95, 102, 110, 57, 135, 66, 41, 45, 46], [74, 31, 52, 120, 168, 131, 190, 68, 61], [161, 49, 26, 134, 55, 35, 70, 12, 44, 160, 43, 83, 94, 198], [132, 88, 19, 2, 78, 9, 22, 126, 69, 169, 147], [124, 176, 138, 155, 193, 153, 13, 199, 16, 133, 38], [1, 180, 118, 111, 72, 75, 145, 86, 117, 114], [129, 34, 60, 40, 158], [152, 125, 119, 100, 32, 63], [15, 82, 162, 177, 36, 4, 62, 18, 65, 87, 47, 121], [71, 67, 25, 181, 194, 3, 80, 27, 171, 79], [192, 6, 178, 14, 187, 24, 96, 175, 48]]",true
27,1521,5819,2-opt,CMT5.vrp,"[[189, 84, 8, 59, 166, 21, 93, 42, 104, 107], [123, 167, 51, 146, 73, 144], [30, 5, 108, 130, 97, 50, 106, 182, 185, 113], [11, 156, 23, 191, 89, 174, 183, 195, 159, 103, 54, 179, 157, 140], [148, 85, 92, 91, 33, 163, 165, 115, 53, 186, 139], [81, 56, 164, 20, 109, 39, 151, 17], [137, 173, 105, 141, 197, 122, 28, 116, 76, 64, 154, 58, 7, 188, 150, 101], [77, 128, 172, 37, 29, 184, 196, 136, 143, 170], [142, 127, 149, 98, 99, 10], [112, 90, 95, 102, 110, 57, 135, 66, 41, 45, 46], [74, 31, 52, 120, 168, 131, 190, 68, 61], [161, 49, 26, 134, 55, 35, 70, 12, 44, 160, 43, 83, 94, 198], [132, 88, 19, 2, 78, 9, 22, 126, 69, 169, 147], [124, 176, 138, 155, 193, 153, 13, 199, 16, 133, 38], [1, 180, 118, 111, 72, 75, 145, 86, 117, 114], [129, 34, 60, 40, 158], [152, 125, 119, 100, 32, 63], [15, 82, 162, 177, 36, 4, 62, 18, 65, 87, 47, 121], [71, 67, 25, 181, 194, 3, 80, 27, 171, 79], [192, 6, 178, 14, 187, 24, 96, 175, 48]]",true
28,1592,5817,2-opt,CMT5.vrp,"[[189, 84, 8, 59, 166, 21, 93, 42, 104, 107], [123, 167, 51, 146, 73, 144], [30, 5, 108, 97, 130, 50, 106, 182, 185, 113], [11, 156, 23, 191, 89, 174, 183, 195, 159, 103, 54, 179, 157, 140], [148, 85, 92, 91, 33, 163, 165, 115, 53, 186, 139], [81, 56, 164, 20, 109, 39, 151, 17], [137, 173, 105, 141, 197, 122, 28, 116, 76, 64, 154, 58, 7, 188, 150, 101], [77, 128, 172, 37, 29, 184, 196, 136, 143, 170], [142, 127, 149, 98, 99, 10], [112, 90, 95, 102, 110, 57, 135, 66, 41, 45, 46], [74, 31, 52, 120, 168, 131, 190, 68, 61], [161, 49, 26, 134, 55, 35, 70, 12, 44, 160, 43, 83, 94, 198], [132, 88, 19, 2, 78, 9, 22, 126, 69, 169, 147], [124, 176, 138, 155, 193, 153, 13, 199, 16, 133, 38], [1, 180, 118, 111, 72, 75, 145, 86, 117, 114], [129, 34, 60, 40, 158], [152, 125, 119, 100, 32, 63], [15, 82, 162, 177, 36, 4, 62, 18, 65, 87, 47, 121], [71, 67, 25, 181, 194, 3, 80, 27, 171, 79], [192, 6, 178, 14, 187, 24, 96, 175, 48]]",true
29,1654,5807,2-opt,CMT5.vrp,"[[189, 84, 8, 59, 166, 21, 93, 42, 104, 107], [123, 167, 51, 146, 73, 144], [30, 5, 108, 50, 97, 130, 106, 182, 185, 113], [11, 156, 23, 191, 89, 174, 183, 195, 159, 103, 54, 179, 157, 140], [148, 85, 92, 91, 33, 163, 165, 115, 53, 186, 139], [81, 56, 164, 20, 109, 39, 151, 17], [137, 173, 105, 141, 197, 122, 28, 116, 76, 64, 154, 58, 7, 188, 150, 101], [77, 128, 172, 37, 29, 184, 196, 136, 143, 170], [142, 127, 149, 98, 99, 10], [112, 90, 95, 102, 110, 57, 135, 66, 41, 45, 46], [74, 31, 52, 120, 168, 131, 190, 68, 61], [161, 49, 26, 134, 55, 35, 70, 12, 44, 160, 43, 83, 94, 198], [132, 88, 19, 2, 78, 9, 22, 126, 69, 169, 147], [124, 176, 138, 155, 193, 153, 13, 199, 16, 133, 38], [1, 180, 118, 111, 72, 75, 145, 86, 117, 114], [129, 34, 60, 40, 158], [152, 125, 119, 100, 32, 63], [15, 82, 162, 177, 36, 4, 62, 18, 65, 87, 47, 121], [71, 67, 25, 181, 194, 3, 80, 27, 171, 79], [192, 6, 178, 14, 187, 24, 96, 175, 48]]",true
30,1742,5797,2-opt,CMT5.vrp,"[[189, 84, 8, 59, 166, 21, 93, 42, 104, 107], [123, 167, 51, 146, 73, 144], [30, 5, 108, 50, 130, 97, 106, 182, 185, 113], [11, 156, 23, 191, 89, 174, 183, 195, 159, 103, 54, 179, 157, 140], [148, 85, 92, 91, 33, 163, 165, 115, 53, 186, 139], [81, 56, 164, 20, 109, 39, 151, 17], [137, 173, 105, 141, 197, 122, 28, 116, 76, 64, 154, 58, 7, 188, 150, 101], [77, 128, 172, 37, 29, 184, 196, 136, 143, 170], [142, 127, 149, 98, 99, 10], [112, 90, 95, 102, 110, 57, 135, 66, 41, 45, 46], [74, 31, 52, 120, 168, 131, 190, 68, 61], [161, 49, 26, 134, 55, 35, 70, 12, 44, 160, 43, 83, 94, 198], [132, 88, 19, 2, 78, 9, 22, 126, 69, 169, 147], [124, 176, 138, 155, 193, 153, 13, 199, 16, 133, 38], [1, 180, 118, 111, 72, 75, 145, 86, 117, 114], [129, 34, 60, 40, 158], [152, 125, 119, 100, 32, 63], [15, 82, 162, 177, 36, 4, 62, 18, 65, 87, 47, 121], [71, 67, 25, 181, 194, 3, 80, 27, 171, 79], [192, 6, 178, 14, 187, 24, 96, 175, 48]]",true
31,1818,5783,2-opt,CMT5.vrp,"[[189, 84, 8, 59, 166, 21, 93, 42, 104, 107], [123, 167, 51, 146, 73, 144], [30, 5, 108, 50, 130, 97, 106, 182, 185, 113], [159, 195, 183, 174, 89, 191, 23, 156, 11, 103, 54, 179, 157, 140], [148, 85, 92, 91, 33, 163, 165, 115, 53, 186, 139], [81, 56, 164, 20, 109, 39, 151, 17], [137, 173, 105, 141, 197, 122, 28, 116, 76, 64, 154, 58, 7, 188, 150, 101], [77, 128, 172, 37, 29, 184, 196, 136, 143, 170], [142, 127, 149, 98, 99, 10], [112, 90, 95, 102, 110, 57, 135, 66, 41, 45, 46], [74, 31, 52, 120, 168, 131, 190, 68, 61], [161, 49, 26, 134, 55, 35, 70, 12, 44, 160, 43, 83, 94, 198], [132, 88, 19, 2, 78, 9, 22, 126, 69, 169, 147], [124, 176, 138, 155, 193, 153, 13, 199, 16, 133, 38], [1, 180, 118, 111, 72, 75, 145, 86, 117, 114], [129, 34, 60, 40, 158], [152, 125, 119, 100, 32, 63], [15, 82, 162, 177, 36, 4, 62, 18, 65, 87, 47, 121], [71, 67, 25, 181, 194, 3, 80, 27, 171, 79], [192, 6, 178, 14, 187, 24, 96, 175, 48]]",true
32,1856,5778,2-opt,CMT5.vrp,"[[189, 84, 8, 59, 166, 21, 93, 42, 104, 107], [123, 167, 51, 146, 73, 144], [30, 5, 108, 50, 130, 97, 106, 182, 185, 113], [54, 103, 159, 195, 183, 174, 89, 191, 23, 156, 11, 179, 157, 140], [148, 85, 92, 91, 33, 163, 165, 115, 53, 186, 139], [81, 56, 164, 20, 109, 39, 151, 17], [137, 173, 105, 141, 197, 122, 28, 116, 76, 64, 154, 58, 7, 188, 150, 101], [77, 128, 172, 37, 29, 184, 196, 136, 143, 170], [142, 127, 149, 98, 99, 10], [112, 90, 95, 102, 110, 57, 135, 66, 41, 45, 46], [74, 31, 52, 120, 168, 131, 190, 68, 61], [161, 49, 26, 134, 55, 35, 70, 12, 44, 160, 43, 83, 94, 198], [132, 88, 19, 2, 78, 9, 22, 126, 69, 169, 147], [124, 176, 138, 155, 193, 153, 13, 199, 16, 133, 38], [1, 180, 118, 111, 72, 75, 145, 86, 117, 114], [129, 34, 60, 40, 158], [152, 125, 119, 100, 32, 63], [15, 82, 162, 177, 36, 4, 62, 18, 65, 87, 47, 121], [71, 67, 25, 181, 194, 3, 80, 27, 171, 79], [192, 6, 178, 14, 187, 24, 96, 175, 48]]",true
33,1896,5772,2-opt,CMT5.vrp,"[[189, 84, 8, 59, 166, 21, 93, 42, 104, 107], [123, 167, 51, 146, 73, 144], [30, 5, 108, 50, 130, 97, 106, 182, 185, 113], [11, 159, 195, 183, 174, 89, 191, 23, 156, 103, 54, 179, 157, 140], [148, 85, 92, 91, 33, 163, 165, 115, 53, 186, 139], [81, 56, 164, 20, 109, 39, 151, 17], [137, 173, 105, 141, 197, 122, 28, 116, 76, 64, 154, 58, 7, 188, 150, 101], [77, 128, 172, 37, 29, 184, 196, 136, 143, 170], [142, 127, 149, 98, 99, 10], [112, 90, 95, 102, 110, 57, 135, 66, 41, 45, 46], [74, 31, 52, 120, 168, 131, 190, 68, 61], [161, 49, 26, 134, 55, 35, 70, 12, 44, 160, 43, 83, 94, 198], [132, 88, 19, 2, 78, 9, 22, 126, 69, 169, 147], [124, 176, 138, 155, 193, 153, 13, 199, 16, 133, 38], [1, 180, 118, 111, 72, 75, 145, 86, 117, 114], [129, 34, 60, 40, 158], [152, 125, 119, 100, 32, 63], [15, 82, 162, 177, 36, 4, 62, 18, 65, 87, 47, 121], [71, 67, 25, 181, 194, 3, 80, 27, 171, 79], [192, 6, 178, 14, 187, 24, 96, 175, 48]]",true
34,1931,5759,2-opt,CMT5.vrp,"[[189, 84, 8, 59, 166, 21, 93, 42, 104, 107], [123, 167, 51, 146, 73, 144], [30, 5, 108, 50, 130, 97, 106, 182, 185, 113], [11, 179, 54, 103, 159, 195, 183, 174, 89, 191, 23, 156, 157, 140], [148, 85, 92, 91, 33, 163, 165, 115, 53, 186, 139], [81, 56, 164, 20, 109, 39, 151, 17], [137, 173, 105, 141, 197, 122, 28, 116, 76, 64, 154, 58, 7, 188, 150, 101], [77, 128, 172, 37, 29, 184, 196, 136, 143, 170], [142, 127, 149, 98, 99, 10], [112, 90, 95, 102, 110, 57, 135, 66, 41, 45, 46], [74, 31, 52, 120, 168, 131, 190, 68, 61], [161, 49, 26, 134, 55, 35, 70, 12, 44, 160, 43, 83, 94, 198], [132, 88, 19, 2, 78, 9, 22, 126, 69, 169, 147], [124, 176, 138, 155, 193, 153, 13, 199, 16, 133, 38], [1, 180, 118, 111, 72, 75, 145, 86, 117, 114], [129, 34, 60, 40, 158], [152, 125, 119, 100, 32, 63], [15, 82, 162, 177, 36, 4, 62, 18, 65, 87, 47, 121], [71, 67, 25, 181, 194, 3, 80, 27, 171, 79], [192, 6, 178, 14, 187, 24, 96, 175, 48]]",true
35,1969,5747,2-opt,CMT5.vrp,"[[189, 84, 8, 59, 166, 21, 93, 42, 104, 107], [123, 167, 51, 146, 73, 144], [30, 5, 108, 50, 130, 97, 106, 182, 185, 113], [11, 156, 174, 89, 191, 23, 183, 195, 159, 103, 54, 179, 157, 140], [148, 85, 92, 91, 33, 163, 165, 115, 53, 186, 139], [81, 56, 164, 20, 109, 39, 151, 17], [137, 173, 105, 141, 197, 122, 28, 116, 76, 64, 154, 58, 7, 188, 150, 101], [77, 128, 172, 37, 29, 184, 196, 136, 143, 170], [142, 127, 149, 98, 99, 10], [112, 90, 95, 102, 110, 57, 135, 66, 41, 45, 46], [74, 31, 52, 120, 168, 131, 190, 68, 61], [161, 49, 26, 134, 55, 35, 70, 12, 44, 160, 43, 83, 94, 198], [132, 88, 19, 2, 78, 9, 22, 126, 69, 169, 147], [124, 176, 138, 155, 193, 153, 13, 199, 16, 133, 38], [1, 180, 118, 111, 72, 75, 145, 86, 117, 114], [129, 34, 60, 40, 158], [152, 125, 119, 100, 32, 63], [15, 82, 162, 177, 36, 4, 62, 18, 65, 87, 47, 121], [71, 67, 25, 181, 194, 3, 80, 27, 171, 79], [192, 6, 178, 14, 187, 24, 96, 175, 48]]",true
36,2031,5734,2-opt,CMT5.vrp,"[[189, 84, 8, 59, 166, 21, 93, 42, 104, 107], [123, 167, 51, 146, 73, 144], [30, 5, 108, 50, 130, 97, 106, 182, 185, 113], [159, 195, 183, 23, 191, 89, 174, 156, 11, 103, 54, 179, 157, 140], [148, 85, 92, 91, 33, 163, 165, 115, 53, 186, 139], [81, 56, 164, 20, 109, 39, 151, 17], [137, 173, 105, 141, 197, 122, 28, 116, 76, 64, 154, 58, 7, 188, 150, 101], [77, 128, 172, 37, 29, 184, 196, 136, 143, 170], [142, 127, 149, 98, 99, 10], [112, 90, 95, 102, 110, 57, 135, 66, 41, 45, 46], [74, 31, 52, 120, 168, 131, 190, 68, 61], [161, 49, 26, 134, 55, 35, 70, 12, 44, 160, 43, 83, 94, 198], [132, 88, 19, 2, 78, 9, 22, 126, 69, 169, 147], [124, 176, 138, 155, 193, 153, 13, 199, 16, 133, 38], [1, 180, 118, 111, 72, 75, 145, 86, 117, 114], [129, 34, 60, 40, 158], [152, 125, 119, 100, 32, 63], [15, 82, 162, 177, 36, 4, 62, 18, 65, 87, 47, 121], [71, 67, 25, 181, 194, 3, 80, 27, 171, 79], [192, 6, 178, 14, 187, 24, 96, 175, 48]]",true
37,2071,5729,2-opt,CMT5.vrp,"[[189, 84, 8, 59, 166, 21, 93, 42, 104, 107], [123, 167, 51, 146, 73, 144], [30, 5, 108, 50, 130, 97, 106, 182, 185, 113], [54, 103, 159, 195, 183, 23, 191, 89, 174, 156, 11, 179, 157, 140], [148, 85, 92, 91, 33, 163, 165, 115, 53, 186, 139], [81, 56, 164, 20, 109, 39, 151, 17], [137, 173, 105, 141, 197, 122, 28, 116, 76, 64, 154, 58, 7, 188, 150, 101], [77, 128, 172, 37, 29, 184, 196, 136, 143, 170], [142, 127, 149, 98, 99, 10], [112, 90, 95, 102, 110, 57, 135, 66, 41, 45, 46], [74, 31, 52, 120, 168, 131, 190, 68, 61], [161, 49, 26, 134, 55, 35, 70, 12, 44, 160, 43, 83, 94, 198], [132, 88, 19, 2, 78, 9, 22, 126, 69, 169, 147], [124, 176, 138, 155, 193, 153, 13, 199, 16, 133, 38], [1, 180, 118, 111, 72, 75, 145, 86, 117, 114], [129, 34, 60, 40, 158], [152, 125, 119, 100, 32, 63], [15, 82, 162, 177, 36, 4, 62, 18, 65, 87, 47, 121], [71, 67, 25, 181, 194, 3, 80, 27, 171, 79], [192, 6, 178, 14, 187, 24, 96, 175, 48]]",true
38,2124,5727,2-opt,CMT5.vrp,"[[189, 84, 8, 59, 166, 21, 93, 42, 104, 107], [123, 167, 51, 146, 73, 144], [30, 5, 108, 50, 130, 97, 106, 182, 185, 113], [11, 174, 156, 89, 191, 23, 183, 195, 159, 103, 54, 179, 157, 140], [148, 85, 92, 91, 33, 163, 165, 115, 53, 186, 139], [81, 56, 164, 20, 109, 39, 151, 17], [137, 173, 105, 141, 197, 122, 28, 116, 76, 64, 154, 58, 7, 188, 150, 101], [77, 128, 172, 37, 29, 184, 196, 136, 143, 170], [142, 127, 149, 98, 99, 10], [112, 90, 95, 102, 110, 57, 135, 66, 41, 45, 46], [74, 31, 52, 120, 168, 131, 190, 68, 61], [161, 49, 26, 134, 55, 35, 70, 12, 44, 160, 43, 83, 94, 198], [132, 88, 19, 2, 78, 9, 22, 126, 69, 169, 147], [124, 176, 138, 155, 193, 153, 13, 199, 16, 133, 38], [1, 180, 118, 111, 72, 75, 145, 86, 117, 114], [129, 34, 60, 40, 158], [152, 125, 119, 100, 32, 63], [15, 82, 162, 177, 36, 4, 62, 18, 65, 87, 47, 121], [71, 67, 25, 181, 194, 3, 80, 27, 171, 79], [192, 6, 178, 14, 187, 24, 96, 175, 48]]",true
39,2167,5722,2-opt,CMT5.vrp,"[[189, 84, 8, 59, 166, 21, 93, 42, 104, 107], [123, 167, 51, 146, 73, 144], [30, 5, 108, 50, 130, 97, 106, 182, 185, 113], [11, 159, 195, 183, 23, 191, 89, 174, 156, 103, 54, 179, 157, 140], [148, 85, 92, 91, 33, 163, 165, 115, 53, 186, 139], [81, 56, 164, 20, 109, 39, 151, 17], [137, 173, 105, 141, 197, 122, 28, 116, 76, 64, 154, 58, 7, 188, 150, 101], [77, 128, 172, 37, 29, 184, 196, 136, 143, 170], [142, 127, 149, 98, 99, 10], [112, 90, 95, 102, 110, 57, 135, 66, 41, 45, 46], [74, 31, 52, 120, 168, 131, 190, 68, 61], [161, 49, 26, 134, 55, 35, 70, 12, 44, 160, 43, 83, 94, 198], [132, 88, 19, 2, 78, 9, 22, 126, 69, 169, 147], [124, 176, 138, 155, 193, 153, 13, 199, 16, 133, 38], [1, 180, 118, 111, 72, 75, 145, 86, 117, 114], [129, 34, 60, 40, 158], [152, 125, 119, 100, 32, 63], [15, 82, 162, 177, 36, 4, 62, 18, 65, 87, 47, 121], [71, 67, 25, 181, 194, 3, 80, 27, 171, 79], [192, 6, 178, 14, 187, 24, 96, 175, 48]]",true
40,2206,5709,2-opt,CMT5.vrp,"[[189, 84, 8, 59, 166, 21, 93, 42, 104, 107], [123, 167, 51, 146, 73, 144], [30, 5, 108, 50, 130, 97, 106, 182, 185, 113], [11, 179, 54, 103, 159, 195, 183, 23, 191, 89, 174, 156, 157, 140], [148, 85, 92, 91, 33, 163, 165, 115, 53, 186, 139], [81, 56, 164, 20, 109, 39, 151, 17], [137, 173, 105, 141, 197, 122, 28, 116, 76, 64, 154, 58, 7, 188, 150, 101], [77, 128, 172, 37, 29, 184, 196, 136, 143, 170], [142, 127, 149, 98, 99, 10], [112, 90, 95, 102, 110, 57, 135, 66, 41, 45, 46], [74, 31, 52, 120, 168, 131, 190, 68, 61], [161, 49, 26, 134, 55, 35, 70, 12, 44, 160, 43, 83, 94, 198], [132, 88, 19, 2, 78, 9, 22, 126, 69, 169, 147], [124, 176, 138, 155, 193, 153, 13, 199, 16, 133, 38], [1, 180, 118, 111, 72, 75, 145, 86, 117, 114], [129, 34, 60, 40, 158], [152, 125, 119, 100, 32, 63], [15, 82, 162, 177, 36, 4, 62, 18, 65, 87, 47, 121], [71, 67, 25, 181, 194, 3, 80, 27, 171, 79], [192, 6, 178, 14, 187, 24, 96, 175, 48]]",true
41,2270,5707,2-opt,CMT5.vrp,"[[189, 84, 8, 59, 166, 21, 93, 42, 104, 107], [123, 167, 51, 146, 73, 144], [30, 5, 108, 50, 130, 97, 106, 182, 185, 113], [54, 179, 11, 103, 159, 195, 183, 23, 191, 89, 174, 156, 157, 140], [148, 85, 92, 91, 33, 163, 165, 115, 53, 186, 139], [81, 56, 164, 20, 109, 39, 151, 17], [137, 173, 105, 141, 197, 122, 28, 116, 76, 64, 154, 58, 7, 188, 150, 101], [77, 128, 172, 37, 29, 184, 196, 136, 143, 170], [142, 127, 149, 98, 99, 10], [112, 90, 95, 102, 110, 57, 135, 66, 41, 45, 46], [74, 31, 52, 120, 168, 131, 190, 68, 61], [161, 49, 26, 134, 55, 35, 70, 12, 44, 160, 43, 83, 94, 198], [132, 88, 19, 2, 78, 9, 22, 126, 69, 169, 147], [124, 176, 138, 155, 193, 153, 13, 199, 16, 133, 38], [1, 180, 118, 111, 72, 75, 145, 86, 117, 114], [129, 34, 60, 40, 158], [152, 125, 119, 100, 32, 63], [15, 82, 162, 177, 36, 4, 62, 18, 65, 87, 47, 121], [71, 67, 25, 181, 194, 3, 80, 27, 171, 79], [192, 6, 178, 14, 187, 24, 96, 175, 48]]",true
42,2311,5707,2-opt,CMT5.vrp,"[[189, 84, 8, 59, 166, 21, 93, 42, 104, 107], [123, 167, 51, 146, 73, 144], [30, 5, 108, 50, 130, 97, 106, 182, 185, 113], [103, 54, 179, 11, 159, 195, 183, 23, 191, 89, 174, 156, 157, 140], [148, 85, 92, 91, 33, 163, 165, 115, 53, 186, 139], [81, 56, 164, 20, 109, 39, 151, 17], [137, 173, 105, 141, 197, 122, 28, 116, 76, 64, 154, 58, 7, 188, 150, 101], [77, 128, 172, 37, 29, 184, 196, 136, 143, 170], [142, 127, 149, 98, 99, 10], [112, 90, 95, 102, 110, 57, 135, 66, 41, 45, 46], [74, 31, 52, 120, 168, 131, 190, 68, 61], [161, 49, 26, 134, 55, 35, 70, 12, 44, 160, 43, 83, 94, 198], [132, 88, 19, 2, 78, 9, 22, 126, 69, 169, 147], [124, 176, 138, 155, 193, 153, 13, 199, 16, 133, 38], [1, 180, 118, 111, 72, 75, 145, 86, 117, 114], [129, 34, 60, 40, 158], [152, 125, 119, 100, 32, 63], [15, 82, 162, 177, 36, 4, 62, 18, 65, 87, 47, 121], [71, 67, 25, 181, 194, 3, 80, 27, 171, 79], [192, 6, 178, 14, 187, 24, 96, 175, 48]]",true
43,2358,5692,2-opt,CMT5.vrp,"[[189, 84, 8, 59, 166, 21, 93, 42, 104, 107], [123, 167, 51, 146, 73, 144], [30, 5, 108, 50, 130, 97, 106, 182, 185, 113], [11, 179, 103, 54, 159, 195, 183, 23, 191, 89, 174, 156, 157, 140], [148, 85, 92, 91, 33, 163, 165, 115, 53, 186, 139], [81, 56, 164, 20, 109, 39, 151, 17], [137, 173, 105, 141, 197, 122, 28, 116, 76, 64, 154, 58, 7, 188, 150, 101], [77, 128, 172, 37, 29, 184, 196, 136, 143, 170], [142, 127, 149, 98, 99, 10], [112, 90, 95, 102, 110, 57, 135, 66, 41, 45, 46], [74, 31, 52, 120, 168, 131, 190, 68, 61], [161, 49, 26, 134, 55, 35, 70, 12, 44, 160, 43, 83, 94, 198], [132, 88, 19, 2, 78, 9, 22, 126, 69, 169, 147], [124, 176, 138, 155, 193, 153, 13, 199, 16, 133, 38], [1, 180, 118, 111, 72, 75, 145, 86, 117, 114], [129, 34, 60, 40, 158], [152, 125, 119, 100, 32, 63], [15, 82, 162, 177, 36, 4, 62, 18, 65, 87, 47, 121], [71, 67, 25, 181, 194, 3, 80, 27, 171, 79], [192, 6, 178, 14, 187, 24, 96, 175, 48]]",true
44,2418,5689,2-opt,CMT5.vrp,"[[189, 84, 8, 59, 166, 21, 93, 42, 104, 107], [123, 167, 51, 146, 73, 144], [30, 5, 108, 50, 130, 97, 106, 182, 185, 113], [11, 179, 54, 103, 174, 89, 191, 23, 183, 195, 159, 156, 157, 140], [148, 85, 92, 91, 33, 163, 165, 115, 53, 186, 139], [81, 56, 164, 20, 109, 39, 151, 17], [137, 173, 105, 141, 197, 122, 28, 116, 76, 64, 154, 58, 7, 188, 150, 101], [77, 128, 172, 37, 29, 184, 196, 136, 143, 170], [142, 127, 149, 98, 99, 10], [112, 90, 95, 102, 110, 57, 135, 66, 41, 45, 46], [74, 31, 52, 120, 168, 131, 190, 68, 61], [161, 49, 26, 134, 55, 35, 70, 12, 44, 160, 43, 83, 94, 198], [132, 88, 19, 2, 78, 9, 22, 126, 69, 169, 147], [124, 176, 138, 155, 193, 153, 13, 199, 16, 133, 38], [1, 180, 118, 111, 72, 75, 145, 86, 117, 114], [129, 34, 60, 40, 158], [152, 125, 119, 100, 32, 63], [15, 82, 162, 177, 36, 4, 62, 18, 65, 87, 47, 121], [71, 67, 25, 181, 194, 3, 80, 27, 171, 79], [192, 6, 178, 14, 187, 24, 96, 175, 48]]",true
45,2459,5676,2-opt,CMT5.vrp,"[[189, 84, 8, 59, 166, 21, 93, 42, 104, 107], [123, 167, 51, 146, 73, 144], [30, 5, 108, 50, 130, 97, 106, 182, 185, 113], [11, 179, 54, 103, 140, 157, 156, 174, 89, 191, 23, 183, 195, 159], [148, 85, 92, 91, 33, 163, 165, 115, 53, 186, 139], [81, 56, 164, 20, 109, 39, 151, 17], [137, 173, 105, 141, 197, 122, 28, 116, 76, 64, 154, 58, 7, 188, 150, 101], [77, 128, 172, 37, 29, 184, 196, 136, 143, 170], [142, 127, 149, 98, 99, 10], [112, 90, 95, 102, 110, 57, 135, 66, 41, 45, 46], [74, 31, 52, 120, 168, 131, 190, 68, 61], [161, 49, 26, 134, 55, 35, 70, 12, 44, 160, 43, 83, 94, 198], [132, 88, 19, 2, 78, 9, 22, 126, 69, 169, 147], [124, 176, 138, 155, 193, 153, 13, 199, 16, 133, 38], [1, 180, 118, 111, 72, 75, 145, 86, 117, 114], [129, 34, 60, 40, 158], [152, 125, 119, 100, 32, 63], [15, 82, 162, 177, 36, 4, 62, 18, 65, 87, 47, 121], [71, 67, 25, 181, 194, 3, 80, 27, 171, 79], [192, 6, 178, 14, 187, 24, 96, 175, 48]]",true
46,2515,5674,2-opt,CMT5.vrp,"[[189, 84, 8, 59, 166, 21, 93, 42, 104, 107], [123, 167, 51, 146, 73, 144], [30, 5, 108, 50, 130, 97, 106, 182, 185, 113], [54, 179, 11, 103, 140, 157, 156, 174, 89, 191, 23, 183, 195, 159], [148, 85, 92, 91, 33, 163, 165, 115, 53, 186, 139], [81, 56, 164, 20, 109, 39, 151, 17], [137, 173, 105, 141, 197, 122, 28, 116, 76, 64, 154, 58, 7, 188, 150, 101], [77, 128, 172, 37, 29, 184, 196, 136, 143, 170], [142, 127, 149, 98, 99, 10], [112, 90, 95, 102, 110, 57, 135, 66, 41, 45, 46], [74, 31, 52, 120, 168, 131, 190, 68, 61], [161, 49, 26, 134, 55, 35, 70, 12, 44, 160, 43, 83, 94, 198], [132, 88, 19, 2, 78, 9, 22, 126, 69, 169, 147], [124, 176, 138, 155, 193, 153, 13, 199, 16, 133, 38], [1, 180, 118, 111, 72, 75, 145, 86, 117, 114], [129, 34, 60, 40, 158], [152, 125, 119, 100, 32, 63], [15, 82, 162, 177, 36, 4, 62, 18, 65, 87, 47, 121], [71, 67, 25, 181, 194, 3, 80, 27, 171, 79], [192, 6, 178, 14, 187, 24, 96, 175, 48]]",true
47,2565,5674,2-opt,CMT5.vrp,"[[189, 84, 8, 59, 166, 21, 93, 42, 104, 107], [123, 167, 51, 146, 73, 144], [30, 5, 108, 50, 130, 97, 106, 182, 185, 113], [11, 179, 54, 157, 140, 103, 156, 174, 89, 191, 23, 183, 195, 159], [148, 85, 92, 91, 33, 163, 165, 115, 53, 186, 139], [81, 56, 164, 20, 109, 39, 151, 17], [137, 173, 105, 141, 197, 122, 28, 116, 76, 64, 154, 58, 7, 188, 150, 101], [77, 128, 172, 37, 29, 184, 196, 136, 143, 170], [142, 127, 149, 98, 99, 10], [112, 90, 95, 102, 110, 57, 135, 66, 41, 45, 46], [74, 31, 52, 120, 168, 131, 190, 68, 61], [161, 49, 26, 134, 55, 35, 70, 12, 44, 160, 43, 83, 94, 198], [132, 88, 19, 2, 78, 9, 22, 126, 69, 169, 147], [124, 176, 138, 155, 193, 153, 13, 199, 16, 133, 38], [1, 180, 118, 111, 72, 75, 145, 86, 117, 114], [129, 34, 60, 40, 158], [152, 125, 119, 100, 32, 63], [15, 82, 162, 177, 36, 4, 62, 18, 65, 87, 47, 121], [71, 67, 25, 181, 194, 3, 80, 27, 171, 79], [192, 6, 178, 14, 187, 24, 96, 175, 48]]",true
48,2604,5672,2-opt,CMT5.vrp,"[[189, 84, 8, 59, 166, 21, 93, 42, 104, 107], [123, 167, 51, 146, 73, 144], [30, 5, 108, 50, 130, 97, 106, 182, 185, 113], [11, 179, 54, 156, 157, 140, 103, 174, 89, 191, 23, 183, 195, 159], [148, 85, 92, 91, 33, 163, 165, 115, 53, 186, 139], [81, 56, 164, 20, 109, 39, 151, 17], [137, 173, 105, 141, 197, 122, 28, 116, 76, 64, 154, 58, 7, 188, 150, 101], [77, 128, 172, 37, 29, 184, 196, 136, 143, 170], [142, 127, 149, 98, 99, 10], [112, 90, 95, 102, 110, 57, 135, 66, 41, 45, 46], [74, 31, 52, 120, 168, 131, 190, 68, 61], [161, 49, 26, 134, 55, 35, 70, 12, 44, 160, 43, 83, 94, 198], [132, 88, 19, 2, 78, 9, 22, 126, 69, 169, 147], [124, 176, 138, 155, 193, 153, 13, 199, 16, 133, 38], [1, 180, 118, 111, 72, 75, 145, 86, 117, 114], [129, 34, 60, 40, 158], [152, 125, 119, 100, 32, 63], [15, 82, 162, 177, 36, 4, 62, 18, 65, 87, 47, 121], [71, 67, 25, 181, 194, 3, 80, 27, 171, 79], [192, 6, 178, 14, 187, 24, 96, 175, 48]]",true
49,2709,5661,2-opt,CMT5.vrp,"[[189, 84, 8, 59, 166, 21, 93, 42, 104, 107], [123, 167, 51, 146, 73, 144], [30, 5, 108, 50, 130, 97, 106, 182, 185, 113], [11, 179, 54, 103, 174, 156, 157, 140, 89, 191, 23, 183, 195, 159], [148, 85, 92, 91, 33, 163, 165, 115, 53, 186, 139], [81, 56, 164, 20, 109, 39, 151, 17], [137, 173, 105, 141, 197, 122, 28, 116, 76, 64, 154, 58, 7, 188, 150, 101], [77, 128, 172, 37, 29, 184, 196, 136, 143, 170], [142, 127, 149, 98, 99, 10], [112, 90, 95, 102, 110, 57, 135, 66, 41, 45, 46], [74, 31, 52, 120, 168, 131, 190, 68, 61], [161, 49, 26, 134, 55, 35, 70, 12, 44, 160, 43, 83, 94, 198], [132, 88, 19, 2, 78, 9, 22, 126, 69, 169, 147], [124, 176, 138, 155, 193, 153, 13, 199, 16, 133, 38], [1, 180, 118, 111, 72, 75, 145, 86, 117, 114], [129, 34, 60, 40, 158], [152, 125, 119, 100, 32, 63], [15, 82, 162, 177, 36, 4, 62, 18, 65, 87, 47, 121], [71, 67, 25, 181, 194, 3, 80, 27, 171, 79], [192, 6, 178, 14, 187, 24, 96, 175, 48]]",true
50,2797,5657,2-opt,CMT5.vrp,"[[189, 84, 8, 59, 166, 21, 93, 42, 104, 107], [123, 167, 51, 146, 73, 144], [30, 5, 108, 50, 130, 97, 106, 182, 185, 113], [11, 179, 54, 103, 140, 174, 156, 157, 89, 191, 23, 183, 195, 159], [148, 85, 92, 91, 33, 163, 165, 115, 53, 186, 139], [81, 56, 164, 20, 109, 39, 151, 17], [137, 173, 105, 141, 197, 122, 28, 116, 76, 64, 154, 58, 7, 188, 150, 101], [77, 128, 172, 37, 29, 184, 196, 136, 143, 170], [142, 127, 149, 98, 99, 10], [112, 90, 95, 102, 110, 57, 135, 66, 41, 45, 46], [74, 31, 52, 120, 168, 131, 190, 68, 61], [161, 49, 26, 134, 55, 35, 70, 12, 44, 160, 43, 83, 94, 198], [132, 88, 19, 2, 78, 9, 22, 126, 69, 169, 147], [124, 176, 138, 155, 193, 153, 13, 199, 16, 133, 38], [1, 180, 118, 111, 72, 75, 145, 86, 117, 114], [129, 34, 60, 40, 158], [152, 125, 119, 100, 32, 63], [15, 82, 162, 177, 36, 4, 62, 18, 65, 87, 47, 121], [71, 67, 25, 181, 194, 3, 80, 27, 171, 79], [192, 6, 178, 14, 187, 24, 96, 175, 48]]",true
51,2898,5655,2-opt,CMT5.vrp,"[[189, 84, 8, 59, 166, 21, 93, 42, 104, 107], [123, 167, 51, 146, 73, 144], [30, 5, 108, 50, 130, 97, 106, 182, 185, 113], [54, 179, 11, 103, 140, 174, 156, 157, 89, 191, 23, 183, 195, 159], [148, 85, 92, 91, 33, 163, 165, 115, 53, 186, 139], [81, 56, 164, 20, 109, 39, 151, 17], [137, 173, 105, 141, 197, 122, 28, 116, 76, 64, 154, 58, 7, 188, 150, 101], [77, 128, 172, 37, 29, 184, 196, 136, 143, 170], [142, 127, 149, 98, 99, 10], [112, 90, 95, 102, 110, 57, 135, 66, 41, 45, 46], [74, 31, 52, 120, 168, 131, 190, 68, 61], [161, 49, 26, 134, 55, 35, 70, 12, 44, 160, 43, 83, 94, 198], [132, 88, 19, 2, 78, 9, 22, 126, 69, 169, 147], [124, 176, 138, 155, 193, 153, 13, 199, 16, 133, 38], [1, 180, 118, 111, 72, 75, 145, 86, 117, 114], [129, 34, 60, 40, 158], [152, 125, 119, 100, 32, 63], [15, 82, 162, 177, 36, 4, 62, 18, 65, 87, 47, 121], [71, 67, 25, 181, 194, 3, 80, 27, 171, 79], [192, 6, 178, 14, 187, 24, 96, 175, 48]]",true
52,3347,5644,2-opt,CMT5.vrp,"[[189, 84, 8, 59, 166, 21, 93, 42, 104, 107], [123, 167, 51, 146, 73, 144], [30, 5, 108, 50, 130, 97, 106, 182, 185, 113], [11, 179, 54, 103, 174, 140, 156, 157, 89, 191, 23, 183, 195, 159], [148, 85, 92, 91, 33, 163, 165, 115, 53, 186, 139], [81, 56, 164, 20, 109, 39, 151, 17], [137, 173, 105, 141, 197, 122, 28, 116, 76, 64, 154, 58, 7, 188, 150, 101], [77, 128, 172, 37, 29, 184, 196, 136, 143, 170], [142, 127, 149, 98, 99, 10], [112, 90, 95, 102, 110, 57, 135, 66, 41, 45, 46], [74, 31, 52, 120, 168, 131, 190, 68, 61], [161, 49, 26, 134, 55, 35, 70, 12, 44, 160, 43, 83, 94, 198], [132, 88, 19, 2, 78, 9, 22, 126, 69, 169, 147], [124, 176, 138, 155, 193, 153, 13, 199, 16, 133, 38], [1, 180, 118, 111, 72, 75, 145, 86, 117, 114], [129, 34, 60, 40, 158], [152, 125, 119, 100, 32, 63], [15, 82, 162, 177, 36, 4, 62, 18, 65, 87, 47, 121], [71, 67, 25, 181, 194, 3, 80, 27, 171, 79], [192, 6, 178, 14, 187, 24, 96, 175, 48]]",true
53,3885,5642,2-opt,CMT5.vrp,"[[189, 84, 8, 59, 166, 21, 93, 42, 104, 107], [123, 167, 51, 146, 73, 144], [30, 5, 108, 50, 130, 97, 106, 182, 185, 113], [54, 179, 11, 103, 174, 140, 156, 157, 89, 191, 23, 183, 195, 159], [148, 85, 92, 91, 33, 163, 165, 115, 53, 186, 139], [81, 56, 164, 20, 109, 39, 151, 17], [137, 173, 105, 141, 197, 122, 28, 116, 76, 64, 154, 58, 7, 188, 150, 101], [77, 128, 172, 37, 29, 184, 196, 136, 143, 170], [142, 127, 149, 98, 99, 10], [112, 90, 95, 102, 110, 57, 135, 66, 41, 45, 46], [74, 31, 52, 120, 168, 131, 190, 68, 61], [161, 49, 26, 134, 55, 35, 70, 12, 44, 160, 43, 83, 94, 198], [132, 88, 19, 2, 78, 9, 22, 126, 69, 169, 147], [124, 176, 138, 155, 193, 153, 13, 199, 16, 133, 38], [1, 180, 118, 111, 72, 75, 145, 86, 117, 114], [129, 34, 60, 40, 158], [152, 125, 119, 100, 32, 63], [15, 82, 162, 177, 36, 4, 62, 18, 65, 87, 47, 121], [71, 67, 25, 181, 194, 3, 80, 27, 171, 79], [192, 6, 178, 14, 187, 24, 96, 175, 48]]",true
54,3954,5632,2-opt,CMT5.vrp,"[[189, 84, 8, 59, 166, 21, 93, 42, 104, 107], [123, 167, 51, 146, 73, 144], [30, 5, 108, 50, 130, 97, 106, 182, 185, 113], [11, 179, 54, 103, 174, 140, 156, 157, 191, 89, 23, 183, 195, 159], [148, 85, 92, 91, 33, 163, 165, 115, 53, 186, 139], [81, 56, 164, 20, 109, 39, 151, 17], [137, 173, 105, 141, 197, 122, 28, 116, 76, 64, 154, 58, 7, 188, 150, 101], [77, 128, 172, 37, 29, 184, 196, 136, 143, 170], [142, 127, 149, 98, 99, 10], [112, 90, 95, 102, 110, 57, 135, 66, 41, 45, 46], [74, 31, 52, 120, 168, 131, 190, 68, 61], [161, 49, 26, 134, 55, 35, 70, 12, 44, 160, 43, 83, 94, 198], [132, 88, 19, 2, 78, 9, 22, 126, 69, 169, 147], [124, 176, 138, 155, 193, 153, 13, 199, 16, 133, 38], [1, 180, 118, 111, 72, 75, 145, 86, 117, 114], [129, 34, 60, 40, 158], [152, 125, 119, 100, 32, 63], [15, 82, 162, 177, 36, 4, 62, 18, 65, 87, 47, 121], [71, 67, 25, 181, 194, 3, 80, 27, 171, 79], [192, 6, 178, 14, 187, 24, 96, 175, 48]]",true
55,3998,5630,2-opt,CMT5.vrp,"[[189, 84, 8, 59, 166, 21, 93, 42, 104, 107], [123, 167, 51, 146, 73, 144], [30, 5, 108, 50, 130, 97, 106, 182, 185, 113], [54, 179, 11, 103, 174, 140, 156, 157, 191, 89, 23, 183, 195, 159], [148, 85, 92, 91, 33, 163, 165, 115, 53, 186, 139], [81, 56, 164, 20, 109, 39, 151, 17], [137, 173, 105, 141, 197, 122, 28, 116, 76, 64, 154, 58, 7, 188, 150, 101], [77, 128, 172, 37, 29, 184, 196, 136, 143, 170], [142, 127, 149, 98, 99, 10], [112, 90, 95, 102, 110, 57, 135, 66, 41, 45, 46], [74, 31, 52, 120, 168, 131, 190, 68, 61], [161, 49, 26, 134, 55, 35, 70, 12, 44, 160, 43, 83, 94, 198], [132, 88, 19, 2, 78, 9, 22, 126, 69, 169, 147], [124, 176, 138, 155, 193, 153, 13, 199, 16, 133, 38], [1, 180, 118, 111, 72, 75, 145, 86, 117, 114], [129, 34, 60, 40, 158], [152, 125, 119, 100, 32, 63], [15, 82, 162, 177, 36, 4, 62, 18, 65, 87, 47, 121], [71, 67, 25, 181, 194, 3, 80, 27, 171, 79], [192, 6, 178, 14, 187, 24, 96, 175, 48]]",true
56,4062,5624,2-opt,CMT5.vrp,"[[189, 84, 8, 59, 166, 21, 93, 42, 104, 107], [123, 167, 51, 146, 73, 144], [30, 5, 108, 50, 130, 97, 106, 182, 185, 113], [11, 179, 54, 103, 174, 140, 156, 157, 191, 89, 23, 183, 159, 195], [148, 85, 92, 91, 33, 163, 165, 115, 53, 186, 139], [81, 56, 164, 20, 109, 39, 151, 17], [137, 173, 105, 141, 197, 122, 28, 116, 76, 64, 154, 58, 7, 188, 150, 101], [77, 128, 172, 37, 29, 184, 196, 136, 143, 170], [142, 127, 149, 98, 99, 10], [112, 90, 95, 102, 110, 57, 135, 66, 41, 45, 46], [74, 31, 52, 120, 168, 131, 190, 68, 61], [161, 49, 26, 134, 55, 35, 70, 12, 44, 160, 43, 83, 94, 198], [132, 88, 19, 2, 78, 9, 22, 126, 69, 169, 147], [124, 176, 138, 155, 193, 153, 13, 199, 16, 133, 38], [1, 180, 118, 111, 72, 75, 145, 86, 117, 114], [129, 34, 60, 40, 158], [152, 125, 119, 100, 32, 63], [15, 82, 162, 177, 36, 4, 62, 18, 65, 87, 47, 121], [71, 67, 25, 181, 194, 3, 80, 27, 171, 79], [192, 6, 178, 14, 187, 24, 96, 175, 48]]",true
57,4103,5622,2-opt,CMT5.vrp,"[[189, 84, 8, 59, 166, 21, 93, 42, 104, 107], [123, 167, 51, 146, 73, 144], [30, 5, 108, 50, 130, 97, 106, 182, 185, 113], [54, 179, 11, 103, 174, 140, 156, 157, 191, 89, 23, 183, 159, 195], [148, 85, 92, 91, 33, 163, 165, 115, 53, 186, 139], [81, 56, 164, 20, 109, 39, 151, 17], [137, 173, 105, 141, 197, 122, 28, 116, 76, 64, 154, 58, 7, 188, 150, 101], [77, 128, 172, 37, 29, 184, 196, 136, 143, 170], [142, 127, 149, 98, 99, 10], [112, 90, 95, 102, 110, 57, 135, 66, 41, 45, 46], [74, 31, 52, 120, 168, 131, 190, 68, 61], [161, 49, 26, 134, 55, 35, 70, 12, 44, 160, 43, 83, 94, 198], [132, 88, 19, 2, 78, 9, 22, 126, 69, 169, 147], [124, 176, 138, 155, 193, 153, 13, 199, 16, 133, 38], [1, 180, 118, 111, 72, 75, 145, 86, 117, 114], [129, 34, 60, 40, 158], [152, 125, 119, 100, 32, 63], [15, 82, 162, 177, 36, 4, 62, 18, 65, 87, 47, 121], [71, 67, 25, 181, 194, 3, 80, 27, 171, 79], [192, 6, 178, 14, 187, 24, 96, 175, 48]]",true
58,4175,5621,2-opt,CMT5.vrp,"[[189, 84, 8, 59, 166, 21, 93, 42, 104, 107], [123, 167, 51, 146, 73, 144], [30, 5, 108, 50, 130, 97, 106, 182, 185, 113], [11, 179, 54, 103, 174, 140, 156, 195, 159, 183, 23, 89, 191, 157], [148, 85, 92, 91, 33, 163, 165, 115, 53, 186, 139], [81, 56, 164, 20, 109, 39, 151, 17], [137, 173, 105, 141, 197, 122, 28, 116, 76, 64, 154, 58, 7, 188, 150, 101], [77, 128, 172, 37, 29, 184, 196, 136, 143, 170], [142, 127, 149, 98, 99, 10], [112, 90, 95, 102, 110, 57, 135, 66, 41, 45, 46], [74, 31, 52, 120, 168, 131, 190, 68, 61], [161, 49, 26, 134, 55, 35, 70, 12, 44, 160, 43, 83, 94, 198], [132, 88, 19, 2, 78, 9, 22, 126, 69, 169, 147], [124, 176, 138, 155, 193, 153, 13, 199, 16, 133, 38], [1, 180, 118, 111, 72, 75, 145, 86, 117, 114], [129, 34, 60, 40, 158], [152, 125, 119, 100, 32, 63], [15, 82, 162, 177, 36, 4, 62, 18, 65, 87, 47, 121], [71, 67, 25, 181, 194, 3, 80, 27, 171, 79], [192, 6, 178, 14, 187, 24, 96, 175, 48]]",true
59,4220,5619,2-opt,CMT5.vrp,"[[189, 84, 8, 59, 166, 21, 93, 42, 104, 107], [123, 167, 51, 146, 73, 144], [30, 5, 108, 50, 130, 97, 106, 182, 185, 113], [54, 179, 11, 103, 174, 140, 156, 195, 159, 183, 23, 89, 191, 157], [148, 85, 92, 91, 33, 163, 165, 115, 53, 186, 139], [81, 56, 164, 20, 109, 39, 151, 17], [137, 173, 105, 141, 197, 122, 28, 116, 76, 64, 154, 58, 7, 188, 150, 101], [77, 128, 172, 37, 29, 184, 196, 136, 143, 170], [142, 127, 149, 98, 99, 10], [112, 90, 95, 102, 110, 57, 135, 66, 41, 45, 46], [74, 31, 52, 120, 168, 131, 190, 68, 61], [161, 49, 26, 134, 55, 35, 70, 12, 44, 160, 43, 83, 94, 198], [132, 88, 19, 2, 78, 9, 22, 126, 69, 169, 147], [124, 176, 138, 155, 193, 153, 13, 199, 16, 133, 38], [1, 180, 118, 111, 72, 75, 145, 86, 117, 114], [129, 34, 60, 40, 158], [152, 125, 119, 100, 32, 63], [15, 82, 162, 177, 36, 4, 62, 18, 65, 87, 47, 121], [71, 67, 25, 181, 194, 3, 80, 27, 171, 79], [192, 6, 178, 14, 187, 24, 96, 175, 48]]",true
60,4282,5612,2-opt,CMT5.vrp,"[[189, 84, 8, 59, 166, 21, 93, 42, 104, 107], [123, 167, 51, 146, 73, 144], [30, 5, 108, 50, 130, 97, 106, 182, 185, 113], [11, 179, 54, 103, 174, 140, 156, 89, 23, 183, 159, 195, 191, 157], [148, 85, 92, 91, 33, 163, 165, 115, 53, 186, 139], [81, 56, 164, 20, 109, 39, 151, 17], [137, 173, 105, 141, 197, 122, 28, 116, 76, 64, 154, 58, 7, 188, 150, 101], [77, 128, 172, 37, 29, 184, 196, 136, 143, 170], [142, 127, 149, 98, 99, 10], [112, 90, 95, 102, 110, 57, 135, 66, 41, 45, 46], [74, 31, 52, 120, 168, 131, 190, 68, 61], [161, 49, 26, 134, 55, 35, 70, 12, 44, 160, 43, 83, 94, 198], [132, 88, 19, 2, 78, 9, 22, 126, 69, 169, 147], [124, 176, 138, 155, 193, 153, 13, 199, 16, 133, 38], [1, 180, 118, 111, 72, 75, 145, 86, 117, 114], [129, 34, 60, 40, 158], [152, 125, 119, 100, 32, 63], [15, 82, 162, 177, 36, 4, 62, 18, 65, 87, 47, 121], [71, 67, 25, 181, 194, 3, 80, 27, 171, 79], [192, 6, 178, 14, 187, 24, 96, 175, 48]]",true
61,4333,5610,2-opt,CMT5.vrp,"[[189, 84, 8, 59, 166, 21, 93, 42, 104, 107], [123, 167, 51, 146, 73, 144], [30, 5, 108, 50, 130, 97, 106, 182, 185, 113], [54, 179, 11, 103, 174, 140, 156, 89, 23, 183, 159, 195, 191, 157], [148, 85, 92, 91, 33, 163, 165, 115, 53, 186, 139], [81, 56, 164, 20, 109, 39, 151, 17], [137, 173, 105, 141, 197, 122, 28, 116, 76, 64, 154, 58, 7, 188, 150, 101], [77, 128, 172, 37, 29, 184, 196, 136, 143, 170], [142, 127, 149, 98, 99, 10], [112, 90, 95, 102, 110, 57, 135, 66, 41, 45, 46], [74, 31, 52, 120, 168, 131, 190, 68, 61], [161, 49, 26, 134, 55, 35, 70, 12, 44, 160, 43, 83, 94, 198], [132, 88, 19, 2, 78, 9, 22, 126, 69, 169, 147], [124, 176, 138, 155, 193, 153, 13, 199, 16, 133, 38], [1, 180, 118, 111, 72, 75, 145, 86, 117, 114], [129, 34, 60, 40, 158], [152, 125, 119, 100, 32, 63], [15, 82, 162, 177, 36, 4, 62, 18, 65, 87, 47, 121], [71, 67, 25, 181, 194, 3, 80, 27, 171, 79], [192, 6, 178, 14, 187, 24, 96, 175, 48]]",true
62,4415,5603,2-opt,CMT5.vrp,"[[189, 84, 8, 59, 166, 21, 93, 42, 104, 107], [123, 167, 51, 146, 73, 144], [30, 5, 108, 50, 130, 97, 106, 182, 185, 113], [54, 11, 179, 103, 174, 140, 156, 89, 23, 183, 159, 195, 191, 157], [148, 85, 92, 91, 33, 163, 165, 115, 53, 186, 139], [81, 56, 164, 20, 109, 39, 151, 17], [137, 173, 105, 141, 197, 122, 28, 116, 76, 64, 154, 58, 7, 188, 150, 101], [77, 128, 172, 37, 29, 184, 196, 136, 143, 170], [142, 127, 149, 98, 99, 10], [112, 90, 95, 102, 110, 57, 135, 66, 41, 45, 46], [74, 31, 52, 120, 168, 131, 190, 68, 61], [161, 49, 26, 134, 55, 35, 70, 12, 44, 160, 43, 83, 94, 198], [132, 88, 19, 2, 78, 9, 22, 126, 69, 169, 147], [124, 176, 138, 155, 193, 153, 13, 199, 16, 133, 38], [1, 180, 118, 111, 72, 75, 145, 86, 117, 114], [129, 34, 60, 40, 158], [152, 125, 119, 100, 32, 63], [15, 82, 162, 177, 36, 4, 62, 18, 65, 87, 47, 121], [71, 67, 25, 181, 194, 3, 80, 27, 171, 79], [192, 6, 178, 14, 187, 24, 96, 175, 48]]",true
63,4491,5598,2-opt,CMT5.vrp,"[[189, 84, 8, 59, 166, 21, 93, 42, 104, 107], [123, 167, 51, 146, 73, 144], [30, 5, 108, 50, 130, 97, 106, 182, 185, 113], [54, 157, 191, 195, 159, 183, 23, 89, 156, 140, 174, 103, 179, 11], [148, 85, 92, 91, 33, 163, 165, 115, 53, 186, 139], [81, 56, 164, 20, 109, 39, 151, 17], [137, 173, 105, 141, 197, 122, 28, 116, 76, 64, 154, 58, 7, 188, 150, 101], [77, 128, 172, 37, 29, 184, 196, 136, 143, 170], [142, 127, 149, 98, 99, 10], [112, 90, 95, 102, 110, 57, 135, 66, 41, 45, 46], [74, 31, 52, 120, 168, 131, 190, 68, 61], [161, 49, 26, 134, 55, 35, 70, 12, 44, 160, 43, 83, 94, 198], [132, 88, 19, 2, 78, 9, 22, 126, 69, 169, 147], [124, 176, 138, 155, 193, 153, 13, 199, 16, 133, 38], [1, 180, 118, 111, 72, 75, 145, 86, 117, 114], [129, 34, 60, 40, 158], [152, 125, 119, 100, 32, 63], [15, 82, 162, 177, 36, 4, 62, 18, 65, 87, 47, 121], [71, 67, 25, 181, 194, 3, 80, 27, 171, 79], [192, 6, 178, 14, 187, 24, 96, 175, 48]]",true
64,4558,5598,2-opt,CMT5.vrp,"[[189, 84, 8, 59, 166, 21, 93, 42, 104, 107], [123, 167, 51, 146, 73, 144], [30, 5, 108, 50, 130, 97, 106, 182, 185, 113], [11, 179, 103, 174, 140, 156, 89, 23, 183, 159, 195, 191, 157, 54], [148, 85, 92, 91, 33, 163, 165, 115, 53, 186, 139], [81, 56, 164, 20, 109, 39, 151, 17], [137, 173, 105, 141, 197, 122, 28, 116, 76, 64, 154, 58, 7, 188, 150, 101], [77, 128, 172, 37, 29, 184, 196, 136, 143, 170], [142, 127, 149, 98, 99, 10], [112, 90, 95, 102, 110, 57, 135, 66, 41, 45, 46], [74, 31, 52, 120, 168, 131, 190, 68, 61], [161, 49, 26, 134, 55, 35, 70, 12, 44, 160, 43, 83, 94, 198], [132, 88, 19, 2, 78, 9, 22, 126, 69, 169, 147], [124, 176, 138, 155, 193, 153, 13, 199, 16, 133, 38], [1, 180, 118, 111, 72, 75, 145, 86, 117, 114], [129, 34, 60, 40, 158], [152, 125, 119, 100, 32, 63], [15, 82, 162, 177, 36, 4, 62, 18, 65, 87, 47, 121], [71, 67, 25, 181, 194, 3, 80, 27, 171, 79], [192, 6, 178, 14, 187, 24, 96, 175, 48]]",true
65,4673,5544,2-opt,CMT5.vrp,"[[189, 84, 8, 59, 166, 21, 93, 42, 104, 107], [123, 167, 51, 146, 73, 144], [30, 5, 108, 50, 130, 97, 106, 182, 185, 113], [11, 179, 103, 174, 140, 156, 89, 23, 183, 159, 195, 191, 157, 54], [85, 148, 92, 91, 33, 163, 165, 115, 53, 186, 139], [81, 56, 164, 20, 109, 39, 151, 17], [137, 173, 105, 141, 197, 122, 28, 116, 76, 64, 154, 58, 7, 188, 150, 101], [77, 128, 172, 37, 29, 184, 196, 136, 143, 170], [142, 127, 149, 98, 99, 10], [112, 90, 95, 102, 110, 57, 135, 66, 41, 45, 46], [74, 31, 52, 120, 168, 131, 190, 68, 61], [161, 49, 26, 134, 55, 35, 70, 12, 44, 160, 43, 83, 94, 198], [132, 88, 19, 2, 78, 9, 22, 126, 69, 169, 147], [124, 176, 138, 155, 193, 153, 13, 199, 16, 133, 38], [1, 180, 118, 111, 72, 75, 145, 86, 117, 114], [129, 34, 60, 40, 158], [152, 125, 119, 100, 32, 63], [15, 82, 162, 177, 36, 4, 62, 18, 65, 87, 47, 121], [71, 67, 25, 181, 194, 3, 80, 27, 171, 79], [192, 6, 178, 14, 187, 24, 96, 175, 48]]",true
66,4736,5528,2-opt,CMT5.vrp,"[[189, 84, 8, 59, 166, 21, 93, 42, 104, 107], [123, 167, 51, 146, 73, 144], [30, 5, 108, 50, 130, 97, 106, 182, 185, 113], [11, 179, 103, 174, 140, 156, 89, 23, 183, 159, 195, 191, 157, 54], [33, 91, 92, 85, 148, 163, 165, 115, 53, 186, 139], [81, 56, 164, 20, 109, 39, 151, 17], [137, 173, 105, 141, 197, 122, 28, 116, 76, 64, 154, 58, 7, 188, 150, 101], [77, 128, 172, 37, 29, 184, 196, 136, 143, 170], [142, 127, 149, 98, 99, 10], [112, 90, 95, 102, 110, 57, 135, 66, 41, 45, 46], [74, 31, 52, 120, 168, 131, 190, 68, 61], [161, 49, 26, 134, 55, 35, 70, 12, 44, 160, 43, 83, 94, 198], [132, 88, 19, 2, 78, 9, 22, 126, 69, 169, 147], [124, 176, 138, 155, 193, 153, 13, 199, 16, 133, 38], [1, 180, 118, 111, 72, 75, 145, 86, 117, 114], [129, 34, 60, 40, 158], [152, 125, 119, 100, 32, 63], [15, 82, 162, 177, 36, 4, 62, 18, 65, 87, 47, 121], [71, 67, 25, 181, 194, 3, 80, 27, 171, 79], [192, 6, 178, 14, 187, 24, 96, 175, 48]]",true
67,4806,5510,2-opt,CMT5.vrp,"[[189, 84, 8, 59, 166, 21, 93, 42, 104, 107], [123, 167, 51, 146, 73, 144], [30, 5, 108, 50, 130, 97, 106, 182, 185, 113], [11, 179, 103, 174, 140, 156, 89, 23, 183, 159, 195, 191, 157, 54], [165, 163, 148, 85, 92, 91, 33, 115, 53, 186, 139], [81, 56, 164, 20, 109, 39, 151, 17], [137, 173, 105, 141, 197, 122, 28, 116, 76, 64, 154, 58, 7, 188, 150, 101], [77, 128, 172, 37, 29, 184, 196, 136, 143, 170], [142, 127, 149, 98, 99, 10], [112, 90, 95, 102, 110, 57, 135, 66, 41, 45, 46], [74, 31, 52, 120, 168, 131, 190, 68, 61], [161, 49, 26, 134, 55, 35, 70, 12, 44, 160, 43, 83, 94, 198], [132, 88, 19, 2, 78, 9, 22, 126, 69, 169, 147], [124, 176, 138, 155, 193, 153, 13, 199, 16, 133, 38], [1, 180, 118, 111, 72, 75, 145, 86, 117, 114], [129, 34, 60, 40, 158], [152, 125, 119, 100, 32, 63], [15, 82, 162, 177, 36, 4, 62, 18, 65, 87, 47, 121], [71, 67, 25, 181, 194, 3, 80, 27, 171, 79], [192, 6, 178, 14, 187, 24, 96, 175, 48]]",true
68,4852,5507,2-opt,CMT5.vrp,"[[189, 84, 8, 59, 166, 21, 93, 42, 104, 107], [123, 167, 51, 146, 73, 144], [30, 5, 108, 50, 130, 97, 106, 182, 185, 113], [11, 179, 103, 174, 140, 156, 89, 23, 183, 159, 195, 191, 157, 54], [33, 165, 163, 148, 85, 92, 91, 115, 53, 186, 139], [81, 56, 164, 20, 109, 39, 151, 17], [137, 173, 105, 141, 197, 122, 28, 116, 76, 64, 154, 58, 7, 188, 150, 101], [77, 128, 172, 37, 29, 184, 196, 136, 143, 170], [142, 127, 149, 98, 99, 10], [112, 90, 95, 102, 110, 57, 135, 66, 41, 45, 46], [74, 31, 52, 120, 168, 131, 190, 68, 61], [161, 49, 26, 134, 55, 35, 70, 12, 44, 160, 43, 83, 94, 198], [132, 88, 19, 2, 78, 9, 22, 126, 69, 169, 147], [124, 176, 138, 155, 193, 153, 13, 199, 16, 133, 38], [1, 180, 118, 111, 72, 75, 145, 86, 117, 114], [129, 34, 60, 40, 158], [152, 125, 119, 100, 32, 63], [15, 82, 162, 177, 36, 4, 62, 18, 65, 87, 47, 121], [71, 67, 25, 181, 194, 3, 80, 27, 171, 79], [192, 6, 178, 14, 187, 24, 96, 175, 48]]",true
69,4892,5491,2-opt,CMT5.vrp,"[[189, 84, 8, 59, 166, 21, 93, 42, 104, 107], [123, 167, 51, 146, 73, 144], [30, 5, 108, 50, 130, 97, 106, 182, 185, 113], [11, 179, 103, 174, 140, 156, 89, 23, 183, 159, 195, 191, 157, 54], [33, 91, 85, 92, 148, 163, 165, 115, 53, 186, 139], [81, 56, 164, 20, 109, 39, 151, 17], [137, 173, 105, 141, 197, 122, 28, 116, 76, 64, 154, 58, 7, 188, 150, 101], [77, 128, 172, 37, 29, 184, 196, 136, 143, 170], [142, 127, 149, 98, 99, 10], [112, 90, 95, 102, 110, 57, 135, 66, 41, 45, 46], [74, 31, 52, 120, 168, 131, 190, 68, 61], [161, 49, 26, 134, 55, 35, 70, 12, 44, 160, 43, 83, 94, 198], [132, 88, 19, 2, 78, 9, 22, 126, 69, 169, 147], [124, 176, 138, 155, 193, 153, 13, 199, 16, 133, 38], [1, 180, 118, 111, 72, 75, 145, 86, 117, 114], [129, 34, 60, 40, 158], [152, 125, 119, 100, 32, 63], [15, 82, 162, 177, 36, 4, 62, 18, 65, 87, 47, 121], [71, 67, 25, 181, 194, 3, 80, 27, 171, 79], [192, 6, 178, 14, 187, 24, 96, 175, 48]]",true
70,4934,5466,2-opt,CMT5.vrp,"[[189, 84, 8, 59, 166, 21, 93, 42, 104, 107], [123, 167, 51, 146, 73, 144], [30, 5, 108, 50, 130, 97, 106, 182, 185, 113], [11, 179, 103, 174, 140, 156, 89, 23, 183, 159, 195, 191, 157, 54], [33, 91, 92, 163, 148, 85, 165, 115, 53, 186, 139], [81, 56, 164, 20, 109, 39, 151, 17], [137, 173, 105, 141, 197, 122, 28, 116, 76, 64, 154, 58, 7, 188, 150, 101], [77, 128, 172, 37, 29, 184, 196, 136, 143, 170], [142, 127, 149, 98, 99, 10], [112, 90, 95, 102, 110, 57, 135, 66, 41, 45, 46], [74, 31, 52, 120, 168, 131, 190, 68, 61], [161, 49, 26, 134, 55, 35, 70, 12, 44, 160, 43, 83, 94, 198], [132, 88, 19, 2, 78, 9, 22, 126, 69, 169, 147], [124, 176, 138, 155, 193, 153, 13, 199, 16, 133, 38], [1, 180, 118, 111, 72, 75, 145, 86, 117, 114], [129, 34, 60, 40, 158], [152, 125, 119, 100, 32, 63], [15, 82, 162, 177, 36, 4, 62, 18, 65, 87, 47, 121], [71, 67, 25, 181, 194, 3, 80, 27, 171, 79], [192, 6, 178, 14, 187, 24, 96, 175, 48]]",true
71,4983,5449,2-opt,CMT5.vrp,"[[189, 84, 8, 59, 166, 21, 93, 42, 104, 107], [123, 167, 51, 146, 73, 144], [30, 5, 108, 50, 130, 97, 106, 182, 185, 113], [11, 179, 103, 174, 140, 156, 89, 23, 183, 159, 195, 191, 157, 54], [165, 85, 148, 163, 92, 91, 33, 115, 53, 186, 139], [81, 56, 164, 20, 109, 39, 151, 17], [137, 173, 105, 141, 197, 122, 28, 116, 76, 64, 154, 58, 7, 188, 150, 101], [77, 128, 172, 37, 29, 184, 196, 136, 143, 170], [142, 127, 149, 98, 99, 10], [112, 90, 95, 102, 110, 57, 135, 66, 41, 45, 46], [74, 31, 52, 120, 168, 131, 190, 68, 61], [161, 49, 26, 134, 55, 35, 70, 12, 44, 160, 43, 83, 94, 198], [132, 88, 19, 2, 78, 9, 22, 126, 69, 169, 147], [124, 176, 138, 155, 193, 153, 13, 199, 16, 133, 38], [1, 180, 118, 111, 72, 75, 145, 86, 117, 114], [129, 34, 60, 40, 158], [152, 125, 119, 100, 32, 63], [15, 82, 162, 177, 36, 4, 62, 18, 65, 87, 47, 121], [71, 67, 25, 181, 194, 3, 80, 27, 171, 79], [192, 6, 178, 14, 187, 24, 96, 175, 48]]",true
72,5026,5446,2-opt,CMT5.vrp,"[[189, 84, 8, 59, 166, 21, 93, 42, 104, 107], [123, 167, 51, 146, 73, 144], [30, 5, 108, 50, 130, 97, 106, 182, 185, 113], [11, 179, 103, 174, 140, 156, 89, 23, 183, 159, 195, 191, 157, 54], [33, 165, 85, 148, 163, 92, 91, 115, 53, 186, 139], [81, 56, 164, 20, 109, 39, 151, 17], [137, 173, 105, 141, 197, 122, 28, 116, 76, 64, 154, 58, 7, 188, 150, 101], [77, 128, 172, 37, 29, 184, 196, 136, 143, 170], [142, 127, 149, 98, 99, 10], [112, 90, 95, 102, 110, 57, 135, 66, 41, 45, 46], [74, 31, 52, 120, 168, 131, 190, 68, 61], [161, 49, 26, 134, 55, 35, 70, 12, 44, 160, 43, 83, 94, 198], [132, 88, 19, 2, 78, 9, 22, 126, 69, 169, 147], [124, 176, 138, 155, 193, 153, 13, 199, 16, 133, 38], [1, 180, 118, 111, 72, 75, 145, 86, 117, 114], [129, 34, 60, 40, 158], [152, 125, 119, 100, 32, 63], [15, 82, 162, 177, 36, 4, 62, 18, 65, 87, 47, 121], [71, 67, 25, 181, 194, 3, 80, 27, 171, 79], [192, 6, 178, 14, 187, 24, 96, 175, 48]]",true
73,5080,5440,2-opt,CMT5.vrp,"[[189, 84, 8, 59, 166, 21, 93, 42, 104, 107], [123, 167, 51, 146, 73, 144], [30, 5, 108, 50, 130, 97, 106, 182, 185, 113], [11, 179, 103, 174, 140, 156, 89, 23, 183, 159, 195, 191, 157, 54], [92, 163, 148, 85, 165, 33, 91, 115, 53, 186, 139], [81, 56, 164, 20, 109, 39, 151, 17], [137, 173, 105, 141, 197, 122, 28, 116, 76, 64, 154, 58, 7, 188, 150, 101], [77, 128, 172, 37, 29, 184, 196, 136, 143, 170], [142, 127, 149, 98, 99, 10], [112, 90, 95, 102, 110, 57, 135, 66, 41, 45, 46], [74, 31, 52, 120, 168, 131, 190, 68, 61], [161, 49, 26, 134, 55, 35, 70, 12, 44, 160, 43, 83, 94, 198], [132, 88, 19, 2, 78, 9, 22, 126, 69, 169, 147], [124, 176, 138, 155, 193, 153, 13, 199, 16, 133, 38], [1, 180, 118, 111, 72, 75, 145, 86, 117, 114], [129, 34, 60, 40, 158], [152, 125, 119, 100, 32, 63], [15, 82, 162, 177, 36, 4, 62, 18, 65, 87, 47, 121], [71, 67, 25, 181, 194, 3, 80, 27, 171, 79], [192, 6, 178, 14, 187, 24, 96, 175, 48]]",true
74,5121,5437,2-opt,CMT5.vrp,"[[189, 84, 8, 59, 166, 21, 93, 42, 104, 107], [123, 167, 51, 146, 73, 144], [30, 5, 108, 50, 130, 97, 106, 182, 185, 113], [11, 179, 103, 174, 140, 156, 89, 23, 183, 159, 195, 191, 157, 54], [33, 85, 165, 148, 163, 92, 91, 115, 53, 186, 139], [81, 56, 164, 20, 109, 39, 151, 17], [137, 173, 105, 141, 197, 122, 28, 116, 76, 64, 154, 58, 7, 188, 150, 101], [77, 128, 172, 37, 29, 184, 196, 136, 143, 170], [142, 127, 149, 98, 99, 10], [112, 90, 95, 102, 110, 57, 135, 66, 41, 45, 46], [74, 31, 52, 120, 168, 131, 190, 68, 61], [161, 49, 26, 134, 55, 35, 70, 12, 44, 160, 43, 83, 94, 198], [132, 88, 19, 2, 78, 9, 22, 126, 69, 169, 147], [124, 176, 138, 155, 193, 153, 13, 199, 16, 133, 38], [1, 180, 118, 111, 72, 75, 145, 86, 117, 114], [129, 34, 60, 40, 158], [152, 125, 119, 100, 32, 63], [15, 82, 162, 177, 36, 4, 62, 18, 65, 87, 47, 121], [71, 67, 25, 181, 194, 3, 80, 27, 171, 79], [192, 6, 178, 14, 187, 24, 96, 175, 48]]",true
75,5163,5425,2-opt,CMT5.vrp,"[[189, 84, 8, 59, 166, 21, 93, 42, 104, 107], [123, 167, 51, 146, 73, 144], [30, 5, 108, 50, 130, 97, 106, 182, 185, 113], [11, 179, 103, 174, 140, 156, 89, 23, 183, 159, 195, 191, 157, 54], [33, 165, 85, 163, 148, 92, 91, 115, 53, 186, 139], [81, 56, 164, 20, 109, 39, 151, 17], [137, 173, 105, 141, 197, 122, 28, 116, 76, 64, 154, 58, 7, 188, 150, 101], [77, 128, 172, 37, 29, 184, 196, 136, 143, 170], [142, 127, 149, 98, 99, 10], [112, 90, 95, 102, 110, 57, 135, 66, 41, 45, 46], [74, 31, 52, 120, 168, 131, 190, 68, 61], [161, 49, 26, 134, 55, 35, 70, 12, 44, 160, 43, 83, 94, 198], [132, 88, 19, 2, 78, 9, 22, 126, 69, 169, 147], [124, 176, 138, 155, 193, 153, 13, 199, 16, 133, 38], [1, 180, 118, 111, 72, 75, 145, 86, 117, 114], [129, 34, 60, 40, 158], [152, 125, 119, 100, 32, 63], [15, 82, 162, 177, 36, 4, 62, 18, 65, 87, 47, 121], [71, 67, 25, 181, 194, 3, 80, 27, 171, 79], [192, 6, 178, 14, 187, 24, 96, 175, 48]]",true
76,5207,5419,2-opt,CMT5.vrp,"[[189, 84, 8, 59, 166, 21, 93, 42, 104, 107], [123, 167, 51, 146, 73, 144], [30, 5, 108, 50, 130, 97, 106, 182, 185, 113], [11, 179, 103, 174, 140, 156, 89, 23, 183, 159, 195, 191, 157, 54], [92, 148, 163, 85, 165, 33, 91, 115, 53, 186, 139], [81, 56, 164, 20, 109, 39, 151, 17], [137, 173, 105, 141, 197, 122, 28, 116, 76, 64, 154, 58, 7, 188, 150, 101], [77, 128, 172, 37, 29, 184, 196, 136, 143, 170], [142, 127, 149, 98, 99, 10], [112, 90, 95, 102, 110, 57, 135, 66, 41, 45, 46], [74, 31, 52, 120, 168, 131, 190, 68, 61], [161, 49, 26, 134, 55, 35, 70, 12, 44, 160, 43, 83, 94, 198], [132, 88, 19, 2, 78, 9, 22, 126, 69, 169, 147], [124, 176, 138, 155, 193, 153, 13, 199, 16, 133, 38], [1, 180, 118, 111, 72, 75, 145, 86, 117, 114], [129, 34, 60, 40, 158], [152, 125, 119, 100, 32, 63], [15, 82, 162, 177, 36, 4, 62, 18, 65, 87, 47, 121], [71, 67, 25, 181, 194, 3, 80, 27, 171, 79], [192, 6, 178, 14, 187, 24, 96, 175, 48]]",true
77,5244,5415,2-opt,CMT5.vrp,"[[189, 84, 8, 59, 166, 21, 93, 42, 104, 107], [123, 167, 51, 146, 73, 144], [30, 5, 108, 50, 130, 97, 106, 182, 185, 113], [11, 179, 103, 174, 140, 156, 89, 23, 183, 159, 195, 191, 157, 54], [33, 85, 165, 163, 148, 92, 91, 115, 53, 186, 139], [81, 56, 164, 20, 109, 39, 151, 17], [137, 173, 105, 141, 197, 122, 28, 116, 76, 64, 154, 58, 7, 188, 150, 101], [77, 128, 172, 37, 29, 184, 196, 136, 143, 170], [142, 127, 149, 98, 99, 10], [112, 90, 95, 102, 110, 57, 135, 66, 41, 45, 46], [74, 31, 52, 120, 168, 131, 190, 68, 61], [161, 49, 26, 134, 55, 35, 70, 12, 44, 160, 43, 83, 94, 198], [132, 88, 19, 2, 78, 9, 22, 126, 69, 169, 147], [124, 176, 138, 155, 193, 153, 13, 199, 16, 133, 38], [1, 180, 118, 111, 72, 75, 145, 86, 117, 114], [129, 34, 60, 40, 158], [152, 125, 119, 100, 32, 63], [15, 82, 162, 177, 36, 4, 62, 18, 65, 87, 47, 121], [71, 67, 25, 181, 194, 3, 80, 27, 171, 79], [192, 6, 178, 14, 187, 24, 96, 175, 48]]",true
78,5289,5409,2-opt,CMT5.vrp,"[[189, 84, 8, 59, 166, 21, 93, 42, 104, 107], [123, 167, 51, 146, 73, 144], [30, 5, 108, 50, 130, 97, 106, 182, 185, 113], [11, 179, 103, 174, 140, 156, 89, 23, 183, 159, 195, 191, 157, 54], [33, 165, 85, 163, 148, 92, 53, 115, 91, 186, 139], [81, 56, 164, 20, 109, 39, 151, 17], [137, 173, 105, 141, 197, 122, 28, 116, 76, 64, 154, 58, 7, 188, 150, 101], [77, 128, 172, 37, 29, 184, 196, 136, 143, 170], [142, 127, 149, 98, 99, 10], [112, 90, 95, 102, 110, 57, 135, 66, 41, 45, 46], [74, 31, 52, 120, 168, 131, 190, 68, 61], [161, 49, 26, 134, 55, 35, 70, 12, 44, 160, 43, 83, 94, 198], [132, 88, 19, 2, 78, 9, 22, 126, 69, 169, 147], [124, 176, 138, 155, 193, 153, 13, 199, 16, 133, 38], [1, 180, 118, 111, 72, 75, 145, 86, 117, 114], [129, 34, 60, 40, 158], [152, 125, 119, 100, 32, 63], [15, 82, 162, 177, 36, 4, 62, 18, 65, 87, 47, 121], [71, 67, 25, 181, 194, 3, 80, 27, 171, 79], [192, 6, 178, 14, 187, 24, 96, 175, 48]]",true
79,5328,5406,2-opt,CMT5.vrp,"[[189, 84, 8, 59, 166, 21, 93, 42, 104, 107], [123, 167, 51, 146, 73, 144], [30, 5, 108, 50, 130, 97, 106, 182, 185, 113], [11, 179, 103, 174, 140, 156, 89, 23, 183, 159, 195, 191, 157, 54], [92, 148, 163, 85, 165, 33, 53, 115, 91, 186, 139], [81, 56, 164, 20, 109, 39, 151, 17], [137, 173, 105, 141, 197, 122, 28, 116, 76, 64, 154, 58, 7, 188, 150, 101], [77, 128, 172, 37, 29, 184, 196, 136, 143, 170], [142, 127, 149, 98, 99, 10], [112, 90, 95, 102, 110, 57, 135, 66, 41, 45, 46], [74, 31, 52, 120, 168, 131, 190, 68, 61], [161, 49, 26, 134, 55, 35, 70, 12, 44, 160, 43, 83, 94, 198], [132, 88, 19, 2, 78, 9, 22, 126, 69, 169, 147], [124, 176, 138, 155, 193, 153, 13, 199, 16, 133, 38], [1, 180, 118, 111, 72, 75, 145, 86, 117, 114], [129, 34, 60, 40, 158], [152, 125, 119, 100, 32, 63], [15, 82, 162, 177, 36, 4, 62, 18, 65, 87, 47, 121], [71, 67, 25, 181, 194, 3, 80, 27, 171, 79], [192, 6, 178, 14, 187, 24, 96, 175, 48]]",true
80,5363,5399,2-opt,CMT5.vrp,"[[189, 84, 8, 59, 166, 21, 93, 42, 104, 107], [123, 167, 51, 146, 73, 144], [30, 5, 108, 50, 130, 97, 106, 182, 185, 113], [11, 179, 103, 174, 140, 156, 89, 23, 183, 159, 195, 191, 157, 54], [33, 85, 165, 163, 148, 92, 53, 115, 91, 186, 139], [81, 56, 164, 20, 109, 39, 151, 17], [137, 173, 105, 141, 197, 122, 28, 116, 76, 64, 154, 58, 7, 188, 150, 101], [77, 128, 172, 37, 29, 184, 196, 136, 143, 170], [142, 127, 149, 98, 99, 10], [112, 90, 95, 102, 110, 57, 135, 66, 41, 45, 46], [74, 31, 52, 120, 168, 131, 190, 68, 61], [161, 49, 26, 134, 55, 35, 70, 12, 44, 160, 43, 83, 94, 198], [132, 88, 19, 2, 78, 9, 22, 126, 69, 169, 147], [124, 176, 138, 155, 193, 153, 13, 199, 16, 133, 38], [1, 180, 118, 111, 72, 75, 145, 86, 117, 114], [129, 34, 60, 40, 158], [152, 125, 119, 100, 32, 63], [15, 82, 162, 177, 36, 4, 62, 18, 65, 87, 47, 121], [71, 67, 25, 181, 194, 3, 80, 27, 171, 79], [192, 6, 178, 14, 187, 24, 96, 175, 48]]",true
81,5415,5396,2-opt,CMT5.vrp,"[[189, 84, 8, 59, 166, 21, 93, 42, 104, 107], [123, 167, 51, 146, 73, 144], [30, 5, 108, 50, 130, 97, 106, 182, 185, 113], [11, 179, 103, 174, 140, 156, 89, 23, 183, 159, 195, 191, 157, 54], [92, 148, 163, 165, 85, 33, 53, 115, 91, 186, 139], [81, 56, 164, 20, 109, 39, 151, 17], [137, 173, 105, 141, 197, 122, 28, 116, 76, 64, 154, 58, 7, 188, 150, 101], [77, 128, 172, 37, 29, 184, 196, 136, 143, 170], [142, 127, 149, 98, 99, 10], [112, 90, 95, 102, 110, 57, 135, 66, 41, 45, 46], [74, 31, 52, 120, 168, 131, 190, 68, 61], [161, 49, 26, 134, 55, 35, 70, 12, 44, 160, 43, 83, 94, 198], [132, 88, 19, 2, 78, 9, 22, 126, 69, 169, 147], [124, 176, 138, 155, 193, 153, 13, 199, 16, 133, 38], [1, 180, 118, 111, 72, 75, 145, 86, 117, 114], [129, 34, 60, 40, 158], [152, 125, 119, 100, 32, 63], [15, 82, 162, 177, 36, 4, 62, 18, 65, 87, 47, 121], [71, 67, 25, 181, 194, 3, 80, 27, 171, 79], [192, 6, 178, 14, 187, 24, 96, 175, 48]]",true
82,5456,5392,2-opt,CMT5.vrp,"[[189, 84, 8, 59, 166, 21, 93, 42, 104, 107], [123, 167, 51, 146, 73, 144], [30, 5, 108, 50, 130, 97, 106, 182, 185, 113], [11, 179, 103, 174, 140, 156, 89, 23, 183, 159, 195, 191, 157, 54], [33, 186, 91, 115, 53, 92, 148, 163, 165, 85, 139], [81, 56, 164, 20, 109, 39, 151, 17], [137, 173, 105, 141, 197, 122, 28, 116, 76, 64, 154, 58, 7, 188, 150, 101], [77, 128, 172, 37, 29, 184, 196, 136, 143, 170], [142, 127, 149, 98, 99, 10], [112, 90, 95, 102, 110, 57, 135, 66, 41, 45, 46], [74, 31, 52, 120, 168, 131, 190, 68, 61], [161, 49, 26, 134, 55, 35, 70, 12, 44, 160, 43, 83, 94, 198], [132, 88, 19, 2, 78, 9, 22, 126, 69, 169, 147], [124, 176, 138, 155, 193, 153, 13, 199, 16, 133, 38], [1, 180, 118, 111, 72, 75, 145, 86, 117, 114], [129, 34, 60, 40, 158], [152, 125, 119, 100, 32, 63], [15, 82, 162, 177, 36, 4, 62, 18, 65, 87, 47, 121], [71, 67, 25, 181, 194, 3, 80, 27, 171, 79], [192, 6, 178, 14, 187, 24, 96, 175, 48]]",true
83,5506,5390,2-opt,CMT5.vrp,"[[189, 84, 8, 59, 166, 21, 93, 42, 104, 107], [123, 167, 51, 146, 73, 144], [30, 5, 108, 50, 130, 97, 106, 182, 185, 113], [11, 179, 103, 174, 140, 156, 89, 23, 183, 159, 195, 191, 157, 54], [85, 165, 163, 148, 92, 53, 115, 91, 186, 33, 139], [81, 56, 164, 20, 109, 39, 151, 17], [137, 173, 105, 141, 197, 122, 28, 116, 76, 64, 154, 58, 7, 188, 150, 101], [77, 128, 172, 37, 29, 184, 196, 136, 143, 170], [142, 127, 149, 98, 99, 10], [112, 90, 95, 102, 110, 57, 135, 66, 41, 45, 46], [74, 31, 52, 120, 168, 131, 190, 68, 61], [161, 49, 26, 134, 55, 35, 70, 12, 44, 160, 43, 83, 94, 198], [132, 88, 19, 2, 78, 9, 22, 126, 69, 169, 147], [124, 176, 138, 155, 193, 153, 13, 199, 16, 133, 38], [1, 180, 118, 111, 72, 75, 145, 86, 117, 114], [129, 34, 60, 40, 158], [152, 125, 119, 100, 32, 63], [15, 82, 162, 177, 36, 4, 62, 18, 65, 87, 47, 121], [71, 67, 25, 181, 194, 3, 80, 27, 171, 79], [192, 6, 178, 14, 187, 24, 96, 175, 48]]",true
84,5580,5374,2-opt,CMT5.vrp,"[[189, 84, 8, 59, 166, 21, 93, 42, 104, 107], [123, 167, 51, 146, 73, 144], [30, 5, 108, 50, 130, 97, 106, 182, 185, 113], [11, 179, 103, 174, 140, 156, 89, 23, 183, 159, 195, 191, 157, 54], [85, 165, 163, 148, 92, 53, 115, 91, 186, 33, 139], [20, 164, 56, 81, 109, 39, 151, 17], [137, 173, 105, 141, 197, 122, 28, 116, 76, 64, 154, 58, 7, 188, 150, 101], [77, 128, 172, 37, 29, 184, 196, 136, 143, 170], [142, 127, 149, 98, 99, 10], [112, 90, 95, 102, 110, 57, 135, 66, 41, 45, 46], [74, 31, 52, 120, 168, 131, 190, 68, 61], [161, 49, 26, 134, 55, 35, 70, 12, 44, 160, 43, 83, 94, 198], [132, 88, 19, 2, 78, 9, 22, 126, 69, 169, 147], [124, 176, 138, 155, 193, 153, 13, 199, 16, 133, 38], [1, 180, 118, 111, 72, 75, 145, 86, 117, 114], [129, 34, 60, 40, 158], [152, 125, 119, 100, 32, 63], [15, 82, 162, 177, 36, 4, 62, 18, 65, 87, 47, 121], [71, 67, 25, 181, 194, 3, 80, 27, 171, 79], [192, 6, 178, 14, 187, 24, 96, 175, 48]]",true
85,5623,5360,2-opt,CMT5.vrp,"[[189, 84, 8, 59, 166, 21, 93, 42, 104, 107], [123, 167, 51, 146, 73, 144], [30, 5, 108, 50, 130, 97, 106, 182, 185, 113], [11, 179, 103, 174, 140, 156, 89, 23, 183, 159, 195, 191, 157, 54], [85, 165, 163, 148, 92, 53, 115, 91, 186, 33, 139], [81, 20, 164, 56, 109, 39, 151, 17], [137, 173, 105, 141, 197, 122, 28, 116, 76, 64, 154, 58, 7, 188, 150, 101], [77, 128, 172, 37, 29, 184, 196, 136, 143, 170], [142, 127, 149, 98, 99, 10], [112, 90, 95, 102, 110, 57, 135, 66, 41, 45, 46], [74, 31, 52, 120, 168, 131, 190, 68, 61], [161, 49, 26, 134, 55, 35, 70, 12, 44, 160, 43, 83, 94, 198], [132, 88, 19, 2, 78, 9, 22, 126, 69, 169, 147], [124, 176, 138, 155, 193, 153, 13, 199, 16, 133, 38], [1, 180, 118, 111, 72, 75, 145, 86, 117, 114], [129, 34, 60, 40, 158], [152, 125, 119, 100, 32, 63], [15, 82, 162, 177, 36, 4, 62, 18, 65, 87, 47, 121], [71, 67, 25, 181, 194, 3, 80, 27, 171, 79], [192, 6, 178, 14, 187, 24, 96, 175, 48]]",true
86,5672,5359,2-opt,CMT5.vrp,"[[189, 84, 8, 59, 166, 21, 93, 42, 104, 107], [123, 167, 51, 146, 73, 144], [30, 5, 108, 50, 130, 97, 106, 182, 185, 113], [11, 179, 103, 174, 140, 156, 89, 23, 183, 159, 195, 191, 157, 54], [85, 165, 163, 148, 92, 53, 115, 91, 186, 33, 139], [151, 39, 109, 56, 164, 20, 81, 17], [137, 173, 105, 141, 197, 122, 28, 116, 76, 64, 154, 58, 7, 188, 150, 101], [77, 128, 172, 37, 29, 184, 196, 136, 143, 170], [142, 127, 149, 98, 99, 10], [112, 90, 95, 102, 110, 57, 135, 66, 41, 45, 46], [74, 31, 52, 120, 168, 131, 190, 68, 61], [161, 49, 26, 134, 55, 35, 70, 12, 44, 160, 43, 83, 94, 198], [132, 88, 19, 2, 78, 9, 22, 126, 69, 169, 147], [124, 176, 138, 155, 193, 153, 13, 199, 16, 133, 38], [1, 180, 118, 111, 72, 75, 145, 86, 117, 114], [129, 34, 60, 40, 158], [152, 125, 119, 100, 32, 63], [15, 82, 162, 177, 36, 4, 62, 18, 65, 87, 47, 121], [71, 67, 25, 181, 194, 3, 80, 27, 171, 79], [192, 6, 178, 14, 187, 24, 96, 175, 48]]",true
87,5716,5351,2-opt,CMT5.vrp,"[[189, 84, 8, 59, 166, 21, 93, 42, 104, 107], [123, 167, 51, 146, 73, 144], [30, 5, 108, 50, 130, 97, 106, 182, 185, 113], [11, 179, 103, 174, 140, 156, 89, 23, 183, 159, 195, 191, 157, 54], [85, 165, 163, 148, 92, 53, 115, 91, 186, 33, 139], [81, 17, 151, 39, 109, 56, 164, 20], [137, 173, 105, 141, 197, 122, 28, 116, 76, 64, 154, 58, 7, 188, 150, 101], [77, 128, 172, 37, 29, 184, 196, 136, 143, 170], [142, 127, 149, 98, 99, 10], [112, 90, 95, 102, 110, 57, 135, 66, 41, 45, 46], [74, 31, 52, 120, 168, 131, 190, 68, 61], [161, 49, 26, 134, 55, 35, 70, 12, 44, 160, 43, 83, 94, 198], [132, 88, 19, 2, 78, 9, 22, 126, 69, 169, 147], [124, 176, 138, 155, 193, 153, 13, 199, 16, 133, 38], [1, 180, 118, 111, 72, 75, 145, 86, 117, 114], [129, 34, 60, 40, 158], [152, 125, 119, 100, 32, 63], [15, 82, 162, 177, 36, 4, 62, 18, 65, 87, 47, 121], [71, 67, 25, 181, 194, 3, 80, 27, 171, 79], [192, 6, 178, 14, 187, 24, 96, 175, 48]]",true
88,5757,5350,2-opt,CMT5.vrp,"[[189, 84, 8, 59, 166, 21, 93, 42, 104, 107], [123, 167, 51, 146, 73, 144], [30, 5, 108, 50, 130, 97, 106, 182, 185, 113], [11, 179, 103, 174, 140, 156, 89, 23, 183, 159, 195, 191, 157, 54], [85, 165, 163, 148, 92, 53, 115, 91, 186, 33, 139], [151, 17, 81, 39, 109, 56, 164, 20], [137, 173, 105, 141, 197, 122, 28, 116, 76, 64, 154, 58, 7, 188, 150, 101], [77, 128, 172, 37, 29, 184, 196, 136, 143, 170], [142, 127, 149, 98, 99, 10], [112, 90, 95, 102, 110, 57, 135, 66, 41, 45, 46], [74, 31, 52, 120, 168, 131, 190, 68, 61], [161, 49, 26, 134, 55, 35, 70, 12, 44, 160, 43, 83, 94, 198], [132, 88, 19, 2, 78, 9, 22, 126, 69, 169, 147], [124, 176, 138, 155, 193, 153, 13, 199, 16, 133, 38], [1, 180, 118, 111, 72, 75, 145, 86, 117, 114], [129, 34, 60, 40, 158], [152, 125, 119, 100, 32, 63], [15, 82, 162, 177, 36, 4, 62, 18, 65, 87, 47, 121], [71, 67, 25, 181, 194, 3, 80, 27, 171, 79], [192, 6, 178, 14, 187, 24, 96, 175, 48]]",true
89,5800,5345,2-opt,CMT5.vrp,"[[189, 84, 8, 59, 166, 21, 93, 42, 104, 107], [123, 167, 51, 146, 73, 144], [30, 5, 108, 50, 130, 97, 106, 182, 185, 113], [11, 179, 103, 174, 140, 156, 89, 23, 183, 159, 195, 191, 157, 54], [85, 165, 163, 148, 92, 53, 115, 91, 186, 33, 139], [81, 17, 151, 56, 109, 39, 164, 20], [137, 173, 105, 141, 197, 122, 28, 116, 76, 64, 154, 58, 7, 188, 150, 101], [77, 128, 172, 37, 29, 184, 196, 136, 143, 170], [142, 127, 149, 98, 99, 10], [112, 90, 95, 102, 110, 57, 135, 66, 41, 45, 46], [74, 31, 52, 120, 168, 131, 190, 68, 61], [161, 49, 26, 134, 55, 35, 70, 12, 44, 160, 43, 83, 94, 198], [132, 88, 19, 2, 78, 9, 22, 126, 69, 169, 147], [124, 176, 138, 155, 193, 153, 13, 199, 16, 133, 38], [1, 180, 118, 111, 72, 75, 145, 86, 117, 114], [129, 34, 60, 40, 158], [152, 125, 119, 100, 32, 63], [15, 82, 162, 177, 36, 4, 62, 18, 65, 87, 47, 121], [71, 67, 25, 181, 194, 3, 80, 27, 171, 79], [192, 6, 178, 14, 187, 24, 96, 175, 48]]",true
90,5849,5333,2-opt,CMT5.vrp,"[[189, 84, 8, 59, 166, 21, 93, 42, 104, 107], [123, 167, 51, 146, 73, 144], [30, 5, 108, 50, 130, 97, 106, 182, 185, 113], [11, 179, 103, 174, 140, 156, 89, 23, 183, 159, 195, 191, 157, 54], [85, 165, 163, 148, 92, 53, 115, 91, 186, 33, 139], [81, 17, 151, 56, 109, 39, 164, 20], [173, 137, 105, 141, 197, 122, 28, 116, 76, 64, 154, 58, 7, 188, 150, 101], [77, 128, 172, 37, 29, 184, 196, 136, 143, 170], [142, 127, 149, 98, 99, 10], [112, 90, 95, 102, 110, 57, 135, 66, 41, 45, 46], [74, 31, 52, 120, 168, 131, 190, 68, 61], [161, 49, 26, 134, 55, 35, 70, 12, 44, 160, 43, 83, 94, 198], [132, 88, 19, 2, 78, 9, 22, 126, 69, 169, 147], [124, 176, 138, 155, 193, 153, 13, 199, 16, 133, 38], [1, 180, 118, 111, 72, 75, 145, 86, 117, 114], [129, 34, 60, 40, 158], [152, 125, 119, 100, 32, 63], [15, 82, 162, 177, 36, 4, 62, 18, 65, 87, 47, 121], [71, 67, 25, 181, 194, 3, 80, 27, 171, 79], [192, 6, 178, 14, 187, 24, 96, 175, 48]]",true
91,5886,5316,2-opt,CMT5.vrp,"[[189, 84, 8, 59, 166, 21, 93, 42, 104, 107], [123, 167, 51, 146, 73, 144], [30, 5, 108, 50, 130, 97, 106, 182, 185, 113], [11, 179, 103, 174, 140, 156, 89, 23, 183, 159, 195, 191, 157, 54], [85, 165, 163, 148, 92, 53, 115, 91, 186, 33, 139], [81, 17, 151, 56, 109, 39, 164, 20], [105, 173, 137, 141, 197, 122, 28, 116, 76, 64, 154, 58, 7, 188, 150, 101], [77, 128, 172, 37, 29, 184, 196, 136, 143, 170], [142, 127, 149, 98, 99, 10], [112, 90, 95, 102, 110, 57, 135, 66, 41, 45, 46], [74, 31, 52, 120, 168, 131, 190, 68, 61], [161, 49, 26, 134, 55, 35, 70, 12, 44, 160, 43, 83, 94, 198], [132, 88, 19, 2, 78, 9, 22, 126, 69, 169, 147], [124, 176, 138, 155, 193, 153, 13, 199, 16, 133, 38], [1, 180, 118, 111, 72, 75, 145, 86, 117, 114], [129, 34, 60, 40, 158], [152, 125, 119, 100, 32, 63], [15, 82, 162, 177, 36, 4, 62, 18, 65, 87, 47, 121], [71, 67, 25, 181, 194, 3, 80, 27, 171, 79], [192, 6, 178, 14, 187, 24, 96, 175, 48]]",true
92,5937,5314,2-opt,CMT5.vrp,"[[189, 84, 8, 59, 166, 21, 93, 42, 104, 107], [123, 167, 51, 146, 73, 144], [30, 5, 108, 50, 130, 97, 106, 182, 185, 113], [11, 179, 103, 174, 140, 156, 89, 23, 183, 159, 195, 191, 157, 54], [85, 165, 163, 148, 92, 53, 115, 91, 186, 33, 139], [81, 17, 151, 56, 109, 39, 164, 20], [28, 122, 197, 141, 105, 173, 137, 116, 76, 64, 154, 58, 7, 188, 150, 101], [77, 128, 172, 37, 29, 184, 196, 136, 143, 170], [142, 127, 149, 98, 99, 10], [112, 90, 95, 102, 110, 57, 135, 66, 41, 45, 46], [74, 31, 52, 120, 168, 131, 190, 68, 61], [161, 49, 26, 134, 55, 35, 70, 12, 44, 160, 43, 83, 94, 198], [132, 88, 19, 2, 78, 9, 22, 126, 69, 169, 147], [124, 176, 138, 155, 193, 153, 13, 199, 16, 133, 38], [1, 180, 118, 111, 72, 75, 145, 86, 117, 114], [129, 34, 60, 40, 158], [152, 125, 119, 100, 32, 63], [15, 82, 162, 177, 36, 4, 62, 18, 65, 87, 47, 121], [71, 67, 25, 181, 194, 3, 80, 27, 171, 79], [192, 6, 178, 14, 187, 24, 96, 175, 48]]",true
93,5983,5298,2-opt,CMT5.vrp,"[[189, 84, 8, 59, 166, 21, 93, 42, 104, 107], [123, 167, 51, 146, 73, 144], [30, 5, 108, 50, 130, 97, 106, 182, 185, 113], [11, 179, 103, 174, 140, 156, 89, 23, 183, 159, 195, 191, 157, 54], [85, 165, 163, 148, 92, 53, 115, 91, 186, 33, 139], [81, 17, 151, 56, 109, 39, 164, 20], [137, 197, 141, 105, 173, 122, 28, 116, 76, 64, 154, 58, 7, 188, 150, 101], [77, 128, 172, 37, 29, 184, 196, 136, 143, 170], [142, 127, 149, 98, 99, 10], [112, 90, 95, 102, 110, 57, 135, 66, 41, 45, 46], [74, 31, 52, 120, 168, 131, 190, 68, 61], [161, 49, 26, 134, 55, 35, 70, 12, 44, 160, 43, 83, 94, 198], [132, 88, 19, 2, 78, 9, 22, 126, 69, 169, 147], [124, 176, 138, 155, 193, 153, 13, 199, 16, 133, 38], [1, 180, 118, 111, 72, 75, 145, 86, 117, 114], [129, 34, 60, 40, 158], [152, 125, 119, 100, 32, 63], [15, 82, 162, 177, 36, 4, 62, 18, 65, 87, 47, 121], [71, 67, 25, 181, 194, 3, 80, 27, 171, 79], [192, 6, 178, 14, 187, 24, 96, 175, 48]]",true
94,6060,5292,2-opt,CMT5.vrp,"[[189, 84, 8, 59, 166, 21, 93, 42, 104, 107], [123, 167, 51, 146, 73, 144], [30, 5, 108, 50, 130, 97, 106, 182, 185, 113], [11, 179, 103, 174, 140, 156, 89, 23, 183, 159, 195, 191, 157, 54], [85, 165, 163, 148, 92, 53, 115, 91, 186, 33, 139], [81, 17, 151, 56, 109, 39, 164, 20], [137, 173, 105, 141, 197, 122, 28, 116, 76, 150, 188, 7, 58, 154, 64, 101], [77, 128, 172, 37, 29, 184, 196, 136, 143, 170], [142, 127, 149, 98, 99, 10], [112, 90, 95, 102, 110, 57, 135, 66, 41, 45, 46], [74, 31, 52, 120, 168, 131, 190, 68, 61], [161, 49, 26, 134, 55, 35, 70, 12, 44, 160, 43, 83, 94, 198], [132, 88, 19, 2, 78, 9, 22, 126, 69, 169, 147], [124, 176, 138, 155, 193, 153, 13, 199, 16, 133, 38], [1, 180, 118, 111, 72, 75, 145, 86, 117, 114], [129, 34, 60, 40, 158], [152, 125, 119, 100, 32, 63], [15, 82, 162, 177, 36, 4, 62, 18, 65, 87, 47, 121], [71, 67, 25, 181, 194, 3, 80, 27, 171, 79], [192, 6, 178, 14, 187, 24, 96, 175, 48]]",true
95,6108,5280,2-opt,CMT5.vrp,"[[189, 84, 8, 59, 166, 21, 93, 42, 104, 107], [123, 167, 51, 146, 73, 144], [30, 5, 108, 50, 130, 97, 106, 182, 185, 113], [11, 179, 103, 174, 140, 156, 89, 23, 183, 159, 195, 191, 157, 54], [85, 165, 163, 148, 92, 53, 115, 91, 186, 33, 139], [81, 17, 151, 56, 109, 39, 164, 20], [173, 137, 105, 141, 197, 122, 28, 116, 76, 150, 188, 7, 58, 154, 64, 101], [77, 128, 172, 37, 29, 184, 196, 136, 143, 170], [142, 127, 149, 98, 99, 10], [112, 90, 95, 102, 110, 57, 135, 66, 41, 45, 46], [74, 31, 52, 120, 168, 131, 190, 68, 61], [161, 49, 26, 134, 55, 35, 70, 12, 44, 160, 43, 83, 94, 198], [132, 88, 19, 2, 78, 9, 22, 126, 69, 169, 147], [124, 176, 138, 155, 193, 153, 13, 199, 16, 133, 38], [1, 180, 118, 111, 72, 75, 145, 86, 117, 114], [129, 34, 60, 40, 158], [152, 125, 119, 100, 32, 63], [15, 82, 162, 177, 36, 4, 62, 18, 65, 87, 47, 121], [71, 67, 25, 181, 194, 3, 80, 27, 171, 79], [192, 6, 178, 14, 187, 24, 96, 175, 48]]",true
96,6145,5263,2-opt,CMT5.vrp,"[[189, 84, 8, 59, 166, 21, 93, 42, 104, 107], [123, 167, 51, 146, 73, 144], [30, 5, 108, 50, 130, 97, 106, 182, 185, 113], [11, 179, 103, 174, 140, 156, 89, 23, 183, 159, 195, 191, 157, 54], [85, 165, 163, 148, 92, 53, 115, 91, 186, 33, 139], [81, 17, 151, 56, 109, 39, 164, 20], [105, 173, 137, 141, 197, 122, 28, 116, 76, 150, 188, 7, 58, 154, 64, 101], [77, 128, 172, 37, 29, 184, 196, 136, 143, 170], [142, 127, 149, 98, 99, 10], [112, 90, 95, 102, 110, 57, 135, 66, 41, 45, 46], [74, 31, 52, 120, 168, 131, 190, 68, 61], [161, 49, 26, 134, 55, 35, 70, 12, 44, 160, 43, 83, 94, 198], [132, 88, 19, 2, 78, 9, 22, 126, 69, 169, 147], [124, 176, 138, 155, 193, 153, 13, 199, 16, 133, 38], [1, 180, 118, 111, 72, 75, 145, 86, 117, 114], [129, 34, 60, 40, 158], [152, 125, 119, 100, 32, 63], [15, 82, 162, 177, 36, 4, 62, 18, 65, 87, 47, 121], [71, 67, 25, 181, 194, 3, 80, 27, 171, 79], [192, 6, 178, 14, 187, 24, 96, 175, 48]]",true
97,6187,5261,2-opt,CMT5.vrp,"[[189, 84, 8, 59, 166, 21, 93, 42, 104, 107], [123, 167, 51, 146, 73, 144], [30, 5, 108, 50, 130, 97, 106, 182, 185, 113], [11, 179, 103, 174, 140, 156, 89, 23, 183, 159, 195, 191, 157, 54], [85, 165, 163, 148, 92, 53, 115, 91, 186, 33, 139], [81, 17, 151, 56, 109, 39, 164, 20], [28, 122, 197, 141, 105, 173, 137, 116, 76, 150, 188, 7, 58, 154, 64, 101], [77, 128, 172, 37, 29, 184, 196, 136, 143, 170], [142, 127, 149, 98, 99, 10], [112, 90, 95, 102, 110, 57, 135, 66, 41, 45, 46], [74, 31, 52, 120, 168, 131, 190, 68, 61], [161, 49, 26, 134, 55, 35, 70, 12, 44, 160, 43, 83, 94, 198], [132, 88, 19, 2, 78, 9, 22, 126, 69, 169, 147], [124, 176, 138, 155, 193, 153, 13, 199, 16, 133, 38], [1, 180, 118, 111, 72, 75, 145, 86, 117, 114], [129, 34, 60, 40, 158], [152, 125, 119, 100, 32, 63], [15, 82, 162, 177, 36, 4, 62, 18, 65, 87, 47, 121], [71, 67, 25, 181, 194, 3, 80, 27, 171, 79], [192, 6, 178, 14, 187, 24, 96, 175, 48]]",true
98,6233,5245,2-opt,CMT5.vrp,"[[189, 84, 8, 59, 166, 21, 93, 42, 104, 107], [123, 167, 51, 146, 73, 144], [30, 5, 108, 50, 130, 97, 106, 182, 185, 113], [11, 179, 103, 174, 140, 156, 89, 23, 183, 159, 195, 191, 157, 54], [85, 165, 163, 148, 92, 53, 115, 91, 186, 33, 139], [81, 17, 151, 56, 109, 39, 164, 20], [137, 197, 141, 105, 173, 122, 28, 116, 76, 150, 188, 7, 58, 154, 64, 101], [77, 128, 172, 37, 29, 184, 196, 136, 143, 170], [142, 127, 149, 98, 99, 10], [112, 90, 95, 102, 110, 57, 135, 66, 41, 45, 46], [74, 31, 52, 120, 168, 131, 190, 68, 61], [161, 49, 26, 134, 55, 35, 70, 12, 44, 160, 43, 83, 94, 198], [132, 88, 19, 2, 78, 9, 22, 126, 69, 169, 147], [124, 176, 138, 155, 193, 153, 13, 199, 16, 133, 38], [1, 180, 118, 111, 72, 75, 145, 86, 117, 114], [129, 34, 60, 40, 158], [152, 125, 119, 100, 32, 63], [15, 82, 162, 177, 36, 4, 62, 18, 65, 87, 47, 121], [71, 67, 25, 181, 194, 3, 80, 27, 171, 79], [192, 6, 178, 14, 187, 24, 96, 175, 48]]",true
99,6314,5233,2-opt,CMT5.vrp,"[[189, 84, 8, 59, 166, 21, 93, 42, 104, 107], [123, 167, 51, 146, 73, 144], [30, 5, 108, 50, 130, 97, 106, 182, 185, 113], [11, 179, 103, 174, 140, 156, 89, 23, 183, 159, 195, 191, 157, 54], [85, 165, 163, 148, 92, 53, 115, 91, 186, 33, 139], [81, 17, 151, 56, 109, 39, 164, 20], [197, 137, 141, 105, 173, 122, 28, 116, 76, 150, 188, 7, 58, 154, 64, 101], [77, 128, 172, 37, 29, 184, 196, 136, 143, 170], [142, 127, 149, 98, 99, 10], [112, 90, 95, 102, 110, 57, 135, 66, 41, 45, 46], [74, 31, 52, 120, 168, 131, 190, 68, 61], [161, 49, 26, 134, 55, 35, 70, 12, 44, 160, 43, 83, 94, 198], [132, 88, 19, 2, 78, 9, 22, 126, 69, 169, 147], [124, 176, 138, 155, 193, 153, 13, 199, 16, 133, 38], [1, 180, 118, 111, 72, 75, 145, 86, 117, 114], [129, 34, 60, 40, 158], [152, 125, 119, 100, 32, 63], [15, 82, 162, 177, 36, 4, 62, 18, 65, 87, 47, 121], [71, 67, 25, 181, 194, 3, 80, 27, 171, 79], [192, 6, 178, 14, 187, 24, 96, 175, 48]]",true
100,6360,5228,2-opt,CMT5.vrp,"[[189, 84, 8, 59, 166, 21, 93, 42, 104, 107], [123, 167, 51, 146, 73, 144], [30, 5, 108, 50, 130, 97, 106, 182, 185, 113], [11, 179, 103, 174, 140, 156, 89, 23, 183, 159, 195, 191, 157, 54], [85, 165, 163, 148, 92, 53, 115, 91, 186, 33, 139], [81, 17, 151, 56, 109, 39, 164, 20], [105, 141, 197, 137, 173, 122, 28, 116, 76, 150, 188, 7, 58, 154, 64, 101], [77, 128, 172, 37, 29, 184, 196, 136, 143, 170], [142, 127, 149, 98, 99, 10], [112, 90, 95, 102, 110, 57, 135, 66, 41, 45, 46], [74, 31, 52, 120, 168, 131, 190, 68, 61], [161, 49, 26, 134, 55, 35, 70, 12, 44, 160, 43, 83, 94, 198], [132, 88, 19, 2, 78, 9, 22, 126, 69, 169, 147], [124, 176, 138, 155, 193, 153, 13, 199, 16, 133, 38], [1, 180, 118, 111, 72, 75, 145, 86, 117, 114], [129, 34, 60, 40, 158], [152, 125, 119, 100, 32, 63], [15, 82, 162, 177, 36, 4, 62, 18, 65, 87, 47, 121], [71, 67, 25, 181, 194, 3, 80, 27, 171, 79], [192, 6, 178, 14, 187, 24, 96, 175, 48]]",true
101,6403,5213,2-opt,CMT5.vrp,"[[189, 84, 8, 59, 166, 21, 93, 42, 104, 107], [123, 167, 51, 146, 73, 144], [30, 5, 108, 50, 130, 97, 106, 182, 185, 113], [11, 179, 103, 174, 140, 156, 89, 23, 183, 159, 195, 191, 157, 54], [85, 165, 163, 148, 92, 53, 115, 91, 186, 33, 139], [81, 17, 151, 56, 109, 39, 164, 20], [28, 122, 173, 105, 141, 197, 137, 116, 76, 150, 188, 7, 58, 154, 64, 101], [77, 128, 172, 37, 29, 184, 196, 136, 143, 170], [142, 127, 149, 98, 99, 10], [112, 90, 95, 102, 110, 57, 135, 66, 41, 45, 46], [74, 31, 52, 120, 168, 131, 190, 68, 61], [161, 49, 26, 134, 55, 35, 70, 12, 44, 160, 43, 83, 94, 198], [132, 88, 19, 2, 78, 9, 22, 126, 69, 169, 147], [124, 176, 138, 155, 193, 153, 13, 199, 16, 133, 38], [1, 180, 118, 111, 72, 75, 145, 86, 117, 114], [129, 34, 60, 40, 158], [152, 125, 119, 100, 32, 63], [15, 82, 162, 177, 36, 4, 62, 18, 65, 87, 47, 121], [71, 67, 25, 181, 194, 3, 80, 27, 171, 79], [192, 6, 178, 14, 187, 24, 96, 175, 48]]",true
102,6488,5209,2-opt,CMT5.vrp,"[[189, 84, 8, 59, 166, 21, 93, 42, 104, 107], [123, 167, 51, 146, 73, 144], [30, 5, 108, 50, 130, 97, 106, 182, 185, 113], [11, 179, 103, 174, 140, 156, 89, 23, 183, 159, 195, 191, 157, 54], [85, 165, 163, 148, 92, 53, 115, 91, 186, 33, 139], [81, 17, 151, 56, 109, 39, 164, 20], [173, 122, 28, 105, 141, 197, 137, 116, 76, 150, 188, 7, 58, 154, 64, 101], [77, 128, 172, 37, 29, 184, 196, 136, 143, 170], [142, 127, 149, 98, 99, 10], [112, 90, 95, 102, 110, 57, 135, 66, 41, 45, 46], [74, 31, 52, 120, 168, 131, 190, 68, 61], [161, 49, 26, 134, 55, 35, 70, 12, 44, 160, 43, 83, 94, 198], [132, 88, 19, 2, 78, 9, 22, 126, 69, 169, 147], [124, 176, 138, 155, 193, 153, 13, 199, 16, 133, 38], [1, 180, 118, 111, 72, 75, 145, 86, 117, 114], [129, 34, 60, 40, 158], [152, 125, 119, 100, 32, 63], [15, 82, 162, 177, 36, 4, 62, 18, 65, 87, 47, 121], [71, 67, 25, 181, 194, 3, 80, 27, 171, 79], [192, 6, 178, 14, 187, 24, 96, 175, 48]]",true
103,6529,5199,2-opt,CMT5.vrp,"[[189, 84, 8, 59, 166, 21, 93, 42, 104, 107], [123, 167, 51, 146, 73, 144], [30, 5, 108, 50, 130, 97, 106, 182, 185, 113], [11, 179, 103, 174, 140, 156, 89, 23, 183, 159, 195, 191, 157, 54], [85, 165, 163, 148, 92, 53, 115, 91, 186, 33, 139], [81, 17, 151, 56, 109, 39, 164, 20], [105, 173, 122, 28, 141, 197, 137, 116, 76, 150, 188, 7, 58, 154, 64, 101], [77, 128, 172, 37, 29, 184, 196, 136, 143, 170], [142, 127, 149, 98, 99, 10], [112, 90, 95, 102, 110, 57, 135, 66, 41, 45, 46], [74, 31, 52, 120, 168, 131, 190, 68, 61], [161, 49, 26, 134, 55, 35, 70, 12, 44, 160, 43, 83, 94, 198], [132, 88, 19, 2, 78, 9, 22, 126, 69, 169, 147], [124, 176, 138, 155, 193, 153, 13, 199, 16, 133, 38], [1, 180, 118, 111, 72, 75, 145, 86, 117, 114], [129, 34, 60, 40, 158], [152, 125, 119, 100, 32, 63], [15, 82, 162, 177, 36, 4, 62, 18, 65, 87, 47, 121], [71, 67, 25, 181, 194, 3, 80, 27, 171, 79], [192, 6, 178, 14, 187, 24, 96, 175, 48]]",true
104,6573,5198,2-opt,CMT5.vrp,"[[189, 84, 8, 59, 166, 21, 93, 42, 104, 107], [123, 167, 51, 146, 73, 144], [30, 5, 108, 50, 130, 97, 106, 182, 185, 113], [11, 179, 103, 174, 140, 156, 89, 23, 183, 159, 195, 191, 157, 54], [85, 165, 163, 148, 92, 53, 115, 91, 186, 33, 139], [81, 17, 151, 56, 109, 39, 164, 20], [154, 58, 7, 188, 150, 76, 116, 137, 197, 141, 105, 173, 122, 28, 64, 101], [77, 128, 172, 37, 29, 184, 196, 136, 143, 170], [142, 127, 149, 98, 99, 10], [112, 90, 95, 102, 110, 57, 135, 66, 41, 45, 46], [74, 31, 52, 120, 168, 131, 190, 68, 61], [161, 49, 26, 134, 55, 35, 70, 12, 44, 160, 43, 83, 94, 198], [132, 88, 19, 2, 78, 9, 22, 126, 69, 169, 147], [124, 176, 138, 155, 193, 153, 13, 199, 16, 133, 38], [1, 180, 118, 111, 72, 75, 145, 86, 117, 114], [129, 34, 60, 40, 158], [152, 125, 119, 100, 32, 63], [15, 82, 162, 177, 36, 4, 62, 18, 65, 87, 47, 121], [71, 67, 25, 181, 194, 3, 80, 27, 171, 79], [192, 6, 178, 14, 187, 24, 96, 175, 48]]",true
105,6649,5196,2-opt,CMT5.vrp,"[[189, 84, 8, 59, 166, 21, 93, 42, 104, 107], [123, 167, 51, 146, 73, 144], [30, 5, 108, 50, 130, 97, 106, 182, 185, 113], [11, 179, 103, 174, 140, 156, 89, 23, 183, 159, 195, 191, 157, 54], [85, 165, 163, 148, 92, 53, 115, 91, 186, 33, 139], [81, 17, 151, 56, 109, 39, 164, 20], [28, 122, 173, 154, 58, 7, 188, 150, 76, 116, 137, 197, 141, 105, 64, 101], [77, 128, 172, 37, 29, 184, 196, 136, 143, 170], [142, 127, 149, 98, 99, 10], [112, 90, 95, 102, 110, 57, 135, 66, 41, 45, 46], [74, 31, 52, 120, 168, 131, 190, 68, 61], [161, 49, 26, 134, 55, 35, 70, 12, 44, 160, 43, 83, 94, 198], [132, 88, 19, 2, 78, 9, 22, 126, 69, 169, 147], [124, 176, 138, 155, 193, 153, 13, 199, 16, 133, 38], [1, 180, 118, 111, 72, 75, 145, 86, 117, 114], [129, 34, 60, 40, 158], [152, 125, 119, 100, 32, 63], [15, 82, 162, 177, 36, 4, 62, 18, 65, 87, 47, 121], [71, 67, 25, 181, 194, 3, 80, 27, 171, 79], [192, 6, 178, 14, 187, 24, 96, 175, 48]]",true
106,6697,5191,2-opt,CMT5.vrp,"[[189, 84, 8, 59, 166, 21, 93, 42, 104, 107], [123, 167, 51, 146, 73, 144], [30, 5, 108, 50, 130, 97, 106, 182, 185, 113], [11, 179, 103, 174, 140, 156, 89, 23, 183, 159, 195, 191, 157, 54], [85, 165, 163, 148, 92, 53, 115, 91, 186, 33, 139], [81, 17, 151, 56, 109, 39, 164, 20], [28, 122, 173, 101, 64, 154, 58, 7, 188, 150, 76, 116, 137, 197, 141, 105], [77, 128, 172, 37, 29, 184, 196, 136, 143, 170], [142, 127, 149, 98, 99, 10], [112, 90, 95, 102, 110, 57, 135, 66, 41, 45, 46], [74, 31, 52, 120, 168, 131, 190, 68, 61], [161, 49, 26, 134, 55, 35, 70, 12, 44, 160, 43, 83, 94, 198], [132, 88, 19, 2, 78, 9, 22, 126, 69, 169, 147], [124, 176, 138, 155, 193, 153, 13, 199, 16, 133, 38], [1, 180, 118, 111, 72, 75, 145, 86, 117, 114], [129, 34, 60, 40, 158], [152, 125, 119, 100, 32, 63], [15, 82, 162, 177, 36, 4, 62, 18, 65, 87, 47, 121], [71, 67, 25, 181, 194, 3, 80, 27, 171, 79], [192, 6, 178, 14, 187, 24, 96, 175, 48]]",true
107,6764,5185,2-opt,CMT5.vrp,"[[189, 84, 8, 59, 166, 21, 93, 42, 104, 107], [123, 167, 51, 146, 73, 144], [30, 5, 108, 50, 130, 97, 106, 182, 185, 113], [11, 179, 103, 174, 140, 156, 89, 23, 183, 159, 195, 191, 157, 54], [85, 165, 163, 148, 92, 53, 115, 91, 186, 33, 139], [81, 17, 151, 56, 109, 39, 164, 20], [28, 122, 173, 105, 141, 197, 137, 116, 76, 188, 150, 7, 58, 154, 64, 101], [77, 128, 172, 37, 29, 184, 196, 136, 143, 170], [142, 127, 149, 98, 99, 10], [112, 90, 95, 102, 110, 57, 135, 66, 41, 45, 46], [74, 31, 52, 120, 168, 131, 190, 68, 61], [161, 49, 26, 134, 55, 35, 70, 12, 44, 160, 43, 83, 94, 198], [132, 88, 19, 2, 78, 9, 22, 126, 69, 169, 147], [124, 176, 138, 155, 193, 153, 13, 199, 16, 133, 38], [1, 180, 118, 111, 72, 75, 145, 86, 117, 114], [129, 34, 60, 40, 158], [152, 125, 119, 100, 32, 63], [15, 82, 162, 177, 36, 4, 62, 18, 65, 87, 47, 121], [71, 67, 25, 181, 194, 3, 80, 27, 171, 79], [192, 6, 178, 14, 187, 24, 96, 175, 48]]",true
108,6820,5181,2-opt,CMT5.vrp,"[[189, 84, 8, 59, 166, 21, 93, 42, 104, 107], [123, 167, 51, 146, 73, 144], [30, 5, 108, 50, 130, 97, 106, 182, 185, 113], [11, 179, 103, 174, 140, 156, 89, 23, 183, 159, 195, 191, 157, 54], [85, 165, 163, 148, 92, 53, 115, 91, 186, 33, 139], [81, 17, 151, 56, 109, 39, 164, 20], [173, 122, 28, 105, 141, 197, 137, 116, 76, 188, 150, 7, 58, 154, 64, 101], [77, 128, 172, 37, 29, 184, 196, 136, 143, 170], [142, 127, 149, 98, 99, 10], [112, 90, 95, 102, 110, 57, 135, 66, 41, 45, 46], [74, 31, 52, 120, 168, 131, 190, 68, 61], [161, 49, 26, 134, 55, 35, 70, 12, 44, 160, 43, 83, 94, 198], [132, 88, 19, 2, 78, 9, 22, 126, 69, 169, 147], [124, 176, 138, 155, 193, 153, 13, 199, 16, 133, 38], [1, 180, 118, 111, 72, 75, 145, 86, 117, 114], [129, 34, 60, 40, 158], [152, 125, 119, 100, 32, 63], [15, 82, 162, 177, 36, 4, 62, 18, 65, 87, 47, 121], [71, 67, 25, 181, 194, 3, 80, 27, 171, 79], [192, 6, 178, 14, 187, 24, 96, 175, 48]]",true
109,6869,5171,2-opt,CMT5.vrp,"[[189, 84, 8, 59, 166, 21, 93, 42, 104, 107], [123, 167, 51, 146, 73, 144], [30, 5, 108, 50, 130, 97, 106, 182, 185, 113], [11, 179, 103, 174, 140, 156, 89, 23, 183, 159, 195, 191, 157, 54], [85, 165, 163, 148, 92, 53, 115, 91, 186, 33, 139], [81, 17, 151, 56, 109, 39, 164, 20], [105, 173, 122, 28, 141, 197, 137, 116, 76, 188, 150, 7, 58, 154, 64, 101], [77, 128, 172, 37, 29, 184, 196, 136, 143, 170], [142, 127, 149, 98, 99, 10], [112, 90, 95, 102, 110, 57, 135, 66, 41, 45, 46], [74, 31, 52, 120, 168, 131, 190, 68, 61], [161, 49, 26, 134, 55, 35, 70, 12, 44, 160, 43, 83, 94, 198], [132, 88, 19, 2, 78, 9, 22, 126, 69, 169, 147], [124, 176, 138, 155, 193, 153, 13, 199, 16, 133, 38], [1, 180, 118, 111, 72, 75, 145, 86, 117, 114], [129, 34, 60, 40, 158], [152, 125, 119, 100, 32, 63], [15, 82, 162, 177, 36, 4, 62, 18, 65, 87, 47, 121], [71, 67, 25, 181, 194, 3, 80, 27, 171, 79], [192, 6, 178, 14, 187, 24, 96, 175, 48]]",true
110,6934,5170,2-opt,CMT5.vrp,"[[189, 84, 8, 59, 166, 21, 93, 42, 104, 107], [123, 167, 51, 146, 73, 144], [30, 5, 108, 50, 130, 97, 106, 182, 185, 113], [11, 179, 103, 174, 140, 156, 89, 23, 183, 159, 195, 191, 157, 54], [85, 165, 163, 148, 92, 53, 115, 91, 186, 33, 139], [81, 17, 151, 56, 109, 39, 164, 20], [154, 58, 7, 150, 188, 76, 116, 137, 197, 141, 105, 173, 122, 28, 64, 101], [77, 128, 172, 37, 29, 184, 196, 136, 143, 170], [142, 127, 149, 98, 99, 10], [112, 90, 95, 102, 110, 57, 135, 66, 41, 45, 46], [74, 31, 52, 120, 168, 131, 190, 68, 61], [161, 49, 26, 134, 55, 35, 70, 12, 44, 160, 43, 83, 94, 198], [132, 88, 19, 2, 78, 9, 22, 126, 69, 169, 147], [124, 176, 138, 155, 193, 153, 13, 199, 16, 133, 38], [1, 180, 118, 111, 72, 75, 145, 86, 117, 114], [129, 34, 60, 40, 158], [152, 125, 119, 100, 32, 63], [15, 82, 162, 177, 36, 4, 62, 18, 65, 87, 47, 121], [71, 67, 25, 181, 194, 3, 80, 27, 171, 79], [192, 6, 178, 14, 187, 24, 96, 175, 48]]",true
111,6991,5168,2-opt,CMT5.vrp,"[[189, 84, 8, 59, 166, 21, 93, 42, 104, 107], [123, 167, 51, 146, 73, 144], [30, 5, 108, 50, 130, 97, 106, 182, 185, 113], [11, 179, 103, 174, 140, 156, 89, 23, 183, 159, 195, 191, 157, 54], [85, 165, 163, 148, 92, 53, 115, 91, 186, 33, 139], [81, 17, 151, 56, 109, 39, 164, 20], [28, 122, 173, 154, 58, 7, 150, 188, 76, 116, 137, 197, 141, 105, 64, 101], [77, 128, 172, 37, 29, 184, 196, 136, 143, 170], [142, 127, 149, 98, 99, 10], [112, 90, 95, 102, 110, 57, 135, 66, 41, 45, 46], [74, 31, 52, 120, 168, 131, 190, 68, 61], [161, 49, 26, 134, 55, 35, 70, 12, 44, 160, 43, 83, 94, 198], [132, 88, 19, 2, 78, 9, 22, 126, 69, 169, 147], [124, 176, 138, 155, 193, 153, 13, 199, 16, 133, 38], [1, 180, 118, 111, 72, 75, 145, 86, 117, 114], [129, 34, 60, 40, 158], [152, 125, 119, 100, 32, 63], [15, 82, 162, 177, 36, 4, 62, 18, 65, 87, 47, 121], [71, 67, 25, 181, 194, 3, 80, 27, 171, 79], [192, 6, 178, 14, 187, 24, 96, 175, 48]]",true
112,7036,5163,2-opt,CMT5.vrp,"[[189, 84, 8, 59, 166, 21, 93, 42, 104, 107], [123, 167, 51, 146, 73, 144], [30, 5, 108, 50, 130, 97, 106, 182, 185, 113], [11, 179, 103, 174, 140, 156, 89, 23, 183, 159, 195, 191, 157, 54], [85, 165, 163, 148, 92, 53, 115, 91, 186, 33, 139], [81, 17, 151, 56, 109, 39, 164, 20], [28, 122, 173, 101, 64, 154, 58, 7, 150, 188, 76, 116, 137, 197, 141, 105], [77, 128, 172, 37, 29, 184, 196, 136, 143, 170], [142, 127, 149, 98, 99, 10], [112, 90, 95, 102, 110, 57, 135, 66, 41, 45, 46], [74, 31, 52, 120, 168, 131, 190, 68, 61], [161, 49, 26, 134, 55, 35, 70, 12, 44, 160, 43, 83, 94, 198], [132, 88, 19, 2, 78, 9, 22, 126, 69, 169, 147], [124, 176, 138, 155, 193, 153, 13, 199, 16, 133, 38], [1, 180, 118, 111, 72, 75, 145, 86, 117, 114], [129, 34, 60, 40, 158], [152, 125, 119, 100, 32, 63], [15, 82, 162, 177, 36, 4, 62, 18, 65, 87, 47, 121], [71, 67, 25, 181, 194, 3, 80, 27, 171, 79], [192, 6, 178, 14, 187, 24, 96, 175, 48]]",true
113,7104,5158,2-opt,CMT5.vrp,"[[189, 84, 8, 59, 166, 21, 93, 42, 104, 107], [123, 167, 51, 146, 73, 144], [30, 5, 108, 50, 130, 97, 106, 182, 185, 113], [11, 179, 103, 174, 140, 156, 89, 23, 183, 159, 195, 191, 157, 54], [85, 165, 163, 148, 92, 53, 115, 91, 186, 33, 139], [81, 17, 151, 56, 109, 39, 164, 20], [173, 122, 28, 101, 64, 154, 58, 7, 150, 188, 76, 116, 137, 197, 141, 105], [77, 128, 172, 37, 29, 184, 196, 136, 143, 170], [142, 127, 149, 98, 99, 10], [112, 90, 95, 102, 110, 57, 135, 66, 41, 45, 46], [74, 31, 52, 120, 168, 131, 190, 68, 61], [161, 49, 26, 134, 55, 35, 70, 12, 44, 160, 43, 83, 94, 198], [132, 88, 19, 2, 78, 9, 22, 126, 69, 169, 147], [124, 176, 138, 155, 193, 153, 13, 199, 16, 133, 38], [1, 180, 118, 111, 72, 75, 145, 86, 117, 114], [129, 34, 60, 40, 158], [152, 125, 119, 100, 32, 63], [15, 82, 162, 177, 36, 4, 62, 18, 65, 87, 47, 121], [71, 67, 25, 181, 194, 3, 80, 27, 171, 79], [192, 6, 178, 14, 187, 24, 96, 175, 48]]",true
114,7152,5133,2-opt,CMT5.vrp,"[[189, 84, 8, 59, 166, 21, 93, 42, 104, 107], [123, 167, 51, 146, 73, 144], [30, 5, 108, 50, 130, 97, 106, 182, 185, 113], [11, 179, 103, 174, 140, 156, 89, 23, 183, 159, 195, 191, 157, 54], [85, 165, 163, 148, 92, 53, 115, 91, 186, 33, 139], [81, 17, 151, 56, 109, 39, 164, 20], [28, 64, 101, 173, 122, 154, 58, 7, 150, 188, 76, 116, 137, 197, 141, 105], [77, 128, 172, 37, 29, 184, 196, 136, 143, 170], [142, 127, 149, 98, 99, 10], [112, 90, 95, 102, 110, 57, 135, 66, 41, 45, 46], [74, 31, 52, 120, 168, 131, 190, 68, 61], [161, 49, 26, 134, 55, 35, 70, 12, 44, 160, 43, 83, 94, 198], [132, 88, 19, 2, 78, 9, 22, 126, 69, 169, 147], [124, 176, 138, 155, 193, 153, 13, 199, 16, 133, 38], [1, 180, 118, 111, 72, 75, 145, 86, 117, 114], [129, 34, 60, 40, 158], [152, 125, 119, 100, 32, 63], [15, 82, 162, 177, 36, 4, 62, 18, 65, 87, 47, 121], [71, 67, 25, 181, 194, 3, 80, 27, 171, 79], [192, 6, 178, 14, 187, 24, 96, 175, 48]]",true
115,7234,5132,2-opt,CMT5.vrp,"[[189, 84, 8, 59, 166, 21, 93, 42, 104, 107], [123, 167, 51, 146, 73, 144], [30, 5, 108, 50, 130, 97, 106, 182, 185, 113], [11, 179, 103, 174, 140, 156, 89, 23, 183, 159, 195, 191, 157, 54], [85, 165, 163, 148, 92, 53, 115, 91, 186, 33, 139], [81, 17, 151, 56, 109, 39, 164, 20], [64, 28, 101, 173, 122, 154, 58, 7, 150, 188, 76, 116, 137, 197, 141, 105], [77, 128, 172, 37, 29, 184, 196, 136, 143, 170], [142, 127, 149, 98, 99, 10], [112, 90, 95, 102, 110, 57, 135, 66, 41, 45, 46], [74, 31, 52, 120, 168, 131, 190, 68, 61], [161, 49, 26, 134, 55, 35, 70, 12, 44, 160, 43, 83, 94, 198], [132, 88, 19, 2, 78, 9, 22, 126, 69, 169, 147], [124, 176, 138, 155, 193, 153, 13, 199, 16, 133, 38], [1, 180, 118, 111, 72, 75, 145, 86, 117, 114], [129, 34, 60, 40, 158], [152, 125, 119, 100, 32, 63], [15, 82, 162, 177, 36, 4, 62, 18, 65, 87, 47, 121], [71, 67, 25, 181, 194, 3, 80, 27, 171, 79], [192, 6, 178, 14, 187, 24, 96, 175, 48]]",true
116,7273,5132,2-opt,CMT5.vrp,"[[189, 84, 8, 59, 166, 21, 93, 42, 104, 107], [123, 167, 51, 146, 73, 144], [30, 5, 108, 50, 130, 97, 106, 182, 185, 113], [11, 179, 103, 174, 140, 156, 89, 23, 183, 159, 195, 191, 157, 54], [85, 165, 163, 148, 92, 53, 115, 91, 186, 33, 139], [81, 17, 151, 56, 109, 39, 164, 20], [101, 64, 28, 173, 122, 154, 58, 7, 150, 188, 76, 116, 137, 197, 141, 105], [77, 128, 172, 37, 29, 184, 196, 136, 143, 170], [142, 127, 149, 98, 99, 10], [112, 90, 95, 102, 110, 57, 135, 66, 41, 45, 46], [74, 31, 52, 120, 168, 131, 190, 68, 61], [161, 49, 26, 134, 55, 35, 70, 12, 44, 160, 43, 83, 94, 198], [132, 88, 19, 2, 78, 9, 22, 126, 69, 169, 147], [124, 176, 138, 155, 193, 153, 13, 199, 16, 133, 38], [1, 180, 118, 111, 72, 75, 145, 86, 117, 114], [129, 34, 60, 40, 158], [152, 125, 119, 100, 32, 63], [15, 82, 162, 177, 36, 4, 62, 18, 65, 87, 47, 121], [71, 67, 25, 181, 194, 3, 80, 27, 171, 79], [192, 6, 178, 14, 187, 24, 96, 175, 48]]",true
117,7320,5129,2-opt,CMT5.vrp,"[[189, 84, 8, 59, 166, 21, 93, 42, 104, 107], [123, 167, 51, 146, 73, 144], [30, 5, 108, 50, 130, 97, 106, 182, 185, 113], [11, 179, 103, 174, 140, 156, 89, 23, 183, 159, 195, 191, 157, 54], [85, 165, 163, 148, 92, 53, 115, 91, 186, 33, 139], [81, 17, 151, 56, 109, 39, 164, 20], [150, 7, 58, 154, 122, 173, 101, 64, 28, 188, 76, 116, 137, 197, 141, 105], [77, 128, 172, 37, 29, 184, 196, 136, 143, 170], [142, 127, 149, 98, 99, 10], [112, 90, 95, 102, 110, 57, 135, 66, 41, 45, 46], [74, 31, 52, 120, 168, 131, 190, 68, 61], [161, 49, 26, 134, 55, 35, 70, 12, 44, 160, 43, 83, 94, 198], [132, 88, 19, 2, 78, 9, 22, 126, 69, 169, 147], [124, 176, 138, 155, 193, 153, 13, 199, 16, 133, 38], [1, 180, 118, 111, 72, 75, 145, 86, 117, 114], [129, 34, 60, 40, 158], [152, 125, 119, 100, 32, 63], [15, 82, 162, 177, 36, 4, 62, 18, 65, 87, 47, 121], [71, 67, 25, 181, 194, 3, 80, 27, 171, 79], [192, 6, 178, 14, 187, 24, 96, 175, 48]]",true
118,7394,5113,2-opt,CMT5.vrp,"[[189, 84, 8, 59, 166, 21, 93, 42, 104, 107], [123, 167, 51, 146, 73, 144], [30, 5, 108, 50, 130, 97, 106, 182, 185, 113], [11, 179, 103, 174, 140, 156, 89, 23, 183, 159, 195, 191, 157, 54], [85, 165, 163, 148, 92, 53, 115, 91, 186, 33, 139], [81, 17, 151, 56, 109, 39, 164, 20], [28, 64, 101, 173, 122, 154, 58, 7, 150, 76, 188, 116, 137, 197, 141, 105], [77, 128, 172, 37, 29, 184, 196, 136, 143, 170], [142, 127, 149, 98, 99, 10], [112, 90, 95, 102, 110, 57, 135, 66, 41, 45, 46], [74, 31, 52, 120, 168, 131, 190, 68, 61], [161, 49, 26, 134, 55, 35, 70, 12, 44, 160, 43, 83, 94, 198], [132, 88, 19, 2, 78, 9, 22, 126, 69, 169, 147], [124, 176, 138, 155, 193, 153, 13, 199, 16, 133, 38], [1, 180, 118, 111, 72, 75, 145, 86, 117, 114], [129, 34, 60, 40, 158], [152, 125, 119, 100, 32, 63], [15, 82, 162, 177, 36, 4, 62, 18, 65, 87, 47, 121], [71, 67, 25, 181, 194, 3, 80, 27, 171, 79], [192, 6, 178, 14, 187, 24, 96, 175, 48]]",true
119,7441,5112,2-opt,CMT5.vrp,"[[189, 84, 8, 59, 166, 21, 93, 42, 104, 107], [123, 167, 51, 146, 73, 144], [30, 5, 108, 50, 130, 97, 106, 182, 185, 113], [11, 179, 103, 174, 140, 156, 89, 23, 183, 159, 195, 191, 157, 54], [85, 165, 163, 148, 92, 53, 115, 91, 186, 33, 139], [81, 17, 151, 56, 109, 39, 164, 20], [64, 28, 101, 173, 122, 154, 58, 7, 150, 76, 188, 116, 137, 197, 141, 105], [77, 128, 172, 37, 29, 184, 196, 136, 143, 170], [142, 127, 149, 98, 99, 10], [112, 90, 95, 102, 110, 57, 135, 66, 41, 45, 46], [74, 31, 52, 120, 168, 131, 190, 68, 61], [161, 49, 26, 134, 55, 35, 70, 12, 44, 160, 43, 83, 94, 198], [132, 88, 19, 2, 78, 9, 22, 126, 69, 169, 147], [124, 176, 138, 155, 193, 153, 13, 199, 16, 133, 38], [1, 180, 118, 111, 72, 75, 145, 86, 117, 114], [129, 34, 60, 40, 158], [152, 125, 119, 100, 32, 63], [15, 82, 162, 177, 36, 4, 62, 18, 65, 87, 47, 121], [71, 67, 25, 181, 194, 3, 80, 27, 171, 79], [192, 6, 178, 14, 187, 24, 96, 175, 48]]",true
120,7482,5111,2-opt,CMT5.vrp,"[[189, 84, 8, 59, 166, 21, 93, 42, 104, 107], [123, 167, 51, 146, 73, 144], [30, 5, 108, 50, 130, 97, 106, 182, 185, 113], [11, 179, 103, 174, 140, 156, 89, 23, 183, 159, 195, 191, 157, 54], [85, 165, 163, 148, 92, 53, 115, 91, 186, 33, 139], [81, 17, 151, 56, 109, 39, 164, 20], [101, 64, 28, 173, 122, 154, 58, 7, 150, 76, 188, 116, 137, 197, 141, 105], [77, 128, 172, 37, 29, 184, 196, 136, 143, 170], [142, 127, 149, 98, 99, 10], [112, 90, 95, 102, 110, 57, 135, 66, 41, 45, 46], [74, 31, 52, 120, 168, 131, 190, 68, 61], [161, 49, 26, 134, 55, 35, 70, 12, 44, 160, 43, 83, 94, 198], [132, 88, 19, 2, 78, 9, 22, 126, 69, 169, 147], [124, 176, 138, 155, 193, 153, 13, 199, 16, 133, 38], [1, 180, 118, 111, 72, 75, 145, 86, 117, 114], [129, 34, 60, 40, 158], [152, 125, 119, 100, 32, 63], [15, 82, 162, 177, 36, 4, 62, 18, 65, 87, 47, 121], [71, 67, 25, 181, 194, 3, 80, 27, 171, 79], [192, 6, 178, 14, 187, 24, 96, 175, 48]]",true
121,7566,5104,2-opt,CMT5.vrp,"[[189, 84, 8, 59, 166, 21, 93, 42, 104, 107], [123, 167, 51, 146, 73, 144], [30, 5, 108, 50, 130, 97, 106, 182, 185, 113], [11, 179, 103, 174, 140, 156, 89, 23, 183, 159, 195, 191, 157, 54], [85, 165, 163, 148, 92, 53, 115, 91, 186, 33, 139], [81, 17, 151, 56, 109, 39, 164, 20], [28, 64, 101, 173, 122, 154, 58, 7, 150, 76, 188, 116, 137, 141, 197, 105], [77, 128, 172, 37, 29, 184, 196, 136, 143, 170], [142, 127, 149, 98, 99, 10], [112, 90, 95, 102, 110, 57, 135, 66, 41, 45, 46], [74, 31, 52, 120, 168, 131, 190, 68, 61], [161, 49, 26, 134, 55, 35, 70, 12, 44, 160, 43, 83, 94, 198], [132, 88, 19, 2, 78, 9, 22, 126, 69, 169, 147], [124, 176, 138, 155, 193, 153, 13, 199, 16, 133, 38], [1, 180, 118, 111, 72, 75, 145, 86, 117, 114], [129, 34, 60, 40, 158], [152, 125, 119, 100, 32, 63], [15, 82, 162, 177, 36, 4, 62, 18, 65, 87, 47, 121], [71, 67, 25, 181, 194, 3, 80, 27, 171, 79], [192, 6, 178, 14, 187, 24, 96, 175, 48]]",true
122,7607,5104,2-opt,CMT5.vrp,"[[189, 84, 8, 59, 166, 21, 93, 42, 104, 107], [123, 167, 51, 146, 73, 144], [30, 5, 108, 50, 130, 97, 106, 182, 185, 113], [11, 179, 103, 174, 140, 156, 89, 23, 183, 159, 195, 191, 157, 54], [85, 165, 163, 148, 92, 53, 115, 91, 186, 33, 139], [81, 17, 151, 56, 109, 39, 164, 20], [64, 28, 101, 173, 122, 154, 58, 7, 150, 76, 188, 116, 137, 141, 197, 105], [77, 128, 172, 37, 29, 184, 196, 136, 143, 170], [142, 127, 149, 98, 99, 10], [112, 90, 95, 102, 110, 57, 135, 66, 41, 45, 46], [74, 31, 52, 120, 168, 131, 190, 68, 61], [161, 49, 26, 134, 55, 35, 70, 12, 44, 160, 43, 83, 94, 198], [132, 88, 19, 2, 78, 9, 22, 126, 69, 169, 147], [124, 176, 138, 155, 193, 153, 13, 199, 16, 133, 38], [1, 180, 118, 111, 72, 75, 145, 86, 117, 114], [129, 34, 60, 40, 158], [152, 125, 119, 100, 32, 63], [15, 82, 162, 177, 36, 4, 62, 18, 65, 87, 47, 121], [71, 67, 25, 181, 194, 3, 80, 27, 171, 79], [192, 6, 178, 14, 187, 24, 96, 175, 48]]",true
123,7665,5103,2-opt,CMT5.vrp,"[[189, 84, 8, 59, 166, 21, 93, 42, 104, 107], [123, 167, 51, 146, 73, 144], [30, 5, 108, 50, 130, 97, 106, 182, 185, 113], [11, 179, 103, 174, 140, 156, 89, 23, 183, 159, 195, 191, 157, 54], [85, 165, 163, 148, 92, 53, 115, 91, 186, 33, 139], [81, 17, 151, 56, 109, 39, 164, 20], [101, 64, 28, 173, 122, 154, 58, 7, 150, 76, 188, 116, 137, 141, 197, 105], [77, 128, 172, 37, 29, 184, 196, 136, 143, 170], [142, 127, 149, 98, 99, 10], [112, 90, 95, 102, 110, 57, 135, 66, 41, 45, 46], [74, 31, 52, 120, 168, 131, 190, 68, 61], [161, 49, 26, 134, 55, 35, 70, 12, 44, 160, 43, 83, 94, 198], [132, 88, 19, 2, 78, 9, 22, 126, 69, 169, 147], [124, 176, 138, 155, 193, 153, 13, 199, 16, 133, 38], [1, 180, 118, 111, 72, 75, 145, 86, 117, 114], [129, 34, 60, 40, 158], [152, 125, 119, 100, 32, 63], [15, 82, 162, 177, 36, 4, 62, 18, 65, 87, 47, 121], [71, 67, 25, 181, 194, 3, 80, 27, 171, 79], [192, 6, 178, 14, 187, 24, 96, 175, 48]]",true
124,7992,5102,2-opt,CMT5.vrp,"[[189, 84, 8, 59, 166, 21, 93, 42, 104, 107], [123, 167, 51, 146, 73, 144], [30, 5, 108, 50, 130, 97, 106, 182, 185, 113], [11, 179, 103, 174, 140, 156, 89, 23, 183, 159, 195, 191, 157, 54], [85, 165, 163, 148, 92, 53, 115, 91, 186, 33, 139], [81, 17, 151, 56, 109, 39, 164, 20], [101, 28, 64, 173, 122, 154, 58, 7, 150, 76, 188, 116, 137, 141, 197, 105], [77, 128, 172, 37, 29, 184, 196, 136, 143, 170], [142, 127, 149, 98, 99, 10], [112, 90, 95, 102, 110, 57, 135, 66, 41, 45, 46], [74, 31, 52, 120, 168, 131, 190, 68, 61], [161, 49, 26, 134, 55, 35, 70, 12, 44, 160, 43, 83, 94, 198], [132, 88, 19, 2, 78, 9, 22, 126, 69, 169, 147], [124, 176, 138, 155, 193, 153, 13, 199, 16, 133, 38], [1, 180, 118, 111, 72, 75, 145, 86, 117, 114], [129, 34, 60, 40, 158], [152, 125, 119, 100, 32, 63], [15, 82, 162, 177, 36, 4, 62, 18, 65, 87, 47, 121], [71, 67, 25, 181, 194, 3, 80, 27, 171, 79], [192, 6, 178, 14, 187, 24, 96, 175, 48]]",true
125,8141,5044,2-opt,CMT5.vrp,"[[189, 84, 8, 59, 166, 21, 93, 42, 104, 107], [123, 167, 51, 146, 73, 144], [30, 5, 108, 50, 130, 97, 106, 182, 185, 113], [11, 179, 103, 174, 140, 156, 89, 23, 183, 159, 195, 191, 157, 54], [85, 165, 163, 148, 92, 53, 115, 91, 186, 33, 139], [81, 17, 151, 56, 109, 39, 164, 20], [101, 28, 64, 173, 122, 154, 58, 7, 150, 76, 188, 116, 137, 141, 197, 105], [143, 136, 196, 184, 29, 37, 172, 128, 77, 170], [142, 127, 149, 98, 99, 10], [112, 90, 95, 102, 110, 57, 135, 66, 41, 45, 46], [74, 31, 52, 120, 168, 131, 190, 68, 61], [161, 49, 26, 134, 55, 35, 70, 12, 44, 160, 43, 83, 94, 198], [132, 88, 19, 2, 78, 9, 22, 126, 69, 169, 147], [124, 176, 138, 155, 193, 153, 13, 199, 16, 133, 38], [1, 180, 118, 111, 72, 75, 145, 86, 117, 114], [129, 34, 60, 40, 158], [152, 125, 119, 100, 32, 63], [15, 82, 162, 177, 36, 4, 62, 18, 65, 87, 47, 121], [71, 67, 25, 181, 194, 3, 80, 27, 171, 79], [192, 6, 178, 14, 187, 24, 96, 175, 48]]",true
126,8195,5044,2-opt,CMT5.vrp,"[[189, 84, 8, 59, 166, 21, 93, 42, 104, 107], [123, 167, 51, 146, 73, 144], [30, 5, 108, 50, 130, 97, 106, 182, 185, 113], [11, 179, 103, 174, 140, 156, 89, 23, 183, 159, 195, 191, 157, 54], [85, 165, 163, 148, 92, 53, 115, 91, 186, 33, 139], [81, 17, 151, 56, 109, 39, 164, 20], [101, 28, 64, 173, 122, 154, 58, 7, 150, 76, 188, 116, 137, 141, 197, 105], [136, 143, 196, 184, 29, 37, 172, 128, 77, 170], [142, 127, 149, 98, 99, 10], [112, 90, 95, 102, 110, 57, 135, 66, 41, 45, 46], [74, 31, 52, 120, 168, 131, 190, 68, 61], [161, 49, 26, 134, 55, 35, 70, 12, 44, 160, 43, 83, 94, 198], [132, 88, 19, 2, 78, 9, 22, 126, 69, 169, 147], [124, 176, 138, 155, 193, 153, 13, 199, 16, 133, 38], [1, 180, 118, 111, 72, 75, 145, 86, 117, 114], [129, 34, 60, 40, 158], [152, 125, 119, 100, 32, 63], [15, 82, 162, 177, 36, 4, 62, 18, 65, 87, 47, 121], [71, 67, 25, 181, 194, 3, 80, 27, 171, 79], [192, 6, 178, 14, 187, 24, 96, 175, 48]]",true
127,8230,5029,2-opt,CMT5.vrp,"[[189, 84, 8, 59, 166, 21, 93, 42, 104, 107], [123, 167, 51, 146, 73, 144], [30, 5, 108, 50, 130, 97, 106, 182, 185, 113], [11, 179, 103, 174, 140, 156, 89, 23, 183, 159, 195, 191, 157, 54], [85, 165, 163, 148, 92, 53, 115, 91, 186, 33, 139], [81, 17, 151, 56, 109, 39, 164, 20], [101, 28, 64, 173, 122, 154, 58, 7, 150, 76, 188, 116, 137, 141, 197, 105], [196, 136, 143, 184, 29, 37, 172, 128, 77, 170], [142, 127, 149, 98, 99, 10], [112, 90, 95, 102, 110, 57, 135, 66, 41, 45, 46], [74, 31, 52, 120, 168, 131, 190, 68, 61], [161, 49, 26, 134, 55, 35, 70, 12, 44, 160, 43, 83, 94, 198], [132, 88, 19, 2, 78, 9, 22, 126, 69, 169, 147], [124, 176, 138, 155, 193, 153, 13, 199, 16, 133, 38], [1, 180, 118, 111, 72, 75, 145, 86, 117, 114], [129, 34, 60, 40, 158], [152, 125, 119, 100, 32, 63], [15, 82, 162, 177, 36, 4, 62, 18, 65, 87, 47, 121], [71, 67, 25, 181, 194, 3, 80, 27, 171, 79], [192, 6, 178, 14, 187, 24, 96, 175, 48]]",true
128,8274,5024,2-opt,CMT5.vrp,"[[189, 84, 8, 59, 166, 21, 93, 42, 104, 107], [123, 167, 51, 146, 73, 144], [30, 5, 108, 50, 130, 97, 106, 182, 185, 113], [11, 179, 103, 174, 140, 156, 89, 23, 183, 159, 195, 191, 157, 54], [85, 165, 163, 148, 92, 53, 115, 91, 186, 33, 139], [81, 17, 151, 56, 109, 39, 164, 20], [101, 28, 64, 173, 122, 154, 58, 7, 150, 76, 188, 116, 137, 141, 197, 105], [143, 136, 196, 184, 172, 37, 29, 128, 77, 170], [142, 127, 149, 98, 99, 10], [112, 90, 95, 102, 110, 57, 135, 66, 41, 45, 46], [74, 31, 52, 120, 168, 131, 190, 68, 61], [161, 49, 26, 134, 55, 35, 70, 12, 44, 160, 43, 83, 94, 198], [132, 88, 19, 2, 78, 9, 22, 126, 69, 169, 147], [124, 176, 138, 155, 193, 153, 13, 199, 16, 133, 38], [1, 180, 118, 111, 72, 75, 145, 86, 117, 114], [129, 34, 60, 40, 158], [152, 125, 119, 100, 32, 63], [15, 82, 162, 177, 36, 4, 62, 18, 65, 87, 47, 121], [71, 67, 25, 181, 194, 3, 80, 27, 171, 79], [192, 6, 178, 14, 187, 24, 96, 175, 48]]",true
129,8320,5024,2-opt,CMT5.vrp,"[[189, 84, 8, 59, 166, 21, 93, 42, 104, 107], [123, 167, 51, 146, 73, 144], [30, 5, 108, 50, 130, 97, 106, 182, 185, 113], [11, 179, 103, 174, 140, 156, 89, 23, 183, 159, 195, 191, 157, 54], [85, 165, 163, 148, 92, 53, 115, 91, 186, 33, 139], [81, 17, 151, 56, 109, 39, 164, 20], [101, 28, 64, 173, 122, 154, 58, 7, 150, 76, 188, 116, 137, 141, 197, 105], [136, 143, 196, 184, 172, 37, 29, 128, 77, 170], [142, 127, 149, 98, 99, 10], [112, 90, 95, 102, 110, 57, 135, 66, 41, 45, 46], [74, 31, 52, 120, 168, 131, 190, 68, 61], [161, 49, 26, 134, 55, 35, 70, 12, 44, 160, 43, 83, 94, 198], [132, 88, 19, 2, 78, 9, 22, 126, 69, 169, 147], [124, 176, 138, 155, 193, 153, 13, 199, 16, 133, 38], [1, 180, 118, 111, 72, 75, 145, 86, 117, 114], [129, 34, 60, 40, 158], [152, 125, 119, 100, 32, 63], [15, 82, 162, 177, 36, 4, 62, 18, 65, 87, 47, 121], [71, 67, 25, 181, 194, 3, 80, 27, 171, 79], [192, 6, 178, 14, 187, 24, 96, 175, 48]]",true
130,8355,5010,2-opt,CMT5.vrp,"[[189, 84, 8, 59, 166, 21, 93, 42, 104, 107], [123, 167, 51, 146, 73, 144], [30, 5, 108, 50, 130, 97, 106, 182, 185, 113], [11, 179, 103, 174, 140, 156, 89, 23, 183, 159, 195, 191, 157, 54], [85, 165, 163, 148, 92, 53, 115, 91, 186, 33, 139], [81, 17, 151, 56, 109, 39, 164, 20], [101, 28, 64, 173, 122, 154, 58, 7, 150, 76, 188, 116, 137, 141, 197, 105], [196, 136, 143, 184, 172, 37, 29, 128, 77, 170], [142, 127, 149, 98, 99, 10], [112, 90, 95, 102, 110, 57, 135, 66, 41, 45, 46], [74, 31, 52, 120, 168, 131, 190, 68, 61], [161, 49, 26, 134, 55, 35, 70, 12, 44, 160, 43, 83, 94, 198], [132, 88, 19, 2, 78, 9, 22, 126, 69, 169, 147], [124, 176, 138, 155, 193, 153, 13, 199, 16, 133, 38], [1, 180, 118, 111, 72, 75, 145, 86, 117, 114], [129, 34, 60, 40, 158], [152, 125, 119, 100, 32, 63], [15, 82, 162, 177, 36, 4, 62, 18, 65, 87, 47, 121], [71, 67, 25, 181, 194, 3, 80, 27, 171, 79], [192, 6, 178, 14, 187, 24, 96, 175, 48]]",true
131,8403,5006,2-opt,CMT5.vrp,"[[189, 84, 8, 59, 166, 21, 93, 42, 104, 107], [123, 167, 51, 146, 73, 144], [30, 5, 108, 50, 130, 97, 106, 182, 185, 113], [11, 179, 103, 174, 140, 156, 89, 23, 183, 159, 195, 191, 157, 54], [85, 165, 163, 148, 92, 53, 115, 91, 186, 33, 139], [81, 17, 151, 56, 109, 39, 164, 20], [101, 28, 64, 173, 122, 154, 58, 7, 150, 76, 188, 116, 137, 141, 197, 105], [184, 143, 136, 196, 172, 37, 29, 128, 77, 170], [142, 127, 149, 98, 99, 10], [112, 90, 95, 102, 110, 57, 135, 66, 41, 45, 46], [74, 31, 52, 120, 168, 131, 190, 68, 61], [161, 49, 26, 134, 55, 35, 70, 12, 44, 160, 43, 83, 94, 198], [132, 88, 19, 2, 78, 9, 22, 126, 69, 169, 147], [124, 176, 138, 155, 193, 153, 13, 199, 16, 133, 38], [1, 180, 118, 111, 72, 75, 145, 86, 117, 114], [129, 34, 60, 40, 158], [152, 125, 119, 100, 32, 63], [15, 82, 162, 177, 36, 4, 62, 18, 65, 87, 47, 121], [71, 67, 25, 181, 194, 3, 80, 27, 171, 79], [192, 6, 178, 14, 187, 24, 96, 175, 48]]",true
132,8448,4997,2-opt,CMT5.vrp,"[[189, 84, 8, 59, 166, 21, 93, 42, 104, 107], [123, 167, 51, 146, 73, 144], [30, 5, 108, 50, 130, 97, 106, 182, 185, 113], [11, 179, 103, 174, 140, 156, 89, 23, 183, 159, 195, 191, 157, 54], [85, 165, 163, 148, 92, 53, 115, 91, 186, 33, 139], [81, 17, 151, 56, 109, 39, 164, 20], [101, 28, 64, 173, 122, 154, 58, 7, 150, 76, 188, 116, 137, 141, 197, 105], [196, 136, 143, 184, 172, 37, 29, 128, 170, 77], [142, 127, 149, 98, 99, 10], [112, 90, 95, 102, 110, 57, 135, 66, 41, 45, 46], [74, 31, 52, 120, 168, 131, 190, 68, 61], [161, 49, 26, 134, 55, 35, 70, 12, 44, 160, 43, 83, 94, 198], [132, 88, 19, 2, 78, 9, 22, 126, 69, 169, 147], [124, 176, 138, 155, 193, 153, 13, 199, 16, 133, 38], [1, 180, 118, 111, 72, 75, 145, 86, 117, 114], [129, 34, 60, 40, 158], [152, 125, 119, 100, 32, 63], [15, 82, 162, 177, 36, 4, 62, 18, 65, 87, 47, 121], [71, 67, 25, 181, 194, 3, 80, 27, 171, 79], [192, 6, 178, 14, 187, 24, 96, 175, 48]]",true
133,8482,4994,2-opt,CMT5.vrp,"[[189, 84, 8, 59, 166, 21, 93, 42, 104, 107], [123, 167, 51, 146, 73, 144], [30, 5, 108, 50, 130, 97, 106, 182, 185, 113], [11, 179, 103, 174, 140, 156, 89, 23, 183, 159, 195, 191, 157, 54], [85, 165, 163, 148, 92, 53, 115, 91, 186, 33, 139], [81, 17, 151, 56, 109, 39, 164, 20], [101, 28, 64, 173, 122, 154, 58, 7, 150, 76, 188, 116, 137, 141, 197, 105], [184, 143, 136, 196, 172, 37, 29, 128, 170, 77], [142, 127, 149, 98, 99, 10], [112, 90, 95, 102, 110, 57, 135, 66, 41, 45, 46], [74, 31, 52, 120, 168, 131, 190, 68, 61], [161, 49, 26, 134, 55, 35, 70, 12, 44, 160, 43, 83, 94, 198], [132, 88, 19, 2, 78, 9, 22, 126, 69, 169, 147], [124, 176, 138, 155, 193, 153, 13, 199, 16, 133, 38], [1, 180, 118, 111, 72, 75, 145, 86, 117, 114], [129, 34, 60, 40, 158], [152, 125, 119, 100, 32, 63], [15, 82, 162, 177, 36, 4, 62, 18, 65, 87, 47, 121], [71, 67, 25, 181, 194, 3, 80, 27, 171, 79], [192, 6, 178, 14, 187, 24, 96, 175, 48]]",true
134,8535,4994,2-opt,CMT5.vrp,"[[189, 84, 8, 59, 166, 21, 93, 42, 104, 107], [123, 167, 51, 146, 73, 144], [30, 5, 108, 50, 130, 97, 106, 182, 185, 113], [11, 179, 103, 174, 140, 156, 89, 23, 183, 159, 195, 191, 157, 54], [85, 165, 163, 148, 92, 53, 115, 91, 186, 33, 139], [81, 17, 151, 56, 109, 39, 164, 20], [101, 28, 64, 173, 122, 154, 58, 7, 150, 76, 188, 116, 137, 141, 197, 105], [77, 170, 128, 29, 37, 172, 196, 136, 143, 184], [142, 127, 149, 98, 99, 10], [112, 90, 95, 102, 110, 57, 135, 66, 41, 45, 46], [74, 31, 52, 120, 168, 131, 190, 68, 61], [161, 49, 26, 134, 55, 35, 70, 12, 44, 160, 43, 83, 94, 198], [132, 88, 19, 2, 78, 9, 22, 126, 69, 169, 147], [124, 176, 138, 155, 193, 153, 13, 199, 16, 133, 38], [1, 180, 118, 111, 72, 75, 145, 86, 117, 114], [129, 34, 60, 40, 158], [152, 125, 119, 100, 32, 63], [15, 82, 162, 177, 36, 4, 62, 18, 65, 87, 47, 121], [71, 67, 25, 181, 194, 3, 80, 27, 171, 79], [192, 6, 178, 14, 187, 24, 96, 175, 48]]",true
135,8598,4993,2-opt,CMT5.vrp,"[[189, 84, 8, 59, 166, 21, 93, 42, 104, 107], [123, 167, 51, 146, 73, 144], [30, 5, 108, 50, 130, 97, 106, 182, 185, 113], [11, 179, 103, 174, 140, 156, 89, 23, 183, 159, 195, 191, 157, 54], [85, 165, 163, 148, 92, 53, 115, 91, 186, 33, 139], [81, 17, 151, 56, 109, 39, 164, 20], [101, 28, 64, 173, 122, 154, 58, 7, 150, 76, 188, 116, 137, 141, 197, 105], [77, 170, 128, 29, 37, 172, 196, 136, 143, 184], [149, 127, 142, 98, 99, 10], [112, 90, 95, 102, 110, 57, 135, 66, 41, 45, 46], [74, 31, 52, 120, 168, 131, 190, 68, 61], [161, 49, 26, 134, 55, 35, 70, 12, 44, 160, 43, 83, 94, 198], [132, 88, 19, 2, 78, 9, 22, 126, 69, 169, 147], [124, 176, 138, 155, 193, 153, 13, 199, 16, 133, 38], [1, 180, 118, 111, 72, 75, 145, 86, 117, 114], [129, 34, 60, 40, 158], [152, 125, 119, 100, 32, 63], [15, 82, 162, 177, 36, 4, 62, 18, 65, 87, 47, 121], [71, 67, 25, 181, 194, 3, 80, 27, 171, 79], [192, 6, 178, 14, 187, 24, 96, 175, 48]]",true
136,8643,4984,2-opt,CMT5.vrp,"[[189, 84, 8, 59, 166, 21, 93, 42, 104, 107], [123, 167, 51, 146, 73, 144], [30, 5, 108, 50, 130, 97, 106, 182, 185, 113], [11, 179, 103, 174, 140, 156, 89, 23, 183, 159, 195, 191, 157, 54], [85, 165, 163, 148, 92, 53, 115, 91, 186, 33, 139], [81, 17, 151, 56, 109, 39, 164, 20], [101, 28, 64, 173, 122, 154, 58, 7, 150, 76, 188, 116, 137, 141, 197, 105], [77, 170, 128, 29, 37, 172, 196, 136, 143, 184], [142, 127, 99, 98, 149, 10], [112, 90, 95, 102, 110, 57, 135, 66, 41, 45, 46], [74, 31, 52, 120, 168, 131, 190, 68, 61], [161, 49, 26, 134, 55, 35, 70, 12, 44, 160, 43, 83, 94, 198], [132, 88, 19, 2, 78, 9, 22, 126, 69, 169, 147], [124, 176, 138, 155, 193, 153, 13, 199, 16, 133, 38], [1, 180, 118, 111, 72, 75, 145, 86, 117, 114], [129, 34, 60, 40, 158], [152, 125, 119, 100, 32, 63], [15, 82, 162, 177, 36, 4, 62, 18, 65, 87, 47, 121], [71, 67, 25, 181, 194, 3, 80, 27, 171, 79], [192, 6, 178, 14, 187, 24, 96, 175, 48]]",true
137,8680,4979,2-opt,CMT5.vrp,"[[189, 84, 8, 59, 166, 21, 93, 42, 104, 107], [123, 167, 51, 146, 73, 144], [30, 5, 108, 50, 130, 97, 106, 182, 185, 113], [11, 179, 103, 174, 140, 156, 89, 23, 183, 159, 195, 191, 157, 54], [85, 165, 163, 148, 92, 53, 115, 91, 186, 33, 139], [81, 17, 151, 56, 109, 39, 164, 20], [101, 28, 64, 173, 122, 154, 58, 7, 150, 76, 188, 116, 137, 141, 197, 105], [77, 170, 128, 29, 37, 172, 196, 136, 143, 184], [142, 127, 149, 10, 99, 98], [112, 90, 95, 102, 110, 57, 135, 66, 41, 45, 46], [74, 31, 52, 120, 168, 131, 190, 68, 61], [161, 49, 26, 134, 55, 35, 70, 12, 44, 160, 43, 83, 94, 198], [132, 88, 19, 2, 78, 9, 22, 126, 69, 169, 147], [124, 176, 138, 155, 193, 153, 13, 199, 16, 133, 38], [1, 180, 118, 111, 72, 75, 145, 86, 117, 114], [129, 34, 60, 40, 158], [152, 125, 119, 100, 32, 63], [15, 82, 162, 177, 36, 4, 62, 18, 65, 87, 47, 121], [71, 67, 25, 181, 194, 3, 80, 27, 171, 79], [192, 6, 178, 14, 187, 24, 96, 175, 48]]",true
138,8716,4967,2-opt,CMT5.vrp,"[[189, 84, 8, 59, 166, 21, 93, 42, 104, 107], [123, 167, 51, 146, 73, 144], [30, 5, 108, 50, 130, 97, 106, 182, 185, 113], [11, 179, 103, 174, 140, 156, 89, 23, 183, 159, 195, 191, 157, 54], [85, 165, 163, 148, 92, 53, 115, 91, 186, 33, 139], [81, 17, 151, 56, 109, 39, 164, 20], [101, 28, 64, 173, 122, 154, 58, 7, 150, 76, 188, 116, 137, 141, 197, 105], [77, 170, 128, 29, 37, 172, 196, 136, 143, 184], [142, 98, 99, 10, 149, 127], [112, 90, 95, 102, 110, 57, 135, 66, 41, 45, 46], [74, 31, 52, 120, 168, 131, 190, 68, 61], [161, 49, 26, 134, 55, 35, 70, 12, 44, 160, 43, 83, 94, 198], [132, 88, 19, 2, 78, 9, 22, 126, 69, 169, 147], [124, 176, 138, 155, 193, 153, 13, 199, 16, 133, 38], [1, 180, 118, 111, 72, 75, 145, 86, 117, 114], [129, 34, 60, 40, 158], [152, 125, 119, 100, 32, 63], [15, 82, 162, 177, 36, 4, 62, 18, 65, 87, 47, 121], [71, 67, 25, 181, 194, 3, 80, 27, 171, 79], [192, 6, 178, 14, 187, 24, 96, 175, 48]]",true
139,8756,4967,2-opt,CMT5.vrp,"[[189, 84, 8, 59, 166, 21, 93, 42, 104, 107], [123, 167, 51, 146, 73, 144], [30, 5, 108, 50, 130, 97, 106, 182, 185, 113], [11, 179, 103, 174, 140, 156, 89, 23, 183, 159, 195, 191, 157, 54], [85, 165, 163, 148, 92, 53, 115, 91, 186, 33, 139], [81, 17, 151, 56, 109, 39, 164, 20], [101, 28, 64, 173, 122, 154, 58, 7, 150, 76, 188, 116, 137, 141, 197, 105], [77, 170, 128, 29, 37, 172, 196, 136, 143, 184], [127, 149, 10, 99, 98, 142], [112, 90, 95, 102, 110, 57, 135, 66, 41, 45, 46], [74, 31, 52, 120, 168, 131, 190, 68, 61], [161, 49, 26, 134, 55, 35, 70, 12, 44, 160, 43, 83, 94, 198], [132, 88, 19, 2, 78, 9, 22, 126, 69, 169, 147], [124, 176, 138, 155, 193, 153, 13, 199, 16, 133, 38], [1, 180, 118, 111, 72, 75, 145, 86, 117, 114], [129, 34, 60, 40, 158], [152, 125, 119, 100, 32, 63], [15, 82, 162, 177, 36, 4, 62, 18, 65, 87, 47, 121], [71, 67, 25, 181, 194, 3, 80, 27, 171, 79], [192, 6, 178, 14, 187, 24, 96, 175, 48]]",true
140,8792,4965,2-opt,CMT5.vrp,"[[189, 84, 8, 59, 166, 21, 93, 42, 104, 107], [123, 167, 51, 146, 73, 144], [30, 5, 108, 50, 130, 97, 106, 182, 185, 113], [11, 179, 103, 174, 140, 156, 89, 23, 183, 159, 195, 191, 157, 54], [85, 165, 163, 148, 92, 53, 115, 91, 186, 33, 139], [81, 17, 151, 56, 109, 39, 164, 20], [101, 28, 64, 173, 122, 154, 58, 7, 150, 76, 188, 116, 137, 141, 197, 105], [77, 170, 128, 29, 37, 172, 196, 136, 143, 184], [142, 98, 99, 149, 10, 127], [112, 90, 95, 102, 110, 57, 135, 66, 41, 45, 46], [74, 31, 52, 120, 168, 131, 190, 68, 61], [161, 49, 26, 134, 55, 35, 70, 12, 44, 160, 43, 83, 94, 198], [132, 88, 19, 2, 78, 9, 22, 126, 69, 169, 147], [124, 176, 138, 155, 193, 153, 13, 199, 16, 133, 38], [1, 180, 118, 111, 72, 75, 145, 86, 117, 114], [129, 34, 60, 40, 158], [152, 125, 119, 100, 32, 63], [15, 82, 162, 177, 36, 4, 62, 18, 65, 87, 47, 121], [71, 67, 25, 181, 194, 3, 80, 27, 171, 79], [192, 6, 178, 14, 187, 24, 96, 175, 48]]",true
141,8833,4965,2-opt,CMT5.vrp,"[[189, 84, 8, 59, 166, 21, 93, 42, 104, 107], [123, 167, 51, 146, 73, 144], [30, 5, 108, 50, 130, 97, 106, 182, 185, 113], [11, 179, 103, 174, 140, 156, 89, 23, 183, 159, 195, 191, 157, 54], [85, 165, 163, 148, 92, 53, 115, 91, 186, 33, 139], [81, 17, 151, 56, 109, 39, 164, 20], [101, 28, 64, 173, 122, 154, 58, 7, 150, 76, 188, 116, 137, 141, 197, 105], [77, 170, 128, 29, 37, 172, 196, 136, 143, 184], [127, 10, 149, 99, 98, 142], [112, 90, 95, 102, 110, 57, 135, 66, 41, 45, 46], [74, 31, 52, 120, 168, 131, 190, 68, 61], [161, 49, 26, 134, 55, 35, 70, 12, 44, 160, 43, 83, 94, 198], [132, 88, 19, 2, 78, 9, 22, 126, 69, 169, 147], [124, 176, 138, 155, 193, 153, 13, 199, 16, 133, 38], [1, 180, 118, 111, 72, 75, 145, 86, 117, 114], [129, 34, 60, 40, 158], [152, 125, 119, 100, 32, 63], [15, 82, 162, 177, 36, 4, 62, 18, 65, 87, 47, 121], [71, 67, 25, 181, 194, 3, 80, 27, 171, 79], [192, 6, 178, 14, 187, 24, 96, 175, 48]]",true
142,8881,4954,2-opt,CMT5.vrp,"[[189, 84, 8, 59, 166, 21, 93, 42, 104, 107], [123, 167, 51, 146, 73, 144], [30, 5, 108, 50, 130, 97, 106, 182, 185, 113], [11, 179, 103, 174, 140, 156, 89, 23, 183, 159, 195, 191, 157, 54], [85, 165, 163, 148, 92, 53, 115, 91, 186, 33, 139], [81, 17, 151, 56, 109, 39, 164, 20], [101, 28, 64, 173, 122, 154, 58, 7, 150, 76, 188, 116, 137, 141, 197, 105], [77, 170, 128, 29, 37, 172, 196, 136, 143, 184], [127, 10, 149, 99, 98, 142], [135, 57, 110, 102, 95, 90, 112, 66, 41, 45, 46], [74, 31, 52, 120, 168, 131, 190, 68, 61], [161, 49, 26, 134, 55, 35, 70, 12, 44, 160, 43, 83, 94, 198], [132, 88, 19, 2, 78, 9, 22, 126, 69, 169, 147], [124, 176, 138, 155, 193, 153, 13, 199, 16, 133, 38], [1, 180, 118, 111, 72, 75, 145, 86, 117, 114], [129, 34, 60, 40, 158], [152, 125, 119, 100, 32, 63], [15, 82, 162, 177, 36, 4, 62, 18, 65, 87, 47, 121], [71, 67, 25, 181, 194, 3, 80, 27, 171, 79], [192, 6, 178, 14, 187, 24, 96, 175, 48]]",true
143,8922,4933,2-opt,CMT5.vrp,"[[189, 84, 8, 59, 166, 21, 93, 42, 104, 107], [123, 167, 51, 146, 73, 144], [30, 5, 108, 50, 130, 97, 106, 182, 185, 113], [11, 179, 103, 174, 140, 156, 89, 23, 183, 159, 195, 191, 157, 54], [85, 165, 163, 148, 92, 53, 115, 91, 186, 33, 139], [81, 17, 151, 56, 109, 39, 164, 20], [101, 28, 64, 173, 122, 154, 58, 7, 150, 76, 188, 116, 137, 141, 197, 105], [77, 170, 128, 29, 37, 172, 196, 136, 143, 184], [127, 10, 149, 99, 98, 142], [112, 66, 135, 57, 110, 102, 95, 90, 41, 45, 46], [74, 31, 52, 120, 168, 131, 190, 68, 61], [161, 49, 26, 134, 55, 35, 70, 12, 44, 160, 43, 83, 94, 198], [132, 88, 19, 2, 78, 9, 22, 126, 69, 169, 147], [124, 176, 138, 155, 193, 153, 13, 199, 16, 133, 38], [1, 180, 118, 111, 72, 75, 145, 86, 117, 114], [129, 34, 60, 40, 158], [152, 125, 119, 100, 32, 63], [15, 82, 162, 177, 36, 4, 62, 18, 65, 87, 47, 121], [71, 67, 25, 181, 194, 3, 80, 27, 171, 79], [192, 6, 178, 14, 187, 24, 96, 175, 48]]",true
144,8961,4916,2-opt,CMT5.vrp,"[[189, 84, 8, 59, 166, 21, 93, 42, 104, 107], [123, 167, 51, 146, 73, 144], [30, 5, 108, 50, 130, 97, 106, 182, 185, 113], [11, 179, 103, 174, 140, 156, 89, 23, 183, 159, 195, 191, 157, 54], [85, 165, 163, 148, 92, 53, 115, 91, 186, 33, 139], [81, 17, 151, 56, 109, 39, 164, 20], [101, 28, 64, 173, 122, 154, 58, 7, 150, 76, 188, 116, 137, 141, 197, 105], [77, 170, 128, 29, 37, 172, 196, 136, 143, 184], [127, 10, 149, 99, 98, 142], [112, 90, 41, 66, 135, 57, 110, 102, 95, 45, 46], [74, 31, 52, 120, 168, 131, 190, 68, 61], [161, 49, 26, 134, 55, 35, 70, 12, 44, 160, 43, 83, 94, 198], [132, 88, 19, 2, 78, 9, 22, 126, 69, 169, 147], [124, 176, 138, 155, 193, 153, 13, 199, 16, 133, 38], [1, 180, 118, 111, 72, 75, 145, 86, 117, 114], [129, 34, 60, 40, 158], [152, 125, 119, 100, 32, 63], [15, 82, 162, 177, 36, 4, 62, 18, 65, 87, 47, 121], [71, 67, 25, 181, 194, 3, 80, 27, 171, 79], [192, 6, 178, 14, 187, 24, 96, 175, 48]]",true
145,9091,4910,2-opt,CMT5.vrp,"[[189, 84, 8, 59, 166, 21, 93, 42, 104, 107], [123, 167, 51, 146, 73, 144], [30, 5, 108, 50, 130, 97, 106, 182, 185, 113], [11, 179, 103, 174, 140, 156, 89, 23, 183, 159, 195, 191, 157, 54], [85, 165, 163, 148, 92, 53, 115, 91, 186, 33, 139], [81, 17, 151, 56, 109, 39, 164, 20], [101, 28, 64, 173, 122, 154, 58, 7, 150, 76, 188, 116, 137, 141, 197, 105], [77, 170, 128, 29, 37, 172, 196, 136, 143, 184], [127, 10, 149, 99, 98, 142], [95, 102, 110, 57, 135, 66, 41, 90, 112, 45, 46], [74, 31, 52, 120, 168, 131, 190, 68, 61], [161, 49, 26, 134, 55, 35, 70, 12, 44, 160, 43, 83, 94, 198], [132, 88, 19, 2, 78, 9, 22, 126, 69, 169, 147], [124, 176, 138, 155, 193, 153, 13, 199, 16, 133, 38], [1, 180, 118, 111, 72, 75, 145, 86, 117, 114], [129, 34, 60, 40, 158], [152, 125, 119, 100, 32, 63], [15, 82, 162, 177, 36, 4, 62, 18, 65, 87, 47, 121], [71, 67, 25, 181, 194, 3, 80, 27, 171, 79], [192, 6, 178, 14, 187, 24, 96, 175, 48]]",true
146,9134,4897,2-opt,CMT5.vrp,"[[189, 84, 8, 59, 166, 21, 93, 42, 104, 107], [123, 167, 51, 146, 73, 144], [30, 5, 108, 50, 130, 97, 106, 182, 185, 113], [11, 179, 103, 174, 140, 156, 89, 23, 183, 159, 195, 191, 157, 54], [85, 165, 163, 148, 92, 53, 115, 91, 186, 33, 139], [81, 17, 151, 56, 109, 39, 164, 20], [101, 28, 64, 173, 122, 154, 58, 7, 150, 76, 188, 116, 137, 141, 197, 105], [77, 170, 128, 29, 37, 172, 196, 136, 143, 184], [127, 10, 149, 99, 98, 142], [112, 66, 41, 90, 135, 57, 110, 102, 95, 45, 46], [74, 31, 52, 120, 168, 131, 190, 68, 61], [161, 49, 26, 134, 55, 35, 70, 12, 44, 160, 43, 83, 94, 198], [132, 88, 19, 2, 78, 9, 22, 126, 69, 169, 147], [124, 176, 138, 155, 193, 153, 13, 199, 16, 133, 38], [1, 180, 118, 111, 72, 75, 145, 86, 117, 114], [129, 34, 60, 40, 158], [152, 125, 119, 100, 32, 63], [15, 82, 162, 177, 36, 4, 62, 18, 65, 87, 47, 121], [71, 67, 25, 181, 194, 3, 80, 27, 171, 79], [192, 6, 178, 14, 187, 24, 96, 175, 48]]",true
147,9186,4894,2-opt,CMT5.vrp,"[[189, 84, 8, 59, 166, 21, 93, 42, 104, 107], [123, 167, 51, 146, 73, 144], [30, 5, 108, 50, 130, 97, 106, 182, 185, 113], [11, 179, 103, 174, 140, 156, 89, 23, 183, 159, 195, 191, 157, 54], [85, 165, 163, 148, 92, 53, 115, 91, 186, 33, 139], [81, 17, 151, 56, 109, 39, 164, 20], [101, 28, 64, 173, 122, 154, 58, 7, 150, 76, 188, 116, 137, 141, 197, 105], [77, 170, 128, 29, 37, 172, 196, 136, 143, 184], [127, 10, 149, 99, 98, 142], [112, 90, 41, 66, 135, 110, 57, 102, 95, 45, 46], [74, 31, 52, 120, 168, 131, 190, 68, 61], [161, 49, 26, 134, 55, 35, 70, 12, 44, 160, 43, 83, 94, 198], [132, 88, 19, 2, 78, 9, 22, 126, 69, 169, 147], [124, 176, 138, 155, 193, 153, 13, 199, 16, 133, 38], [1, 180, 118, 111, 72, 75, 145, 86, 117, 114], [129, 34, 60, 40, 158], [152, 125, 119, 100, 32, 63], [15, 82, 162, 177, 36, 4, 62, 18, 65, 87, 47, 121], [71, 67, 25, 181, 194, 3, 80, 27, 171, 79], [192, 6, 178, 14, 187, 24, 96, 175, 48]]",true
148,9229,4884,2-opt,CMT5.vrp,"[[189, 84, 8, 59, 166, 21, 93, 42, 104, 107], [123, 167, 51, 146, 73, 144], [30, 5, 108, 50, 130, 97, 106, 182, 185, 113], [11, 179, 103, 174, 140, 156, 89, 23, 183, 159, 195, 191, 157, 54], [85, 165, 163, 148, 92, 53, 115, 91, 186, 33, 139], [81, 17, 151, 56, 109, 39, 164, 20], [101, 28, 64, 173, 122, 154, 58, 7, 150, 76, 188, 116, 137, 141, 197, 105], [77, 170, 128, 29, 37, 172, 196, 136, 143, 184], [127, 10, 149, 99, 98, 142], [112, 90, 41, 66, 135, 57, 110, 102, 46, 45, 95], [74, 31, 52, 120, 168, 131, 190, 68, 61], [161, 49, 26, 134, 55, 35, 70, 12, 44, 160, 43, 83, 94, 198], [132, 88, 19, 2, 78, 9, 22, 126, 69, 169, 147], [124, 176, 138, 155, 193, 153, 13, 199, 16, 133, 38], [1, 180, 118, 111, 72, 75, 145, 86, 117, 114], [129, 34, 60, 40, 158], [152, 125, 119, 100, 32, 63], [15, 82, 162, 177, 36, 4, 62, 18, 65, 87, 47, 121], [71, 67, 25, 181, 194, 3, 80, 27, 171, 79], [192, 6, 178, 14, 187, 24, 96, 175, 48]]",true
149,9273,4883,2-opt,CMT5.vrp,"[[189, 84, 8, 59, 166, 21, 93, 42, 104, 107], [123, 167, 51, 146, 73, 144], [30, 5, 108, 50, 130, 97, 106, 182, 185, 113], [11, 179, 103, 174, 140, 156, 89, 23, 183, 159, 195, 191, 157, 54], [85, 165, 163, 148, 92, 53, 115, 91, 186, 33, 139], [81, 17, 151, 56, 109, 39, 164, 20], [101, 28, 64, 173, 122, 154, 58, 7, 150, 76, 188, 116, 137, 141, 197, 105], [77, 170, 128, 29, 37, 172, 196, 136, 143, 184], [127, 10, 149, 99, 98, 142], [45, 46, 102, 110, 57, 135, 66, 41, 90, 112, 95], [74, 31, 52, 120, 168, 131, 190, 68, 61], [161, 49, 26, 134, 55, 35, 70, 12, 44, 160, 43, 83, 94, 198], [132, 88, 19, 2, 78, 9, 22, 126, 69, 169, 147], [124, 176, 138, 155, 193, 153, 13, 199, 16, 133, 38], [1, 180, 118, 111, 72, 75, 145, 86, 117, 114], [129, 34, 60, 40, 158], [152, 125, 119, 100, 32, 63], [15, 82, 162, 177, 36, 4, 62, 18, 65, 87, 47, 121], [71, 67, 25, 181, 194, 3, 80, 27, 171, 79], [192, 6, 178, 14, 187, 24, 96, 175, 48]]",true
150,9322,4865,2-opt,CMT5.vrp,"[[189, 84, 8, 59, 166, 21, 93, 42, 104, 107], [123, 167, 51, 146, 73, 144], [30, 5, 108, 50, 130, 97, 106, 182, 185, 113], [11, 179, 103, 174, 140, 156, 89, 23, 183, 159, 195, 191, 157, 54], [85, 165, 163, 148, 92, 53, 115, 91, 186, 33, 139], [81, 17, 151, 56, 109, 39, 164, 20], [101, 28, 64, 173, 122, 154, 58, 7, 150, 76, 188, 116, 137, 141, 197, 105], [77, 170, 128, 29, 37, 172, 196, 136, 143, 184], [127, 10, 149, 99, 98, 142], [112, 66, 41, 90, 135, 57, 110, 102, 46, 45, 95], [74, 31, 52, 120, 168, 131, 190, 68, 61], [161, 49, 26, 134, 55, 35, 70, 12, 44, 160, 43, 83, 94, 198], [132, 88, 19, 2, 78, 9, 22, 126, 69, 169, 147], [124, 176, 138, 155, 193, 153, 13, 199, 16, 133, 38], [1, 180, 118, 111, 72, 75, 145, 86, 117, 114], [129, 34, 60, 40, 158], [152, 125, 119, 100, 32, 63], [15, 82, 162, 177, 36, 4, 62, 18, 65, 87, 47, 121], [71, 67, 25, 181, 194, 3, 80, 27, 171, 79], [192, 6, 178, 14, 187, 24, 96, 175, 48]]",true
151,9373,4863,2-opt,CMT5.vrp,"[[189, 84, 8, 59, 166, 21, 93, 42, 104, 107], [123, 167, 51, 146, 73, 144], [30, 5, 108, 50, 130, 97, 106, 182, 185, 113], [11, 179, 103, 174, 140, 156, 89, 23, 183, 159, 195, 191, 157, 54], [85, 165, 163, 148, 92, 53, 115, 91, 186, 33, 139], [81, 17, 151, 56, 109, 39, 164, 20], [101, 28, 64, 173, 122, 154, 58, 7, 150, 76, 188, 116, 137, 141, 197, 105], [77, 170, 128, 29, 37, 172, 196, 136, 143, 184], [127, 10, 149, 99, 98, 142], [112, 90, 41, 66, 135, 110, 57, 102, 46, 45, 95], [74, 31, 52, 120, 168, 131, 190, 68, 61], [161, 49, 26, 134, 55, 35, 70, 12, 44, 160, 43, 83, 94, 198], [132, 88, 19, 2, 78, 9, 22, 126, 69, 169, 147], [124, 176, 138, 155, 193, 153, 13, 199, 16, 133, 38], [1, 180, 118, 111, 72, 75, 145, 86, 117, 114], [129, 34, 60, 40, 158], [152, 125, 119, 100, 32, 63], [15, 82, 162, 177, 36, 4, 62, 18, 65, 87, 47, 121], [71, 67, 25, 181, 194, 3, 80, 27, 171, 79], [192, 6, 178, 14, 187, 24, 96, 175, 48]]",true
152,9427,4862,2-opt,CMT5.vrp,"[[189, 84, 8, 59, 166, 21, 93, 42, 104, 107], [123, 167, 51, 146, 73, 144], [30, 5, 108, 50, 130, 97, 106, 182, 185, 113], [11, 179, 103, 174, 140, 156, 89, 23, 183, 159, 195, 191, 157, 54], [85, 165, 163, 148, 92, 53, 115, 91, 186, 33, 139], [81, 17, 151, 56, 109, 39, 164, 20], [101, 28, 64, 173, 122, 154, 58, 7, 150, 76, 188, 116, 137, 141, 197, 105], [77, 170, 128, 29, 37, 172, 196, 136, 143, 184], [127, 10, 149, 99, 98, 142], [45, 46, 102, 57, 110, 135, 66, 41, 90, 112, 95], [74, 31, 52, 120, 168, 131, 190, 68, 61], [161, 49, 26, 134, 55, 35, 70, 12, 44, 160, 43, 83, 94, 198], [132, 88, 19, 2, 78, 9, 22, 126, 69, 169, 147], [124, 176, 138, 155, 193, 153, 13, 199, 16, 133, 38], [1, 180, 118, 111, 72, 75, 145, 86, 117, 114], [129, 34, 60, 40, 158], [152, 125, 119, 100, 32, 63], [15, 82, 162, 177, 36, 4, 62, 18, 65, 87, 47, 121], [71, 67, 25, 181, 194, 3, 80, 27, 171, 79], [192, 6, 178, 14, 187, 24, 96, 175, 48]]",true
153,9467,4844,2-opt,CMT5.vrp,"[[189, 84, 8, 59, 166, 21, 93, 42, 104, 107], [123, 167, 51, 146, 73, 144], [30, 5, 108, 50, 130, 97, 106, 182, 185, 113], [11, 179, 103, 174, 140, 156, 89, 23, 183, 159, 195, 191, 157, 54], [85, 165, 163, 148, 92, 53, 115, 91, 186, 33, 139], [81, 17, 151, 56, 109, 39, 164, 20], [101, 28, 64, 173, 122, 154, 58, 7, 150, 76, 188, 116, 137, 141, 197, 105], [77, 170, 128, 29, 37, 172, 196, 136, 143, 184], [127, 10, 149, 99, 98, 142], [112, 66, 41, 90, 135, 110, 57, 102, 46, 45, 95], [74, 31, 52, 120, 168, 131, 190, 68, 61], [161, 49, 26, 134, 55, 35, 70, 12, 44, 160, 43, 83, 94, 198], [132, 88, 19, 2, 78, 9, 22, 126, 69, 169, 147], [124, 176, 138, 155, 193, 153, 13, 199, 16, 133, 38], [1, 180, 118, 111, 72, 75, 145, 86, 117, 114], [129, 34, 60, 40, 158], [152, 125, 119, 100, 32, 63], [15, 82, 162, 177, 36, 4, 62, 18, 65, 87, 47, 121], [71, 67, 25, 181, 194, 3, 80, 27, 171, 79], [192, 6, 178, 14, 187, 24, 96, 175, 48]]",true
154,9526,4843,2-opt,CMT5.vrp,"[[189, 84, 8, 59, 166, 21, 93, 42, 104, 107], [123, 167, 51, 146, 73, 144], [30, 5, 108, 50, 130, 97, 106, 182, 185, 113], [11, 179, 103, 174, 140, 156, 89, 23, 183, 159, 195, 191, 157, 54], [85, 165, 163, 148, 92, 53, 115, 91, 186, 33, 139], [81, 17, 151, 56, 109, 39, 164, 20], [101, 28, 64, 173, 122, 154, 58, 7, 150, 76, 188, 116, 137, 141, 197, 105], [77, 170, 128, 29, 37, 172, 196, 136, 143, 184], [127, 10, 149, 99, 98, 142], [45, 46, 102, 57, 110, 135, 90, 41, 66, 112, 95], [74, 31, 52, 120, 168, 131, 190, 68, 61], [161, 49, 26, 134, 55, 35, 70, 12, 44, 160, 43, 83, 94, 198], [132, 88, 19, 2, 78, 9, 22, 126, 69, 169, 147], [124, 176, 138, 155, 193, 153, 13, 199, 16, 133, 38], [1, 180, 118, 111, 72, 75, 145, 86, 117, 114], [129, 34, 60, 40, 158], [152, 125, 119, 100, 32, 63], [15, 82, 162, 177, 36, 4, 62, 18, 65, 87, 47, 121], [71, 67, 25, 181, 194, 3, 80, 27, 171, 79], [192, 6, 178, 14, 187, 24, 96, 175, 48]]",true
155,9593,4843,2-opt,CMT5.vrp,"[[189, 84, 8, 59, 166, 21, 93, 42, 104, 107], [123, 167, 51, 146, 73, 144], [30, 5, 108, 50, 130, 97, 106, 182, 185, 113], [11, 179, 103, 174, 140, 156, 89, 23, 183, 159, 195, 191, 157, 54], [85, 165, 163, 148, 92, 53, 115, 91, 186, 33, 139], [81, 17, 151, 56, 109, 39, 164, 20], [101, 28, 64, 173, 122, 154, 58, 7, 150, 76, 188, 116, 137, 141, 197, 105], [77, 170, 128, 29, 37, 172, 196, 136, 143, 184], [127, 10, 149, 99, 98, 142], [95, 112, 66, 41, 90, 135, 110, 57, 102, 46, 45], [74, 31, 52, 120, 168, 131, 190, 68, 61], [161, 49, 26, 134, 55, 35, 70, 12, 44, 160, 43, 83, 94, 198], [132, 88, 19, 2, 78, 9, 22, 126, 69, 169, 147], [124, 176, 138, 155, 193, 153, 13, 199, 16, 133, 38], [1, 180, 118, 111, 72, 75, 145, 86, 117, 114], [129, 34, 60, 40, 158], [152, 125, 119, 100, 32, 63], [15, 82, 162, 177, 36, 4, 62, 18, 65, 87, 47, 121], [71, 67, 25, 181, 194, 3, 80, 27, 171, 79], [192, 6, 178, 14, 187, 24, 96, 175, 48]]",true
156,9677,4836,2-opt,CMT5.vrp,"[[189, 84, 8, 59, 166, 21, 93, 42, 104, 107], [123, 167, 51, 146, 73, 144], [30, 5, 108, 50, 130, 97, 106, 182, 185, 113], [11, 179, 103, 174, 140, 156, 89, 23, 183, 159, 195, 191, 157, 54], [85, 165, 163, 148, 92, 53, 115, 91, 186, 33, 139], [81, 17, 151, 56, 109, 39, 164, 20], [101, 28, 64, 173, 122, 154, 58, 7, 150, 76, 188, 116, 137, 141, 197, 105], [77, 170, 128, 29, 37, 172, 196, 136, 143, 184], [127, 10, 149, 99, 98, 142], [95, 112, 66, 41, 90, 135, 110, 57, 102, 46, 45], [120, 52, 31, 74, 168, 131, 190, 68, 61], [161, 49, 26, 134, 55, 35, 70, 12, 44, 160, 43, 83, 94, 198], [132, 88, 19, 2, 78, 9, 22, 126, 69, 169, 147], [124, 176, 138, 155, 193, 153, 13, 199, 16, 133, 38], [1, 180, 118, 111, 72, 75, 145, 86, 117, 114], [129, 34, 60, 40, 158], [152, 125, 119, 100, 32, 63], [15, 82, 162, 177, 36, 4, 62, 18, 65, 87, 47, 121], [71, 67, 25, 181, 194, 3, 80, 27, 171, 79], [192, 6, 178, 14, 187, 24, 96, 175, 48]]",true
157,9721,4815,2-opt,CMT5.vrp,"[[189, 84, 8, 59, 166, 21, 93, 42, 104, 107], [123, 167, 51, 146, 73, 144], [30, 5, 108, 50, 130, 97, 106, 182, 185, 113], [11, 179, 103, 174, 140, 156, 89, 23, 183, 159, 195, 191, 157, 54], [85, 165, 163, 148, 92, 53, 115, 91, 186, 33, 139], [81, 17, 151, 56, 109, 39, 164, 20], [101, 28, 64, 173, 122, 154, 58, 7, 150, 76, 188, 116, 137, 141, 197, 105], [77, 170, 128, 29, 37, 172, 196, 136, 143, 184], [127, 10, 149, 99, 98, 142], [95, 112, 66, 41, 90, 135, 110, 57, 102, 46, 45], [131, 168, 120, 52, 31, 74, 190, 68, 61], [161, 49, 26, 134, 55, 35, 70, 12, 44, 160, 43, 83, 94, 198], [132, 88, 19, 2, 78, 9, 22, 126, 69, 169, 147], [124, 176, 138, 155, 193, 153, 13, 199, 16, 133, 38], [1, 180, 118, 111, 72, 75, 145, 86, 117, 114], [129, 34, 60, 40, 158], [152, 125, 119, 100, 32, 63], [15, 82, 162, 177, 36, 4, 62, 18, 65, 87, 47, 121], [71, 67, 25, 181, 194, 3, 80, 27, 171, 79], [192, 6, 178, 14, 187, 24, 96, 175, 48]]",true
158,9771,4815,2-opt,CMT5.vrp,"[[189, 84, 8, 59, 166, 21, 93, 42, 104, 107], [123, 167, 51, 146, 73, 144], [30, 5, 108, 50, 130, 97, 106, 182, 185, 113], [11, 179, 103, 174, 140, 156, 89, 23, 183, 159, 195, 191, 157, 54], [85, 165, 163, 148, 92, 53, 115, 91, 186, 33, 139], [81, 17, 151, 56, 109, 39, 164, 20], [101, 28, 64, 173, 122, 154, 58, 7, 150, 76, 188, 116, 137, 141, 197, 105], [77, 170, 128, 29, 37, 172, 196, 136, 143, 184], [127, 10, 149, 99, 98, 142], [95, 112, 66, 41, 90, 135, 110, 57, 102, 46, 45], [74, 168, 120, 52, 31, 131, 190, 68, 61], [161, 49, 26, 134, 55, 35, 70, 12, 44, 160, 43, 83, 94, 198], [132, 88, 19, 2, 78, 9, 22, 126, 69, 169, 147], [124, 176, 138, 155, 193, 153, 13, 199, 16, 133, 38], [1, 180, 118, 111, 72, 75, 145, 86, 117, 114], [129, 34, 60, 40, 158], [152, 125, 119, 100, 32, 63], [15, 82, 162, 177, 36, 4, 62, 18, 65, 87, 47, 121], [71, 67, 25, 181, 194, 3, 80, 27, 171, 79], [192, 6, 178, 14, 187, 24, 96, 175, 48]]",true
159,9817,4792,2-opt,CMT5.vrp,"[[189, 84, 8, 59, 166, 21, 93, 42, 104, 107], [123, 167, 51, 146, 73, 144], [30, 5, 108, 50, 130, 97, 106, 182, 185, 113], [11, 179, 103, 174, 140, 156, 89, 23, 183, 159, 195, 191, 157, 54], [85, 165, 163, 148, 92, 53, 115, 91, 186, 33, 139], [81, 17, 151, 56, 109, 39, 164, 20], [101, 28, 64, 173, 122, 154, 58, 7, 150, 76, 188, 116, 137, 141, 197, 105], [77, 170, 128, 29, 37, 172, 196, 136, 143, 184], [127, 10, 149, 99, 98, 142], [95, 112, 66, 41, 90, 135, 110, 57, 102, 46, 45], [74, 31, 52, 131, 168, 120, 190, 68, 61], [161, 49, 26, 134, 55, 35, 70, 12, 44, 160, 43, 83, 94, 198], [132, 88, 19, 2, 78, 9, 22, 126, 69, 169, 147], [124, 176, 138, 155, 193, 153, 13, 199, 16, 133, 38], [1, 180, 118, 111, 72, 75, 145, 86, 117, 114], [129, 34, 60, 40, 158], [152, 125, 119, 100, 32, 63], [15, 82, 162, 177, 36, 4, 62, 18, 65, 87, 47, 121], [71, 67, 25, 181, 194, 3, 80, 27, 171, 79], [192, 6, 178, 14, 187, 24, 96, 175, 48]]",true
160,9986,4790,2-opt,CMT5.vrp,"[[189, 84, 8, 59, 166, 21, 93, 42, 104, 107], [123, 167, 51, 146, 73, 144], [30, 5, 108, 50, 130, 97, 106, 182, 185, 113], [11, 179, 103, 174, 140, 156, 89, 23, 183, 159, 195, 191, 157, 54], [85, 165, 163, 148, 92, 53, 115, 91, 186, 33, 139], [81, 17, 151, 56, 109, 39, 164, 20], [101, 28, 64, 173, 122, 154, 58, 7, 150, 76, 188, 116, 137, 141, 197, 105], [77, 170, 128, 29, 37, 172, 196, 136, 143, 184], [127, 10, 149, 99, 98, 142], [95, 112, 66, 41, 90, 135, 110, 57, 102, 46, 45], [168, 131, 52, 31, 74, 120, 190, 68, 61], [161, 49, 26, 134, 55, 35, 70, 12, 44, 160, 43, 83, 94, 198], [132, 88, 19, 2, 78, 9, 22, 126, 69, 169, 147], [124, 176, 138, 155, 193, 153, 13, 199, 16, 133, 38], [1, 180, 118, 111, 72, 75, 145, 86, 117, 114], [129, 34, 60, 40, 158], [152, 125, 119, 100, 32, 63], [15, 82, 162, 177, 36, 4, 62, 18, 65, 87, 47, 121], [71, 67, 25, 181, 194, 3, 80, 27, 171, 79], [192, 6, 178, 14, 187, 24, 96, 175, 48]]",true
161,10024,4773,2-opt,CMT5.vrp,"[[189, 84, 8, 59, 166, 21, 93, 42, 104, 107], [123, 167, 51, 146, 73, 144], [30, 5, 108, 50, 130, 97, 106, 182, 185, 113], [11, 179, 103, 174, 140, 156, 89, 23, 183, 159, 195, 191, 157, 54], [85, 165, 163, 148, 92, 53, 115, 91, 186, 33, 139], [81, 17, 151, 56, 109, 39, 164, 20], [101, 28, 64, 173, 122, 154, 58, 7, 150, 76, 188, 116, 137, 141, 197, 105], [77, 170, 128, 29, 37, 172, 196, 136, 143, 184], [127, 10, 149, 99, 98, 142], [95, 112, 66, 41, 90, 135, 110, 57, 102, 46, 45], [120, 168, 131, 52, 31, 74, 190, 68, 61], [161, 49, 26, 134, 55, 35, 70, 12, 44, 160, 43, 83, 94, 198], [132, 88, 19, 2, 78, 9, 22, 126, 69, 169, 147], [124, 176, 138, 155, 193, 153, 13, 199, 16, 133, 38], [1, 180, 118, 111, 72, 75, 145, 86, 117, 114], [129, 34, 60, 40, 158], [152, 125, 119, 100, 32, 63], [15, 82, 162, 177, 36, 4, 62, 18, 65, 87, 47, 121], [71, 67, 25, 181, 194, 3, 80, 27, 171, 79], [192, 6, 178, 14, 187, 24, 96, 175, 48]]",true
162,10076,4773,2-opt,CMT5.vrp,"[[189, 84, 8, 59, 166, 21, 93, 42, 104, 107], [123, 167, 51, 146, 73, 144], [30, 5, 108, 50, 130, 97, 106, 182, 185, 113], [11, 179, 103, 174, 140, 156, 89, 23, 183, 159, 195, 191, 157, 54], [85, 165, 163, 148, 92, 53, 115, 91, 186, 33, 139], [81, 17, 151, 56, 109, 39, 164, 20], [101, 28, 64, 173, 122, 154, 58, 7, 150, 76, 188, 116, 137, 141, 197, 105], [77, 170, 128, 29, 37, 172, 196, 136, 143, 184], [127, 10, 149, 99, 98, 142], [95, 112, 66, 41, 90, 135, 110, 57, 102, 46, 45], [61, 68, 190, 74, 31, 52, 131, 168, 120], [161, 49, 26, 134, 55, 35, 70, 12, 44, 160, 43, 83, 94, 198], [132, 88, 19, 2, 78, 9, 22, 126, 69, 169, 147], [124, 176, 138, 155, 193, 153, 13, 199, 16, 133, 38], [1, 180, 118, 111, 72, 75, 145, 86, 117, 114], [129, 34, 60, 40, 158], [152, 125, 119, 100, 32, 63], [15, 82, 162, 177, 36, 4, 62, 18, 65, 87, 47, 121], [71, 67, 25, 181, 194, 3, 80, 27, 171, 79], [192, 6, 178, 14, 187, 24, 96, 175, 48]]",true
163,10283,4767,2-opt,CMT5.vrp,"[[189, 84, 8, 59, 166, 21, 93, 42, 104, 107], [123, 167, 51, 146, 73, 144], [30, 5, 108, 50, 130, 97, 106, 182, 185, 113], [11, 179, 103, 174, 140, 156, 89, 23, 183, 159, 195, 191, 157, 54], [85, 165, 163, 148, 92, 53, 115, 91, 186, 33, 139], [81, 17, 151, 56, 109, 39, 164, 20], [101, 28, 64, 173, 122, 154, 58, 7, 150, 76, 188, 116, 137, 141, 197, 105], [77, 170, 128, 29, 37, 172, 196, 136, 143, 184], [127, 10, 149, 99, 98, 142], [95, 112, 66, 41, 90, 135, 110, 57, 102, 46, 45], [120, 68, 190, 74, 31, 52, 131, 168, 61], [161, 49, 26, 134, 55, 35, 70, 12, 44, 160, 43, 83, 94, 198], [132, 88, 19, 2, 78, 9, 22, 126, 69, 169, 147], [124, 176, 138, 155, 193, 153, 13, 199, 16, 133, 38], [1, 180, 118, 111, 72, 75, 145, 86, 117, 114], [129, 34, 60, 40, 158], [152, 125, 119, 100, 32, 63], [15, 82, 162, 177, 36, 4, 62, 18, 65, 87, 47, 121], [71, 67, 25, 181, 194, 3, 80, 27, 171, 79], [192, 6, 178, 14, 187, 24, 96, 175, 48]]",true
164,10322,4757,2-opt,CMT5.vrp,"[[189, 84, 8, 59, 166, 21, 93, 42, 104, 107], [123, 167, 51, 146, 73, 144], [30, 5, 108, 50, 130, 97, 106, 182, 185, 113], [11, 179, 103, 174, 140, 156, 89, 23, 183, 159, 195, 191, 157, 54], [85, 165, 163, 148, 92, 53, 115, 91, 186, 33, 139], [81, 17, 151, 56, 109, 39, 164, 20], [101, 28, 64, 173, 122, 154, 58, 7, 150, 76, 188, 116, 137, 141, 197, 105], [77, 170, 128, 29, 37, 172, 196, 136, 143, 184], [127, 10, 149, 99, 98, 142], [95, 112, 66, 41, 90, 135, 110, 57, 102, 46, 45], [120, 168, 52, 131, 31, 74, 190, 68, 61], [161, 49, 26, 134, 55, 35, 70, 12, 44, 160, 43, 83, 94, 198], [132, 88, 19, 2, 78, 9, 22, 126, 69, 169, 147], [124, 176, 138, 155, 193, 153, 13, 199, 16, 133, 38], [1, 180, 118, 111, 72, 75, 145, 86, 117, 114], [129, 34, 60, 40, 158], [152, 125, 119, 100, 32, 63], [15, 82, 162, 177, 36, 4, 62, 18, 65, 87, 47, 121], [71, 67, 25, 181, 194, 3, 80, 27, 171, 79], [192, 6, 178, 14, 187, 24, 96, 175, 48]]",true
165,10371,4757,2-opt,CMT5.vrp,"[[189, 84, 8, 59, 166, 21, 93, 42, 104, 107], [123, 167, 51, 146, 73, 144], [30, 5, 108, 50, 130, 97, 106, 182, 185, 113], [11, 179, 103, 174, 140, 156, 89, 23, 183, 159, 195, 191, 157, 54], [85, 165, 163, 148, 92, 53, 115, 91, 186, 33, 139], [81, 17, 151, 56, 109, 39, 164, 20], [101, 28, 64, 173, 122, 154, 58, 7, 150, 76, 188, 116, 137, 141, 197, 105], [77, 170, 128, 29, 37, 172, 196, 136, 143, 184], [127, 10, 149, 99, 98, 142], [95, 112, 66, 41, 90, 135, 110, 57, 102, 46, 45], [61, 68, 190, 74, 31, 131, 52, 168, 120], [161, 49, 26, 134, 55, 35, 70, 12, 44, 160, 43, 83, 94, 198], [132, 88, 19, 2, 78, 9, 22, 126, 69, 169, 147], [124, 176, 138, 155, 193, 153, 13, 199, 16, 133, 38], [1, 180, 118, 111, 72, 75, 145, 86, 117, 114], [129, 34, 60, 40, 158], [152, 125, 119, 100, 32, 63], [15, 82, 162, 177, 36, 4, 62, 18, 65, 87, 47, 121], [71, 67, 25, 181, 194, 3, 80, 27, 171, 79], [192, 6, 178, 14, 187, 24, 96, 175, 48]]",true
166,10417,4752,2-opt,CMT5.vrp,"[[189, 84, 8, 59, 166, 21, 93, 42, 104, 107], [123, 167, 51, 146, 73, 144], [30, 5, 108, 50, 130, 97, 106, 182, 185, 113], [11, 179, 103, 174, 140, 156, 89, 23, 183, 159, 195, 191, 157, 54], [85, 165, 163, 148, 92, 53, 115, 91, 186, 33, 139], [81, 17, 151, 56, 109, 39, 164, 20], [101, 28, 64, 173, 122, 154, 58, 7, 150, 76, 188, 116, 137, 141, 197, 105], [77, 170, 128, 29, 37, 172, 196, 136, 143, 184], [127, 10, 149, 99, 98, 142], [95, 112, 66, 41, 90, 135, 110, 57, 102, 46, 45], [120, 68, 190, 74, 31, 131, 52, 168, 61], [161, 49, 26, 134, 55, 35, 70, 12, 44, 160, 43, 83, 94, 198], [132, 88, 19, 2, 78, 9, 22, 126, 69, 169, 147], [124, 176, 138, 155, 193, 153, 13, 199, 16, 133, 38], [1, 180, 118, 111, 72, 75, 145, 86, 117, 114], [129, 34, 60, 40, 158], [152, 125, 119, 100, 32, 63], [15, 82, 162, 177, 36, 4, 62, 18, 65, 87, 47, 121], [71, 67, 25, 181, 194, 3, 80, 27, 171, 79], [192, 6, 178, 14, 187, 24, 96, 175, 48]]",true
167,10462,4748,2-opt,CMT5.vrp,"[[189, 84, 8, 59, 166, 21, 93, 42, 104, 107], [123, 167, 51, 146, 73, 144], [30, 5, 108, 50, 130, 97, 106, 182, 185, 113], [11, 179, 103, 174, 140, 156, 89, 23, 183, 159, 195, 191, 157, 54], [85, 165, 163, 148, 92, 53, 115, 91, 186, 33, 139], [81, 17, 151, 56, 109, 39, 164, 20], [101, 28, 64, 173, 122, 154, 58, 7, 150, 76, 188, 116, 137, 141, 197, 105], [77, 170, 128, 29, 37, 172, 196, 136, 143, 184], [127, 10, 149, 99, 98, 142], [95, 112, 66, 41, 90, 135, 110, 57, 102, 46, 45], [168, 52, 131, 31, 74, 190, 68, 120, 61], [161, 49, 26, 134, 55, 35, 70, 12, 44, 160, 43, 83, 94, 198], [132, 88, 19, 2, 78, 9, 22, 126, 69, 169, 147], [124, 176, 138, 155, 193, 153, 13, 199, 16, 133, 38], [1, 180, 118, 111, 72, 75, 145, 86, 117, 114], [129, 34, 60, 40, 158], [152, 125, 119, 100, 32, 63], [15, 82, 162, 177, 36, 4, 62, 18, 65, 87, 47, 121], [71, 67, 25, 181, 194, 3, 80, 27, 171, 79], [192, 6, 178, 14, 187, 24, 96, 175, 48]]",true
168,10530,4736,2-opt,CMT5.vrp,"[[189, 84, 8, 59, 166, 21, 93, 42, 104, 107], [123, 167, 51, 146, 73, 144], [30, 5, 108, 50, 130, 97, 106, 182, 185, 113], [11, 179, 103, 174, 140, 156, 89, 23, 183, 159, 195, 191, 157, 54], [85, 165, 163, 148, 92, 53, 115, 91, 186, 33, 139], [81, 17, 151, 56, 109, 39, 164, 20], [101, 28, 64, 173, 122, 154, 58, 7, 150, 76, 188, 116, 137, 141, 197, 105], [77, 170, 128, 29, 37, 172, 196, 136, 143, 184], [127, 10, 149, 99, 98, 142], [95, 112, 66, 41, 90, 135, 110, 57, 102, 46, 45], [168, 52, 131, 31, 74, 190, 68, 120, 61], [49, 161, 26, 134, 55, 35, 70, 12, 44, 160, 43, 83, 94, 198], [132, 88, 19, 2, 78, 9, 22, 126, 69, 169, 147], [124, 176, 138, 155, 193, 153, 13, 199, 16, 133, 38], [1, 180, 118, 111, 72, 75, 145, 86, 117, 114], [129, 34, 60, 40, 158], [152, 125, 119, 100, 32, 63], [15, 82, 162, 177, 36, 4, 62, 18, 65, 87, 47, 121], [71, 67, 25, 181, 194, 3, 80, 27, 171, 79], [192, 6, 178, 14, 187, 24, 96, 175, 48]]",true
169,10568,4729,2-opt,CMT5.vrp,"[[189, 84, 8, 59, 166, 21, 93, 42, 104, 107], [123, 167, 51, 146, 73, 144], [30, 5, 108, 50, 130, 97, 106, 182, 185, 113], [11, 179, 103, 174, 140, 156, 89, 23, 183, 159, 195, 191, 157, 54], [85, 165, 163, 148, 92, 53, 115, 91, 186, 33, 139], [81, 17, 151, 56, 109, 39, 164, 20], [101, 28, 64, 173, 122, 154, 58, 7, 150, 76, 188, 116, 137, 141, 197, 105], [77, 170, 128, 29, 37, 172, 196, 136, 143, 184], [127, 10, 149, 99, 98, 142], [95, 112, 66, 41, 90, 135, 110, 57, 102, 46, 45], [168, 52, 131, 31, 74, 190, 68, 120, 61], [134, 26, 49, 161, 55, 35, 70, 12, 44, 160, 43, 83, 94, 198], [132, 88, 19, 2, 78, 9, 22, 126, 69, 169, 147], [124, 176, 138, 155, 193, 153, 13, 199, 16, 133, 38], [1, 180, 118, 111, 72, 75, 145, 86, 117, 114], [129, 34, 60, 40, 158], [152, 125, 119, 100, 32, 63], [15, 82, 162, 177, 36, 4, 62, 18, 65, 87, 47, 121], [71, 67, 25, 181, 194, 3, 80, 27, 171, 79], [192, 6, 178, 14, 187, 24, 96, 175, 48]]",true
170,10617,4724,2-opt,CMT5.vrp,"[[189, 84, 8, 59, 166, 21, 93, 42, 104, 107], [123, 167, 51, 146, 73, 144], [30, 5, 108, 50, 130, 97, 106, 182, 185, 113], [11, 179, 103, 174, 140, 156, 89, 23, 183, 159, 195, 191, 157, 54], [85, 165, 163, 148, 92, 53, 115, 91, 186, 33, 139], [81, 17, 151, 56, 109, 39, 164, 20], [101, 28, 64, 173, 122, 154, 58, 7, 150, 76, 188, 116, 137, 141, 197, 105], [77, 170, 128, 29, 37, 172, 196, 136, 143, 184], [127, 10, 149, 99, 98, 142], [95, 112, 66, 41, 90, 135, 110, 57, 102, 46, 45], [168, 52, 131, 31, 74, 190, 68, 120, 61], [161, 44, 12, 70, 35, 55, 134, 26, 49, 160, 43, 83, 94, 198], [132, 88, 19, 2, 78, 9, 22, 126, 69, 169, 147], [124, 176, 138, 155, 193, 153, 13, 199, 16, 133, 38], [1, 180, 118, 111, 72, 75, 145, 86, 117, 114], [129, 34, 60, 40, 158], [152, 125, 119, 100, 32, 63], [15, 82, 162, 177, 36, 4, 62, 18, 65, 87, 47, 121], [71, 67, 25, 181, 194, 3, 80, 27, 171, 79], [192, 6, 178, 14, 187, 24, 96, 175, 48]]",true
171,10664,4711,2-opt,CMT5.vrp,"[[189, 84, 8, 59, 166, 21, 93, 42, 104, 107], [123, 167, 51, 146, 73, 144], [30, 5, 108, 50, 130, 97, 106, 182, 185, 113], [11, 179, 103, 174, 140, 156, 89, 23, 183, 159, 195, 191, 157, 54], [85, 165, 163, 148, 92, 53, 115, 91, 186, 33, 139], [81, 17, 151, 56, 109, 39, 164, 20], [101, 28, 64, 173, 122, 154, 58, 7, 150, 76, 188, 116, 137, 141, 197, 105], [77, 170, 128, 29, 37, 172, 196, 136, 143, 184], [127, 10, 149, 99, 98, 142], [95, 112, 66, 41, 90, 135, 110, 57, 102, 46, 45], [168, 52, 131, 31, 74, 190, 68, 120, 61], [161, 49, 55, 134, 26, 35, 70, 12, 44, 160, 43, 83, 94, 198], [132, 88, 19, 2, 78, 9, 22, 126, 69, 169, 147], [124, 176, 138, 155, 193, 153, 13, 199, 16, 133, 38], [1, 180, 118, 111, 72, 75, 145, 86, 117, 114], [129, 34, 60, 40, 158], [152, 125, 119, 100, 32, 63], [15, 82, 162, 177, 36, 4, 62, 18, 65, 87, 47, 121], [71, 67, 25, 181, 194, 3, 80, 27, 171, 79], [192, 6, 178, 14, 187, 24, 96, 175, 48]]",true
172,10728,4707,2-opt,CMT5.vrp,"[[189, 84, 8, 59, 166, 21, 93, 42, 104, 107], [123, 167, 51, 146, 73, 144], [30, 5, 108, 50, 130, 97, 106, 182, 185, 113], [11, 179, 103, 174, 140, 156, 89, 23, 183, 159, 195, 191, 157, 54], [85, 165, 163, 148, 92, 53, 115, 91, 186, 33, 139], [81, 17, 151, 56, 109, 39, 164, 20], [101, 28, 64, 173, 122, 154, 58, 7, 150, 76, 188, 116, 137, 141, 197, 105], [77, 170, 128, 29, 37, 172, 196, 136, 143, 184], [127, 10, 149, 99, 98, 142], [95, 112, 66, 41, 90, 135, 110, 57, 102, 46, 45], [168, 52, 131, 31, 74, 190, 68, 120, 61], [49, 161, 55, 134, 26, 35, 70, 12, 44, 160, 43, 83, 94, 198], [132, 88, 19, 2, 78, 9, 22, 126, 69, 169, 147], [124, 176, 138, 155, 193, 153, 13, 199, 16, 133, 38], [1, 180, 118, 111, 72, 75, 145, 86, 117, 114], [129, 34, 60, 40, 158], [152, 125, 119, 100, 32, 63], [15, 82, 162, 177, 36, 4, 62, 18, 65, 87, 47, 121], [71, 67, 25, 181, 194, 3, 80, 27, 171, 79], [192, 6, 178, 14, 187, 24, 96, 175, 48]]",true
173,10788,4698,2-opt,CMT5.vrp,"[[189, 84, 8, 59, 166, 21, 93, 42, 104, 107], [123, 167, 51, 146, 73, 144], [30, 5, 108, 50, 130, 97, 106, 182, 185, 113], [11, 179, 103, 174, 140, 156, 89, 23, 183, 159, 195, 191, 157, 54], [85, 165, 163, 148, 92, 53, 115, 91, 186, 33, 139], [81, 17, 151, 56, 109, 39, 164, 20], [101, 28, 64, 173, 122, 154, 58, 7, 150, 76, 188, 116, 137, 141, 197, 105], [77, 170, 128, 29, 37, 172, 196, 136, 143, 184], [127, 10, 149, 99, 98, 142], [95, 112, 66, 41, 90, 135, 110, 57, 102, 46, 45], [168, 52, 131, 31, 74, 190, 68, 120, 61], [55, 49, 161, 134, 26, 35, 70, 12, 44, 160, 43, 83, 94, 198], [132, 88, 19, 2, 78, 9, 22, 126, 69, 169, 147], [124, 176, 138, 155, 193, 153, 13, 199, 16, 133, 38], [1, 180, 118, 111, 72, 75, 145, 86, 117, 114], [129, 34, 60, 40, 158], [152, 125, 119, 100, 32, 63], [15, 82, 162, 177, 36, 4, 62, 18, 65, 87, 47, 121], [71, 67, 25, 181, 194, 3, 80, 27, 171, 79], [192, 6, 178, 14, 187, 24, 96, 175, 48]]",true
174,10828,4698,2-opt,CMT5.vrp,"[[189, 84, 8, 59, 166, 21, 93, 42, 104, 107], [123, 167, 51, 146, 73, 144], [30, 5, 108, 50, 130, 97, 106, 182, 185, 113], [11, 179, 103, 174, 140, 156, 89, 23, 183, 159, 195, 191, 157, 54], [85, 165, 163, 148, 92, 53, 115, 91, 186, 33, 139], [81, 17, 151, 56, 109, 39, 164, 20], [101, 28, 64, 173, 122, 154, 58, 7, 150, 76, 188, 116, 137, 141, 197, 105], [77, 170, 128, 29, 37, 172, 196, 136, 143, 184], [127, 10, 149, 99, 98, 142], [95, 112, 66, 41, 90, 135, 110, 57, 102, 46, 45], [168, 52, 131, 31, 74, 190, 68, 120, 61], [12, 70, 35, 26, 134, 55, 49, 161, 44, 160, 43, 83, 94, 198], [132, 88, 19, 2, 78, 9, 22, 126, 69, 169, 147], [124, 176, 138, 155, 193, 153, 13, 199, 16, 133, 38], [1, 180, 118, 111, 72, 75, 145, 86, 117, 114], [129, 34, 60, 40, 158], [152, 125, 119, 100, 32, 63], [15, 82, 162, 177, 36, 4, 62, 18, 65, 87, 47, 121], [71, 67, 25, 181, 194, 3, 80, 27, 171, 79], [192, 6, 178, 14, 187, 24, 96, 175, 48]]",true
175,10878,4687,2-opt,CMT5.vrp,"[[189, 84, 8, 59, 166, 21, 93, 42, 104, 107], [123, 167, 51, 146, 73, 144], [30, 5, 108, 50, 130, 97, 106, 182, 185, 113], [11, 179, 103, 174, 140, 156, 89, 23, 183, 159, 195, 191, 157, 54], [85, 165, 163, 148, 92, 53, 115, 91, 186, 33, 139], [81, 17, 151, 56, 109, 39, 164, 20], [101, 28, 64, 173, 122, 154, 58, 7, 150, 76, 188, 116, 137, 141, 197, 105], [77, 170, 128, 29, 37, 172, 196, 136, 143, 184], [127, 10, 149, 99, 98, 142], [95, 112, 66, 41, 90, 135, 110, 57, 102, 46, 45], [168, 52, 131, 31, 74, 190, 68, 120, 61], [161, 44, 12, 70, 35, 26, 134, 55, 49, 160, 43, 83, 94, 198], [132, 88, 19, 2, 78, 9, 22, 126, 69, 169, 147], [124, 176, 138, 155, 193, 153, 13, 199, 16, 133, 38], [1, 180, 118, 111, 72, 75, 145, 86, 117, 114], [129, 34, 60, 40, 158], [152, 125, 119, 100, 32, 63], [15, 82, 162, 177, 36, 4, 62, 18, 65, 87, 47, 121], [71, 67, 25, 181, 194, 3, 80, 27, 171, 79], [192, 6, 178, 14, 187, 24, 96, 175, 48]]",true
176,10924,4679,2-opt,CMT5.vrp,"[[189, 84, 8, 59, 166, 21, 93, 42, 104, 107], [123, 167, 51, 146, 73, 144], [30, 5, 108, 50, 130, 97, 106, 182, 185, 113], [11, 179, 103, 174, 140, 156, 89, 23, 183, 159, 195, 191, 157, 54], [85, 165, 163, 148, 92, 53, 115, 91, 186, 33, 139], [81, 17, 151, 56, 109, 39, 164, 20], [101, 28, 64, 173, 122, 154, 58, 7, 150, 76, 188, 116, 137, 141, 197, 105], [77, 170, 128, 29, 37, 172, 196, 136, 143, 184], [127, 10, 149, 99, 98, 142], [95, 112, 66, 41, 90, 135, 110, 57, 102, 46, 45], [168, 52, 131, 31, 74, 190, 68, 120, 61], [161, 49, 55, 43, 160, 44, 12, 70, 35, 26, 134, 83, 94, 198], [132, 88, 19, 2, 78, 9, 22, 126, 69, 169, 147], [124, 176, 138, 155, 193, 153, 13, 199, 16, 133, 38], [1, 180, 118, 111, 72, 75, 145, 86, 117, 114], [129, 34, 60, 40, 158], [152, 125, 119, 100, 32, 63], [15, 82, 162, 177, 36, 4, 62, 18, 65, 87, 47, 121], [71, 67, 25, 181, 194, 3, 80, 27, 171, 79], [192, 6, 178, 14, 187, 24, 96, 175, 48]]",true
177,10976,4675,2-opt,CMT5.vrp,"[[189, 84, 8, 59, 166, 21, 93, 42, 104, 107], [123, 167, 51, 146, 73, 144], [30, 5, 108, 50, 130, 97, 106, 182, 185, 113], [11, 179, 103, 174, 140, 156, 89, 23, 183, 159, 195, 191, 157, 54], [85, 165, 163, 148, 92, 53, 115, 91, 186, 33, 139], [81, 17, 151, 56, 109, 39, 164, 20], [101, 28, 64, 173, 122, 154, 58, 7, 150, 76, 188, 116, 137, 141, 197, 105], [77, 170, 128, 29, 37, 172, 196, 136, 143, 184], [127, 10, 149, 99, 98, 142], [95, 112, 66, 41, 90, 135, 110, 57, 102, 46, 45], [168, 52, 131, 31, 74, 190, 68, 120, 61], [49, 161, 55, 43, 160, 44, 12, 70, 35, 26, 134, 83, 94, 198], [132, 88, 19, 2, 78, 9, 22, 126, 69, 169, 147], [124, 176, 138, 155, 193, 153, 13, 199, 16, 133, 38], [1, 180, 118, 111, 72, 75, 145, 86, 117, 114], [129, 34, 60, 40, 158], [152, 125, 119, 100, 32, 63], [15, 82, 162, 177, 36, 4, 62, 18, 65, 87, 47, 121], [71, 67, 25, 181, 194, 3, 80, 27, 171, 79], [192, 6, 178, 14, 187, 24, 96, 175, 48]]",true
178,11033,4664,2-opt,CMT5.vrp,"[[189, 84, 8, 59, 166, 21, 93, 42, 104, 107], [123, 167, 51, 146, 73, 144], [30, 5, 108, 50, 130, 97, 106, 182, 185, 113], [11, 179, 103, 174, 140, 156, 89, 23, 183, 159, 195, 191, 157, 54], [85, 165, 163, 148, 92, 53, 115, 91, 186, 33, 139], [81, 17, 151, 56, 109, 39, 164, 20], [101, 28, 64, 173, 122, 154, 58, 7, 150, 76, 188, 116, 137, 141, 197, 105], [77, 170, 128, 29, 37, 172, 196, 136, 143, 184], [127, 10, 149, 99, 98, 142], [95, 112, 66, 41, 90, 135, 110, 57, 102, 46, 45], [168, 52, 131, 31, 74, 190, 68, 120, 61], [160, 43, 55, 49, 161, 44, 12, 70, 35, 26, 134, 83, 94, 198], [132, 88, 19, 2, 78, 9, 22, 126, 69, 169, 147], [124, 176, 138, 155, 193, 153, 13, 199, 16, 133, 38], [1, 180, 118, 111, 72, 75, 145, 86, 117, 114], [129, 34, 60, 40, 158], [152, 125, 119, 100, 32, 63], [15, 82, 162, 177, 36, 4, 62, 18, 65, 87, 47, 121], [71, 67, 25, 181, 194, 3, 80, 27, 171, 79], [192, 6, 178, 14, 187, 24, 96, 175, 48]]",true
179,11076,4658,2-opt,CMT5.vrp,"[[189, 84, 8, 59, 166, 21, 93, 42, 104, 107], [123, 167, 51, 146, 73, 144], [30, 5, 108, 50, 130, 97, 106, 182, 185, 113], [11, 179, 103, 174, 140, 156, 89, 23, 183, 159, 195, 191, 157, 54], [85, 165, 163, 148, 92, 53, 115, 91, 186, 33, 139], [81, 17, 151, 56, 109, 39, 164, 20], [101, 28, 64, 173, 122, 154, 58, 7, 150, 76, 188, 116, 137, 141, 197, 105], [77, 170, 128, 29, 37, 172, 196, 136, 143, 184], [127, 10, 149, 99, 98, 142], [95, 112, 66, 41, 90, 135, 110, 57, 102, 46, 45], [168, 52, 131, 31, 74, 190, 68, 120, 61], [161, 55, 49, 43, 160, 44, 12, 70, 35, 26, 134, 83, 94, 198], [132, 88, 19, 2, 78, 9, 22, 126, 69, 169, 147], [124, 176, 138, 155, 193, 153, 13, 199, 16, 133, 38], [1, 180, 118, 111, 72, 75, 145, 86, 117, 114], [129, 34, 60, 40, 158], [152, 125, 119, 100, 32, 63], [15, 82, 162, 177, 36, 4, 62, 18, 65, 87, 47, 121], [71, 67, 25, 181, 194, 3, 80, 27, 171, 79], [192, 6, 178, 14, 187, 24, 96, 175, 48]]",true
180,11114,4655,2-opt,CMT5.vrp,"[[189, 84, 8, 59, 166, 21, 93, 42, 104, 107], [123, 167, 51, 146, 73, 144], [30, 5, 108, 50, 130, 97, 106, 182, 185, 113], [11, 179, 103, 174, 140, 156, 89, 23, 183, 159, 195, 191, 157, 54], [85, 165, 163, 148, 92, 53, 115, 91, 186, 33, 139], [81, 17, 151, 56, 109, 39, 164, 20], [101, 28, 64, 173, 122, 154, 58, 7, 150, 76, 188, 116, 137, 141, 197, 105], [77, 170, 128, 29, 37, 172, 196, 136, 143, 184], [127, 10, 149, 99, 98, 142], [95, 112, 66, 41, 90, 135, 110, 57, 102, 46, 45], [168, 52, 131, 31, 74, 190, 68, 120, 61], [161, 49, 160, 43, 55, 44, 12, 70, 35, 26, 134, 83, 94, 198], [132, 88, 19, 2, 78, 9, 22, 126, 69, 169, 147], [124, 176, 138, 155, 193, 153, 13, 199, 16, 133, 38], [1, 180, 118, 111, 72, 75, 145, 86, 117, 114], [129, 34, 60, 40, 158], [152, 125, 119, 100, 32, 63], [15, 82, 162, 177, 36, 4, 62, 18, 65, 87, 47, 121], [71, 67, 25, 181, 194, 3, 80, 27, 171, 79], [192, 6, 178, 14, 187, 24, 96, 175, 48]]",true
181,11167,4652,2-opt,CMT5.vrp,"[[189, 84, 8, 59, 166, 21, 93, 42, 104, 107], [123, 167, 51, 146, 73, 144], [30, 5, 108, 50, 130, 97, 106, 182, 185, 113], [11, 179, 103, 174, 140, 156, 89, 23, 183, 159, 195, 191, 157, 54], [85, 165, 163, 148, 92, 53, 115, 91, 186, 33, 139], [81, 17, 151, 56, 109, 39, 164, 20], [101, 28, 64, 173, 122, 154, 58, 7, 150, 76, 188, 116, 137, 141, 197, 105], [77, 170, 128, 29, 37, 172, 196, 136, 143, 184], [127, 10, 149, 99, 98, 142], [95, 112, 66, 41, 90, 135, 110, 57, 102, 46, 45], [168, 52, 131, 31, 74, 190, 68, 120, 61], [161, 49, 55, 43, 160, 44, 12, 26, 35, 70, 134, 83, 94, 198], [132, 88, 19, 2, 78, 9, 22, 126, 69, 169, 147], [124, 176, 138, 155, 193, 153, 13, 199, 16, 133, 38], [1, 180, 118, 111, 72, 75, 145, 86, 117, 114], [129, 34, 60, 40, 158], [152, 125, 119, 100, 32, 63], [15, 82, 162, 177, 36, 4, 62, 18, 65, 87, 47, 121], [71, 67, 25, 181, 194, 3, 80, 27, 171, 79], [192, 6, 178, 14, 187, 24, 96, 175, 48]]",true
182,11229,4648,2-opt,CMT5.vrp,"[[189, 84, 8, 59, 166, 21, 93, 42, 104, 107], [123, 167, 51, 146, 73, 144], [30, 5, 108, 50, 130, 97, 106, 182, 185, 113], [11, 179, 103, 174, 140, 156, 89, 23, 183, 159, 195, 191, 157, 54], [85, 165, 163, 148, 92, 53, 115, 91, 186, 33, 139], [81, 17, 151, 56, 109, 39, 164, 20], [101, 28, 64, 173, 122, 154, 58, 7, 150, 76, 188, 116, 137, 141, 197, 105], [77, 170, 128, 29, 37, 172, 196, 136, 143, 184], [127, 10, 149, 99, 98, 142], [95, 112, 66, 41, 90, 135, 110, 57, 102, 46, 45], [168, 52, 131, 31, 74, 190, 68, 120, 61], [49, 161, 55, 43, 160, 44, 12, 26, 35, 70, 134, 83, 94, 198], [132, 88, 19, 2, 78, 9, 22, 126, 69, 169, 147], [124, 176, 138, 155, 193, 153, 13, 199, 16, 133, 38], [1, 180, 118, 111, 72, 75, 145, 86, 117, 114], [129, 34, 60, 40, 158], [152, 125, 119, 100, 32, 63], [15, 82, 162, 177, 36, 4, 62, 18, 65, 87, 47, 121], [71, 67, 25, 181, 194, 3, 80, 27, 171, 79], [192, 6, 178, 14, 187, 24, 96, 175, 48]]",true
183,11266,4637,2-opt,CMT5.vrp,"[[189, 84, 8, 59, 166, 21, 93, 42, 104, 107], [123, 167, 51, 146, 73, 144], [30, 5, 108, 50, 130, 97, 106, 182, 185, 113], [11, 179, 103, 174, 140, 156, 89, 23, 183, 159, 195, 191, 157, 54], [85, 165, 163, 148, 92, 53, 115, 91, 186, 33, 139], [81, 17, 151, 56, 109, 39, 164, 20], [101, 28, 64, 173, 122, 154, 58, 7, 150, 76, 188, 116, 137, 141, 197, 105], [77, 170, 128, 29, 37, 172, 196, 136, 143, 184], [127, 10, 149, 99, 98, 142], [95, 112, 66, 41, 90, 135, 110, 57, 102, 46, 45], [168, 52, 131, 31, 74, 190, 68, 120, 61], [160, 43, 55, 49, 161, 44, 12, 26, 35, 70, 134, 83, 94, 198], [132, 88, 19, 2, 78, 9, 22, 126, 69, 169, 147], [124, 176, 138, 155, 193, 153, 13, 199, 16, 133, 38], [1, 180, 118, 111, 72, 75, 145, 86, 117, 114], [129, 34, 60, 40, 158], [152, 125, 119, 100, 32, 63], [15, 82, 162, 177, 36, 4, 62, 18, 65, 87, 47, 121], [71, 67, 25, 181, 194, 3, 80, 27, 171, 79], [192, 6, 178, 14, 187, 24, 96, 175, 48]]",true
184,11310,4631,2-opt,CMT5.vrp,"[[189, 84, 8, 59, 166, 21, 93, 42, 104, 107], [123, 167, 51, 146, 73, 144], [30, 5, 108, 50, 130, 97, 106, 182, 185, 113], [11, 179, 103, 174, 140, 156, 89, 23, 183, 159, 195, 191, 157, 54], [85, 165, 163, 148, 92, 53, 115, 91, 186, 33, 139], [81, 17, 151, 56, 109, 39, 164, 20], [101, 28, 64, 173, 122, 154, 58, 7, 150, 76, 188, 116, 137, 141, 197, 105], [77, 170, 128, 29, 37, 172, 196, 136, 143, 184], [127, 10, 149, 99, 98, 142], [95, 112, 66, 41, 90, 135, 110, 57, 102, 46, 45], [168, 52, 131, 31, 74, 190, 68, 120, 61], [161, 55, 49, 43, 160, 44, 12, 26, 35, 70, 134, 83, 94, 198], [132, 88, 19, 2, 78, 9, 22, 126, 69, 169, 147], [124, 176, 138, 155, 193, 153, 13, 199, 16, 133, 38], [1, 180, 118, 111, 72, 75, 145, 86, 117, 114], [129, 34, 60, 40, 158], [152, 125, 119, 100, 32, 63], [15, 82, 162, 177, 36, 4, 62, 18, 65, 87, 47, 121], [71, 67, 25, 181, 194, 3, 80, 27, 171, 79], [192, 6, 178, 14, 187, 24, 96, 175, 48]]",true
185,11356,4629,2-opt,CMT5.vrp,"[[189, 84, 8, 59, 166, 21, 93, 42, 104, 107], [123, 167, 51, 146, 73, 144], [30, 5, 108, 50, 130, 97, 106, 182, 185, 113], [11, 179, 103, 174, 140, 156, 89, 23, 183, 159, 195, 191, 157, 54], [85, 165, 163, 148, 92, 53, 115, 91, 186, 33, 139], [81, 17, 151, 56, 109, 39, 164, 20], [101, 28, 64, 173, 122, 154, 58, 7, 150, 76, 188, 116, 137, 141, 197, 105], [77, 170, 128, 29, 37, 172, 196, 136, 143, 184], [127, 10, 149, 99, 98, 142], [95, 112, 66, 41, 90, 135, 110, 57, 102, 46, 45], [168, 52, 131, 31, 74, 190, 68, 120, 61], [161, 49, 160, 43, 55, 44, 12, 26, 35, 70, 134, 83, 94, 198], [132, 88, 19, 2, 78, 9, 22, 126, 69, 169, 147], [124, 176, 138, 155, 193, 153, 13, 199, 16, 133, 38], [1, 180, 118, 111, 72, 75, 145, 86, 117, 114], [129, 34, 60, 40, 158], [152, 125, 119, 100, 32, 63], [15, 82, 162, 177, 36, 4, 62, 18, 65, 87, 47, 121], [71, 67, 25, 181, 194, 3, 80, 27, 171, 79], [192, 6, 178, 14, 187, 24, 96, 175, 48]]",true
186,11423,4611,2-opt,CMT5.vrp,"[[189, 84, 8, 59, 166, 21, 93, 42, 104, 107], [123, 167, 51, 146, 73, 144], [30, 5, 108, 50, 130, 97, 106, 182, 185, 113], [11, 179, 103, 174, 140, 156, 89, 23, 183, 159, 195, 191, 157, 54], [85, 165, 163, 148, 92, 53, 115, 91, 186, 33, 139], [81, 17, 151, 56, 109, 39, 164, 20], [101, 28, 64, 173, 122, 154, 58, 7, 150, 76, 188, 116, 137, 141, 197, 105], [77, 170, 128, 29, 37, 172, 196, 136, 143, 184], [127, 10, 149, 99, 98, 142], [95, 112, 66, 41, 90, 135, 110, 57, 102, 46, 45], [168, 52, 131, 31, 74, 190, 68, 120, 61], [43, 160, 49, 161, 55, 44, 12, 26, 35, 70, 134, 83, 94, 198], [132, 88, 19, 2, 78, 9, 22, 126, 69, 169, 147], [124, 176, 138, 155, 193, 153, 13, 199, 16, 133, 38], [1, 180, 118, 111, 72, 75, 145, 86, 117, 114], [129, 34, 60, 40, 158], [152, 125, 119, 100, 32, 63], [15, 82, 162, 177, 36, 4, 62, 18, 65, 87, 47, 121], [71, 67, 25, 181, 194, 3, 80, 27, 171, 79], [192, 6, 178, 14, 187, 24, 96, 175, 48]]",true
187,11485,4609,2-opt,CMT5.vrp,"[[189, 84, 8, 59, 166, 21, 93, 42, 104, 107], [123, 167, 51, 146, 73, 144], [30, 5, 108, 50, 130, 97, 106, 182, 185, 113], [11, 179, 103, 174, 140, 156, 89, 23, 183, 159, 195, 191, 157, 54], [85, 165, 163, 148, 92, 53, 115, 91, 186, 33, 139], [81, 17, 151, 56, 109, 39, 164, 20], [101, 28, 64, 173, 122, 154, 58, 7, 150, 76, 188, 116, 137, 141, 197, 105], [77, 170, 128, 29, 37, 172, 196, 136, 143, 184], [127, 10, 149, 99, 98, 142], [95, 112, 66, 41, 90, 135, 110, 57, 102, 46, 45], [168, 52, 131, 31, 74, 190, 68, 120, 61], [161, 49, 160, 43, 198, 94, 83, 134, 70, 35, 26, 12, 44, 55], [132, 88, 19, 2, 78, 9, 22, 126, 69, 169, 147], [124, 176, 138, 155, 193, 153, 13, 199, 16, 133, 38], [1, 180, 118, 111, 72, 75, 145, 86, 117, 114], [129, 34, 60, 40, 158], [152, 125, 119, 100, 32, 63], [15, 82, 162, 177, 36, 4, 62, 18, 65, 87, 47, 121], [71, 67, 25, 181, 194, 3, 80, 27, 171, 79], [192, 6, 178, 14, 187, 24, 96, 175, 48]]",true
188,11547,4602,2-opt,CMT5.vrp,"[[189, 84, 8, 59, 166, 21, 93, 42, 104, 107], [123, 167, 51, 146, 73, 144], [30, 5, 108, 50, 130, 97, 106, 182, 185, 113], [11, 179, 103, 174, 140, 156, 89, 23, 183, 159, 195, 191, 157, 54], [85, 165, 163, 148, 92, 53, 115, 91, 186, 33, 139], [81, 17, 151, 56, 109, 39, 164, 20], [101, 28, 64, 173, 122, 154, 58, 7, 150, 76, 188, 116, 137, 141, 197, 105], [77, 170, 128, 29, 37, 172, 196, 136, 143, 184], [127, 10, 149, 99, 98, 142], [95, 112, 66, 41, 90, 135, 110, 57, 102, 46, 45], [168, 52, 131, 31, 74, 190, 68, 120, 61], [26, 35, 70, 134, 83, 94, 198, 43, 160, 49, 161, 12, 44, 55], [132, 88, 19, 2, 78, 9, 22, 126, 69, 169, 147], [124, 176, 138, 155, 193, 153, 13, 199, 16, 133, 38], [1, 180, 118, 111, 72, 75, 145, 86, 117, 114], [129, 34, 60, 40, 158], [152, 125, 119, 100, 32, 63], [15, 82, 162, 177, 36, 4, 62, 18, 65, 87, 47, 121], [71, 67, 25, 181, 194, 3, 80, 27, 171, 79], [192, 6, 178, 14, 187, 24, 96, 175, 48]]",true
189,11588,4596,2-opt,CMT5.vrp,"[[189, 84, 8, 59, 166, 21, 93, 42, 104, 107], [123, 167, 51, 146, 73, 144], [30, 5, 108, 50, 130, 97, 106, 182, 185, 113], [11, 179, 103, 174, 140, 156, 89, 23, 183, 159, 195, 191, 157, 54], [85, 165, 163, 148, 92, 53, 115, 91, 186, 33, 139], [81, 17, 151, 56, 109, 39, 164, 20], [101, 28, 64, 173, 122, 154, 58, 7, 150, 76, 188, 116, 137, 141, 197, 105], [77, 170, 128, 29, 37, 172, 196, 136, 143, 184], [127, 10, 149, 99, 98, 142], [95, 112, 66, 41, 90, 135, 110, 57, 102, 46, 45], [168, 52, 131, 31, 74, 190, 68, 120, 61], [12, 26, 35, 70, 134, 83, 94, 198, 43, 160, 49, 161, 44, 55], [132, 88, 19, 2, 78, 9, 22, 126, 69, 169, 147], [124, 176, 138, 155, 193, 153, 13, 199, 16, 133, 38], [1, 180, 118, 111, 72, 75, 145, 86, 117, 114], [129, 34, 60, 40, 158], [152, 125, 119, 100, 32, 63], [15, 82, 162, 177, 36, 4, 62, 18, 65, 87, 47, 121], [71, 67, 25, 181, 194, 3, 80, 27, 171, 79], [192, 6, 178, 14, 187, 24, 96, 175, 48]]",true
190,11652,4593,2-opt,CMT5.vrp,"[[189, 84, 8, 59, 166, 21, 93, 42, 104, 107], [123, 167, 51, 146, 73, 144], [30, 5, 108, 50, 130, 97, 106, 182, 185, 113], [11, 179, 103, 174, 140, 156, 89, 23, 183, 159, 195, 191, 157, 54], [85, 165, 163, 148, 92, 53, 115, 91, 186, 33, 139], [81, 17, 151, 56, 109, 39, 164, 20], [101, 28, 64, 173, 122, 154, 58, 7, 150, 76, 188, 116, 137, 141, 197, 105], [77, 170, 128, 29, 37, 172, 196, 136, 143, 184], [127, 10, 149, 99, 98, 142], [95, 112, 66, 41, 90, 135, 110, 57, 102, 46, 45], [168, 52, 131, 31, 74, 190, 68, 120, 61], [161, 49, 160, 43, 198, 94, 83, 70, 134, 35, 26, 12, 44, 55], [132, 88, 19, 2, 78, 9, 22, 126, 69, 169, 147], [124, 176, 138, 155, 193, 153, 13, 199, 16, 133, 38], [1, 180, 118, 111, 72, 75, 145, 86, 117, 114], [129, 34, 60, 40, 158], [152, 125, 119, 100, 32, 63], [15, 82, 162, 177, 36, 4, 62, 18, 65, 87, 47, 121], [71, 67, 25, 181, 194, 3, 80, 27, 171, 79], [192, 6, 178, 14, 187, 24, 96, 175, 48]]",true
191,11709,4585,2-opt,CMT5.vrp,"[[189, 84, 8, 59, 166, 21, 93, 42, 104, 107], [123, 167, 51, 146, 73, 144], [30, 5, 108, 50, 130, 97, 106, 182, 185, 113], [11, 179, 103, 174, 140, 156, 89, 23, 183, 159, 195, 191, 157, 54], [85, 165, 163, 148, 92, 53, 115, 91, 186, 33, 139], [81, 17, 151, 56, 109, 39, 164, 20], [101, 28, 64, 173, 122, 154, 58, 7, 150, 76, 188, 116, 137, 141, 197, 105], [77, 170, 128, 29, 37, 172, 196, 136, 143, 184], [127, 10, 149, 99, 98, 142], [95, 112, 66, 41, 90, 135, 110, 57, 102, 46, 45], [168, 52, 131, 31, 74, 190, 68, 120, 61], [26, 35, 134, 70, 83, 94, 198, 43, 160, 49, 161, 12, 44, 55], [132, 88, 19, 2, 78, 9, 22, 126, 69, 169, 147], [124, 176, 138, 155, 193, 153, 13, 199, 16, 133, 38], [1, 180, 118, 111, 72, 75, 145, 86, 117, 114], [129, 34, 60, 40, 158], [152, 125, 119, 100, 32, 63], [15, 82, 162, 177, 36, 4, 62, 18, 65, 87, 47, 121], [71, 67, 25, 181, 194, 3, 80, 27, 171, 79], [192, 6, 178, 14, 187, 24, 96, 175, 48]]",true
192,11749,4579,2-opt,CMT5.vrp,"[[189, 84, 8, 59, 166, 21, 93, 42, 104, 107], [123, 167, 51, 146, 73, 144], [30, 5, 108, 50, 130, 97, 106, 182, 185, 113], [11, 179, 103, 174, 140, 156, 89, 23, 183, 159, 195, 191, 157, 54], [85, 165, 163, 148, 92, 53, 115, 91, 186, 33, 139], [81, 17, 151, 56, 109, 39, 164, 20], [101, 28, 64, 173, 122, 154, 58, 7, 150, 76, 188, 116, 137, 141, 197, 105], [77, 170, 128, 29, 37, 172, 196, 136, 143, 184], [127, 10, 149, 99, 98, 142], [95, 112, 66, 41, 90, 135, 110, 57, 102, 46, 45], [168, 52, 131, 31, 74, 190, 68, 120, 61], [12, 26, 35, 134, 70, 83, 94, 198, 43, 160, 49, 161, 44, 55], [132, 88, 19, 2, 78, 9, 22, 126, 69, 169, 147], [124, 176, 138, 155, 193, 153, 13, 199, 16, 133, 38], [1, 180, 118, 111, 72, 75, 145, 86, 117, 114], [129, 34, 60, 40, 158], [152, 125, 119, 100, 32, 63], [15, 82, 162, 177, 36, 4, 62, 18, 65, 87, 47, 121], [71, 67, 25, 181, 194, 3, 80, 27, 171, 79], [192, 6, 178, 14, 187, 24, 96, 175, 48]]",true
193,11823,4576,2-opt,CMT5.vrp,"[[189, 84, 8, 59, 166, 21, 93, 42, 104, 107], [123, 167, 51, 146, 73, 144], [30, 5, 108, 50, 130, 97, 106, 182, 185, 113], [11, 179, 103, 174, 140, 156, 89, 23, 183, 159, 195, 191, 157, 54], [85, 165, 163, 148, 92, 53, 115, 91, 186, 33, 139], [81, 17, 151, 56, 109, 39, 164, 20], [101, 28, 64, 173, 122, 154, 58, 7, 150, 76, 188, 116, 137, 141, 197, 105], [77, 170, 128, 29, 37, 172, 196, 136, 143, 184], [127, 10, 149, 99, 98, 142], [95, 112, 66, 41, 90, 135, 110, 57, 102, 46, 45], [168, 52, 131, 31, 74, 190, 68, 120, 61], [49, 160, 43, 198, 94, 83, 70, 134, 35, 26, 12, 161, 44, 55], [132, 88, 19, 2, 78, 9, 22, 126, 69, 169, 147], [124, 176, 138, 155, 193, 153, 13, 199, 16, 133, 38], [1, 180, 118, 111, 72, 75, 145, 86, 117, 114], [129, 34, 60, 40, 158], [152, 125, 119, 100, 32, 63], [15, 82, 162, 177, 36, 4, 62, 18, 65, 87, 47, 121], [71, 67, 25, 181, 194, 3, 80, 27, 171, 79], [192, 6, 178, 14, 187, 24, 96, 175, 48]]",true
194,11905,4576,2-opt,CMT5.vrp,"[[189, 84, 8, 59, 166, 21, 93, 42, 104, 107], [123, 167, 51, 146, 73, 144], [30, 5, 108, 50, 130, 97, 106, 182, 185, 113], [11, 179, 103, 174, 140, 156, 89, 23, 183, 159, 195, 191, 157, 54], [85, 165, 163, 148, 92, 53, 115, 91, 186, 33, 139], [81, 17, 151, 56, 109, 39, 164, 20], [101, 28, 64, 173, 122, 154, 58, 7, 150, 76, 188, 116, 137, 141, 197, 105], [77, 170, 128, 29, 37, 172, 196, 136, 143, 184], [127, 10, 149, 99, 98, 142], [95, 112, 66, 41, 90, 135, 110, 57, 102, 46, 45], [168, 52, 131, 31, 74, 190, 68, 120, 61], [12, 26, 35, 134, 70, 83, 94, 198, 43, 160, 49, 55, 44, 161], [132, 88, 19, 2, 78, 9, 22, 126, 69, 169, 147], [124, 176, 138, 155, 193, 153, 13, 199, 16, 133, 38], [1, 180, 118, 111, 72, 75, 145, 86, 117, 114], [129, 34, 60, 40, 158], [152, 125, 119, 100, 32, 63], [15, 82, 162, 177, 36, 4, 62, 18, 65, 87, 47, 121], [71, 67, 25, 181, 194, 3, 80, 27, 171, 79], [192, 6, 178, 14, 187, 24, 96, 175, 48]]",true
195,11958,4568,2-opt,CMT5.vrp,"[[189, 84, 8, 59, 166, 21, 93, 42, 104, 107], [123, 167, 51, 146, 73, 144], [30, 5, 108, 50, 130, 97, 106, 182, 185, 113], [11, 179, 103, 174, 140, 156, 89, 23, 183, 159, 195, 191, 157, 54], [85, 165, 163, 148, 92, 53, 115, 91, 186, 33, 139], [81, 17, 151, 56, 109, 39, 164, 20], [101, 28, 64, 173, 122, 154, 58, 7, 150, 76, 188, 116, 137, 141, 197, 105], [77, 170, 128, 29, 37, 172, 196, 136, 143, 184], [127, 10, 149, 99, 98, 142], [95, 112, 66, 41, 90, 135, 110, 57, 102, 46, 45], [168, 52, 131, 31, 74, 190, 68, 120, 61], [12, 161, 44, 55, 49, 160, 43, 198, 94, 83, 70, 134, 35, 26], [132, 88, 19, 2, 78, 9, 22, 126, 69, 169, 147], [124, 176, 138, 155, 193, 153, 13, 199, 16, 133, 38], [1, 180, 118, 111, 72, 75, 145, 86, 117, 114], [129, 34, 60, 40, 158], [152, 125, 119, 100, 32, 63], [15, 82, 162, 177, 36, 4, 62, 18, 65, 87, 47, 121], [71, 67, 25, 181, 194, 3, 80, 27, 171, 79], [192, 6, 178, 14, 187, 24, 96, 175, 48]]",true
196,12036,4568,2-opt,CMT5.vrp,"[[189, 84, 8, 59, 166, 21, 93, 42, 104, 107], [123, 167, 51, 146, 73, 144], [30, 5, 108, 50, 130, 97, 106, 182, 185, 113], [11, 179, 103, 174, 140, 156, 89, 23, 183, 159, 195, 191, 157, 54], [85, 165, 163, 148, 92, 53, 115, 91, 186, 33, 139], [81, 17, 151, 56, 109, 39, 164, 20], [101, 28, 64, 173, 122, 154, 58, 7, 150, 76, 188, 116, 137, 141, 197, 105], [77, 170, 128, 29, 37, 172, 196, 136, 143, 184], [127, 10, 149, 99, 98, 142], [95, 112, 66, 41, 90, 135, 110, 57, 102, 46, 45], [168, 52, 131, 31, 74, 190, 68, 120, 61], [26, 35, 134, 70, 83, 94, 198, 43, 160, 49, 55, 44, 161, 12], [132, 88, 19, 2, 78, 9, 22, 126, 69, 169, 147], [124, 176, 138, 155, 193, 153, 13, 199, 16, 133, 38], [1, 180, 118, 111, 72, 75, 145, 86, 117, 114], [129, 34, 60, 40, 158], [152, 125, 119, 100, 32, 63], [15, 82, 162, 177, 36, 4, 62, 18, 65, 87, 47, 121], [71, 67, 25, 181, 194, 3, 80, 27, 171, 79], [192, 6, 178, 14, 187, 24, 96, 175, 48]]",true
197,12156,4551,2-opt,CMT5.vrp,"[[189, 84, 8, 59, 166, 21, 93, 42, 104, 107], [123, 167, 51, 146, 73, 144], [30, 5, 108, 50, 130, 97, 106, 182, 185, 113], [11, 179, 103, 174, 140, 156, 89, 23, 183, 159, 195, 191, 157, 54], [85, 165, 163, 148, 92, 53, 115, 91, 186, 33, 139], [81, 17, 151, 56, 109, 39, 164, 20], [101, 28, 64, 173, 122, 154, 58, 7, 150, 76, 188, 116, 137, 141, 197, 105], [77, 170, 128, 29, 37, 172, 196, 136, 143, 184], [127, 10, 149, 99, 98, 142], [95, 112, 66, 41, 90, 135, 110, 57, 102, 46, 45], [168, 52, 131, 31, 74, 190, 68, 120, 61], [26, 35, 134, 70, 83, 94, 198, 43, 160, 49, 55, 44, 161, 12], [88, 132, 19, 2, 78, 9, 22, 126, 69, 169, 147], [124, 176, 138, 155, 193, 153, 13, 199, 16, 133, 38], [1, 180, 118, 111, 72, 75, 145, 86, 117, 114], [129, 34, 60, 40, 158], [152, 125, 119, 100, 32, 63], [15, 82, 162, 177, 36, 4, 62, 18, 65, 87, 47, 121], [71, 67, 25, 181, 194, 3, 80, 27, 171, 79], [192, 6, 178, 14, 187, 24, 96, 175, 48]]",true
198,12201,4528,2-opt,CMT5.vrp,"[[189, 84, 8, 59, 166, 21, 93, 42, 104, 107], [123, 167, 51, 146, 73, 144], [30, 5, 108, 50, 130, 97, 106, 182, 185, 113], [11, 179, 103, 174, 140, 156, 89, 23, 183, 159, 195, 191, 157, 54], [85, 165, 163, 148, 92, 53, 115, 91, 186, 33, 139], [81, 17, 151, 56, 109, 39, 164, 20], [101, 28, 64, 173, 122, 154, 58, 7, 150, 76, 188, 116, 137, 141, 197, 105], [77, 170, 128, 29, 37, 172, 196, 136, 143, 184], [127, 10, 149, 99, 98, 142], [95, 112, 66, 41, 90, 135, 110, 57, 102, 46, 45], [168, 52, 131, 31, 74, 190, 68, 120, 61], [26, 35, 134, 70, 83, 94, 198, 43, 160, 49, 55, 44, 161, 12], [2, 19, 88, 132, 78, 9, 22, 126, 69, 169, 147], [124, 176, 138, 155, 193, 153, 13, 199, 16, 133, 38], [1, 180, 118, 111, 72, 75, 145, 86, 117, 114], [129, 34, 60, 40, 158], [152, 125, 119, 100, 32, 63], [15, 82, 162, 177, 36, 4, 62, 18, 65, 87, 47, 121], [71, 67, 25, 181, 194, 3, 80, 27, 171, 79], [192, 6, 178, 14, 187, 24, 96, 175, 48]]",true
199,12243,4527,2-opt,CMT5.vrp,"[[189, 84, 8, 59, 166, 21, 93, 42, 104, 107], [123, 167, 51, 146, 73, 144], [30, 5, 108, 50, 130, 97, 106, 182, 185, 113], [11, 179, 103, 174, 140, 156, 89, 23, 183, 159, 195, 191, 157, 54], [85, 165, 163, 148, 92, 53, 115, 91, 186, 33, 139], [81, 17, 151, 56, 109, 39, 164, 20], [101, 28, 64, 173, 122, 154, 58, 7, 150, 76, 188, 116, 137, 141, 197, 105], [77, 170, 128, 29, 37, 172, 196, 136, 143, 184], [127, 10, 149, 99, 98, 142], [95, 112, 66, 41, 90, 135, 110, 57, 102, 46, 45], [168, 52, 131, 31, 74, 190, 68, 120, 61], [26, 35, 134, 70, 83, 94, 198, 43, 160, 49, 55, 44, 161, 12], [126, 22, 9, 78, 2, 19, 88, 132, 69, 169, 147], [124, 176, 138, 155, 193, 153, 13, 199, 16, 133, 38], [1, 180, 118, 111, 72, 75, 145, 86, 117, 114], [129, 34, 60, 40, 158], [152, 125, 119, 100, 32, 63], [15, 82, 162, 177, 36, 4, 62, 18, 65, 87, 47, 121], [71, 67, 25, 181, 194, 3, 80, 27, 171, 79], [192, 6, 178, 14, 187, 24, 96, 175, 48]]",true
200,12305,4521,2-opt,CMT5.vrp,"[[189, 84, 8, 59, 166, 21, 93, 42, 104, 107], [123, 167, 51, 146, 73, 144], [30, 5, 108, 50, 130, 97, 106, 182, 185, 113], [11, 179, 103, 174, 140, 156, 89, 23, 183, 159, 195, 191, 157, 54], [85, 165, 163, 148, 92, 53, 115, 91, 186, 33, 139], [81, 17, 151, 56, 109, 39, 164, 20], [101, 28, 64, 173, 122, 154, 58, 7, 150, 76, 188, 116, 137, 141, 197, 105], [77, 170, 128, 29, 37, 172, 196, 136, 143, 184], [127, 10, 149, 99, 98, 142], [95, 112, 66, 41, 90, 135, 110, 57, 102, 46, 45], [168, 52, 131, 31, 74, 190, 68, 120, 61], [26, 35, 134, 70, 83, 94, 198, 43, 160, 49, 55, 44, 161, 12], [22, 126, 9, 78, 2, 19, 88, 132, 69, 169, 147], [124, 176, 138, 155, 193, 153, 13, 199, 16, 133, 38], [1, 180, 118, 111, 72, 75, 145, 86, 117, 114], [129, 34, 60, 40, 158], [152, 125, 119, 100, 32, 63], [15, 82, 162, 177, 36, 4, 62, 18, 65, 87, 47, 121], [71, 67, 25, 181, 194, 3, 80, 27, 171, 79], [192, 6, 178, 14, 187, 24, 96, 175, 48]]",true
201,12355,4508,2-opt,CMT5.vrp,"[[189, 84, 8, 59, 166, 21, 93, 42, 104, 107], [123, 167, 51, 146, 73, 144], [30, 5, 108, 50, 130, 97, 106, 182, 185, 113], [11, 179, 103, 174, 140, 156, 89, 23, 183, 159, 195, 191, 157, 54], [85, 165, 163, 148, 92, 53, 115, 91, 186, 33, 139], [81, 17, 151, 56, 109, 39, 164, 20], [101, 28, 64, 173, 122, 154, 58, 7, 150, 76, 188, 116, 137, 141, 197, 105], [77, 170, 128, 29, 37, 172, 196, 136, 143, 184], [127, 10, 149, 99, 98, 142], [95, 112, 66, 41, 90, 135, 110, 57, 102, 46, 45], [168, 52, 131, 31, 74, 190, 68, 120, 61], [26, 35, 134, 70, 83, 94, 198, 43, 160, 49, 55, 44, 161, 12], [126, 78, 9, 22, 2, 19, 88, 132, 69, 169, 147], [124, 176, 138, 155, 193, 153, 13, 199, 16, 133, 38], [1, 180, 118, 111, 72, 75, 145, 86, 117, 114], [129, 34, 60, 40, 158], [152, 125, 119, 100, 32, 63], [15, 82, 162, 177, 36, 4, 62, 18, 65, 87, 47, 121], [71, 67, 25, 181, 194, 3, 80, 27, 171, 79], [192, 6, 178, 14, 187, 24, 96, 175, 48]]",true
202,12398,4501,2-opt,CMT5.vrp,"[[189, 84, 8, 59, 166, 21, 93, 42, 104, 107], [123, 167, 51, 146, 73, 144], [30, 5, 108, 50, 130, 97, 106, 182, 185, 113], [11, 179, 103, 174, 140, 156, 89, 23, 183, 159, 195, 191, 157, 54], [85, 165, 163, 148, 92, 53, 115, 91, 186, 33, 139], [81, 17, 151, 56, 109, 39, 164, 20], [101, 28, 64, 173, 122, 154, 58, 7, 150, 76, 188, 116, 137, 141, 197, 105], [77, 170, 128, 29, 37, 172, 196, 136, 143, 184], [127, 10, 149, 99, 98, 142], [95, 112, 66, 41, 90, 135, 110, 57, 102, 46, 45], [168, 52, 131, 31, 74, 190, 68, 120, 61], [26, 35, 134, 70, 83, 94, 198, 43, 160, 49, 55, 44, 161, 12], [126, 22, 2, 78, 9, 19, 88, 132, 69, 169, 147], [124, 176, 138, 155, 193, 153, 13, 199, 16, 133, 38], [1, 180, 118, 111, 72, 75, 145, 86, 117, 114], [129, 34, 60, 40, 158], [152, 125, 119, 100, 32, 63], [15, 82, 162, 177, 36, 4, 62, 18, 65, 87, 47, 121], [71, 67, 25, 181, 194, 3, 80, 27, 171, 79], [192, 6, 178, 14, 187, 24, 96, 175, 48]]",true
203,12441,4498,2-opt,CMT5.vrp,"[[189, 84, 8, 59, 166, 21, 93, 42, 104, 107], [123, 167, 51, 146, 73, 144], [30, 5, 108, 50, 130, 97, 106, 182, 185, 113], [11, 179, 103, 174, 140, 156, 89, 23, 183, 159, 195, 191, 157, 54], [85, 165, 163, 148, 92, 53, 115, 91, 186, 33, 139], [81, 17, 151, 56, 109, 39, 164, 20], [101, 28, 64, 173, 122, 154, 58, 7, 150, 76, 188, 116, 137, 141, 197, 105], [77, 170, 128, 29, 37, 172, 196, 136, 143, 184], [127, 10, 149, 99, 98, 142], [95, 112, 66, 41, 90, 135, 110, 57, 102, 46, 45], [168, 52, 131, 31, 74, 190, 68, 120, 61], [26, 35, 134, 70, 83, 94, 198, 43, 160, 49, 55, 44, 161, 12], [126, 22, 9, 2, 78, 19, 88, 132, 69, 169, 147], [124, 176, 138, 155, 193, 153, 13, 199, 16, 133, 38], [1, 180, 118, 111, 72, 75, 145, 86, 117, 114], [129, 34, 60, 40, 158], [152, 125, 119, 100, 32, 63], [15, 82, 162, 177, 36, 4, 62, 18, 65, 87, 47, 121], [71, 67, 25, 181, 194, 3, 80, 27, 171, 79], [192, 6, 178, 14, 187, 24, 96, 175, 48]]",true
204,12487,4492,2-opt,CMT5.vrp,"[[189, 84, 8, 59, 166, 21, 93, 42, 104, 107], [123, 167, 51, 146, 73, 144], [30, 5, 108, 50, 130, 97, 106, 182, 185, 113], [11, 179, 103, 174, 140, 156, 89, 23, 183, 159, 195, 191, 157, 54], [85, 165, 163, 148, 92, 53, 115, 91, 186, 33, 139], [81, 17, 151, 56, 109, 39, 164, 20], [101, 28, 64, 173, 122, 154, 58, 7, 150, 76, 188, 116, 137, 141, 197, 105], [77, 170, 128, 29, 37, 172, 196, 136, 143, 184], [127, 10, 149, 99, 98, 142], [95, 112, 66, 41, 90, 135, 110, 57, 102, 46, 45], [168, 52, 131, 31, 74, 190, 68, 120, 61], [26, 35, 134, 70, 83, 94, 198, 43, 160, 49, 55, 44, 161, 12], [126, 22, 9, 78, 19, 2, 88, 132, 69, 169, 147], [124, 176, 138, 155, 193, 153, 13, 199, 16, 133, 38], [1, 180, 118, 111, 72, 75, 145, 86, 117, 114], [129, 34, 60, 40, 158], [152, 125, 119, 100, 32, 63], [15, 82, 162, 177, 36, 4, 62, 18, 65, 87, 47, 121], [71, 67, 25, 181, 194, 3, 80, 27, 171, 79], [192, 6, 178, 14, 187, 24, 96, 175, 48]]",true
205,12529,4491,2-opt,CMT5.vrp,"[[189, 84, 8, 59, 166, 21, 93, 42, 104, 107], [123, 167, 51, 146, 73, 144], [30, 5, 108, 50, 130, 97, 106, 182, 185, 113], [11, 179, 103, 174, 140, 156, 89, 23, 183, 159, 195, 191, 157, 54], [85, 165, 163, 148, 92, 53, 115, 91, 186, 33, 139], [81, 17, 151, 56, 109, 39, 164, 20], [101, 28, 64, 173, 122, 154, 58, 7, 150, 76, 188, 116, 137, 141, 197, 105], [77, 170, 128, 29, 37, 172, 196, 136, 143, 184], [127, 10, 149, 99, 98, 142], [95, 112, 66, 41, 90, 135, 110, 57, 102, 46, 45], [168, 52, 131, 31, 74, 190, 68, 120, 61], [26, 35, 134, 70, 83, 94, 198, 43, 160, 49, 55, 44, 161, 12], [126, 22, 9, 78, 2, 88, 19, 132, 69, 169, 147], [124, 176, 138, 155, 193, 153, 13, 199, 16, 133, 38], [1, 180, 118, 111, 72, 75, 145, 86, 117, 114], [129, 34, 60, 40, 158], [152, 125, 119, 100, 32, 63], [15, 82, 162, 177, 36, 4, 62, 18, 65, 87, 47, 121], [71, 67, 25, 181, 194, 3, 80, 27, 171, 79], [192, 6, 178, 14, 187, 24, 96, 175, 48]]",true
206,12575,4485,2-opt,CMT5.vrp,"[[189, 84, 8, 59, 166, 21, 93, 42, 104, 107], [123, 167, 51, 146, 73, 144], [30, 5, 108, 50, 130, 97, 106, 182, 185, 113], [11, 179, 103, 174, 140, 156, 89, 23, 183, 159, 195, 191, 157, 54], [85, 165, 163, 148, 92, 53, 115, 91, 186, 33, 139], [81, 17, 151, 56, 109, 39, 164, 20], [101, 28, 64, 173, 122, 154, 58, 7, 150, 76, 188, 116, 137, 141, 197, 105], [77, 170, 128, 29, 37, 172, 196, 136, 143, 184], [127, 10, 149, 99, 98, 142], [95, 112, 66, 41, 90, 135, 110, 57, 102, 46, 45], [168, 52, 131, 31, 74, 190, 68, 120, 61], [26, 35, 134, 70, 83, 94, 198, 43, 160, 49, 55, 44, 161, 12], [22, 126, 9, 78, 2, 88, 19, 132, 69, 169, 147], [124, 176, 138, 155, 193, 153, 13, 199, 16, 133, 38], [1, 180, 118, 111, 72, 75, 145, 86, 117, 114], [129, 34, 60, 40, 158], [152, 125, 119, 100, 32, 63], [15, 82, 162, 177, 36, 4, 62, 18, 65, 87, 47, 121], [71, 67, 25, 181, 194, 3, 80, 27, 171, 79], [192, 6, 178, 14, 187, 24, 96, 175, 48]]",true
207,12619,4472,2-opt,CMT5.vrp,"[[189, 84, 8, 59, 166, 21, 93, 42, 104, 107], [123, 167, 51, 146, 73, 144], [30, 5, 108, 50, 130, 97, 106, 182, 185, 113], [11, 179, 103, 174, 140, 156, 89, 23, 183, 159, 195, 191, 157, 54], [85, 165, 163, 148, 92, 53, 115, 91, 186, 33, 139], [81, 17, 151, 56, 109, 39, 164, 20], [101, 28, 64, 173, 122, 154, 58, 7, 150, 76, 188, 116, 137, 141, 197, 105], [77, 170, 128, 29, 37, 172, 196, 136, 143, 184], [127, 10, 149, 99, 98, 142], [95, 112, 66, 41, 90, 135, 110, 57, 102, 46, 45], [168, 52, 131, 31, 74, 190, 68, 120, 61], [26, 35, 134, 70, 83, 94, 198, 43, 160, 49, 55, 44, 161, 12], [126, 78, 9, 22, 2, 88, 19, 132, 69, 169, 147], [124, 176, 138, 155, 193, 153, 13, 199, 16, 133, 38], [1, 180, 118, 111, 72, 75, 145, 86, 117, 114], [129, 34, 60, 40, 158], [152, 125, 119, 100, 32, 63], [15, 82, 162, 177, 36, 4, 62, 18, 65, 87, 47, 121], [71, 67, 25, 181, 194, 3, 80, 27, 171, 79], [192, 6, 178, 14, 187, 24, 96, 175, 48]]",true
208,12669,4470,2-opt,CMT5.vrp,"[[189, 84, 8, 59, 166, 21, 93, 42, 104, 107], [123, 167, 51, 146, 73, 144], [30, 5, 108, 50, 130, 97, 106, 182, 185, 113], [11, 179, 103, 174, 140, 156, 89, 23, 183, 159, 195, 191, 157, 54], [85, 165, 163, 148, 92, 53, 115, 91, 186, 33, 139], [81, 17, 151, 56, 109, 39, 164, 20], [101, 28, 64, 173, 122, 154, 58, 7, 150, 76, 188, 116, 137, 141, 197, 105], [77, 170, 128, 29, 37, 172, 196, 136, 143, 184], [127, 10, 149, 99, 98, 142], [95, 112, 66, 41, 90, 135, 110, 57, 102, 46, 45], [168, 52, 131, 31, 74, 190, 68, 120, 61], [26, 35, 134, 70, 83, 94, 198, 43, 160, 49, 55, 44, 161, 12], [126, 22, 9, 147, 169, 69, 132, 19, 88, 2, 78], [124, 176, 138, 155, 193, 153, 13, 199, 16, 133, 38], [1, 180, 118, 111, 72, 75, 145, 86, 117, 114], [129, 34, 60, 40, 158], [152, 125, 119, 100, 32, 63], [15, 82, 162, 177, 36, 4, 62, 18, 65, 87, 47, 121], [71, 67, 25, 181, 194, 3, 80, 27, 171, 79], [192, 6, 178, 14, 187, 24, 96, 175, 48]]",true
209,12718,4464,2-opt,CMT5.vrp,"[[189, 84, 8, 59, 166, 21, 93, 42, 104, 107], [123, 167, 51, 146, 73, 144], [30, 5, 108, 50, 130, 97, 106, 182, 185, 113], [11, 179, 103, 174, 140, 156, 89, 23, 183, 159, 195, 191, 157, 54], [85, 165, 163, 148, 92, 53, 115, 91, 186, 33, 139], [81, 17, 151, 56, 109, 39, 164, 20], [101, 28, 64, 173, 122, 154, 58, 7, 150, 76, 188, 116, 137, 141, 197, 105], [77, 170, 128, 29, 37, 172, 196, 136, 143, 184], [127, 10, 149, 99, 98, 142], [95, 112, 66, 41, 90, 135, 110, 57, 102, 46, 45], [168, 52, 131, 31, 74, 190, 68, 120, 61], [26, 35, 134, 70, 83, 94, 198, 43, 160, 49, 55, 44, 161, 12], [22, 126, 9, 147, 169, 69, 132, 19, 88, 2, 78], [124, 176, 138, 155, 193, 153, 13, 199, 16, 133, 38], [1, 180, 118, 111, 72, 75, 145, 86, 117, 114], [129, 34, 60, 40, 158], [152, 125, 119, 100, 32, 63], [15, 82, 162, 177, 36, 4, 62, 18, 65, 87, 47, 121], [71, 67, 25, 181, 194, 3, 80, 27, 171, 79], [192, 6, 178, 14, 187, 24, 96, 175, 48]]",true
210,12769,4464,2-opt,CMT5.vrp,"[[189, 84, 8, 59, 166, 21, 93, 42, 104, 107], [123, 167, 51, 146, 73, 144], [30, 5, 108, 50, 130, 97, 106, 182, 185, 113], [11, 179, 103, 174, 140, 156, 89, 23, 183, 159, 195, 191, 157, 54], [85, 165, 163, 148, 92, 53, 115, 91, 186, 33, 139], [81, 17, 151, 56, 109, 39, 164, 20], [101, 28, 64, 173, 122, 154, 58, 7, 150, 76, 188, 116, 137, 141, 197, 105], [77, 170, 128, 29, 37, 172, 196, 136, 143, 184], [127, 10, 149, 99, 98, 142], [95, 112, 66, 41, 90, 135, 110, 57, 102, 46, 45], [168, 52, 131, 31, 74, 190, 68, 120, 61], [26, 35, 134, 70, 83, 94, 198, 43, 160, 49, 55, 44, 161, 12], [126, 78, 2, 88, 19, 132, 69, 169, 147, 9, 22], [124, 176, 138, 155, 193, 153, 13, 199, 16, 133, 38], [1, 180, 118, 111, 72, 75, 145, 86, 117, 114], [129, 34, 60, 40, 158], [152, 125, 119, 100, 32, 63], [15, 82, 162, 177, 36, 4, 62, 18, 65, 87, 47, 121], [71, 67, 25, 181, 194, 3, 80, 27, 171, 79], [192, 6, 178, 14, 187, 24, 96, 175, 48]]",true
211,12810,4453,2-opt,CMT5.vrp,"[[189, 84, 8, 59, 166, 21, 93, 42, 104, 107], [123, 167, 51, 146, 73, 144], [30, 5, 108, 50, 130, 97, 106, 182, 185, 113], [11, 179, 103, 174, 140, 156, 89, 23, 183, 159, 195, 191, 157, 54], [85, 165, 163, 148, 92, 53, 115, 91, 186, 33, 139], [81, 17, 151, 56, 109, 39, 164, 20], [101, 28, 64, 173, 122, 154, 58, 7, 150, 76, 188, 116, 137, 141, 197, 105], [77, 170, 128, 29, 37, 172, 196, 136, 143, 184], [127, 10, 149, 99, 98, 142], [95, 112, 66, 41, 90, 135, 110, 57, 102, 46, 45], [168, 52, 131, 31, 74, 190, 68, 120, 61], [26, 35, 134, 70, 83, 94, 198, 43, 160, 49, 55, 44, 161, 12], [126, 22, 147, 9, 169, 69, 132, 19, 88, 2, 78], [124, 176, 138, 155, 193, 153, 13, 199, 16, 133, 38], [1, 180, 118, 111, 72, 75, 145, 86, 117, 114], [129, 34, 60, 40, 158], [152, 125, 119, 100, 32, 63], [15, 82, 162, 177, 36, 4, 62, 18, 65, 87, 47, 121], [71, 67, 25, 181, 194, 3, 80, 27, 171, 79], [192, 6, 178, 14, 187, 24, 96, 175, 48]]",true
212,12852,4444,2-opt,CMT5.vrp,"[[189, 84, 8, 59, 166, 21, 93, 42, 104, 107], [123, 167, 51, 146, 73, 144], [30, 5, 108, 50, 130, 97, 106, 182, 185, 113], [11, 179, 103, 174, 140, 156, 89, 23, 183, 159, 195, 191, 157, 54], [85, 165, 163, 148, 92, 53, 115, 91, 186, 33, 139], [81, 17, 151, 56, 109, 39, 164, 20], [101, 28, 64, 173, 122, 154, 58, 7, 150, 76, 188, 116, 137, 141, 197, 105], [77, 170, 128, 29, 37, 172, 196, 136, 143, 184], [127, 10, 149, 99, 98, 142], [95, 112, 66, 41, 90, 135, 110, 57, 102, 46, 45], [168, 52, 131, 31, 74, 190, 68, 120, 61], [26, 35, 134, 70, 83, 94, 198, 43, 160, 49, 55, 44, 161, 12], [126, 22, 2, 88, 19, 132, 69, 169, 147, 9, 78], [124, 176, 138, 155, 193, 153, 13, 199, 16, 133, 38], [1, 180, 118, 111, 72, 75, 145, 86, 117, 114], [129, 34, 60, 40, 158], [152, 125, 119, 100, 32, 63], [15, 82, 162, 177, 36, 4, 62, 18, 65, 87, 47, 121], [71, 67, 25, 181, 194, 3, 80, 27, 171, 79], [192, 6, 178, 14, 187, 24, 96, 175, 48]]",true
213,12914,4437,2-opt,CMT5.vrp,"[[189, 84, 8, 59, 166, 21, 93, 42, 104, 107], [123, 167, 51, 146, 73, 144], [30, 5, 108, 50, 130, 97, 106, 182, 185, 113], [11, 179, 103, 174, 140, 156, 89, 23, 183, 159, 195, 191, 157, 54], [85, 165, 163, 148, 92, 53, 115, 91, 186, 33, 139], [81, 17, 151, 56, 109, 39, 164, 20], [101, 28, 64, 173, 122, 154, 58, 7, 150, 76, 188, 116, 137, 141, 197, 105], [77, 170, 128, 29, 37, 172, 196, 136, 143, 184], [127, 10, 149, 99, 98, 142], [95, 112, 66, 41, 90, 135, 110, 57, 102, 46, 45], [168, 52, 131, 31, 74, 190, 68, 120, 61], [26, 35, 134, 70, 83, 94, 198, 43, 160, 49, 55, 44, 161, 12], [126, 2, 22, 88, 19, 132, 69, 169, 147, 9, 78], [124, 176, 138, 155, 193, 153, 13, 199, 16, 133, 38], [1, 180, 118, 111, 72, 75, 145, 86, 117, 114], [129, 34, 60, 40, 158], [152, 125, 119, 100, 32, 63], [15, 82, 162, 177, 36, 4, 62, 18, 65, 87, 47, 121], [71, 67, 25, 181, 194, 3, 80, 27, 171, 79], [192, 6, 178, 14, 187, 24, 96, 175, 48]]",true
214,12969,4436,2-opt,CMT5.vrp,"[[189, 84, 8, 59, 166, 21, 93, 42, 104, 107], [123, 167, 51, 146, 73, 144], [30, 5, 108, 50, 130, 97, 106, 182, 185, 113], [11, 179, 103, 174, 140, 156, 89, 23, 183, 159, 195, 191, 157, 54], [85, 165, 163, 148, 92, 53, 115, 91, 186, 33, 139], [81, 17, 151, 56, 109, 39, 164, 20], [101, 28, 64, 173, 122, 154, 58, 7, 150, 76, 188, 116, 137, 141, 197, 105], [77, 170, 128, 29, 37, 172, 196, 136, 143, 184], [127, 10, 149, 99, 98, 142], [95, 112, 66, 41, 90, 135, 110, 57, 102, 46, 45], [168, 52, 131, 31, 74, 190, 68, 120, 61], [26, 35, 134, 70, 83, 94, 198, 43, 160, 49, 55, 44, 161, 12], [126, 22, 2, 88, 9, 147, 169, 69, 132, 19, 78], [124, 176, 138, 155, 193, 153, 13, 199, 16, 133, 38], [1, 180, 118, 111, 72, 75, 145, 86, 117, 114], [129, 34, 60, 40, 158], [152, 125, 119, 100, 32, 63], [15, 82, 162, 177, 36, 4, 62, 18, 65, 87, 47, 121], [71, 67, 25, 181, 194, 3, 80, 27, 171, 79], [192, 6, 178, 14, 187, 24, 96, 175, 48]]",true
215,13015,4428,2-opt,CMT5.vrp,"[[189, 84, 8, 59, 166, 21, 93, 42, 104, 107], [123, 167, 51, 146, 73, 144], [30, 5, 108, 50, 130, 97, 106, 182, 185, 113], [11, 179, 103, 174, 140, 156, 89, 23, 183, 159, 195, 191, 157, 54], [85, 165, 163, 148, 92, 53, 115, 91, 186, 33, 139], [81, 17, 151, 56, 109, 39, 164, 20], [101, 28, 64, 173, 122, 154, 58, 7, 150, 76, 188, 116, 137, 141, 197, 105], [77, 170, 128, 29, 37, 172, 196, 136, 143, 184], [127, 10, 149, 99, 98, 142], [95, 112, 66, 41, 90, 135, 110, 57, 102, 46, 45], [168, 52, 131, 31, 74, 190, 68, 120, 61], [26, 35, 134, 70, 83, 94, 198, 43, 160, 49, 55, 44, 161, 12], [126, 22, 2, 88, 19, 132, 69, 78, 9, 147, 169], [124, 176, 138, 155, 193, 153, 13, 199, 16, 133, 38], [1, 180, 118, 111, 72, 75, 145, 86, 117, 114], [129, 34, 60, 40, 158], [152, 125, 119, 100, 32, 63], [15, 82, 162, 177, 36, 4, 62, 18, 65, 87, 47, 121], [71, 67, 25, 181, 194, 3, 80, 27, 171, 79], [192, 6, 178, 14, 187, 24, 96, 175, 48]]",true
216,13061,4421,2-opt,CMT5.vrp,"[[189, 84, 8, 59, 166, 21, 93, 42, 104, 107], [123, 167, 51, 146, 73, 144], [30, 5, 108, 50, 130, 97, 106, 182, 185, 113], [11, 179, 103, 174, 140, 156, 89, 23, 183, 159, 195, 191, 157, 54], [85, 165, 163, 148, 92, 53, 115, 91, 186, 33, 139], [81, 17, 151, 56, 109, 39, 164, 20], [101, 28, 64, 173, 122, 154, 58, 7, 150, 76, 188, 116, 137, 141, 197, 105], [77, 170, 128, 29, 37, 172, 196, 136, 143, 184], [127, 10, 149, 99, 98, 142], [95, 112, 66, 41, 90, 135, 110, 57, 102, 46, 45], [168, 52, 131, 31, 74, 190, 68, 120, 61], [26, 35, 134, 70, 83, 94, 198, 43, 160, 49, 55, 44, 161, 12], [126, 2, 22, 88, 19, 132, 69, 78, 9, 147, 169], [124, 176, 138, 155, 193, 153, 13, 199, 16, 133, 38], [1, 180, 118, 111, 72, 75, 145, 86, 117, 114], [129, 34, 60, 40, 158], [152, 125, 119, 100, 32, 63], [15, 82, 162, 177, 36, 4, 62, 18, 65, 87, 47, 121], [71, 67, 25, 181, 194, 3, 80, 27, 171, 79], [192, 6, 178, 14, 187, 24, 96, 175, 48]]",true
217,13107,4418,2-opt,CMT5.vrp,"[[189, 84, 8, 59, 166, 21, 93, 42, 104, 107], [123, 167, 51, 146, 73, 144], [30, 5, 108, 50, 130, 97, 106, 182, 185, 113], [11, 179, 103, 174, 140, 156, 89, 23, 183, 159, 195, 191, 157, 54], [85, 165, 163, 148, 92, 53, 115, 91, 186, 33, 139], [81, 17, 151, 56, 109, 39, 164, 20], [101, 28, 64, 173, 122, 154, 58, 7, 150, 76, 188, 116, 137, 141, 197, 105], [77, 170, 128, 29, 37, 172, 196, 136, 143, 184], [127, 10, 149, 99, 98, 142], [95, 112, 66, 41, 90, 135, 110, 57, 102, 46, 45], [168, 52, 131, 31, 74, 190, 68, 120, 61], [26, 35, 134, 70, 83, 94, 198, 43, 160, 49, 55, 44, 161, 12], [126, 169, 147, 9, 78, 69, 132, 19, 88, 2, 22], [124, 176, 138, 155, 193, 153, 13, 199, 16, 133, 38], [1, 180, 118, 111, 72, 75, 145, 86, 117, 114], [129, 34, 60, 40, 158], [152, 125, 119, 100, 32, 63], [15, 82, 162, 177, 36, 4, 62, 18, 65, 87, 47, 121], [71, 67, 25, 181, 194, 3, 80, 27, 171, 79], [192, 6, 178, 14, 187, 24, 96, 175, 48]]",true
218,13159,4416,2-opt,CMT5.vrp,"[[189, 84, 8, 59, 166, 21, 93, 42, 104, 107], [123, 167, 51, 146, 73, 144], [30, 5, 108, 50, 130, 97, 106, 182, 185, 113], [11, 179, 103, 174, 140, 156, 89, 23, 183, 159, 195, 191, 157, 54], [85, 165, 163, 148, 92, 53, 115, 91, 186, 33, 139], [81, 17, 151, 56, 109, 39, 164, 20], [101, 28, 64, 173, 122, 154, 58, 7, 150, 76, 188, 116, 137, 141, 197, 105], [77, 170, 128, 29, 37, 172, 196, 136, 143, 184], [127, 10, 149, 99, 98, 142], [95, 112, 66, 41, 90, 135, 110, 57, 102, 46, 45], [168, 52, 131, 31, 74, 190, 68, 120, 61], [26, 35, 134, 70, 83, 94, 198, 43, 160, 49, 55, 44, 161, 12], [126, 22, 2, 88, 19, 78, 69, 132, 9, 147, 169], [124, 176, 138, 155, 193, 153, 13, 199, 16, 133, 38], [1, 180, 118, 111, 72, 75, 145, 86, 117, 114], [129, 34, 60, 40, 158], [152, 125, 119, 100, 32, 63], [15, 82, 162, 177, 36, 4, 62, 18, 65, 87, 47, 121], [71, 67, 25, 181, 194, 3, 80, 27, 171, 79], [192, 6, 178, 14, 187, 24, 96, 175, 48]]",true
219,13211,4409,2-opt,CMT5.vrp,"[[189, 84, 8, 59, 166, 21, 93, 42, 104, 107], [123, 167, 51, 146, 73, 144], [30, 5, 108, 50, 130, 97, 106, 182, 185, 113], [11, 179, 103, 174, 140, 156, 89, 23, 183, 159, 195, 191, 157, 54], [85, 165, 163, 148, 92, 53, 115, 91, 186, 33, 139], [81, 17, 151, 56, 109, 39, 164, 20], [101, 28, 64, 173, 122, 154, 58, 7, 150, 76, 188, 116, 137, 141, 197, 105], [77, 170, 128, 29, 37, 172, 196, 136, 143, 184], [127, 10, 149, 99, 98, 142], [95, 112, 66, 41, 90, 135, 110, 57, 102, 46, 45], [168, 52, 131, 31, 74, 190, 68, 120, 61], [26, 35, 134, 70, 83, 94, 198, 43, 160, 49, 55, 44, 161, 12], [126, 2, 22, 88, 19, 78, 69, 132, 9, 147, 169], [124, 176, 138, 155, 193, 153, 13, 199, 16, 133, 38], [1, 180, 118, 111, 72, 75, 145, 86, 117, 114], [129, 34, 60, 40, 158], [152, 125, 119, 100, 32, 63], [15, 82, 162, 177, 36, 4, 62, 18, 65, 87, 47, 121], [71, 67, 25, 181, 194, 3, 80, 27, 171, 79], [192, 6, 178, 14, 187, 24, 96, 175, 48]]",true
220,13257,4407,2-opt,CMT5.vrp,"[[189, 84, 8, 59, 166, 21, 93, 42, 104, 107], [123, 167, 51, 146, 73, 144], [30, 5, 108, 50, 130, 97, 106, 182, 185, 113], [11, 179, 103, 174, 140, 156, 89, 23, 183, 159, 195, 191, 157, 54], [85, 165, 163, 148, 92, 53, 115, 91, 186, 33, 139], [81, 17, 151, 56, 109, 39, 164, 20], [101, 28, 64, 173, 122, 154, 58, 7, 150, 76, 188, 116, 137, 141, 197, 105], [77, 170, 128, 29, 37, 172, 196, 136, 143, 184], [127, 10, 149, 99, 98, 142], [95, 112, 66, 41, 90, 135, 110, 57, 102, 46, 45], [168, 52, 131, 31, 74, 190, 68, 120, 61], [26, 35, 134, 70, 83, 94, 198, 43, 160, 49, 55, 44, 161, 12], [126, 169, 147, 9, 132, 69, 78, 19, 88, 2, 22], [124, 176, 138, 155, 193, 153, 13, 199, 16, 133, 38], [1, 180, 118, 111, 72, 75, 145, 86, 117, 114], [129, 34, 60, 40, 158], [152, 125, 119, 100, 32, 63], [15, 82, 162, 177, 36, 4, 62, 18, 65, 87, 47, 121], [71, 67, 25, 181, 194, 3, 80, 27, 171, 79], [192, 6, 178, 14, 187, 24, 96, 175, 48]]",true
221,13317,4400,2-opt,CMT5.vrp,"[[189, 84, 8, 59, 166, 21, 93, 42, 104, 107], [123, 167, 51, 146, 73, 144], [30, 5, 108, 50, 130, 97, 106, 182, 185, 113], [11, 179, 103, 174, 140, 156, 89, 23, 183, 159, 195, 191, 157, 54], [85, 165, 163, 148, 92, 53, 115, 91, 186, 33, 139], [81, 17, 151, 56, 109, 39, 164, 20], [101, 28, 64, 173, 122, 154, 58, 7, 150, 76, 188, 116, 137, 141, 197, 105], [77, 170, 128, 29, 37, 172, 196, 136, 143, 184], [127, 10, 149, 99, 98, 142], [95, 112, 66, 41, 90, 135, 110, 57, 102, 46, 45], [168, 52, 131, 31, 74, 190, 68, 120, 61], [26, 35, 134, 70, 83, 94, 198, 43, 160, 49, 55, 44, 161, 12], [126, 9, 147, 169, 132, 69, 78, 19, 88, 2, 22], [124, 176, 138, 155, 193, 153, 13, 199, 16, 133, 38], [1, 180, 118, 111, 72, 75, 145, 86, 117, 114], [129, 34, 60, 40, 158], [152, 125, 119, 100, 32, 63], [15, 82, 162, 177, 36, 4, 62, 18, 65, 87, 47, 121], [71, 67, 25, 181, 194, 3, 80, 27, 171, 79], [192, 6, 178, 14, 187, 24, 96, 175, 48]]",true
222,13380,4400,2-opt,CMT5.vrp,"[[189, 84, 8, 59, 166, 21, 93, 42, 104, 107], [123, 167, 51, 146, 73, 144], [30, 5, 108, 50, 130, 97, 106, 182, 185, 113], [11, 179, 103, 174, 140, 156, 89, 23, 183, 159, 195, 191, 157, 54], [85, 165, 163, 148, 92, 53, 115, 91, 186, 33, 139], [81, 17, 151, 56, 109, 39, 164, 20], [101, 28, 64, 173, 122, 154, 58, 7, 150, 76, 188, 116, 137, 141, 197, 105], [77, 170, 128, 29, 37, 172, 196, 136, 143, 184], [127, 10, 149, 99, 98, 142], [95, 112, 66, 41, 90, 135, 110, 57, 102, 46, 45], [168, 52, 131, 31, 74, 190, 68, 120, 61], [26, 35, 134, 70, 83, 94, 198, 43, 160, 49, 55, 44, 161, 12], [126, 169, 147, 9, 132, 69, 78, 19, 88, 22, 2], [124, 176, 138, 155, 193, 153, 13, 199, 16, 133, 38], [1, 180, 118, 111, 72, 75, 145, 86, 117, 114], [129, 34, 60, 40, 158], [152, 125, 119, 100, 32, 63], [15, 82, 162, 177, 36, 4, 62, 18, 65, 87, 47, 121], [71, 67, 25, 181, 194, 3, 80, 27, 171, 79], [192, 6, 178, 14, 187, 24, 96, 175, 48]]",true
223,13426,4393,2-opt,CMT5.vrp,"[[189, 84, 8, 59, 166, 21, 93, 42, 104, 107], [123, 167, 51, 146, 73, 144], [30, 5, 108, 50, 130, 97, 106, 182, 185, 113], [11, 179, 103, 174, 140, 156, 89, 23, 183, 159, 195, 191, 157, 54], [85, 165, 163, 148, 92, 53, 115, 91, 186, 33, 139], [81, 17, 151, 56, 109, 39, 164, 20], [101, 28, 64, 173, 122, 154, 58, 7, 150, 76, 188, 116, 137, 141, 197, 105], [77, 170, 128, 29, 37, 172, 196, 136, 143, 184], [127, 10, 149, 99, 98, 142], [95, 112, 66, 41, 90, 135, 110, 57, 102, 46, 45], [168, 52, 131, 31, 74, 190, 68, 120, 61], [26, 35, 134, 70, 83, 94, 198, 43, 160, 49, 55, 44, 161, 12], [126, 9, 147, 169, 132, 69, 78, 19, 88, 22, 2], [124, 176, 138, 155, 193, 153, 13, 199, 16, 133, 38], [1, 180, 118, 111, 72, 75, 145, 86, 117, 114], [129, 34, 60, 40, 158], [152, 125, 119, 100, 32, 63], [15, 82, 162, 177, 36, 4, 62, 18, 65, 87, 47, 121], [71, 67, 25, 181, 194, 3, 80, 27, 171, 79], [192, 6, 178, 14, 187, 24, 96, 175, 48]]",true
224,13489,4384,2-opt,CMT5.vrp,"[[189, 84, 8, 59, 166, 21, 93, 42, 104, 107], [123, 167, 51, 146, 73, 144], [30, 5, 108, 50, 130, 97, 106, 182, 185, 113], [11, 179, 103, 174, 140, 156, 89, 23, 183, 159, 195, 191, 157, 54], [85, 165, 163, 148, 92, 53, 115, 91, 186, 33, 139], [81, 17, 151, 56, 109, 39, 164, 20], [101, 28, 64, 173, 122, 154, 58, 7, 150, 76, 188, 116, 137, 141, 197, 105], [77, 170, 128, 29, 37, 172, 196, 136, 143, 184], [127, 10, 149, 99, 98, 142], [95, 112, 66, 41, 90, 135, 110, 57, 102, 46, 45], [168, 52, 131, 31, 74, 190, 68, 120, 61], [26, 35, 134, 70, 83, 94, 198, 43, 160, 49, 55, 44, 161, 12], [126, 147, 9, 169, 132, 69, 78, 19, 88, 22, 2], [124, 176, 138, 155, 193, 153, 13, 199, 16, 133, 38], [1, 180, 118, 111, 72, 75, 145, 86, 117, 114], [129, 34, 60, 40, 158], [152, 125, 119, 100, 32, 63], [15, 82, 162, 177, 36, 4, 62, 18, 65, 87, 47, 121], [71, 67, 25, 181, 194, 3, 80, 27, 171, 79], [192, 6, 178, 14, 187, 24, 96, 175, 48]]",true
225,13562,4384,2-opt,CMT5.vrp,"[[189, 84, 8, 59, 166, 21, 93, 42, 104, 107], [123, 167, 51, 146, 73, 144], [30, 5, 108, 50, 130, 97, 106, 182, 185, 113], [11, 179, 103, 174, 140, 156, 89, 23, 183, 159, 195, 191, 157, 54], [85, 165, 163, 148, 92, 53, 115, 91, 186, 33, 139], [81, 17, 151, 56, 109, 39, 164, 20], [101, 28, 64, 173, 122, 154, 58, 7, 150, 76, 188, 116, 137, 141, 197, 105], [77, 170, 128, 29, 37, 172, 196, 136, 143, 184], [127, 10, 149, 99, 98, 142], [95, 112, 66, 41, 90, 135, 110, 57, 102, 46, 45], [168, 52, 131, 31, 74, 190, 68, 120, 61], [26, 35, 134, 70, 83, 94, 198, 43, 160, 49, 55, 44, 161, 12], [126, 147, 9, 169, 69, 132, 78, 19, 88, 22, 2], [124, 176, 138, 155, 193, 153, 13, 199, 16, 133, 38], [1, 180, 118, 111, 72, 75, 145, 86, 117, 114], [129, 34, 60, 40, 158], [152, 125, 119, 100, 32, 63], [15, 82, 162, 177, 36, 4, 62, 18, 65, 87, 47, 121], [71, 67, 25, 181, 194, 3, 80, 27, 171, 79], [192, 6, 178, 14, 187, 24, 96, 175, 48]]",true
226,13639,4348,2-opt,CMT5.vrp,"[[189, 84, 8, 59, 166, 21, 93, 42, 104, 107], [123, 167, 51, 146, 73, 144], [30, 5, 108, 50, 130, 97, 106, 182, 185, 113], [11, 179, 103, 174, 140, 156, 89, 23, 183, 159, 195, 191, 157, 54], [85, 165, 163, 148, 92, 53, 115, 91, 186, 33, 139], [81, 17, 151, 56, 109, 39, 164, 20], [101, 28, 64, 173, 122, 154, 58, 7, 150, 76, 188, 116, 137, 141, 197, 105], [77, 170, 128, 29, 37, 172, 196, 136, 143, 184], [127, 10, 149, 99, 98, 142], [95, 112, 66, 41, 90, 135, 110, 57, 102, 46, 45], [168, 52, 131, 31, 74, 190, 68, 120, 61], [26, 35, 134, 70, 83, 94, 198, 43, 160, 49, 55, 44, 161, 12], [126, 147, 9, 169, 69, 132, 78, 19, 88, 22, 2], [176, 124, 138, 155, 193, 153, 13, 199, 16, 133, 38], [1, 180, 118, 111, 72, 75, 145, 86, 117, 114], [129, 34, 60, 40, 158], [152, 125, 119, 100, 32, 63], [15, 82, 162, 177, 36, 4, 62, 18, 65, 87, 47, 121], [71, 67, 25, 181, 194, 3, 80, 27, 171, 79], [192, 6, 178, 14, 187, 24, 96, 175, 48]]",true
227,13680,4344,2-opt,CMT5.vrp,"[[189, 84, 8, 59, 166, 21, 93, 42, 104, 107], [123, 167, 51, 146, 73, 144], [30, 5, 108, 50, 130, 97, 106, 182, 185, 113], [11, 179, 103, 174, 140, 156, 89, 23, 183, 159, 195, 191, 157, 54], [85, 165, 163, 148, 92, 53, 115, 91, 186, 33, 139], [81, 17, 151, 56, 109, 39, 164, 20], [101, 28, 64, 173, 122, 154, 58, 7, 150, 76, 188, 116, 137, 141, 197, 105], [77, 170, 128, 29, 37, 172, 196, 136, 143, 184], [127, 10, 149, 99, 98, 142], [95, 112, 66, 41, 90, 135, 110, 57, 102, 46, 45], [168, 52, 131, 31, 74, 190, 68, 120, 61], [26, 35, 134, 70, 83, 94, 198, 43, 160, 49, 55, 44, 161, 12], [126, 147, 9, 169, 69, 132, 78, 19, 88, 22, 2], [193, 155, 138, 176, 124, 153, 13, 199, 16, 133, 38], [1, 180, 118, 111, 72, 75, 145, 86, 117, 114], [129, 34, 60, 40, 158], [152, 125, 119, 100, 32, 63], [15, 82, 162, 177, 36, 4, 62, 18, 65, 87, 47, 121], [71, 67, 25, 181, 194, 3, 80, 27, 171, 79], [192, 6, 178, 14, 187, 24, 96, 175, 48]]",true
228,13736,4343,2-opt,CMT5.vrp,"[[189, 84, 8, 59, 166, 21, 93, 42, 104, 107], [123, 167, 51, 146, 73, 144], [30, 5, 108, 50, 130, 97, 106, 182, 185, 113], [11, 179, 103, 174, 140, 156, 89, 23, 183, 159, 195, 191, 157, 54], [85, 165, 163, 148, 92, 53, 115, 91, 186, 33, 139], [81, 17, 151, 56, 109, 39, 164, 20], [101, 28, 64, 173, 122, 154, 58, 7, 150, 76, 188, 116, 137, 141, 197, 105], [77, 170, 128, 29, 37, 172, 196, 136, 143, 184], [127, 10, 149, 99, 98, 142], [95, 112, 66, 41, 90, 135, 110, 57, 102, 46, 45], [168, 52, 131, 31, 74, 190, 68, 120, 61], [26, 35, 134, 70, 83, 94, 198, 43, 160, 49, 55, 44, 161, 12], [126, 147, 9, 169, 69, 132, 78, 19, 88, 22, 2], [124, 176, 138, 155, 13, 153, 193, 199, 16, 133, 38], [1, 180, 118, 111, 72, 75, 145, 86, 117, 114], [129, 34, 60, 40, 158], [152, 125, 119, 100, 32, 63], [15, 82, 162, 177, 36, 4, 62, 18, 65, 87, 47, 121], [71, 67, 25, 181, 194, 3, 80, 27, 171, 79], [192, 6, 178, 14, 187, 24, 96, 175, 48]]",true
229,13779,4343,2-opt,CMT5.vrp,"[[189, 84, 8, 59, 166, 21, 93, 42, 104, 107], [123, 167, 51, 146, 73, 144], [30, 5, 108, 50, 130, 97, 106, 182, 185, 113], [11, 179, 103, 174, 140, 156, 89, 23, 183, 159, 195, 191, 157, 54], [85, 165, 163, 148, 92, 53, 115, 91, 186, 33, 139], [81, 17, 151, 56, 109, 39, 164, 20], [101, 28, 64, 173, 122, 154, 58, 7, 150, 76, 188, 116, 137, 141, 197, 105], [77, 170, 128, 29, 37, 172, 196, 136, 143, 184], [127, 10, 149, 99, 98, 142], [95, 112, 66, 41, 90, 135, 110, 57, 102, 46, 45], [168, 52, 131, 31, 74, 190, 68, 120, 61], [26, 35, 134, 70, 83, 94, 198, 43, 160, 49, 55, 44, 161, 12], [126, 147, 9, 169, 69, 132, 78, 19, 88, 22, 2], [124, 176, 138, 155, 193, 16, 199, 13, 153, 133, 38], [1, 180, 118, 111, 72, 75, 145, 86, 117, 114], [129, 34, 60, 40, 158], [152, 125, 119, 100, 32, 63], [15, 82, 162, 177, 36, 4, 62, 18, 65, 87, 47, 121], [71, 67, 25, 181, 194, 3, 80, 27, 171, 79], [192, 6, 178, 14, 187, 24, 96, 175, 48]]",true
230,13825,4306,2-opt,CMT5.vrp,"[[189, 84, 8, 59, 166, 21, 93, 42, 104, 107], [123, 167, 51, 146, 73, 144], [30, 5, 108, 50, 130, 97, 106, 182, 185, 113], [11, 179, 103, 174, 140, 156, 89, 23, 183, 159, 195, 191, 157, 54], [85, 165, 163, 148, 92, 53, 115, 91, 186, 33, 139], [81, 17, 151, 56, 109, 39, 164, 20], [101, 28, 64, 173, 122, 154, 58, 7, 150, 76, 188, 116, 137, 141, 197, 105], [77, 170, 128, 29, 37, 172, 196, 136, 143, 184], [127, 10, 149, 99, 98, 142], [95, 112, 66, 41, 90, 135, 110, 57, 102, 46, 45], [168, 52, 131, 31, 74, 190, 68, 120, 61], [26, 35, 134, 70, 83, 94, 198, 43, 160, 49, 55, 44, 161, 12], [126, 147, 9, 169, 69, 132, 78, 19, 88, 22, 2], [176, 124, 138, 155, 193, 16, 199, 13, 153, 133, 38], [1, 180, 118, 111, 72, 75, 145, 86, 117, 114], [129, 34, 60, 40, 158], [152, 125, 119, 100, 32, 63], [15, 82, 162, 177, 36, 4, 62, 18, 65, 87, 47, 121], [71, 67, 25, 181, 194, 3, 80, 27, 171, 79], [192, 6, 178, 14, 187, 24, 96, 175, 48]]",true
231,13883,4301,2-opt,CMT5.vrp,"[[189, 84, 8, 59, 166, 21, 93, 42, 104, 107], [123, 167, 51, 146, 73, 144], [30, 5, 108, 50, 130, 97, 106, 182, 185, 113], [11, 179, 103, 174, 140, 156, 89, 23, 183, 159, 195, 191, 157, 54], [85, 165, 163, 148, 92, 53, 115, 91, 186, 33, 139], [81, 17, 151, 56, 109, 39, 164, 20], [101, 28, 64, 173, 122, 154, 58, 7, 150, 76, 188, 116, 137, 141, 197, 105], [77, 170, 128, 29, 37, 172, 196, 136, 143, 184], [127, 10, 149, 99, 98, 142], [95, 112, 66, 41, 90, 135, 110, 57, 102, 46, 45], [168, 52, 131, 31, 74, 190, 68, 120, 61], [26, 35, 134, 70, 83, 94, 198, 43, 160, 49, 55, 44, 161, 12], [126, 147, 9, 169, 69, 132, 78, 19, 88, 22, 2], [199, 16, 193, 155, 138, 176, 124, 13, 153, 133, 38], [1, 180, 118, 111, 72, 75, 145, 86, 117, 114], [129, 34, 60, 40, 158], [152, 125, 119, 100, 32, 63], [15, 82, 162, 177, 36, 4, 62, 18, 65, 87, 47, 121], [71, 67, 25, 181, 194, 3, 80, 27, 171, 79], [192, 6, 178, 14, 187, 24, 96, 175, 48]]",true
232,13947,4293,2-opt,CMT5.vrp,"[[189, 84, 8, 59, 166, 21, 93, 42, 104, 107], [123, 167, 51, 146, 73, 144], [30, 5, 108, 50, 130, 97, 106, 182, 185, 113], [11, 179, 103, 174, 140, 156, 89, 23, 183, 159, 195, 191, 157, 54], [85, 165, 163, 148, 92, 53, 115, 91, 186, 33, 139], [81, 17, 151, 56, 109, 39, 164, 20], [101, 28, 64, 173, 122, 154, 58, 7, 150, 76, 188, 116, 137, 141, 197, 105], [77, 170, 128, 29, 37, 172, 196, 136, 143, 184], [127, 10, 149, 99, 98, 142], [95, 112, 66, 41, 90, 135, 110, 57, 102, 46, 45], [168, 52, 131, 31, 74, 190, 68, 120, 61], [26, 35, 134, 70, 83, 94, 198, 43, 160, 49, 55, 44, 161, 12], [126, 147, 9, 169, 69, 132, 78, 19, 88, 22, 2], [16, 199, 193, 155, 138, 176, 124, 13, 153, 133, 38], [1, 180, 118, 111, 72, 75, 145, 86, 117, 114], [129, 34, 60, 40, 158], [152, 125, 119, 100, 32, 63], [15, 82, 162, 177, 36, 4, 62, 18, 65, 87, 47, 121], [71, 67, 25, 181, 194, 3, 80, 27, 171, 79], [192, 6, 178, 14, 187, 24, 96, 175, 48]]",true
233,13999,4290,2-opt,CMT5.vrp,"[[189, 84, 8, 59, 166, 21, 93, 42, 104, 107], [123, 167, 51, 146, 73, 144], [30, 5, 108, 50, 130, 97, 106, 182, 185, 113], [11, 179, 103, 174, 140, 156, 89, 23, 183, 159, 195, 191, 157, 54], [85, 165, 163, 148, 92, 53, 115, 91, 186, 33, 139], [81, 17, 151, 56, 109, 39, 164, 20], [101, 28, 64, 173, 122, 154, 58, 7, 150, 76, 188, 116, 137, 141, 197, 105], [77, 170, 128, 29, 37, 172, 196, 136, 143, 184], [127, 10, 149, 99, 98, 142], [95, 112, 66, 41, 90, 135, 110, 57, 102, 46, 45], [168, 52, 131, 31, 74, 190, 68, 120, 61], [26, 35, 134, 70, 83, 94, 198, 43, 160, 49, 55, 44, 161, 12], [126, 147, 9, 169, 69, 132, 78, 19, 88, 22, 2], [199, 16, 193, 176, 138, 155, 124, 13, 153, 133, 38], [1, 180, 118, 111, 72, 75, 145, 86, 117, 114], [129, 34, 60, 40, 158], [152, 125, 119, 100, 32, 63], [15, 82, 162, 177, 36, 4, 62, 18, 65, 87, 47, 121], [71, 67, 25, 181, 194, 3, 80, 27, 171, 79], [192, 6, 178, 14, 187, 24, 96, 175, 48]]",true
234,14048,4276,2-opt,CMT5.vrp,"[[189, 84, 8, 59, 166, 21, 93, 42, 104, 107], [123, 167, 51, 146, 73, 144], [30, 5, 108, 50, 130, 97, 106, 182, 185, 113], [11, 179, 103, 174, 140, 156, 89, 23, 183, 159, 195, 191, 157, 54], [85, 165, 163, 148, 92, 53, 115, 91, 186, 33, 139], [81, 17, 151, 56, 109, 39, 164, 20], [101, 28, 64, 173, 122, 154, 58, 7, 150, 76, 188, 116, 137, 141, 197, 105], [77, 170, 128, 29, 37, 172, 196, 136, 143, 184], [127, 10, 149, 99, 98, 142], [95, 112, 66, 41, 90, 135, 110, 57, 102, 46, 45], [168, 52, 131, 31, 74, 190, 68, 120, 61], [26, 35, 134, 70, 83, 94, 198, 43, 160, 49, 55, 44, 161, 12], [126, 147, 9, 169, 69, 132, 78, 19, 88, 22, 2], [199, 16, 193, 155, 138, 124, 176, 13, 153, 133, 38], [1, 180, 118, 111, 72, 75, 145, 86, 117, 114], [129, 34, 60, 40, 158], [152, 125, 119, 100, 32, 63], [15, 82, 162, 177, 36, 4, 62, 18, 65, 87, 47, 121], [71, 67, 25, 181, 194, 3, 80, 27, 171, 79], [192, 6, 178, 14, 187, 24, 96, 175, 48]]",true
235,14095,4267,2-opt,CMT5.vrp,"[[189, 84, 8, 59, 166, 21, 93, 42, 104, 107], [123, 167, 51, 146, 73, 144], [30, 5, 108, 50, 130, 97, 106, 182, 185, 113], [11, 179, 103, 174, 140, 156, 89, 23, 183, 159, 195, 191, 157, 54], [85, 165, 163, 148, 92, 53, 115, 91, 186, 33, 139], [81, 17, 151, 56, 109, 39, 164, 20], [101, 28, 64, 173, 122, 154, 58, 7, 150, 76, 188, 116, 137, 141, 197, 105], [77, 170, 128, 29, 37, 172, 196, 136, 143, 184], [127, 10, 149, 99, 98, 142], [95, 112, 66, 41, 90, 135, 110, 57, 102, 46, 45], [168, 52, 131, 31, 74, 190, 68, 120, 61], [26, 35, 134, 70, 83, 94, 198, 43, 160, 49, 55, 44, 161, 12], [126, 147, 9, 169, 69, 132, 78, 19, 88, 22, 2], [16, 199, 193, 155, 138, 124, 176, 13, 153, 133, 38], [1, 180, 118, 111, 72, 75, 145, 86, 117, 114], [129, 34, 60, 40, 158], [152, 125, 119, 100, 32, 63], [15, 82, 162, 177, 36, 4, 62, 18, 65, 87, 47, 121], [71, 67, 25, 181, 194, 3, 80, 27, 171, 79], [192, 6, 178, 14, 187, 24, 96, 175, 48]]",true
236,14154,4252,2-opt,CMT5.vrp,"[[189, 84, 8, 59, 166, 21, 93, 42, 104, 107], [123, 167, 51, 146, 73, 144], [30, 5, 108, 50, 130, 97, 106, 182, 185, 113], [11, 179, 103, 174, 140, 156, 89, 23, 183, 159, 195, 191, 157, 54], [85, 165, 163, 148, 92, 53, 115, 91, 186, 33, 139], [81, 17, 151, 56, 109, 39, 164, 20], [101, 28, 64, 173, 122, 154, 58, 7, 150, 76, 188, 116, 137, 141, 197, 105], [77, 170, 128, 29, 37, 172, 196, 136, 143, 184], [127, 10, 149, 99, 98, 142], [95, 112, 66, 41, 90, 135, 110, 57, 102, 46, 45], [168, 52, 131, 31, 74, 190, 68, 120, 61], [26, 35, 134, 70, 83, 94, 198, 43, 160, 49, 55, 44, 161, 12], [126, 147, 9, 169, 69, 132, 78, 19, 88, 22, 2], [199, 16, 193, 155, 138, 124, 153, 13, 176, 133, 38], [1, 180, 118, 111, 72, 75, 145, 86, 117, 114], [129, 34, 60, 40, 158], [152, 125, 119, 100, 32, 63], [15, 82, 162, 177, 36, 4, 62, 18, 65, 87, 47, 121], [71, 67, 25, 181, 194, 3, 80, 27, 171, 79], [192, 6, 178, 14, 187, 24, 96, 175, 48]]",true
237,14199,4243,2-opt,CMT5.vrp,"[[189, 84, 8, 59, 166, 21, 93, 42, 104, 107], [123, 167, 51, 146, 73, 144], [30, 5, 108, 50, 130, 97, 106, 182, 185, 113], [11, 179, 103, 174, 140, 156, 89, 23, 183, 159, 195, 191, 157, 54], [85, 165, 163, 148, 92, 53, 115, 91, 186, 33, 139], [81, 17, 151, 56, 109, 39, 164, 20], [101, 28, 64, 173, 122, 154, 58, 7, 150, 76, 188, 116, 137, 141, 197, 105], [77, 170, 128, 29, 37, 172, 196, 136, 143, 184], [127, 10, 149, 99, 98, 142], [95, 112, 66, 41, 90, 135, 110, 57, 102, 46, 45], [168, 52, 131, 31, 74, 190, 68, 120, 61], [26, 35, 134, 70, 83, 94, 198, 43, 160, 49, 55, 44, 161, 12], [126, 147, 9, 169, 69, 132, 78, 19, 88, 22, 2], [16, 199, 193, 155, 138, 124, 153, 13, 176, 133, 38], [1, 180, 118, 111, 72, 75, 145, 86, 117, 114], [129, 34, 60, 40, 158], [152, 125, 119, 100, 32, 63], [15, 82, 162, 177, 36, 4, 62, 18, 65, 87, 47, 121], [71, 67, 25, 181, 194, 3, 80, 27, 171, 79], [192, 6, 178, 14, 187, 24, 96, 175, 48]]",true
238,14266,4243,2-opt,CMT5.vrp,"[[189, 84, 8, 59, 166, 21, 93, 42, 104, 107], [123, 167, 51, 146, 73, 144], [30, 5, 108, 50, 130, 97, 106, 182, 185, 113], [11, 179, 103, 174, 140, 156, 89, 23, 183, 159, 195, 191, 157, 54], [85, 165, 163, 148, 92, 53, 115, 91, 186, 33, 139], [81, 17, 151, 56, 109, 39, 164, 20], [101, 28, 64, 173, 122, 154, 58, 7, 150, 76, 188, 116, 137, 141, 197, 105], [77, 170, 128, 29, 37, 172, 196, 136, 143, 184], [127, 10, 149, 99, 98, 142], [95, 112, 66, 41, 90, 135, 110, 57, 102, 46, 45], [168, 52, 131, 31, 74, 190, 68, 120, 61], [26, 35, 134, 70, 83, 94, 198, 43, 160, 49, 55, 44, 161, 12], [126, 147, 9, 169, 69, 132, 78, 19, 88, 22, 2], [38, 133, 176, 13, 153, 124, 138, 155, 193, 199, 16], [1, 180, 118, 111, 72, 75, 145, 86, 117, 114], [129, 34, 60, 40, 158], [152, 125, 119, 100, 32, 63], [15, 82, 162, 177, 36, 4, 62, 18, 65, 87, 47, 121], [71, 67, 25, 181, 194, 3, 80, 27, 171, 79], [192, 6, 178, 14, 187, 24, 96, 175, 48]]",true
239,14307,4240,2-opt,CMT5.vrp,"[[189, 84, 8, 59, 166, 21, 93, 42, 104, 107], [123, 167, 51, 146, 73, 144], [30, 5, 108, 50, 130, 97, 106, 182, 185, 113], [11, 179, 103, 174, 140, 156, 89, 23, 183, 159, 195, 191, 157, 54], [85, 165, 163, 148, 92, 53, 115, 91, 186, 33, 139], [81, 17, 151, 56, 109, 39, 164, 20], [101, 28, 64, 173, 122, 154, 58, 7, 150, 76, 188, 116, 137, 141, 197, 105], [77, 170, 128, 29, 37, 172, 196, 136, 143, 184], [127, 10, 149, 99, 98, 142], [95, 112, 66, 41, 90, 135, 110, 57, 102, 46, 45], [168, 52, 131, 31, 74, 190, 68, 120, 61], [26, 35, 134, 70, 83, 94, 198, 43, 160, 49, 55, 44, 161, 12], [126, 147, 9, 169, 69, 132, 78, 19, 88, 22, 2], [16, 193, 199, 155, 138, 124, 153, 13, 176, 133, 38], [1, 180, 118, 111, 72, 75, 145, 86, 117, 114], [129, 34, 60, 40, 158], [152, 125, 119, 100, 32, 63], [15, 82, 162, 177, 36, 4, 62, 18, 65, 87, 47, 121], [71, 67, 25, 181, 194, 3, 80, 27, 171, 79], [192, 6, 178, 14, 187, 24, 96, 175, 48]]",true
240,14370,4240,2-opt,CMT5.vrp,"[[189, 84, 8, 59, 166, 21, 93, 42, 104, 107], [123, 167, 51, 146, 73, 144], [30, 5, 108, 50, 130, 97, 106, 182, 185, 113], [11, 179, 103, 174, 140, 156, 89, 23, 183, 159, 195, 191, 157, 54], [85, 165, 163, 148, 92, 53, 115, 91, 186, 33, 139], [81, 17, 151, 56, 109, 39, 164, 20], [101, 28, 64, 173, 122, 154, 58, 7, 150, 76, 188, 116, 137, 141, 197, 105], [77, 170, 128, 29, 37, 172, 196, 136, 143, 184], [127, 10, 149, 99, 98, 142], [95, 112, 66, 41, 90, 135, 110, 57, 102, 46, 45], [168, 52, 131, 31, 74, 190, 68, 120, 61], [26, 35, 134, 70, 83, 94, 198, 43, 160, 49, 55, 44, 161, 12], [126, 147, 9, 169, 69, 132, 78, 19, 88, 22, 2], [38, 133, 176, 13, 153, 124, 138, 155, 199, 193, 16], [1, 180, 118, 111, 72, 75, 145, 86, 117, 114], [129, 34, 60, 40, 158], [152, 125, 119, 100, 32, 63], [15, 82, 162, 177, 36, 4, 62, 18, 65, 87, 47, 121], [71, 67, 25, 181, 194, 3, 80, 27, 171, 79], [192, 6, 178, 14, 187, 24, 96, 175, 48]]",true
241,14463,4232,2-opt,CMT5.vrp,"[[189, 84, 8, 59, 166, 21, 93, 42, 104, 107], [123, 167, 51, 146, 73, 144], [30, 5, 108, 50, 130, 97, 106, 182, 185, 113], [11, 179, 103, 174, 140, 156, 89, 23, 183, 159, 195, 191, 157, 54], [85, 165, 163, 148, 92, 53, 115, 91, 186, 33, 139], [81, 17, 151, 56, 109, 39, 164, 20], [101, 28, 64, 173, 122, 154, 58, 7, 150, 76, 188, 116, 137, 141, 197, 105], [77, 170, 128, 29, 37, 172, 196, 136, 143, 184], [127, 10, 149, 99, 98, 142], [95, 112, 66, 41, 90, 135, 110, 57, 102, 46, 45], [168, 52, 131, 31, 74, 190, 68, 120, 61], [26, 35, 134, 70, 83, 94, 198, 43, 160, 49, 55, 44, 161, 12], [126, 147, 9, 169, 69, 132, 78, 19, 88, 22, 2], [38, 133, 176, 13, 153, 124, 138, 155, 199, 193, 16], [111, 118, 180, 1, 72, 75, 145, 86, 117, 114], [129, 34, 60, 40, 158], [152, 125, 119, 100, 32, 63], [15, 82, 162, 177, 36, 4, 62, 18, 65, 87, 47, 121], [71, 67, 25, 181, 194, 3, 80, 27, 171, 79], [192, 6, 178, 14, 187, 24, 96, 175, 48]]",true
242,14505,4227,2-opt,CMT5.vrp,"[[189, 84, 8, 59, 166, 21, 93, 42, 104, 107], [123, 167, 51, 146, 73, 144], [30, 5, 108, 50, 130, 97, 106, 182, 185, 113], [11, 179, 103, 174, 140, 156, 89, 23, 183, 159, 195, 191, 157, 54], [85, 165, 163, 148, 92, 53, 115, 91, 186, 33, 139], [81, 17, 151, 56, 109, 39, 164, 20], [101, 28, 64, 173, 122, 154, 58, 7, 150, 76, 188, 116, 137, 141, 197, 105], [77, 170, 128, 29, 37, 172, 196, 136, 143, 184], [127, 10, 149, 99, 98, 142], [95, 112, 66, 41, 90, 135, 110, 57, 102, 46, 45], [168, 52, 131, 31, 74, 190, 68, 120, 61], [26, 35, 134, 70, 83, 94, 198, 43, 160, 49, 55, 44, 161, 12], [126, 147, 9, 169, 69, 132, 78, 19, 88, 22, 2], [38, 133, 176, 13, 153, 124, 138, 155, 199, 193, 16], [145, 75, 72, 111, 118, 180, 1, 86, 117, 114], [129, 34, 60, 40, 158], [152, 125, 119, 100, 32, 63], [15, 82, 162, 177, 36, 4, 62, 18, 65, 87, 47, 121], [71, 67, 25, 181, 194, 3, 80, 27, 171, 79], [192, 6, 178, 14, 187, 24, 96, 175, 48]]",true
243,14547,4220,2-opt,CMT5.vrp,"[[189, 84, 8, 59, 166, 21, 93, 42, 104, 107], [123, 167, 51, 146, 73, 144], [30, 5, 108, 50, 130, 97, 106, 182, 185, 113], [11, 179, 103, 174, 140, 156, 89, 23, 183, 159, 195, 191, 157, 54], [85, 165, 163, 148, 92, 53, 115, 91, 186, 33, 139], [81, 17, 151, 56, 109, 39, 164, 20], [101, 28, 64, 173, 122, 154, 58, 7, 150, 76, 188, 116, 137, 141, 197, 105], [77, 170, 128, 29, 37, 172, 196, 136, 143, 184], [127, 10, 149, 99, 98, 142], [95, 112, 66, 41, 90, 135, 110, 57, 102, 46, 45], [168, 52, 131, 31, 74, 190, 68, 120, 61], [26, 35, 134, 70, 83, 94, 198, 43, 160, 49, 55, 44, 161, 12], [126, 147, 9, 169, 69, 132, 78, 19, 88, 22, 2], [38, 133, 176, 13, 153, 124, 138, 155, 199, 193, 16], [117, 86, 145, 75, 72, 111, 118, 180, 1, 114], [129, 34, 60, 40, 158], [152, 125, 119, 100, 32, 63], [15, 82, 162, 177, 36, 4, 62, 18, 65, 87, 47, 121], [71, 67, 25, 181, 194, 3, 80, 27, 171, 79], [192, 6, 178, 14, 187, 24, 96, 175, 48]]",true
244,14588,4209,2-opt,CMT5.vrp,"[[189, 84, 8, 59, 166, 21, 93, 42, 104, 107], [123, 167, 51, 146, 73, 144], [30, 5, 108, 50, 130, 97, 106, 182, 185, 113], [11, 179, 103, 174, 140, 156, 89, 23, 183, 159, 195, 191, 157, 54], [85, 165, 163, 148, 92, 53, 115, 91, 186, 33, 139], [81, 17, 151, 56, 109, 39, 164, 20], [101, 28, 64, 173, 122, 154, 58, 7, 150, 76, 188, 116, 137, 141, 197, 105], [77, 170, 128, 29, 37, 172, 196, 136, 143, 184], [127, 10, 149, 99, 98, 142], [95, 112, 66, 41, 90, 135, 110, 57, 102, 46, 45], [168, 52, 131, 31, 74, 190, 68, 120, 61], [26, 35, 134, 70, 83, 94, 198, 43, 160, 49, 55, 44, 161, 12], [126, 147, 9, 169, 69, 132, 78, 19, 88, 22, 2], [38, 133, 176, 13, 153, 124, 138, 155, 199, 193, 16], [1, 118, 180, 111, 72, 75, 145, 86, 117, 114], [129, 34, 60, 40, 158], [152, 125, 119, 100, 32, 63], [15, 82, 162, 177, 36, 4, 62, 18, 65, 87, 47, 121], [71, 67, 25, 181, 194, 3, 80, 27, 171, 79], [192, 6, 178, 14, 187, 24, 96, 175, 48]]",true
245,14631,4182,2-opt,CMT5.vrp,"[[189, 84, 8, 59, 166, 21, 93, 42, 104, 107], [123, 167, 51, 146, 73, 144], [30, 5, 108, 50, 130, 97, 106, 182, 185, 113], [11, 179, 103, 174, 140, 156, 89, 23, 183, 159, 195, 191, 157, 54], [85, 165, 163, 148, 92, 53, 115, 91, 186, 33, 139], [81, 17, 151, 56, 109, 39, 164, 20], [101, 28, 64, 173, 122, 154, 58, 7, 150, 76, 188, 116, 137, 141, 197, 105], [77, 170, 128, 29, 37, 172, 196, 136, 143, 184], [127, 10, 149, 99, 98, 142], [95, 112, 66, 41, 90, 135, 110, 57, 102, 46, 45], [168, 52, 131, 31, 74, 190, 68, 120, 61], [26, 35, 134, 70, 83, 94, 198, 43, 160, 49, 55, 44, 161, 12], [126, 147, 9, 169, 69, 132, 78, 19, 88, 22, 2], [38, 133, 176, 13, 153, 124, 138, 155, 199, 193, 16], [1, 180, 111, 118, 72, 75, 145, 86, 117, 114], [129, 34, 60, 40, 158], [152, 125, 119, 100, 32, 63], [15, 82, 162, 177, 36, 4, 62, 18, 65, 87, 47, 121], [71, 67, 25, 181, 194, 3, 80, 27, 171, 79], [192, 6, 178, 14, 187, 24, 96, 175, 48]]",true
246,14684,4174,2-opt,CMT5.vrp,"[[189, 84, 8, 59, 166, 21, 93, 42, 104, 107], [123, 167, 51, 146, 73, 144], [30, 5, 108, 50, 130, 97, 106, 182, 185, 113], [11, 179, 103, 174, 140, 156, 89, 23, 183, 159, 195, 191, 157, 54], [85, 165, 163, 148, 92, 53, 115, 91, 186, 33, 139], [81, 17, 151, 56, 109, 39, 164, 20], [101, 28, 64, 173, 122, 154, 58, 7, 150, 76, 188, 116, 137, 141, 197, 105], [77, 170, 128, 29, 37, 172, 196, 136, 143, 184], [127, 10, 149, 99, 98, 142], [95, 112, 66, 41, 90, 135, 110, 57, 102, 46, 45], [168, 52, 131, 31, 74, 190, 68, 120, 61], [26, 35, 134, 70, 83, 94, 198, 43, 160, 49, 55, 44, 161, 12], [126, 147, 9, 169, 69, 132, 78, 19, 88, 22, 2], [38, 133, 176, 13, 153, 124, 138, 155, 199, 193, 16], [111, 180, 1, 118, 72, 75, 145, 86, 117, 114], [129, 34, 60, 40, 158], [152, 125, 119, 100, 32, 63], [15, 82, 162, 177, 36, 4, 62, 18, 65, 87, 47, 121], [71, 67, 25, 181, 194, 3, 80, 27, 171, 79], [192, 6, 178, 14, 187, 24, 96, 175, 48]]",true
247,14727,4169,2-opt,CMT5.vrp,"[[189, 84, 8, 59, 166, 21, 93, 42, 104, 107], [123, 167, 51, 146, 73, 144], [30, 5, 108, 50, 130, 97, 106, 182, 185, 113], [11, 179, 103, 174, 140, 156, 89, 23, 183, 159, 195, 191, 157, 54], [85, 165, 163, 148, 92, 53, 115, 91, 186, 33, 139], [81, 17, 151, 56, 109, 39, 164, 20], [101, 28, 64, 173, 122, 154, 58, 7, 150, 76, 188, 116, 137, 141, 197, 105], [77, 170, 128, 29, 37, 172, 196, 136, 143, 184], [127, 10, 149, 99, 98, 142], [95, 112, 66, 41, 90, 135, 110, 57, 102, 46, 45], [168, 52, 131, 31, 74, 190, 68, 120, 61], [26, 35, 134, 70, 83, 94, 198, 43, 160, 49, 55, 44, 161, 12], [126, 147, 9, 169, 69, 132, 78, 19, 88, 22, 2], [38, 133, 176, 13, 153, 124, 138, 155, 199, 193, 16], [145, 75, 72, 118, 111, 180, 1, 86, 117, 114], [129, 34, 60, 40, 158], [152, 125, 119, 100, 32, 63], [15, 82, 162, 177, 36, 4, 62, 18, 65, 87, 47, 121], [71, 67, 25, 181, 194, 3, 80, 27, 171, 79], [192, 6, 178, 14, 187, 24, 96, 175, 48]]",true
248,14768,4162,2-opt,CMT5.vrp,"[[189, 84, 8, 59, 166, 21, 93, 42, 104, 107], [123, 167, 51, 146, 73, 144], [30, 5, 108, 50, 130, 97, 106, 182, 185, 113], [11, 179, 103, 174, 140, 156, 89, 23, 183, 159, 195, 191, 157, 54], [85, 165, 163, 148, 92, 53, 115, 91, 186, 33, 139], [81, 17, 151, 56, 109, 39, 164, 20], [101, 28, 64, 173, 122, 154, 58, 7, 150, 76, 188, 116, 137, 141, 197, 105], [77, 170, 128, 29, 37, 172, 196, 136, 143, 184], [127, 10, 149, 99, 98, 142], [95, 112, 66, 41, 90, 135, 110, 57, 102, 46, 45], [168, 52, 131, 31, 74, 190, 68, 120, 61], [26, 35, 134, 70, 83, 94, 198, 43, 160, 49, 55, 44, 161, 12], [126, 147, 9, 169, 69, 132, 78, 19, 88, 22, 2], [38, 133, 176, 13, 153, 124, 138, 155, 199, 193, 16], [117, 86, 145, 75, 72, 118, 111, 180, 1, 114], [129, 34, 60, 40, 158], [152, 125, 119, 100, 32, 63], [15, 82, 162, 177, 36, 4, 62, 18, 65, 87, 47, 121], [71, 67, 25, 181, 194, 3, 80, 27, 171, 79], [192, 6, 178, 14, 187, 24, 96, 175, 48]]",true
249,14811,4152,2-opt,CMT5.vrp,"[[189, 84, 8, 59, 166, 21, 93, 42, 104, 107], [123, 167, 51, 146, 73, 144], [30, 5, 108, 50, 130, 97, 106, 182, 185, 113], [11, 179, 103, 174, 140, 156, 89, 23, 183, 159, 195, 191, 157, 54], [85, 165, 163, 148, 92, 53, 115, 91, 186, 33, 139], [81, 17, 151, 56, 109, 39, 164, 20], [101, 28, 64, 173, 122, 154, 58, 7, 150, 76, 188, 116, 137, 141, 197, 105], [77, 170, 128, 29, 37, 172, 196, 136, 143, 184], [127, 10, 149, 99, 98, 142], [95, 112, 66, 41, 90, 135, 110, 57, 102, 46, 45], [168, 52, 131, 31, 74, 190, 68, 120, 61], [26, 35, 134, 70, 83, 94, 198, 43, 160, 49, 55, 44, 161, 12], [126, 147, 9, 169, 69, 132, 78, 19, 88, 22, 2], [38, 133, 176, 13, 153, 124, 138, 155, 199, 193, 16], [1, 114, 117, 86, 145, 75, 72, 118, 111, 180], [129, 34, 60, 40, 158], [152, 125, 119, 100, 32, 63], [15, 82, 162, 177, 36, 4, 62, 18, 65, 87, 47, 121], [71, 67, 25, 181, 194, 3, 80, 27, 171, 79], [192, 6, 178, 14, 187, 24, 96, 175, 48]]",true
250,14863,4142,2-opt,CMT5.vrp,"[[189, 84, 8, 59, 166, 21, 93, 42, 104, 107], [123, 167, 51, 146, 73, 144], [30, 5, 108, 50, 130, 97, 106, 182, 185, 113], [11, 179, 103, 174, 140, 156, 89, 23, 183, 159, 195, 191, 157, 54], [85, 165, 163, 148, 92, 53, 115, 91, 186, 33, 139], [81, 17, 151, 56, 109, 39, 164, 20], [101, 28, 64, 173, 122, 154, 58, 7, 150, 76, 188, 116, 137, 141, 197, 105], [77, 170, 128, 29, 37, 172, 196, 136, 143, 184], [127, 10, 149, 99, 98, 142], [95, 112, 66, 41, 90, 135, 110, 57, 102, 46, 45], [168, 52, 131, 31, 74, 190, 68, 120, 61], [26, 35, 134, 70, 83, 94, 198, 43, 160, 49, 55, 44, 161, 12], [126, 147, 9, 169, 69, 132, 78, 19, 88, 22, 2], [38, 133, 176, 13, 153, 124, 138, 155, 199, 193, 16], [1, 180, 111, 118, 72, 75, 145, 117, 86, 114], [129, 34, 60, 40, 158], [152, 125, 119, 100, 32, 63], [15, 82, 162, 177, 36, 4, 62, 18, 65, 87, 47, 121], [71, 67, 25, 181, 194, 3, 80, 27, 171, 79], [192, 6, 178, 14, 187, 24, 96, 175, 48]]",true
251,14906,4135,2-opt,CMT5.vrp,"[[189, 84, 8, 59, 166, 21, 93, 42, 104, 107], [123, 167, 51, 146, 73, 144], [30, 5, 108, 50, 130, 97, 106, 182, 185, 113], [11, 179, 103, 174, 140, 156, 89, 23, 183, 159, 195, 191, 157, 54], [85, 165, 163, 148, 92, 53, 115, 91, 186, 33, 139], [81, 17, 151, 56, 109, 39, 164, 20], [101, 28, 64, 173, 122, 154, 58, 7, 150, 76, 188, 116, 137, 141, 197, 105], [77, 170, 128, 29, 37, 172, 196, 136, 143, 184], [127, 10, 149, 99, 98, 142], [95, 112, 66, 41, 90, 135, 110, 57, 102, 46, 45], [168, 52, 131, 31, 74, 190, 68, 120, 61], [26, 35, 134, 70, 83, 94, 198, 43, 160, 49, 55, 44, 161, 12], [126, 147, 9, 169, 69, 132, 78, 19, 88, 22, 2], [38, 133, 176, 13, 153, 124, 138, 155, 199, 193, 16], [111, 180, 1, 118, 72, 75, 145, 117, 86, 114], [129, 34, 60, 40, 158], [152, 125, 119, 100, 32, 63], [15, 82, 162, 177, 36, 4, 62, 18, 65, 87, 47, 121], [71, 67, 25, 181, 194, 3, 80, 27, 171, 79], [192, 6, 178, 14, 187, 24, 96, 175, 48]]",true
252,14948,4128,2-opt,CMT5.vrp,"[[189, 84, 8, 59, 166, 21, 93, 42, 104, 107], [123, 167, 51, 146, 73, 144], [30, 5, 108, 50, 130, 97, 106, 182, 185, 113], [11, 179, 103, 174, 140, 156, 89, 23, 183, 159, 195, 191, 157, 54], [85, 165, 163, 148, 92, 53, 115, 91, 186, 33, 139], [81, 17, 151, 56, 109, 39, 164, 20], [101, 28, 64, 173, 122, 154, 58, 7, 150, 76, 188, 116, 137, 141, 197, 105], [77, 170, 128, 29, 37, 172, 196, 136, 143, 184], [127, 10, 149, 99, 98, 142], [95, 112, 66, 41, 90, 135, 110, 57, 102, 46, 45], [168, 52, 131, 31, 74, 190, 68, 120, 61], [26, 35, 134, 70, 83, 94, 198, 43, 160, 49, 55, 44, 161, 12], [126, 147, 9, 169, 69, 132, 78, 19, 88, 22, 2], [38, 133, 176, 13, 153, 124, 138, 155, 199, 193, 16], [117, 145, 75, 72, 118, 111, 180, 1, 86, 114], [129, 34, 60, 40, 158], [152, 125, 119, 100, 32, 63], [15, 82, 162, 177, 36, 4, 62, 18, 65, 87, 47, 121], [71, 67, 25, 181, 194, 3, 80, 27, 171, 79], [192, 6, 178, 14, 187, 24, 96, 175, 48]]",true
253,14990,4125,2-opt,CMT5.vrp,"[[189, 84, 8, 59, 166, 21, 93, 42, 104, 107], [123, 167, 51, 146, 73, 144], [30, 5, 108, 50, 130, 97, 106, 182, 185, 113], [11, 179, 103, 174, 140, 156, 89, 23, 183, 159, 195, 191, 157, 54], [85, 165, 163, 148, 92, 53, 115, 91, 186, 33, 139], [81, 17, 151, 56, 109, 39, 164, 20], [101, 28, 64, 173, 122, 154, 58, 7, 150, 76, 188, 116, 137, 141, 197, 105], [77, 170, 128, 29, 37, 172, 196, 136, 143, 184], [127, 10, 149, 99, 98, 142], [95, 112, 66, 41, 90, 135, 110, 57, 102, 46, 45], [168, 52, 131, 31, 74, 190, 68, 120, 61], [26, 35, 134, 70, 83, 94, 198, 43, 160, 49, 55, 44, 161, 12], [126, 147, 9, 169, 69, 132, 78, 19, 88, 22, 2], [38, 133, 176, 13, 153, 124, 138, 155, 199, 193, 16], [1, 111, 180, 118, 72, 75, 145, 117, 86, 114], [129, 34, 60, 40, 158], [152, 125, 119, 100, 32, 63], [15, 82, 162, 177, 36, 4, 62, 18, 65, 87, 47, 121], [71, 67, 25, 181, 194, 3, 80, 27, 171, 79], [192, 6, 178, 14, 187, 24, 96, 175, 48]]",true
254,15033,4112,2-opt,CMT5.vrp,"[[189, 84, 8, 59, 166, 21, 93, 42, 104, 107], [123, 167, 51, 146, 73, 144], [30, 5, 108, 50, 130, 97, 106, 182, 185, 113], [11, 179, 103, 174, 140, 156, 89, 23, 183, 159, 195, 191, 157, 54], [85, 165, 163, 148, 92, 53, 115, 91, 186, 33, 139], [81, 17, 151, 56, 109, 39, 164, 20], [101, 28, 64, 173, 122, 154, 58, 7, 150, 76, 188, 116, 137, 141, 197, 105], [77, 170, 128, 29, 37, 172, 196, 136, 143, 184], [127, 10, 149, 99, 98, 142], [95, 112, 66, 41, 90, 135, 110, 57, 102, 46, 45], [168, 52, 131, 31, 74, 190, 68, 120, 61], [26, 35, 134, 70, 83, 94, 198, 43, 160, 49, 55, 44, 161, 12], [126, 147, 9, 169, 69, 132, 78, 19, 88, 22, 2], [38, 133, 176, 13, 153, 124, 138, 155, 199, 193, 16], [1, 114, 86, 117, 145, 75, 72, 118, 111, 180], [129, 34, 60, 40, 158], [152, 125, 119, 100, 32, 63], [15, 82, 162, 177, 36, 4, 62, 18, 65, 87, 47, 121], [71, 67, 25, 181, 194, 3, 80, 27, 171, 79], [192, 6, 178, 14, 187, 24, 96, 175, 48]]",true
255,15086,4104,2-opt,CMT5.vrp,"[[189, 84, 8, 59, 166, 21, 93, 42, 104, 107], [123, 167, 51, 146, 73, 144], [30, 5, 108, 50, 130, 97, 106, 182, 185, 113], [11, 179, 103, 174, 140, 156, 89, 23, 183, 159, 195, 191, 157, 54], [85, 165, 163, 148, 92, 53, 115, 91, 186, 33, 139], [81, 17, 151, 56, 109, 39, 164, 20], [101, 28, 64, 173, 122, 154, 58, 7, 150, 76, 188, 116, 137, 141, 197, 105], [77, 170, 128, 29, 37, 172, 196, 136, 143, 184], [127, 10, 149, 99, 98, 142], [95, 112, 66, 41, 90, 135, 110, 57, 102, 46, 45], [168, 52, 131, 31, 74, 190, 68, 120, 61], [26, 35, 134, 70, 83, 94, 198, 43, 160, 49, 55, 44, 161, 12], [126, 147, 9, 169, 69, 132, 78, 19, 88, 22, 2], [38, 133, 176, 13, 153, 124, 138, 155, 199, 193, 16], [86, 114, 1, 117, 145, 75, 72, 118, 111, 180], [129, 34, 60, 40, 158], [152, 125, 119, 100, 32, 63], [15, 82, 162, 177, 36, 4, 62, 18, 65, 87, 47, 121], [71, 67, 25, 181, 194, 3, 80, 27, 171, 79], [192, 6, 178, 14, 187, 24, 96, 175, 48]]",true
256,15142,4095,2-opt,CMT5.vrp,"[[189, 84, 8, 59, 166, 21, 93, 42, 104, 107], [123, 167, 51, 146, 73, 144], [30, 5, 108, 50, 130, 97, 106, 182, 185, 113], [11, 179, 103, 174, 140, 156, 89, 23, 183, 159, 195, 191, 157, 54], [85, 165, 163, 148, 92, 53, 115, 91, 186, 33, 139], [81, 17, 151, 56, 109, 39, 164, 20], [101, 28, 64, 173, 122, 154, 58, 7, 150, 76, 188, 116, 137, 141, 197, 105], [77, 170, 128, 29, 37, 172, 196, 136, 143, 184], [127, 10, 149, 99, 98, 142], [95, 112, 66, 41, 90, 135, 110, 57, 102, 46, 45], [168, 52, 131, 31, 74, 190, 68, 120, 61], [26, 35, 134, 70, 83, 94, 198, 43, 160, 49, 55, 44, 161, 12], [126, 147, 9, 169, 69, 132, 78, 19, 88, 22, 2], [38, 133, 176, 13, 153, 124, 138, 155, 199, 193, 16], [1, 114, 86, 117, 145, 118, 72, 75, 111, 180], [129, 34, 60, 40, 158], [152, 125, 119, 100, 32, 63], [15, 82, 162, 177, 36, 4, 62, 18, 65, 87, 47, 121], [71, 67, 25, 181, 194, 3, 80, 27, 171, 79], [192, 6, 178, 14, 187, 24, 96, 175, 48]]",true
257,15186,4087,2-opt,CMT5.vrp,"[[189, 84, 8, 59, 166, 21, 93, 42, 104, 107], [123, 167, 51, 146, 73, 144], [30, 5, 108, 50, 130, 97, 106, 182, 185, 113], [11, 179, 103, 174, 140, 156, 89, 23, 183, 159, 195, 191, 157, 54], [85, 165, 163, 148, 92, 53, 115, 91, 186, 33, 139], [81, 17, 151, 56, 109, 39, 164, 20], [101, 28, 64, 173, 122, 154, 58, 7, 150, 76, 188, 116, 137, 141, 197, 105], [77, 170, 128, 29, 37, 172, 196, 136, 143, 184], [127, 10, 149, 99, 98, 142], [95, 112, 66, 41, 90, 135, 110, 57, 102, 46, 45], [168, 52, 131, 31, 74, 190, 68, 120, 61], [26, 35, 134, 70, 83, 94, 198, 43, 160, 49, 55, 44, 161, 12], [126, 147, 9, 169, 69, 132, 78, 19, 88, 22, 2], [38, 133, 176, 13, 153, 124, 138, 155, 199, 193, 16], [86, 114, 1, 117, 145, 118, 72, 75, 111, 180], [129, 34, 60, 40, 158], [152, 125, 119, 100, 32, 63], [15, 82, 162, 177, 36, 4, 62, 18, 65, 87, 47, 121], [71, 67, 25, 181, 194, 3, 80, 27, 171, 79], [192, 6, 178, 14, 187, 24, 96, 175, 48]]",true
258,15244,4074,2-opt,CMT5.vrp,"[[189, 84, 8, 59, 166, 21, 93, 42, 104, 107], [123, 167, 51, 146, 73, 144], [30, 5, 108, 50, 130, 97, 106, 182, 185, 113], [11, 179, 103, 174, 140, 156, 89, 23, 183, 159, 195, 191, 157, 54], [85, 165, 163, 148, 92, 53, 115, 91, 186, 33, 139], [81, 17, 151, 56, 109, 39, 164, 20], [101, 28, 64, 173, 122, 154, 58, 7, 150, 76, 188, 116, 137, 141, 197, 105], [77, 170, 128, 29, 37, 172, 196, 136, 143, 184], [127, 10, 149, 99, 98, 142], [95, 112, 66, 41, 90, 135, 110, 57, 102, 46, 45], [168, 52, 131, 31, 74, 190, 68, 120, 61], [26, 35, 134, 70, 83, 94, 198, 43, 160, 49, 55, 44, 161, 12], [126, 147, 9, 169, 69, 132, 78, 19, 88, 22, 2], [38, 133, 176, 13, 153, 124, 138, 155, 199, 193, 16], [1, 114, 86, 117, 145, 118, 72, 75, 180, 111], [129, 34, 60, 40, 158], [152, 125, 119, 100, 32, 63], [15, 82, 162, 177, 36, 4, 62, 18, 65, 87, 47, 121], [71, 67, 25, 181, 194, 3, 80, 27, 171, 79], [192, 6, 178, 14, 187, 24, 96, 175, 48]]",true
259,15283,4065,2-opt,CMT5.vrp,"[[189, 84, 8, 59, 166, 21, 93, 42, 104, 107], [123, 167, 51, 146, 73, 144], [30, 5, 108, 50, 130, 97, 106, 182, 185, 113], [11, 179, 103, 174, 140, 156, 89, 23, 183, 159, 195, 191, 157, 54], [85, 165, 163, 148, 92, 53, 115, 91, 186, 33, 139], [81, 17, 151, 56, 109, 39, 164, 20], [101, 28, 64, 173, 122, 154, 58, 7, 150, 76, 188, 116, 137, 141, 197, 105], [77, 170, 128, 29, 37, 172, 196, 136, 143, 184], [127, 10, 149, 99, 98, 142], [95, 112, 66, 41, 90, 135, 110, 57, 102, 46, 45], [168, 52, 131, 31, 74, 190, 68, 120, 61], [26, 35, 134, 70, 83, 94, 198, 43, 160, 49, 55, 44, 161, 12], [126, 147, 9, 169, 69, 132, 78, 19, 88, 22, 2], [38, 133, 176, 13, 153, 124, 138, 155, 199, 193, 16], [86, 114, 1, 117, 145, 118, 72, 75, 180, 111], [129, 34, 60, 40, 158], [152, 125, 119, 100, 32, 63], [15, 82, 162, 177, 36, 4, 62, 18, 65, 87, 47, 121], [71, 67, 25, 181, 194, 3, 80, 27, 171, 79], [192, 6, 178, 14, 187, 24, 96, 175, 48]]",true
260,15360,4063,2-opt,CMT5.vrp,"[[189, 84, 8, 59, 166, 21, 93, 42, 104, 107], [123, 167, 51, 146, 73, 144], [30, 5, 108, 50, 130, 97, 106, 182, 185, 113], [11, 179, 103, 174, 140, 156, 89, 23, 183, 159, 195, 191, 157, 54], [85, 165, 163, 148, 92, 53, 115, 91, 186, 33, 139], [81, 17, 151, 56, 109, 39, 164, 20], [101, 28, 64, 173, 122, 154, 58, 7, 150, 76, 188, 116, 137, 141, 197, 105], [77, 170, 128, 29, 37, 172, 196, 136, 143, 184], [127, 10, 149, 99, 98, 142], [95, 112, 66, 41, 90, 135, 110, 57, 102, 46, 45], [168, 52, 131, 31, 74, 190, 68, 120, 61], [26, 35, 134, 70, 83, 94, 198, 43, 160, 49, 55, 44, 161, 12], [126, 147, 9, 169, 69, 132, 78, 19, 88, 22, 2], [38, 133, 176, 13, 153, 124, 138, 155, 199, 193, 16], [86, 114, 1, 117, 145, 72, 118, 75, 180, 111], [129, 34, 60, 40, 158], [152, 125, 119, 100, 32, 63], [15, 82, 162, 177, 36, 4, 62, 18, 65, 87, 47, 121], [71, 67, 25, 181, 194, 3, 80, 27, 171, 79], [192, 6, 178, 14, 187, 24, 96, 175, 48]]",true
261,15426,4046,2-opt,CMT5.vrp,"[[189, 84, 8, 59, 166, 21, 93, 42, 104, 107], [123, 167, 51, 146, 73, 144], [30, 5, 108, 50, 130, 97, 106, 182, 185, 113], [11, 179, 103, 174, 140, 156, 89, 23, 183, 159, 195, 191, 157, 54], [85, 165, 163, 148, 92, 53, 115, 91, 186, 33, 139], [81, 17, 151, 56, 109, 39, 164, 20], [101, 28, 64, 173, 122, 154, 58, 7, 150, 76, 188, 116, 137, 141, 197, 105], [77, 170, 128, 29, 37, 172, 196, 136, 143, 184], [127, 10, 149, 99, 98, 142], [95, 112, 66, 41, 90, 135, 110, 57, 102, 46, 45], [168, 52, 131, 31, 74, 190, 68, 120, 61], [26, 35, 134, 70, 83, 94, 198, 43, 160, 49, 55, 44, 161, 12], [126, 147, 9, 169, 69, 132, 78, 19, 88, 22, 2], [38, 133, 176, 13, 153, 124, 138, 155, 199, 193, 16], [86, 114, 1, 117, 145, 72, 118, 75, 180, 111], [60, 34, 129, 40, 158], [152, 125, 119, 100, 32, 63], [15, 82, 162, 177, 36, 4, 62, 18, 65, 87, 47, 121], [71, 67, 25, 181, 194, 3, 80, 27, 171, 79], [192, 6, 178, 14, 187, 24, 96, 175, 48]]",true
262,15482,4037,2-opt,CMT5.vrp,"[[189, 84, 8, 59, 166, 21, 93, 42, 104, 107], [123, 167, 51, 146, 73, 144], [30, 5, 108, 50, 130, 97, 106, 182, 185, 113], [11, 179, 103, 174, 140, 156, 89, 23, 183, 159, 195, 191, 157, 54], [85, 165, 163, 148, 92, 53, 115, 91, 186, 33, 139], [81, 17, 151, 56, 109, 39, 164, 20], [101, 28, 64, 173, 122, 154, 58, 7, 150, 76, 188, 116, 137, 141, 197, 105], [77, 170, 128, 29, 37, 172, 196, 136, 143, 184], [127, 10, 149, 99, 98, 142], [95, 112, 66, 41, 90, 135, 110, 57, 102, 46, 45], [168, 52, 131, 31, 74, 190, 68, 120, 61], [26, 35, 134, 70, 83, 94, 198, 43, 160, 49, 55, 44, 161, 12], [126, 147, 9, 169, 69, 132, 78, 19, 88, 22, 2], [38, 133, 176, 13, 153, 124, 138, 155, 199, 193, 16], [86, 114, 1, 117, 145, 72, 118, 75, 180, 111], [60, 34, 129, 40, 158], [152, 125, 100, 119, 32, 63], [15, 82, 162, 177, 36, 4, 62, 18, 65, 87, 47, 121], [71, 67, 25, 181, 194, 3, 80, 27, 171, 79], [192, 6, 178, 14, 187, 24, 96, 175, 48]]",true
263,15533,4030,2-opt,CMT5.vrp,"[[189, 84, 8, 59, 166, 21, 93, 42, 104, 107], [123, 167, 51, 146, 73, 144], [30, 5, 108, 50, 130, 97, 106, 182, 185, 113], [11, 179, 103, 174, 140, 156, 89, 23, 183, 159, 195, 191, 157, 54], [85, 165, 163, 148, 92, 53, 115, 91, 186, 33, 139], [81, 17, 151, 56, 109, 39, 164, 20], [101, 28, 64, 173, 122, 154, 58, 7, 150, 76, 188, 116, 137, 141, 197, 105], [77, 170, 128, 29, 37, 172, 196, 136, 143, 184], [127, 10, 149, 99, 98, 142], [95, 112, 66, 41, 90, 135, 110, 57, 102, 46, 45], [168, 52, 131, 31, 74, 190, 68, 120, 61], [26, 35, 134, 70, 83, 94, 198, 43, 160, 49, 55, 44, 161, 12], [126, 147, 9, 169, 69, 132, 78, 19, 88, 22, 2], [38, 133, 176, 13, 153, 124, 138, 155, 199, 193, 16], [86, 114, 1, 117, 145, 72, 118, 75, 180, 111], [60, 34, 129, 40, 158], [152, 125, 100, 119, 32, 63], [82, 15, 162, 177, 36, 4, 62, 18, 65, 87, 47, 121], [71, 67, 25, 181, 194, 3, 80, 27, 171, 79], [192, 6, 178, 14, 187, 24, 96, 175, 48]]",true
264,15571,4012,2-opt,CMT5.vrp,"[[189, 84, 8, 59, 166, 21, 93, 42, 104, 107], [123, 167, 51, 146, 73, 144], [30, 5, 108, 50, 130, 97, 106, 182, 185, 113], [11, 179, 103, 174, 140, 156, 89, 23, 183, 159, 195, 191, 157, 54], [85, 165, 163, 148, 92, 53, 115, 91, 186, 33, 139], [81, 17, 151, 56, 109, 39, 164, 20], [101, 28, 64, 173, 122, 154, 58, 7, 150, 76, 188, 116, 137, 141, 197, 105], [77, 170, 128, 29, 37, 172, 196, 136, 143, 184], [127, 10, 149, 99, 98, 142], [95, 112, 66, 41, 90, 135, 110, 57, 102, 46, 45], [168, 52, 131, 31, 74, 190, 68, 120, 61], [26, 35, 134, 70, 83, 94, 198, 43, 160, 49, 55, 44, 161, 12], [126, 147, 9, 169, 69, 132, 78, 19, 88, 22, 2], [38, 133, 176, 13, 153, 124, 138, 155, 199, 193, 16], [86, 114, 1, 117, 145, 72, 118, 75, 180, 111], [60, 34, 129, 40, 158], [152, 125, 100, 119, 32, 63], [177, 162, 82, 15, 36, 4, 62, 18, 65, 87, 47, 121], [71, 67, 25, 181, 194, 3, 80, 27, 171, 79], [192, 6, 178, 14, 187, 24, 96, 175, 48]]",true
265,15609,4012,2-opt,CMT5.vrp,"[[189, 84, 8, 59, 166, 21, 93, 42, 104, 107], [123, 167, 51, 146, 73, 144], [30, 5, 108, 50, 130, 97, 106, 182, 185, 113], [11, 179, 103, 174, 140, 156, 89, 23, 183, 159, 195, 191, 157, 54], [85, 165, 163, 148, 92, 53, 115, 91, 186, 33, 139], [81, 17, 151, 56, 109, 39, 164, 20], [101, 28, 64, 173, 122, 154, 58, 7, 150, 76, 188, 116, 137, 141, 197, 105], [77, 170, 128, 29, 37, 172, 196, 136, 143, 184], [127, 10, 149, 99, 98, 142], [95, 112, 66, 41, 90, 135, 110, 57, 102, 46, 45], [168, 52, 131, 31, 74, 190, 68, 120, 61], [26, 35, 134, 70, 83, 94, 198, 43, 160, 49, 55, 44, 161, 12], [126, 147, 9, 169, 69, 132, 78, 19, 88, 22, 2], [38, 133, 176, 13, 153, 124, 138, 155, 199, 193, 16], [86, 114, 1, 117, 145, 72, 118, 75, 180, 111], [60, 34, 129, 40, 158], [152, 125, 100, 119, 32, 63], [87, 65, 18, 62, 4, 36, 177, 162, 82, 15, 47, 121], [71, 67, 25, 181, 194, 3, 80, 27, 171, 79], [192, 6, 178, 14, 187, 24, 96, 175, 48]]",true
266,15645,4009,2-opt,CMT5.vrp,"[[189, 84, 8, 59, 166, 21, 93, 42, 104, 107], [123, 167, 51, 146, 73, 144], [30, 5, 108, 50, 130, 97, 106, 182, 185, 113], [11, 179, 103, 174, 140, 156, 89, 23, 183, 159, 195, 191, 157, 54], [85, 165, 163, 148, 92, 53, 115, 91, 186, 33, 139], [81, 17, 151, 56, 109, 39, 164, 20], [101, 28, 64, 173, 122, 154, 58, 7, 150, 76, 188, 116, 137, 141, 197, 105], [77, 170, 128, 29, 37, 172, 196, 136, 143, 184], [127, 10, 149, 99, 98, 142], [95, 112, 66, 41, 90, 135, 110, 57, 102, 46, 45], [168, 52, 131, 31, 74, 190, 68, 120, 61], [26, 35, 134, 70, 83, 94, 198, 43, 160, 49, 55, 44, 161, 12], [126, 147, 9, 169, 69, 132, 78, 19, 88, 22, 2], [38, 133, 176, 13, 153, 124, 138, 155, 199, 193, 16], [86, 114, 1, 117, 145, 72, 118, 75, 180, 111], [60, 34, 129, 40, 158], [152, 125, 100, 119, 32, 63], [15, 177, 162, 82, 36, 4, 62, 18, 65, 87, 47, 121], [71, 67, 25, 181, 194, 3, 80, 27, 171, 79], [192, 6, 178, 14, 187, 24, 96, 175, 48]]",true
267,15685,3995,2-opt,CMT5.vrp,"[[189, 84, 8, 59, 166, 21, 93, 42, 104, 107], [123, 167, 51, 146, 73, 144], [30, 5, 108, 50, 130, 97, 106, 182, 185, 113], [11, 179, 103, 174, 140, 156, 89, 23, 183, 159, 195, 191, 157, 54], [85, 165, 163, 148, 92, 53, 115, 91, 186, 33, 139], [81, 17, 151, 56, 109, 39, 164, 20], [101, 28, 64, 173, 122, 154, 58, 7, 150, 76, 188, 116, 137, 141, 197, 105], [77, 170, 128, 29, 37, 172, 196, 136, 143, 184], [127, 10, 149, 99, 98, 142], [95, 112, 66, 41, 90, 135, 110, 57, 102, 46, 45], [168, 52, 131, 31, 74, 190, 68, 120, 61], [26, 35, 134, 70, 83, 94, 198, 43, 160, 49, 55, 44, 161, 12], [126, 147, 9, 169, 69, 132, 78, 19, 88, 22, 2], [38, 133, 176, 13, 153, 124, 138, 155, 199, 193, 16], [86, 114, 1, 117, 145, 72, 118, 75, 180, 111], [60, 34, 129, 40, 158], [152, 125, 100, 119, 32, 63], [15, 82, 36, 177, 162, 4, 62, 18, 65, 87, 47, 121], [71, 67, 25, 181, 194, 3, 80, 27, 171, 79], [192, 6, 178, 14, 187, 24, 96, 175, 48]]",true
268,15725,3984,2-opt,CMT5.vrp,"[[189, 84, 8, 59, 166, 21, 93, 42, 104, 107], [123, 167, 51, 146, 73, 144], [30, 5, 108, 50, 130, 97, 106, 182, 185, 113], [11, 179, 103, 174, 140, 156, 89, 23, 183, 159, 195, 191, 157, 54], [85, 165, 163, 148, 92, 53, 115, 91, 186, 33, 139], [81, 17, 151, 56, 109, 39, 164, 20], [101, 28, 64, 173, 122, 154, 58, 7, 150, 76, 188, 116, 137, 141, 197, 105], [77, 170, 128, 29, 37, 172, 196, 136, 143, 184], [127, 10, 149, 99, 98, 142], [95, 112, 66, 41, 90, 135, 110, 57, 102, 46, 45], [168, 52, 131, 31, 74, 190, 68, 120, 61], [26, 35, 134, 70, 83, 94, 198, 43, 160, 49, 55, 44, 161, 12], [126, 147, 9, 169, 69, 132, 78, 19, 88, 22, 2], [38, 133, 176, 13, 153, 124, 138, 155, 199, 193, 16], [86, 114, 1, 117, 145, 72, 118, 75, 180, 111], [60, 34, 129, 40, 158], [152, 125, 100, 119, 32, 63], [15, 82, 121, 47, 87, 65, 18, 62, 4, 36, 177, 162], [71, 67, 25, 181, 194, 3, 80, 27, 171, 79], [192, 6, 178, 14, 187, 24, 96, 175, 48]]",true
269,15777,3979,2-opt,CMT5.vrp,"[[189, 84, 8, 59, 166, 21, 93, 42, 104, 107], [123, 167, 51, 146, 73, 144], [30, 5, 108, 50, 130, 97, 106, 182, 185, 113], [11, 179, 103, 174, 140, 156, 89, 23, 183, 159, 195, 191, 157, 54], [85, 165, 163, 148, 92, 53, 115, 91, 186, 33, 139], [81, 17, 151, 56, 109, 39, 164, 20], [101, 28, 64, 173, 122, 154, 58, 7, 150, 76, 188, 116, 137, 141, 197, 105], [77, 170, 128, 29, 37, 172, 196, 136, 143, 184], [127, 10, 149, 99, 98, 142], [95, 112, 66, 41, 90, 135, 110, 57, 102, 46, 45], [168, 52, 131, 31, 74, 190, 68, 120, 61], [26, 35, 134, 70, 83, 94, 198, 43, 160, 49, 55, 44, 161, 12], [126, 147, 9, 169, 69, 132, 78, 19, 88, 22, 2], [38, 133, 176, 13, 153, 124, 138, 155, 199, 193, 16], [86, 114, 1, 117, 145, 72, 118, 75, 180, 111], [60, 34, 129, 40, 158], [152, 125, 100, 119, 32, 63], [47, 121, 82, 15, 87, 65, 18, 62, 4, 36, 177, 162], [71, 67, 25, 181, 194, 3, 80, 27, 171, 79], [192, 6, 178, 14, 187, 24, 96, 175, 48]]",true
270,15816,3975,2-opt,CMT5.vrp,"[[189, 84, 8, 59, 166, 21, 93, 42, 104, 107], [123, 167, 51, 146, 73, 144], [30, 5, 108, 50, 130, 97, 106, 182, 185, 113], [11, 179, 103, 174, 140, 156, 89, 23, 183, 159, 195, 191, 157, 54], [85, 165, 163, 148, 92, 53, 115, 91, 186, 33, 139], [81, 17, 151, 56, 109, 39, 164, 20], [101, 28, 64, 173, 122, 154, 58, 7, 150, 76, 188, 116, 137, 141, 197, 105], [77, 170, 128, 29, 37, 172, 196, 136, 143, 184], [127, 10, 149, 99, 98, 142], [95, 112, 66, 41, 90, 135, 110, 57, 102, 46, 45], [168, 52, 131, 31, 74, 190, 68, 120, 61], [26, 35, 134, 70, 83, 94, 198, 43, 160, 49, 55, 44, 161, 12], [126, 147, 9, 169, 69, 132, 78, 19, 88, 22, 2], [38, 133, 176, 13, 153, 124, 138, 155, 199, 193, 16], [86, 114, 1, 117, 145, 72, 118, 75, 180, 111], [60, 34, 129, 40, 158], [152, 125, 100, 119, 32, 63], [87, 47, 121, 82, 15, 65, 18, 62, 4, 36, 177, 162], [71, 67, 25, 181, 194, 3, 80, 27, 171, 79], [192, 6, 178, 14, 187, 24, 96, 175, 48]]",true
271,15855,3965,2-opt,CMT5.vrp,"[[189, 84, 8, 59, 166, 21, 93, 42, 104, 107], [123, 167, 51, 146, 73, 144], [30, 5, 108, 50, 130, 97, 106, 182, 185, 113], [11, 179, 103, 174, 140, 156, 89, 23, 183, 159, 195, 191, 157, 54], [85, 165, 163, 148, 92, 53, 115, 91, 186, 33, 139], [81, 17, 151, 56, 109, 39, 164, 20], [101, 28, 64, 173, 122, 154, 58, 7, 150, 76, 188, 116, 137, 141, 197, 105], [77, 170, 128, 29, 37, 172, 196, 136, 143, 184], [127, 10, 149, 99, 98, 142], [95, 112, 66, 41, 90, 135, 110, 57, 102, 46, 45], [168, 52, 131, 31, 74, 190, 68, 120, 61], [26, 35, 134, 70, 83, 94, 198, 43, 160, 49, 55, 44, 161, 12], [126, 147, 9, 169, 69, 132, 78, 19, 88, 22, 2], [38, 133, 176, 13, 153, 124, 138, 155, 199, 193, 16], [86, 114, 1, 117, 145, 72, 118, 75, 180, 111], [60, 34, 129, 40, 158], [152, 125, 100, 119, 32, 63], [62, 18, 65, 87, 47, 121, 82, 15, 4, 36, 177, 162], [71, 67, 25, 181, 194, 3, 80, 27, 171, 79], [192, 6, 178, 14, 187, 24, 96, 175, 48]]",true
272,15896,3954,2-opt,CMT5.vrp,"[[189, 84, 8, 59, 166, 21, 93, 42, 104, 107], [123, 167, 51, 146, 73, 144], [30, 5, 108, 50, 130, 97, 106, 182, 185, 113], [11, 179, 103, 174, 140, 156, 89, 23, 183, 159, 195, 191, 157, 54], [85, 165, 163, 148, 92, 53, 115, 91, 186, 33, 139], [81, 17, 151, 56, 109, 39, 164, 20], [101, 28, 64, 173, 122, 154, 58, 7, 150, 76, 188, 116, 137, 141, 197, 105], [77, 170, 128, 29, 37, 172, 196, 136, 143, 184], [127, 10, 149, 99, 98, 142], [95, 112, 66, 41, 90, 135, 110, 57, 102, 46, 45], [168, 52, 131, 31, 74, 190, 68, 120, 61], [26, 35, 134, 70, 83, 94, 198, 43, 160, 49, 55, 44, 161, 12], [126, 147, 9, 169, 69, 132, 78, 19, 88, 22, 2], [38, 133, 176, 13, 153, 124, 138, 155, 199, 193, 16], [86, 114, 1, 117, 145, 72, 118, 75, 180, 111], [60, 34, 129, 40, 158], [152, 125, 100, 119, 32, 63], [4, 62, 18, 65, 87, 47, 121, 82, 15, 36, 177, 162], [71, 67, 25, 181, 194, 3, 80, 27, 171, 79], [192, 6, 178, 14, 187, 24, 96, 175, 48]]",true
273,15947,3951,2-opt,CMT5.vrp,"[[189, 84, 8, 59, 166, 21, 93, 42, 104, 107], [123, 167, 51, 146, 73, 144], [30, 5, 108, 50, 130, 97, 106, 182, 185, 113], [11, 179, 103, 174, 140, 156, 89, 23, 183, 159, 195, 191, 157, 54], [85, 165, 163, 148, 92, 53, 115, 91, 186, 33, 139], [81, 17, 151, 56, 109, 39, 164, 20], [101, 28, 64, 173, 122, 154, 58, 7, 150, 76, 188, 116, 137, 141, 197, 105], [77, 170, 128, 29, 37, 172, 196, 136, 143, 184], [127, 10, 149, 99, 98, 142], [95, 112, 66, 41, 90, 135, 110, 57, 102, 46, 45], [168, 52, 131, 31, 74, 190, 68, 120, 61], [26, 35, 134, 70, 83, 94, 198, 43, 160, 49, 55, 44, 161, 12], [126, 147, 9, 169, 69, 132, 78, 19, 88, 22, 2], [38, 133, 176, 13, 153, 124, 138, 155, 199, 193, 16], [86, 114, 1, 117, 145, 72, 118, 75, 180, 111], [60, 34, 129, 40, 158], [152, 125, 100, 119, 32, 63], [15, 82, 121, 47, 36, 4, 62, 18, 65, 87, 177, 162], [71, 67, 25, 181, 194, 3, 80, 27, 171, 79], [192, 6, 178, 14, 187, 24, 96, 175, 48]]",true
274,16000,3937,2-opt,CMT5.vrp,"[[189, 84, 8, 59, 166, 21, 93, 42, 104, 107], [123, 167, 51, 146, 73, 144], [30, 5, 108, 50, 130, 97, 106, 182, 185, 113], [11, 179, 103, 174, 140, 156, 89, 23, 183, 159, 195, 191, 157, 54], [85, 165, 163, 148, 92, 53, 115, 91, 186, 33, 139], [81, 17, 151, 56, 109, 39, 164, 20], [101, 28, 64, 173, 122, 154, 58, 7, 150, 76, 188, 116, 137, 141, 197, 105], [77, 170, 128, 29, 37, 172, 196, 136, 143, 184], [127, 10, 149, 99, 98, 142], [95, 112, 66, 41, 90, 135, 110, 57, 102, 46, 45], [168, 52, 131, 31, 74, 190, 68, 120, 61], [26, 35, 134, 70, 83, 94, 198, 43, 160, 49, 55, 44, 161, 12], [126, 147, 9, 169, 69, 132, 78, 19, 88, 22, 2], [38, 133, 176, 13, 153, 124, 138, 155, 199, 193, 16], [86, 114, 1, 117, 145, 72, 118, 75, 180, 111], [60, 34, 129, 40, 158], [152, 125, 100, 119, 32, 63], [15, 82, 121, 47, 87, 65, 177, 36, 4, 62, 18, 162], [71, 67, 25, 181, 194, 3, 80, 27, 171, 79], [192, 6, 178, 14, 187, 24, 96, 175, 48]]",true
275,16042,3932,2-opt,CMT5.vrp,"[[189, 84, 8, 59, 166, 21, 93, 42, 104, 107], [123, 167, 51, 146, 73, 144], [30, 5, 108, 50, 130, 97, 106, 182, 185, 113], [11, 179, 103, 174, 140, 156, 89, 23, 183, 159, 195, 191, 157, 54], [85, 165, 163, 148, 92, 53, 115, 91, 186, 33, 139], [81, 17, 151, 56, 109, 39, 164, 20], [101, 28, 64, 173, 122, 154, 58, 7, 150, 76, 188, 116, 137, 141, 197, 105], [77, 170, 128, 29, 37, 172, 196, 136, 143, 184], [127, 10, 149, 99, 98, 142], [95, 112, 66, 41, 90, 135, 110, 57, 102, 46, 45], [168, 52, 131, 31, 74, 190, 68, 120, 61], [26, 35, 134, 70, 83, 94, 198, 43, 160, 49, 55, 44, 161, 12], [126, 147, 9, 169, 69, 132, 78, 19, 88, 22, 2], [38, 133, 176, 13, 153, 124, 138, 155, 199, 193, 16], [86, 114, 1, 117, 145, 72, 118, 75, 180, 111], [60, 34, 129, 40, 158], [152, 125, 100, 119, 32, 63], [47, 121, 82, 15, 87, 65, 177, 36, 4, 62, 18, 162], [71, 67, 25, 181, 194, 3, 80, 27, 171, 79], [192, 6, 178, 14, 187, 24, 96, 175, 48]]",true
276,16077,3928,2-opt,CMT5.vrp,"[[189, 84, 8, 59, 166, 21, 93, 42, 104, 107], [123, 167, 51, 146, 73, 144], [30, 5, 108, 50, 130, 97, 106, 182, 185, 113], [11, 179, 103, 174, 140, 156, 89, 23, 183, 159, 195, 191, 157, 54], [85, 165, 163, 148, 92, 53, 115, 91, 186, 33, 139], [81, 17, 151, 56, 109, 39, 164, 20], [101, 28, 64, 173, 122, 154, 58, 7, 150, 76, 188, 116, 137, 141, 197, 105], [77, 170, 128, 29, 37, 172, 196, 136, 143, 184], [127, 10, 149, 99, 98, 142], [95, 112, 66, 41, 90, 135, 110, 57, 102, 46, 45], [168, 52, 131, 31, 74, 190, 68, 120, 61], [26, 35, 134, 70, 83, 94, 198, 43, 160, 49, 55, 44, 161, 12], [126, 147, 9, 169, 69, 132, 78, 19, 88, 22, 2], [38, 133, 176, 13, 153, 124, 138, 155, 199, 193, 16], [86, 114, 1, 117, 145, 72, 118, 75, 180, 111], [60, 34, 129, 40, 158], [152, 125, 100, 119, 32, 63], [87, 47, 121, 82, 15, 65, 177, 36, 4, 62, 18, 162], [71, 67, 25, 181, 194, 3, 80, 27, 171, 79], [192, 6, 178, 14, 187, 24, 96, 175, 48]]",true
277,16115,3912,2-opt,CMT5.vrp,"[[189, 84, 8, 59, 166, 21, 93, 42, 104, 107], [123, 167, 51, 146, 73, 144], [30, 5, 108, 50, 130, 97, 106, 182, 185, 113], [11, 179, 103, 174, 140, 156, 89, 23, 183, 159, 195, 191, 157, 54], [85, 165, 163, 148, 92, 53, 115, 91, 186, 33, 139], [81, 17, 151, 56, 109, 39, 164, 20], [101, 28, 64, 173, 122, 154, 58, 7, 150, 76, 188, 116, 137, 141, 197, 105], [77, 170, 128, 29, 37, 172, 196, 136, 143, 184], [127, 10, 149, 99, 98, 142], [95, 112, 66, 41, 90, 135, 110, 57, 102, 46, 45], [168, 52, 131, 31, 74, 190, 68, 120, 61], [26, 35, 134, 70, 83, 94, 198, 43, 160, 49, 55, 44, 161, 12], [126, 147, 9, 169, 69, 132, 78, 19, 88, 22, 2], [38, 133, 176, 13, 153, 124, 138, 155, 199, 193, 16], [86, 114, 1, 117, 145, 72, 118, 75, 180, 111], [60, 34, 129, 40, 158], [152, 125, 100, 119, 32, 63], [177, 65, 87, 47, 121, 82, 15, 36, 4, 62, 18, 162], [71, 67, 25, 181, 194, 3, 80, 27, 171, 79], [192, 6, 178, 14, 187, 24, 96, 175, 48]]",true
278,16157,3909,2-opt,CMT5.vrp,"[[189, 84, 8, 59, 166, 21, 93, 42, 104, 107], [123, 167, 51, 146, 73, 144], [30, 5, 108, 50, 130, 97, 106, 182, 185, 113], [11, 179, 103, 174, 140, 156, 89, 23, 183, 159, 195, 191, 157, 54], [85, 165, 163, 148, 92, 53, 115, 91, 186, 33, 139], [81, 17, 151, 56, 109, 39, 164, 20], [101, 28, 64, 173, 122, 154, 58, 7, 150, 76, 188, 116, 137, 141, 197, 105], [77, 170, 128, 29, 37, 172, 196, 136, 143, 184], [127, 10, 149, 99, 98, 142], [95, 112, 66, 41, 90, 135, 110, 57, 102, 46, 45], [168, 52, 131, 31, 74, 190, 68, 120, 61], [26, 35, 134, 70, 83, 94, 198, 43, 160, 49, 55, 44, 161, 12], [126, 147, 9, 169, 69, 132, 78, 19, 88, 22, 2], [38, 133, 176, 13, 153, 124, 138, 155, 199, 193, 16], [86, 114, 1, 117, 145, 72, 118, 75, 180, 111], [60, 34, 129, 40, 158], [152, 125, 100, 119, 32, 63], [15, 177, 65, 87, 47, 121, 82, 36, 4, 62, 18, 162], [71, 67, 25, 181, 194, 3, 80, 27, 171, 79], [192, 6, 178, 14, 187, 24, 96, 175, 48]]",true
279,16203,3896,2-opt,CMT5.vrp,"[[189, 84, 8, 59, 166, 21, 93, 42, 104, 107], [123, 167, 51, 146, 73, 144], [30, 5, 108, 50, 130, 97, 106, 182, 185, 113], [11, 179, 103, 174, 140, 156, 89, 23, 183, 159, 195, 191, 157, 54], [85, 165, 163, 148, 92, 53, 115, 91, 186, 33, 139], [81, 17, 151, 56, 109, 39, 164, 20], [101, 28, 64, 173, 122, 154, 58, 7, 150, 76, 188, 116, 137, 141, 197, 105], [77, 170, 128, 29, 37, 172, 196, 136, 143, 184], [127, 10, 149, 99, 98, 142], [95, 112, 66, 41, 90, 135, 110, 57, 102, 46, 45], [168, 52, 131, 31, 74, 190, 68, 120, 61], [26, 35, 134, 70, 83, 94, 198, 43, 160, 49, 55, 44, 161, 12], [126, 147, 9, 169, 69, 132, 78, 19, 88, 22, 2], [38, 133, 176, 13, 153, 124, 138, 155, 199, 193, 16], [86, 114, 1, 117, 145, 72, 118, 75, 180, 111], [60, 34, 129, 40, 158], [152, 125, 100, 119, 32, 63], [15, 82, 121, 47, 36, 177, 65, 87, 4, 62, 18, 162], [71, 67, 25, 181, 194, 3, 80, 27, 171, 79], [192, 6, 178, 14, 187, 24, 96, 175, 48]]",true
280,16249,3884,2-opt,CMT5.vrp,"[[189, 84, 8, 59, 166, 21, 93, 42, 104, 107], [123, 167, 51, 146, 73, 144], [30, 5, 108, 50, 130, 97, 106, 182, 185, 113], [11, 179, 103, 174, 140, 156, 89, 23, 183, 159, 195, 191, 157, 54], [85, 165, 163, 148, 92, 53, 115, 91, 186, 33, 139], [81, 17, 151, 56, 109, 39, 164, 20], [101, 28, 64, 173, 122, 154, 58, 7, 150, 76, 188, 116, 137, 141, 197, 105], [77, 170, 128, 29, 37, 172, 196, 136, 143, 184], [127, 10, 149, 99, 98, 142], [95, 112, 66, 41, 90, 135, 110, 57, 102, 46, 45], [168, 52, 131, 31, 74, 190, 68, 120, 61], [26, 35, 134, 70, 83, 94, 198, 43, 160, 49, 55, 44, 161, 12], [126, 147, 9, 169, 69, 132, 78, 19, 88, 22, 2], [38, 133, 176, 13, 153, 124, 138, 155, 199, 193, 16], [86, 114, 1, 117, 145, 72, 118, 75, 180, 111], [60, 34, 129, 40, 158], [152, 125, 100, 119, 32, 63], [36, 47, 121, 82, 15, 177, 65, 87, 4, 62, 18, 162], [71, 67, 25, 181, 194, 3, 80, 27, 171, 79], [192, 6, 178, 14, 187, 24, 96, 175, 48]]",true
281,16304,3879,2-opt,CMT5.vrp,"[[189, 84, 8, 59, 166, 21, 93, 42, 104, 107], [123, 167, 51, 146, 73, 144], [30, 5, 108, 50, 130, 97, 106, 182, 185, 113], [11, 179, 103, 174, 140, 156, 89, 23, 183, 159, 195, 191, 157, 54], [85, 165, 163, 148, 92, 53, 115, 91, 186, 33, 139], [81, 17, 151, 56, 109, 39, 164, 20], [101, 28, 64, 173, 122, 154, 58, 7, 150, 76, 188, 116, 137, 141, 197, 105], [77, 170, 128, 29, 37, 172, 196, 136, 143, 184], [127, 10, 149, 99, 98, 142], [95, 112, 66, 41, 90, 135, 110, 57, 102, 46, 45], [168, 52, 131, 31, 74, 190, 68, 120, 61], [26, 35, 134, 70, 83, 94, 198, 43, 160, 49, 55, 44, 161, 12], [126, 147, 9, 169, 69, 132, 78, 19, 88, 22, 2], [38, 133, 176, 13, 153, 124, 138, 155, 199, 193, 16], [86, 114, 1, 117, 145, 72, 118, 75, 180, 111], [60, 34, 129, 40, 158], [152, 125, 100, 119, 32, 63], [47, 36, 121, 82, 15, 177, 65, 87, 4, 62, 18, 162], [71, 67, 25, 181, 194, 3, 80, 27, 171, 79], [192, 6, 178, 14, 187, 24, 96, 175, 48]]",true
282,16337,3874,2-opt,CMT5.vrp,"[[189, 84, 8, 59, 166, 21, 93, 42, 104, 107], [123, 167, 51, 146, 73, 144], [30, 5, 108, 50, 130, 97, 106, 182, 185, 113], [11, 179, 103, 174, 140, 156, 89, 23, 183, 159, 195, 191, 157, 54], [85, 165, 163, 148, 92, 53, 115, 91, 186, 33, 139], [81, 17, 151, 56, 109, 39, 164, 20], [101, 28, 64, 173, 122, 154, 58, 7, 150, 76, 188, 116, 137, 141, 197, 105], [77, 170, 128, 29, 37, 172, 196, 136, 143, 184], [127, 10, 149, 99, 98, 142], [95, 112, 66, 41, 90, 135, 110, 57, 102, 46, 45], [168, 52, 131, 31, 74, 190, 68, 120, 61], [26, 35, 134, 70, 83, 94, 198, 43, 160, 49, 55, 44, 161, 12], [126, 147, 9, 169, 69, 132, 78, 19, 88, 22, 2], [38, 133, 176, 13, 153, 124, 138, 155, 199, 193, 16], [86, 114, 1, 117, 145, 72, 118, 75, 180, 111], [60, 34, 129, 40, 158], [152, 125, 100, 119, 32, 63], [82, 121, 47, 36, 15, 177, 65, 87, 4, 62, 18, 162], [71, 67, 25, 181, 194, 3, 80, 27, 171, 79], [192, 6, 178, 14, 187, 24, 96, 175, 48]]",true
283,16372,3872,2-opt,CMT5.vrp,"[[189, 84, 8, 59, 166, 21, 93, 42, 104, 107], [123, 167, 51, 146, 73, 144], [30, 5, 108, 50, 130, 97, 106, 182, 185, 113], [11, 179, 103, 174, 140, 156, 89, 23, 183, 159, 195, 191, 157, 54], [85, 165, 163, 148, 92, 53, 115, 91, 186, 33, 139], [81, 17, 151, 56, 109, 39, 164, 20], [101, 28, 64, 173, 122, 154, 58, 7, 150, 76, 188, 116, 137, 141, 197, 105], [77, 170, 128, 29, 37, 172, 196, 136, 143, 184], [127, 10, 149, 99, 98, 142], [95, 112, 66, 41, 90, 135, 110, 57, 102, 46, 45], [168, 52, 131, 31, 74, 190, 68, 120, 61], [26, 35, 134, 70, 83, 94, 198, 43, 160, 49, 55, 44, 161, 12], [126, 147, 9, 169, 69, 132, 78, 19, 88, 22, 2], [38, 133, 176, 13, 153, 124, 138, 155, 199, 193, 16], [86, 114, 1, 117, 145, 72, 118, 75, 180, 111], [60, 34, 129, 40, 158], [152, 125, 100, 119, 32, 63], [4, 87, 65, 177, 15, 82, 121, 47, 36, 62, 18, 162], [71, 67, 25, 181, 194, 3, 80, 27, 171, 79], [192, 6, 178, 14, 187, 24, 96, 175, 48]]",true
284,16576,3868,2-opt,CMT5.vrp,"[[189, 84, 8, 59, 166, 21, 93, 42, 104, 107], [123, 167, 51, 146, 73, 144], [30, 5, 108, 50, 130, 97, 106, 182, 185, 113], [11, 179, 103, 174, 140, 156, 89, 23, 183, 159, 195, 191, 157, 54], [85, 165, 163, 148, 92, 53, 115, 91, 186, 33, 139], [81, 17, 151, 56, 109, 39, 164, 20], [101, 28, 64, 173, 122, 154, 58, 7, 150, 76, 188, 116, 137, 141, 197, 105], [77, 170, 128, 29, 37, 172, 196, 136, 143, 184], [127, 10, 149, 99, 98, 142], [95, 112, 66, 41, 90, 135, 110, 57, 102, 46, 45], [168, 52, 131, 31, 74, 190, 68, 120, 61], [26, 35, 134, 70, 83, 94, 198, 43, 160, 49, 55, 44, 161, 12], [126, 147, 9, 169, 69, 132, 78, 19, 88, 22, 2], [38, 133, 176, 13, 153, 124, 138, 155, 199, 193, 16], [86, 114, 1, 117, 145, 72, 118, 75, 180, 111], [60, 34, 129, 40, 158], [152, 125, 100, 119, 32, 63], [4, 87, 65, 177, 15, 47, 121, 82, 36, 62, 18, 162], [71, 67, 25, 181, 194, 3, 80, 27, 171, 79], [192, 6, 178, 14, 187, 24, 96, 175, 48]]",true
285,16622,3860,2-opt,CMT5.vrp,"[[189, 84, 8, 59, 166, 21, 93, 42, 104, 107], [123, 167, 51, 146, 73, 144], [30, 5, 108, 50, 130, 97, 106, 182, 185, 113], [11, 179, 103, 174, 140, 156, 89, 23, 183, 159, 195, 191, 157, 54], [85, 165, 163, 148, 92, 53, 115, 91, 186, 33, 139], [81, 17, 151, 56, 109, 39, 164, 20], [101, 28, 64, 173, 122, 154, 58, 7, 150, 76, 188, 116, 137, 141, 197, 105], [77, 170, 128, 29, 37, 172, 196, 136, 143, 184], [127, 10, 149, 99, 98, 142], [95, 112, 66, 41, 90, 135, 110, 57, 102, 46, 45], [168, 52, 131, 31, 74, 190, 68, 120, 61], [26, 35, 134, 70, 83, 94, 198, 43, 160, 49, 55, 44, 161, 12], [126, 147, 9, 169, 69, 132, 78, 19, 88, 22, 2], [38, 133, 176, 13, 153, 124, 138, 155, 199, 193, 16], [86, 114, 1, 117, 145, 72, 118, 75, 180, 111], [60, 34, 129, 40, 158], [152, 125, 100, 119, 32, 63], [4, 87, 65, 177, 15, 36, 47, 121, 82, 62, 18, 162], [71, 67, 25, 181, 194, 3, 80, 27, 171, 79], [192, 6, 178, 14, 187, 24, 96, 175, 48]]",true
286,16691,3858,2-opt,CMT5.vrp,"[[189, 84, 8, 59, 166, 21, 93, 42, 104, 107], [123, 167, 51, 146, 73, 144], [30, 5, 108, 50, 130, 97, 106, 182, 185, 113], [11, 179, 103, 174, 140, 156, 89, 23, 183, 159, 195, 191, 157, 54], [85, 165, 163, 148, 92, 53, 115, 91, 186, 33, 139], [81, 17, 151, 56, 109, 39, 164, 20], [101, 28, 64, 173, 122, 154, 58, 7, 150, 76, 188, 116, 137, 141, 197, 105], [77, 170, 128, 29, 37, 172, 196, 136, 143, 184], [127, 10, 149, 99, 98, 142], [95, 112, 66, 41, 90, 135, 110, 57, 102, 46, 45], [168, 52, 131, 31, 74, 190, 68, 120, 61], [26, 35, 134, 70, 83, 94, 198, 43, 160, 49, 55, 44, 161, 12], [126, 147, 9, 169, 69, 132, 78, 19, 88, 22, 2], [38, 133, 176, 13, 153, 124, 138, 155, 199, 193, 16], [86, 114, 1, 117, 145, 72, 118, 75, 180, 111], [60, 34, 129, 40, 158], [152, 125, 100, 119, 32, 63], [4, 87, 65, 177, 15, 36, 47, 82, 121, 62, 18, 162], [71, 67, 25, 181, 194, 3, 80, 27, 171, 79], [192, 6, 178, 14, 187, 24, 96, 175, 48]]",true
287,16763,3848,2-opt,CMT5.vrp,"[[189, 84, 8, 59, 166, 21, 93, 42, 104, 107], [123, 167, 51, 146, 73, 144], [30, 5, 108, 50, 130, 97, 106, 182, 185, 113], [11, 179, 103, 174, 140, 156, 89, 23, 183, 159, 195, 191, 157, 54], [85, 165, 163, 148, 92, 53, 115, 91, 186, 33, 139], [81, 17, 151, 56, 109, 39, 164, 20], [101, 28, 64, 173, 122, 154, 58, 7, 150, 76, 188, 116, 137, 141, 197, 105], [77, 170, 128, 29, 37, 172, 196, 136, 143, 184], [127, 10, 149, 99, 98, 142], [95, 112, 66, 41, 90, 135, 110, 57, 102, 46, 45], [168, 52, 131, 31, 74, 190, 68, 120, 61], [26, 35, 134, 70, 83, 94, 198, 43, 160, 49, 55, 44, 161, 12], [126, 147, 9, 169, 69, 132, 78, 19, 88, 22, 2], [38, 133, 176, 13, 153, 124, 138, 155, 199, 193, 16], [86, 114, 1, 117, 145, 72, 118, 75, 180, 111], [60, 34, 129, 40, 158], [152, 125, 100, 119, 32, 63], [4, 87, 65, 177, 15, 36, 47, 82, 121, 62, 18, 162], [67, 71, 25, 181, 194, 3, 80, 27, 171, 79], [192, 6, 178, 14, 187, 24, 96, 175, 48]]",true
288,16805,3836,2-opt,CMT5.vrp,"[[189, 84, 8, 59, 166, 21, 93, 42, 104, 107], [123, 167, 51, 146, 73, 144], [30, 5, 108, 50, 130, 97, 106, 182, 185, 113], [11, 179, 103, 174, 140, 156, 89, 23, 183, 159, 195, 191, 157, 54], [85, 165, 163, 148, 92, 53, 115, 91, 186, 33, 139], [81, 17, 151, 56, 109, 39, 164, 20], [101, 28, 64, 173, 122, 154, 58, 7, 150, 76, 188, 116, 137, 141, 197, 105], [77, 170, 128, 29, 37, 172, 196, 136, 143, 184], [127, 10, 149, 99, 98, 142], [95, 112, 66, 41, 90, 135, 110, 57, 102, 46, 45], [168, 52, 131, 31, 74, 190, 68, 120, 61], [26, 35, 134, 70, 83, 94, 198, 43, 160, 49, 55, 44, 161, 12], [126, 147, 9, 169, 69, 132, 78, 19, 88, 22, 2], [38, 133, 176, 13, 153, 124, 138, 155, 199, 193, 16], [86, 114, 1, 117, 145, 72, 118, 75, 180, 111], [60, 34, 129, 40, 158], [152, 125, 100, 119, 32, 63], [4, 87, 65, 177, 15, 36, 47, 82, 121, 62, 18, 162], [3, 194, 181, 25, 67, 71, 80, 27, 171, 79], [192, 6, 178, 14, 187, 24, 96, 175, 48]]",true
289,16844,3835,2-opt,CMT5.vrp,"[[189, 84, 8, 59, 166, 21, 93, 42, 104, 107], [123, 167, 51, 146, 73, 144], [30, 5, 108, 50, 130, 97, 106, 182, 185, 113], [11, 179, 103, 174, 140, 156, 89, 23, 183, 159, 195, 191, 157, 54], [85, 165, 163, 148, 92, 53, 115, 91, 186, 33, 139], [81, 17, 151, 56, 109, 39, 164, 20], [101, 28, 64, 173, 122, 154, 58, 7, 150, 76, 188, 116, 137, 141, 197, 105], [77, 170, 128, 29, 37, 172, 196, 136, 143, 184], [127, 10, 149, 99, 98, 142], [95, 112, 66, 41, 90, 135, 110, 57, 102, 46, 45], [168, 52, 131, 31, 74, 190, 68, 120, 61], [26, 35, 134, 70, 83, 94, 198, 43, 160, 49, 55, 44, 161, 12], [126, 147, 9, 169, 69, 132, 78, 19, 88, 22, 2], [38, 133, 176, 13, 153, 124, 138, 155, 199, 193, 16], [86, 114, 1, 117, 145, 72, 118, 75, 180, 111], [60, 34, 129, 40, 158], [152, 125, 100, 119, 32, 63], [4, 87, 65, 177, 15, 36, 47, 82, 121, 62, 18, 162], [71, 80, 3, 194, 181, 25, 67, 27, 171, 79], [192, 6, 178, 14, 187, 24, 96, 175, 48]]",true
290,16879,3831,2-opt,CMT5.vrp,"[[189, 84, 8, 59, 166, 21, 93, 42, 104, 107], [123, 167, 51, 146, 73, 144], [30, 5, 108, 50, 130, 97, 106, 182, 185, 113], [11, 179, 103, 174, 140, 156, 89, 23, 183, 159, 195, 191, 157, 54], [85, 165, 163, 148, 92, 53, 115, 91, 186, 33, 139], [81, 17, 151, 56, 109, 39, 164, 20], [101, 28, 64, 173, 122, 154, 58, 7, 150, 76, 188, 116, 137, 141, 197, 105], [77, 170, 128, 29, 37, 172, 196, 136, 143, 184], [127, 10, 149, 99, 98, 142], [95, 112, 66, 41, 90, 135, 110, 57, 102, 46, 45], [168, 52, 131, 31, 74, 190, 68, 120, 61], [26, 35, 134, 70, 83, 94, 198, 43, 160, 49, 55, 44, 161, 12], [126, 147, 9, 169, 69, 132, 78, 19, 88, 22, 2], [38, 133, 176, 13, 153, 124, 138, 155, 199, 193, 16], [86, 114, 1, 117, 145, 72, 118, 75, 180, 111], [60, 34, 129, 40, 158], [152, 125, 100, 119, 32, 63], [4, 87, 65, 177, 15, 36, 47, 82, 121, 62, 18, 162], [71, 67, 3, 194, 181, 25, 80, 27, 171, 79], [192, 6, 178, 14, 187, 24, 96, 175, 48]]",true
291,16923,3827,2-opt,CMT5.vrp,"[[189, 84, 8, 59, 166, 21, 93, 42, 104, 107], [123, 167, 51, 146, 73, 144], [30, 5, 108, 50, 130, 97, 106, 182, 185, 113], [11, 179, 103, 174, 140, 156, 89, 23, 183, 159, 195, 191, 157, 54], [85, 165, 163, 148, 92, 53, 115, 91, 186, 33, 139], [81, 17, 151, 56, 109, 39, 164, 20], [101, 28, 64, 173, 122, 154, 58, 7, 150, 76, 188, 116, 137, 141, 197, 105], [77, 170, 128, 29, 37, 172, 196, 136, 143, 184], [127, 10, 149, 99, 98, 142], [95, 112, 66, 41, 90, 135, 110, 57, 102, 46, 45], [168, 52, 131, 31, 74, 190, 68, 120, 61], [26, 35, 134, 70, 83, 94, 198, 43, 160, 49, 55, 44, 161, 12], [126, 147, 9, 169, 69, 132, 78, 19, 88, 22, 2], [38, 133, 176, 13, 153, 124, 138, 155, 199, 193, 16], [86, 114, 1, 117, 145, 72, 118, 75, 180, 111], [60, 34, 129, 40, 158], [152, 125, 100, 119, 32, 63], [4, 87, 65, 177, 15, 36, 47, 82, 121, 62, 18, 162], [194, 3, 67, 71, 181, 25, 80, 27, 171, 79], [192, 6, 178, 14, 187, 24, 96, 175, 48]]",true
292,16966,3812,2-opt,CMT5.vrp,"[[189, 84, 8, 59, 166, 21, 93, 42, 104, 107], [123, 167, 51, 146, 73, 144], [30, 5, 108, 50, 130, 97, 106, 182, 185, 113], [11, 179, 103, 174, 140, 156, 89, 23, 183, 159, 195, 191, 157, 54], [85, 165, 163, 148, 92, 53, 115, 91, 186, 33, 139], [81, 17, 151, 56, 109, 39, 164, 20], [101, 28, 64, 173, 122, 154, 58, 7, 150, 76, 188, 116, 137, 141, 197, 105], [77, 170, 128, 29, 37, 172, 196, 136, 143, 184], [127, 10, 149, 99, 98, 142], [95, 112, 66, 41, 90, 135, 110, 57, 102, 46, 45], [168, 52, 131, 31, 74, 190, 68, 120, 61], [26, 35, 134, 70, 83, 94, 198, 43, 160, 49, 55, 44, 161, 12], [126, 147, 9, 169, 69, 132, 78, 19, 88, 22, 2], [38, 133, 176, 13, 153, 124, 138, 155, 199, 193, 16], [86, 114, 1, 117, 145, 72, 118, 75, 180, 111], [60, 34, 129, 40, 158], [152, 125, 100, 119, 32, 63], [4, 87, 65, 177, 15, 36, 47, 82, 121, 62, 18, 162], [71, 3, 67, 194, 181, 25, 80, 27, 171, 79], [192, 6, 178, 14, 187, 24, 96, 175, 48]]",true
293,17007,3808,2-opt,CMT5.vrp,"[[189, 84, 8, 59, 166, 21, 93, 42, 104, 107], [123, 167, 51, 146, 73, 144], [30, 5, 108, 50, 130, 97, 106, 182, 185, 113], [11, 179, 103, 174, 140, 156, 89, 23, 183, 159, 195, 191, 157, 54], [85, 165, 163, 148, 92, 53, 115, 91, 186, 33, 139], [81, 17, 151, 56, 109, 39, 164, 20], [101, 28, 64, 173, 122, 154, 58, 7, 150, 76, 188, 116, 137, 141, 197, 105], [77, 170, 128, 29, 37, 172, 196, 136, 143, 184], [127, 10, 149, 99, 98, 142], [95, 112, 66, 41, 90, 135, 110, 57, 102, 46, 45], [168, 52, 131, 31, 74, 190, 68, 120, 61], [26, 35, 134, 70, 83, 94, 198, 43, 160, 49, 55, 44, 161, 12], [126, 147, 9, 169, 69, 132, 78, 19, 88, 22, 2], [38, 133, 176, 13, 153, 124, 138, 155, 199, 193, 16], [86, 114, 1, 117, 145, 72, 118, 75, 180, 111], [60, 34, 129, 40, 158], [152, 125, 100, 119, 32, 63], [4, 87, 65, 177, 15, 36, 47, 82, 121, 62, 18, 162], [71, 80, 25, 181, 194, 3, 67, 27, 171, 79], [192, 6, 178, 14, 187, 24, 96, 175, 48]]",true
294,17069,3803,2-opt,CMT5.vrp,"[[189, 84, 8, 59, 166, 21, 93, 42, 104, 107], [123, 167, 51, 146, 73, 144], [30, 5, 108, 50, 130, 97, 106, 182, 185, 113], [11, 179, 103, 174, 140, 156, 89, 23, 183, 159, 195, 191, 157, 54], [85, 165, 163, 148, 92, 53, 115, 91, 186, 33, 139], [81, 17, 151, 56, 109, 39, 164, 20], [101, 28, 64, 173, 122, 154, 58, 7, 150, 76, 188, 116, 137, 141, 197, 105], [77, 170, 128, 29, 37, 172, 196, 136, 143, 184], [127, 10, 149, 99, 98, 142], [95, 112, 66, 41, 90, 135, 110, 57, 102, 46, 45], [168, 52, 131, 31, 74, 190, 68, 120, 61], [26, 35, 134, 70, 83, 94, 198, 43, 160, 49, 55, 44, 161, 12], [126, 147, 9, 169, 69, 132, 78, 19, 88, 22, 2], [38, 133, 176, 13, 153, 124, 138, 155, 199, 193, 16], [86, 114, 1, 117, 145, 72, 118, 75, 180, 111], [60, 34, 129, 40, 158], [152, 125, 100, 119, 32, 63], [4, 87, 65, 177, 15, 36, 47, 82, 121, 62, 18, 162], [194, 181, 25, 80, 71, 3, 67, 27, 171, 79], [192, 6, 178, 14, 187, 24, 96, 175, 48]]",true
295,17110,3792,2-opt,CMT5.vrp,"[[189, 84, 8, 59, 166, 21, 93, 42, 104, 107], [123, 167, 51, 146, 73, 144], [30, 5, 108, 50, 130, 97, 106, 182, 185, 113], [11, 179, 103, 174, 140, 156, 89, 23, 183, 159, 195, 191, 157, 54], [85, 165, 163, 148, 92, 53, 115, 91, 186, 33, 139], [81, 17, 151, 56, 109, 39, 164, 20], [101, 28, 64, 173, 122, 154, 58, 7, 150, 76, 188, 116, 137, 141, 197, 105], [77, 170, 128, 29, 37, 172, 196, 136, 143, 184], [127, 10, 149, 99, 98, 142], [95, 112, 66, 41, 90, 135, 110, 57, 102, 46, 45], [168, 52, 131, 31, 74, 190, 68, 120, 61], [26, 35, 134, 70, 83, 94, 198, 43, 160, 49, 55, 44, 161, 12], [126, 147, 9, 169, 69, 132, 78, 19, 88, 22, 2], [38, 133, 176, 13, 153, 124, 138, 155, 199, 193, 16], [86, 114, 1, 117, 145, 72, 118, 75, 180, 111], [60, 34, 129, 40, 158], [152, 125, 100, 119, 32, 63], [4, 87, 65, 177, 15, 36, 47, 82, 121, 62, 18, 162], [67, 3, 194, 181, 25, 80, 71, 27, 171, 79], [192, 6, 178, 14, 187, 24, 96, 175, 48]]",true
296,17161,3789,2-opt,CMT5.vrp,"[[189, 84, 8, 59, 166, 21, 93, 42, 104, 107], [123, 167, 51, 146, 73, 144], [30, 5, 108, 50, 130, 97, 106, 182, 185, 113], [11, 179, 103, 174, 140, 156, 89, 23, 183, 159, 195, 191, 157, 54], [85, 165, 163, 148, 92, 53, 115, 91, 186, 33, 139], [81, 17, 151, 56, 109, 39, 164, 20], [101, 28, 64, 173, 122, 154, 58, 7, 150, 76, 188, 116, 137, 141, 197, 105], [77, 170, 128, 29, 37, 172, 196, 136, 143, 184], [127, 10, 149, 99, 98, 142], [95, 112, 66, 41, 90, 135, 110, 57, 102, 46, 45], [168, 52, 131, 31, 74, 190, 68, 120, 61], [26, 35, 134, 70, 83, 94, 198, 43, 160, 49, 55, 44, 161, 12], [126, 147, 9, 169, 69, 132, 78, 19, 88, 22, 2], [38, 133, 176, 13, 153, 124, 138, 155, 199, 193, 16], [86, 114, 1, 117, 145, 72, 118, 75, 180, 111], [60, 34, 129, 40, 158], [152, 125, 100, 119, 32, 63], [4, 87, 65, 177, 15, 36, 47, 82, 121, 62, 18, 162], [71, 80, 25, 181, 3, 194, 67, 27, 171, 79], [192, 6, 178, 14, 187, 24, 96, 175, 48]]",true
297,17209,3772,2-opt,CMT5.vrp,"[[189, 84, 8, 59, 166, 21, 93, 42, 104, 107], [123, 167, 51, 146, 73, 144], [30, 5, 108, 50, 130, 97, 106, 182, 185, 113], [11, 179, 103, 174, 140, 156, 89, 23, 183, 159, 195, 191, 157, 54], [85, 165, 163, 148, 92, 53, 115, 91, 186, 33, 139], [81, 17, 151, 56, 109, 39, 164, 20], [101, 28, 64, 173, 122, 154, 58, 7, 150, 76, 188, 116, 137, 141, 197, 105], [77, 170, 128, 29, 37, 172, 196, 136, 143, 184], [127, 10, 149, 99, 98, 142], [95, 112, 66, 41, 90, 135, 110, 57, 102, 46, 45], [168, 52, 131, 31, 74, 190, 68, 120, 61], [26, 35, 134, 70, 83, 94, 198, 43, 160, 49, 55, 44, 161, 12], [126, 147, 9, 169, 69, 132, 78, 19, 88, 22, 2], [38, 133, 176, 13, 153, 124, 138, 155, 199, 193, 16], [86, 114, 1, 117, 145, 72, 118, 75, 180, 111], [60, 34, 129, 40, 158], [152, 125, 100, 119, 32, 63], [4, 87, 65, 177, 15, 36, 47, 82, 121, 62, 18, 162], [67, 194, 3, 181, 25, 80, 71, 27, 171, 79], [192, 6, 178, 14, 187, 24, 96, 175, 48]]",true
298,17263,3761,2-opt,CMT5.vrp,"[[189, 84, 8, 59, 166, 21, 93, 42, 104, 107], [123, 167, 51, 146, 73, 144], [30, 5, 108, 50, 130, 97, 106, 182, 185, 113], [11, 179, 103, 174, 140, 156, 89, 23, 183, 159, 195, 191, 157, 54], [85, 165, 163, 148, 92, 53, 115, 91, 186, 33, 139], [81, 17, 151, 56, 109, 39, 164, 20], [101, 28, 64, 173, 122, 154, 58, 7, 150, 76, 188, 116, 137, 141, 197, 105], [77, 170, 128, 29, 37, 172, 196, 136, 143, 184], [127, 10, 149, 99, 98, 142], [95, 112, 66, 41, 90, 135, 110, 57, 102, 46, 45], [168, 52, 131, 31, 74, 190, 68, 120, 61], [26, 35, 134, 70, 83, 94, 198, 43, 160, 49, 55, 44, 161, 12], [126, 147, 9, 169, 69, 132, 78, 19, 88, 22, 2], [38, 133, 176, 13, 153, 124, 138, 155, 199, 193, 16], [86, 114, 1, 117, 145, 72, 118, 75, 180, 111], [60, 34, 129, 40, 158], [152, 125, 100, 119, 32, 63], [4, 87, 65, 177, 15, 36, 47, 82, 121, 62, 18, 162], [194, 67, 3, 181, 25, 80, 71, 27, 171, 79], [192, 6, 178, 14, 187, 24, 96, 175, 48]]",true
299,17320,3759,2-opt,CMT5.vrp,"[[189, 84, 8, 59, 166, 21, 93, 42, 104, 107], [123, 167, 51, 146, 73, 144], [30, 5, 108, 50, 130, 97, 106, 182, 185, 113], [11, 179, 103, 174, 140, 156, 89, 23, 183, 159, 195, 191, 157, 54], [85, 165, 163, 148, 92, 53, 115, 91, 186, 33, 139], [81, 17, 151, 56, 109, 39, 164, 20], [101, 28, 64, 173, 122, 154, 58, 7, 150, 76, 188, 116, 137, 141, 197, 105], [77, 170, 128, 29, 37, 172, 196, 136, 143, 184], [127, 10, 149, 99, 98, 142], [95, 112, 66, 41, 90, 135, 110, 57, 102, 46, 45], [168, 52, 131, 31, 74, 190, 68, 120, 61], [26, 35, 134, 70, 83, 94, 198, 43, 160, 49, 55, 44, 161, 12], [126, 147, 9, 169, 69, 132, 78, 19, 88, 22, 2], [38, 133, 176, 13, 153, 124, 138, 155, 199, 193, 16], [86, 114, 1, 117, 145, 72, 118, 75, 180, 111], [60, 34, 129, 40, 158], [152, 125, 100, 119, 32, 63], [4, 87, 65, 177, 15, 36, 47, 82, 121, 62, 18, 162], [67, 194, 3, 181, 25, 80, 71, 27, 79, 171], [192, 6, 178, 14, 187, 24, 96, 175, 48]]",true
300,17357,3747,2-opt,CMT5.vrp,"[[189, 84, 8, 59, 166, 21, 93, 42, 104, 107], [123, 167, 51, 146, 73, 144], [30, 5, 108, 50, 130, 97, 106, 182, 185, 113], [11, 179, 103, 174, 140, 156, 89, 23, 183, 159, 195, 191, 157, 54], [85, 165, 163, 148, 92, 53, 115, 91, 186, 33, 139], [81, 17, 151, 56, 109, 39, 164, 20], [101, 28, 64, 173, 122, 154, 58, 7, 150, 76, 188, 116, 137, 141, 197, 105], [77, 170, 128, 29, 37, 172, 196, 136, 143, 184], [127, 10, 149, 99, 98, 142], [95, 112, 66, 41, 90, 135, 110, 57, 102, 46, 45], [168, 52, 131, 31, 74, 190, 68, 120, 61], [26, 35, 134, 70, 83, 94, 198, 43, 160, 49, 55, 44, 161, 12], [126, 147, 9, 169, 69, 132, 78, 19, 88, 22, 2], [38, 133, 176, 13, 153, 124, 138, 155, 199, 193, 16], [86, 114, 1, 117, 145, 72, 118, 75, 180, 111], [60, 34, 129, 40, 158], [152, 125, 100, 119, 32, 63], [4, 87, 65, 177, 15, 36, 47, 82, 121, 62, 18, 162], [194, 67, 3, 181, 25, 80, 71, 27, 79, 171], [192, 6, 178, 14, 187, 24, 96, 175, 48]]",true
301,17550,3747,2-opt,CMT5.vrp,"[[189, 84, 8, 59, 166, 21, 93, 42, 104, 107], [123, 167, 51, 146, 73, 144], [30, 5, 108, 50, 130, 97, 106, 182, 185, 113], [11, 179, 103, 174, 140, 156, 89, 23, 183, 159, 195, 191, 157, 54], [85, 165, 163, 148, 92, 53, 115, 91, 186, 33, 139], [81, 17, 151, 56, 109, 39, 164, 20], [101, 28, 64, 173, 122, 154, 58, 7, 150, 76, 188, 116, 137, 141, 197, 105], [77, 170, 128, 29, 37, 172, 196, 136, 143, 184], [127, 10, 149, 99, 98, 142], [95, 112, 66, 41, 90, 135, 110, 57, 102, 46, 45], [168, 52, 131, 31, 74, 190, 68, 120, 61], [26, 35, 134, 70, 83, 94, 198, 43, 160, 49, 55, 44, 161, 12], [126, 147, 9, 169, 69, 132, 78, 19, 88, 22, 2], [38, 133, 176, 13, 153, 124, 138, 155, 199, 193, 16], [86, 114, 1, 117, 145, 72, 118, 75, 180, 111], [60, 34, 129, 40, 158], [152, 125, 100, 119, 32, 63], [4, 87, 65, 177, 15, 36, 47, 82, 121, 62, 18, 162], [194, 67, 3, 181, 25, 80, 71, 27, 79, 171], [6, 192, 178, 14, 187, 24, 96, 175, 48]]",true
302,17602,3746,2-opt,CMT5.vrp,"[[189, 84, 8, 59, 166, 21, 93, 42, 104, 107], [123, 167, 51, 146, 73, 144], [30, 5, 108, 50, 130, 97, 106, 182, 185, 113], [11, 179, 103, 174, 140, 156, 89, 23, 183, 159, 195, 191, 157, 54], [85, 165, 163, 148, 92, 53, 115, 91, 186, 33, 139], [81, 17, 151, 56, 109, 39, 164, 20], [101, 28, 64, 173, 122, 154, 58, 7, 150, 76, 188, 116, 137, 141, 197, 105], [77, 170, 128, 29, 37, 172, 196, 136, 143, 184], [127, 10, 149, 99, 98, 142], [95, 112, 66, 41, 90, 135, 110, 57, 102, 46, 45], [168, 52, 131, 31, 74, 190, 68, 120, 61], [26, 35, 134, 70, 83, 94, 198, 43, 160, 49, 55, 44, 161, 12], [126, 147, 9, 169, 69, 132, 78, 19, 88, 22, 2], [38, 133, 176, 13, 153, 124, 138, 155, 199, 193, 16], [86, 114, 1, 117, 145, 72, 118, 75, 180, 111], [60, 34, 129, 40, 158], [152, 125, 100, 119, 32, 63], [4, 87, 65, 177, 15, 36, 47, 82, 121, 62, 18, 162], [194, 67, 3, 181, 25, 80, 71, 27, 79, 171], [187, 14, 178, 6, 192, 24, 96, 175, 48]]",true
303,17640,3745,2-opt,CMT5.vrp,"[[189, 84, 8, 59, 166, 21, 93, 42, 104, 107], [123, 167, 51, 146, 73, 144], [30, 5, 108, 50, 130, 97, 106, 182, 185, 113], [11, 179, 103, 174, 140, 156, 89, 23, 183, 159, 195, 191, 157, 54], [85, 165, 163, 148, 92, 53, 115, 91, 186, 33, 139], [81, 17, 151, 56, 109, 39, 164, 20], [101, 28, 64, 173, 122, 154, 58, 7, 150, 76, 188, 116, 137, 141, 197, 105], [77, 170, 128, 29, 37, 172, 196, 136, 143, 184], [127, 10, 149, 99, 98, 142], [95, 112, 66, 41, 90, 135, 110, 57, 102, 46, 45], [168, 52, 131, 31, 74, 190, 68, 120, 61], [26, 35, 134, 70, 83, 94, 198, 43, 160, 49, 55, 44, 161, 12], [126, 147, 9, 169, 69, 132, 78, 19, 88, 22, 2], [38, 133, 176, 13, 153, 124, 138, 155, 199, 193, 16], [86, 114, 1, 117, 145, 72, 118, 75, 180, 111], [60, 34, 129, 40, 158], [152, 125, 100, 119, 32, 63], [4, 87, 65, 177, 15, 36, 47, 82, 121, 62, 18, 162], [194, 67, 3, 181, 25, 80, 71, 27, 79, 171], [24, 187, 14, 178, 6, 192, 96, 175, 48]]",true
304,17688,3738,2-opt,CMT5.vrp,"[[189, 84, 8, 59, 166, 21, 93, 42, 104, 107], [123, 167, 51, 146, 73, 144], [30, 5, 108, 50, 130, 97, 106, 182, 185, 113], [11, 179, 103, 174, 140, 156, 89, 23, 183, 159, 195, 191, 157, 54], [85, 165, 163, 148, 92, 53, 115, 91, 186, 33, 139], [81, 17, 151, 56, 109, 39, 164, 20], [101, 28, 64, 173, 122, 154, 58, 7, 150, 76, 188, 116, 137, 141, 197, 105], [77, 170, 128, 29, 37, 172, 196, 136, 143, 184], [127, 10, 149, 99, 98, 142], [95, 112, 66, 41, 90, 135, 110, 57, 102, 46, 45], [168, 52, 131, 31, 74, 190, 68, 120, 61], [26, 35, 134, 70, 83, 94, 198, 43, 160, 49, 55, 44, 161, 12], [126, 147, 9, 169, 69, 132, 78, 19, 88, 22, 2], [38, 133, 176, 13, 153, 124, 138, 155, 199, 193, 16], [86, 114, 1, 117, 145, 72, 118, 75, 180, 111], [60, 34, 129, 40, 158], [152, 125, 100, 119, 32, 63], [4, 87, 65, 177, 15, 36, 47, 82, 121, 62, 18, 162], [194, 67, 3, 181, 25, 80, 71, 27, 79, 171], [192, 24, 187, 14, 178, 6, 96, 175, 48]]",true
305,17730,3731,2-opt,CMT5.vrp,"[[189, 84, 8, 59, 166, 21, 93, 42, 104, 107], [123, 167, 51, 146, 73, 144], [30, 5, 108, 50, 130, 97, 106, 182, 185, 113], [11, 179, 103, 174, 140, 156, 89, 23, 183, 159, 195, 191, 157, 54], [85, 165, 163, 148, 92, 53, 115, 91, 186, 33, 139], [81, 17, 151, 56, 109, 39, 164, 20], [101, 28, 64, 173, 122, 154, 58, 7, 150, 76, 188, 116, 137, 141, 197, 105], [77, 170, 128, 29, 37, 172, 196, 136, 143, 184], [127, 10, 149, 99, 98, 142], [95, 112, 66, 41, 90, 135, 110, 57, 102, 46, 45], [168, 52, 131, 31, 74, 190, 68, 120, 61], [26, 35, 134, 70, 83, 94, 198, 43, 160, 49, 55, 44, 161, 12], [126, 147, 9, 169, 69, 132, 78, 19, 88, 22, 2], [38, 133, 176, 13, 153, 124, 138, 155, 199, 193, 16], [86, 114, 1, 117, 145, 72, 118, 75, 180, 111], [60, 34, 129, 40, 158], [152, 125, 100, 119, 32, 63], [4, 87, 65, 177, 15, 36, 47, 82, 121, 62, 18, 162], [194, 67, 3, 181, 25, 80, 71, 27, 79, 171], [192, 96, 24, 187, 14, 178, 6, 175, 48]]",true
306,17765,3711,2-opt,CMT5.vrp,"[[189, 84, 8, 59, 166, 21, 93, 42, 104, 107], [123, 167, 51, 146, 73, 144], [30, 5, 108, 50, 130, 97, 106, 182, 185, 113], [11, 179, 103, 174, 140, 156, 89, 23, 183, 159, 195, 191, 157, 54], [85, 165, 163, 148, 92, 53, 115, 91, 186, 33, 139], [81, 17, 151, 56, 109, 39, 164, 20], [101, 28, 64, 173, 122, 154, 58, 7, 150, 76, 188, 116, 137, 141, 197, 105], [77, 170, 128, 29, 37, 172, 196, 136, 143, 184], [127, 10, 149, 99, 98, 142], [95, 112, 66, 41, 90, 135, 110, 57, 102, 46, 45], [168, 52, 131, 31, 74, 190, 68, 120, 61], [26, 35, 134, 70, 83, 94, 198, 43, 160, 49, 55, 44, 161, 12], [126, 147, 9, 169, 69, 132, 78, 19, 88, 22, 2], [38, 133, 176, 13, 153, 124, 138, 155, 199, 193, 16], [86, 114, 1, 117, 145, 72, 118, 75, 180, 111], [60, 34, 129, 40, 158], [152, 125, 100, 119, 32, 63], [4, 87, 65, 177, 15, 36, 47, 82, 121, 62, 18, 162], [194, 67, 3, 181, 25, 80, 71, 27, 79, 171], [192, 6, 96, 24, 187, 14, 178, 175, 48]]",true
307,17803,3695,2-opt,CMT5.vrp,"[[189, 84, 8, 59, 166, 21, 93, 42, 104, 107], [123, 167, 51, 146, 73, 144], [30, 5, 108, 50, 130, 97, 106, 182, 185, 113], [11, 179, 103, 174, 140, 156, 89, 23, 183, 159, 195, 191, 157, 54], [85, 165, 163, 148, 92, 53, 115, 91, 186, 33, 139], [81, 17, 151, 56, 109, 39, 164, 20], [101, 28, 64, 173, 122, 154, 58, 7, 150, 76, 188, 116, 137, 141, 197, 105], [77, 170, 128, 29, 37, 172, 196, 136, 143, 184], [127, 10, 149, 99, 98, 142], [95, 112, 66, 41, 90, 135, 110, 57, 102, 46, 45], [168, 52, 131, 31, 74, 190, 68, 120, 61], [26, 35, 134, 70, 83, 94, 198, 43, 160, 49, 55, 44, 161, 12], [126, 147, 9, 169, 69, 132, 78, 19, 88, 22, 2], [38, 133, 176, 13, 153, 124, 138, 155, 199, 193, 16], [86, 114, 1, 117, 145, 72, 118, 75, 180, 111], [60, 34, 129, 40, 158], [152, 125, 100, 119, 32, 63], [4, 87, 65, 177, 15, 36, 47, 82, 121, 62, 18, 162], [194, 67, 3, 181, 25, 80, 71, 27, 79, 171], [6, 192, 96, 24, 187, 14, 178, 175, 48]]",true
308,17871,3686,2-opt,CMT5.vrp,"[[189, 84, 8, 59, 166, 21, 93, 42, 104, 107], [123, 167, 51, 146, 73, 144], [30, 5, 108, 50, 130, 97, 106, 182, 185, 113], [11, 179, 103, 174, 140, 156, 89, 23, 183, 159, 195, 191, 157, 54], [85, 165, 163, 148, 92, 53, 115, 91, 186, 33, 139], [81, 17, 151, 56, 109, 39, 164, 20], [101, 28, 64, 173, 122, 154, 58, 7, 150, 76, 188, 116, 137, 141, 197, 105], [77, 170, 128, 29, 37, 172, 196, 136, 143, 184], [127, 10, 149, 99, 98, 142], [95, 112, 66, 41, 90, 135, 110, 57, 102, 46, 45], [168, 52, 131, 31, 74, 190, 68, 120, 61], [26, 35, 134, 70, 83, 94, 198, 43, 160, 49, 55, 44, 161, 12], [126, 147, 9, 169, 69, 132, 78, 19, 88, 22, 2], [38, 133, 176, 13, 153, 124, 138, 155, 199, 193, 16], [86, 114, 1, 117, 145, 72, 118, 75, 180, 111], [60, 34, 129, 40, 158], [152, 125, 100, 119, 32, 63], [4, 87, 65, 177, 15, 36, 47, 82, 121, 62, 18, 162], [194, 67, 3, 181, 25, 80, 71, 27, 79, 171], [6, 96, 192, 24, 187, 14, 178, 175, 48]]",true
309,17926,3686,2-opt,CMT5.vrp,"[[189, 84, 8, 59, 166, 21, 93, 42, 104, 107], [123, 167, 51, 146, 73, 144], [30, 5, 108, 50, 130, 97, 106, 182, 185, 113], [11, 179, 103, 174, 140, 156, 89, 23, 183, 159, 195, 191, 157, 54], [85, 165, 163, 148, 92, 53, 115, 91, 186, 33, 139], [81, 17, 151, 56, 109, 39, 164, 20], [101, 28, 64, 173, 122, 154, 58, 7, 150, 76, 188, 116, 137, 141, 197, 105], [77, 170, 128, 29, 37, 172, 196, 136, 143, 184], [127, 10, 149, 99, 98, 142], [95, 112, 66, 41, 90, 135, 110, 57, 102, 46, 45], [168, 52, 131, 31, 74, 190, 68, 120, 61], [26, 35, 134, 70, 83, 94, 198, 43, 160, 49, 55, 44, 161, 12], [126, 147, 9, 169, 69, 132, 78, 19, 88, 22, 2], [38, 133, 176, 13, 153, 124, 138, 155, 199, 193, 16], [86, 114, 1, 117, 145, 72, 118, 75, 180, 111], [60, 34, 129, 40, 158], [152, 125, 100, 119, 32, 63], [4, 87, 65, 177, 15, 36, 47, 82, 121, 62, 18, 162], [194, 67, 3, 181, 25, 80, 71, 27, 79, 171], [48, 175, 178, 14, 187, 24, 192, 96, 6]]",true

