iteracion,tiempo_us,coste,operador,instancia,ruta_actual,conSplit
0,0,3453,2-opt,CMT3.vrp,"[[81, 23, 26, 56, 70, 90, 17, 12, 43, 8, 7, 45, 37, 16, 41, 14], [10, 44, 79, 65, 93, 61, 15, 58, 74, 24, 78, 39, 38], [18, 83, 67, 4, 99, 59, 96, 53, 47, 42, 6, 62, 40], [86, 87, 9, 89, 82, 94, 100, 25, 91, 68], [33, 50, 73, 76, 92, 2, 63, 5, 35, 30, 13, 34, 52, 22], [72, 20, 49, 32, 85, 66, 48, 88], [31, 55, 60, 36, 75, 71, 77, 84, 54, 19, 64, 29, 28, 21, 69, 57, 98], [97, 3, 27, 1, 80, 11, 51, 46, 95]]",false
1,1038,3426,2-opt,CMT3.vrp,"[[56, 26, 23, 81, 70, 90, 17, 12, 43, 8, 7, 45, 37, 16, 41, 14], [10, 44, 79, 65, 93, 61, 15, 58, 74, 24, 78, 39, 38], [18, 83, 67, 4, 99, 59, 96, 53, 47, 42, 6, 62, 40], [86, 87, 9, 89, 82, 94, 100, 25, 91, 68], [33, 50, 73, 76, 92, 2, 63, 5, 35, 30, 13, 34, 52, 22], [72, 20, 49, 32, 85, 66, 48, 88], [31, 55, 60, 36, 75, 71, 77, 84, 54, 19, 64, 29, 28, 21, 69, 57, 98], [97, 3, 27, 1, 80, 11, 51, 46, 95]]",false
2,1057,3417,2-opt,CMT3.vrp,"[[81, 26, 23, 56, 70, 90, 17, 12, 43, 8, 7, 45, 37, 16, 41, 14], [10, 44, 79, 65, 93, 61, 15, 58, 74, 24, 78, 39, 38], [18, 83, 67, 4, 99, 59, 96, 53, 47, 42, 6, 62, 40], [86, 87, 9, 89, 82, 94, 100, 25, 91, 68], [33, 50, 73, 76, 92, 2, 63, 5, 35, 30, 13, 34, 52, 22], [72, 20, 49, 32, 85, 66, 48, 88], [31, 55, 60, 36, 75, 71, 77, 84, 54, 19, 64, 29, 28, 21, 69, 57, 98], [97, 3, 27, 1, 80, 11, 51, 46, 95]]",false
3,1064,3414,2-opt,CMT3.vrp,"[[81, 12, 17, 90, 70, 56, 26, 23, 43, 8, 7, 45, 37, 16, 41, 14], [10, 44, 79, 65, 93, 61, 15, 58, 74, 24, 78, 39, 38], [18, 83, 67, 4, 99, 59, 96, 53, 47, 42, 6, 62, 40], [86, 87, 9, 89, 82, 94, 100, 25, 91, 68], [33, 50, 73, 76, 92, 2, 63, 5, 35, 30, 13, 34, 52, 22], [72, 20, 49, 32, 85, 66, 48, 88], [31, 55, 60, 36, 75, 71, 77, 84, 54, 19, 64, 29, 28, 21, 69, 57, 98], [97, 3, 27, 1, 80, 11, 51, 46, 95]]",false
4,1071,3414,2-opt,CMT3.vrp,"[[81, 23, 56, 26, 70, 90, 17, 12, 43, 8, 7, 45, 37, 16, 41, 14], [10, 44, 79, 65, 93, 61, 15, 58, 74, 24, 78, 39, 38], [18, 83, 67, 4, 99, 59, 96, 53, 47, 42, 6, 62, 40], [86, 87, 9, 89, 82, 94, 100, 25, 91, 68], [33, 50, 73, 76, 92, 2, 63, 5, 35, 30, 13, 34, 52, 22], [72, 20, 49, 32, 85, 66, 48, 88], [31, 55, 60, 36, 75, 71, 77, 84, 54, 19, 64, 29, 28, 21, 69, 57, 98], [97, 3, 27, 1, 80, 11, 51, 46, 95]]",false
5,1088,3413,2-opt,CMT3.vrp,"[[81, 23, 26, 56, 70, 90, 17, 16, 37, 45, 7, 8, 43, 12, 41, 14], [10, 44, 79, 65, 93, 61, 15, 58, 74, 24, 78, 39, 38], [18, 83, 67, 4, 99, 59, 96, 53, 47, 42, 6, 62, 40], [86, 87, 9, 89, 82, 94, 100, 25, 91, 68], [33, 50, 73, 76, 92, 2, 63, 5, 35, 30, 13, 34, 52, 22], [72, 20, 49, 32, 85, 66, 48, 88], [31, 55, 60, 36, 75, 71, 77, 84, 54, 19, 64, 29, 28, 21, 69, 57, 98], [97, 3, 27, 1, 80, 11, 51, 46, 95]]",false
6,1093,3413,2-opt,CMT3.vrp,"[[81, 23, 26, 56, 70, 90, 17, 14, 41, 16, 37, 45, 7, 8, 43, 12], [10, 44, 79, 65, 93, 61, 15, 58, 74, 24, 78, 39, 38], [18, 83, 67, 4, 99, 59, 96, 53, 47, 42, 6, 62, 40], [86, 87, 9, 89, 82, 94, 100, 25, 91, 68], [33, 50, 73, 76, 92, 2, 63, 5, 35, 30, 13, 34, 52, 22], [72, 20, 49, 32, 85, 66, 48, 88], [31, 55, 60, 36, 75, 71, 77, 84, 54, 19, 64, 29, 28, 21, 69, 57, 98], [97, 3, 27, 1, 80, 11, 51, 46, 95]]",false
7,1104,3386,2-opt,CMT3.vrp,"[[56, 26, 23, 81, 70, 90, 17, 14, 41, 16, 37, 45, 7, 8, 43, 12], [10, 44, 79, 65, 93, 61, 15, 58, 74, 24, 78, 39, 38], [18, 83, 67, 4, 99, 59, 96, 53, 47, 42, 6, 62, 40], [86, 87, 9, 89, 82, 94, 100, 25, 91, 68], [33, 50, 73, 76, 92, 2, 63, 5, 35, 30, 13, 34, 52, 22], [72, 20, 49, 32, 85, 66, 48, 88], [31, 55, 60, 36, 75, 71, 77, 84, 54, 19, 64, 29, 28, 21, 69, 57, 98], [97, 3, 27, 1, 80, 11, 51, 46, 95]]",false
8,1111,3378,2-opt,CMT3.vrp,"[[81, 26, 23, 56, 70, 90, 17, 14, 41, 16, 37, 45, 7, 8, 43, 12], [10, 44, 79, 65, 93, 61, 15, 58, 74, 24, 78, 39, 38], [18, 83, 67, 4, 99, 59, 96, 53, 47, 42, 6, 62, 40], [86, 87, 9, 89, 82, 94, 100, 25, 91, 68], [33, 50, 73, 76, 92, 2, 63, 5, 35, 30, 13, 34, 52, 22], [72, 20, 49, 32, 85, 66, 48, 88], [31, 55, 60, 36, 75, 71, 77, 84, 54, 19, 64, 29, 28, 21, 69, 57, 98], [97, 3, 27, 1, 80, 11, 51, 46, 95]]",false
9,1118,3374,2-opt,CMT3.vrp,"[[81, 23, 56, 26, 70, 90, 17, 14, 41, 16, 37, 45, 7, 8, 43, 12], [10, 44, 79, 65, 93, 61, 15, 58, 74, 24, 78, 39, 38], [18, 83, 67, 4, 99, 59, 96, 53, 47, 42, 6, 62, 40], [86, 87, 9, 89, 82, 94, 100, 25, 91, 68], [33, 50, 73, 76, 92, 2, 63, 5, 35, 30, 13, 34, 52, 22], [72, 20, 49, 32, 85, 66, 48, 88], [31, 55, 60, 36, 75, 71, 77, 84, 54, 19, 64, 29, 28, 21, 69, 57, 98], [97, 3, 27, 1, 80, 11, 51, 46, 95]]",false
10,1133,3373,2-opt,CMT3.vrp,"[[81, 23, 26, 56, 70, 90, 17, 8, 7, 45, 37, 16, 41, 14, 43, 12], [10, 44, 79, 65, 93, 61, 15, 58, 74, 24, 78, 39, 38], [18, 83, 67, 4, 99, 59, 96, 53, 47, 42, 6, 62, 40], [86, 87, 9, 89, 82, 94, 100, 25, 91, 68], [33, 50, 73, 76, 92, 2, 63, 5, 35, 30, 13, 34, 52, 22], [72, 20, 49, 32, 85, 66, 48, 88], [31, 55, 60, 36, 75, 71, 77, 84, 54, 19, 64, 29, 28, 21, 69, 57, 98], [97, 3, 27, 1, 80, 11, 51, 46, 95]]",false
11,1144,3346,2-opt,CMT3.vrp,"[[56, 26, 23, 81, 70, 90, 17, 8, 7, 45, 37, 16, 41, 14, 43, 12], [10, 44, 79, 65, 93, 61, 15, 58, 74, 24, 78, 39, 38], [18, 83, 67, 4, 99, 59, 96, 53, 47, 42, 6, 62, 40], [86, 87, 9, 89, 82, 94, 100, 25, 91, 68], [33, 50, 73, 76, 92, 2, 63, 5, 35, 30, 13, 34, 52, 22], [72, 20, 49, 32, 85, 66, 48, 88], [31, 55, 60, 36, 75, 71, 77, 84, 54, 19, 64, 29, 28, 21, 69, 57, 98], [97, 3, 27, 1, 80, 11, 51, 46, 95]]",false
12,1151,3338,2-opt,CMT3.vrp,"[[81, 26, 23, 56, 70, 90, 17, 8, 7, 45, 37, 16, 41, 14, 43, 12], [10, 44, 79, 65, 93, 61, 15, 58, 74, 24, 78, 39, 38], [18, 83, 67, 4, 99, 59, 96, 53, 47, 42, 6, 62, 40], [86, 87, 9, 89, 82, 94, 100, 25, 91, 68], [33, 50, 73, 76, 92, 2, 63, 5, 35, 30, 13, 34, 52, 22], [72, 20, 49, 32, 85, 66, 48, 88], [31, 55, 60, 36, 75, 71, 77, 84, 54, 19, 64, 29, 28, 21, 69, 57, 98], [97, 3, 27, 1, 80, 11, 51, 46, 95]]",false
13,1158,3334,2-opt,CMT3.vrp,"[[81, 23, 56, 26, 70, 90, 17, 8, 7, 45, 37, 16, 41, 14, 43, 12], [10, 44, 79, 65, 93, 61, 15, 58, 74, 24, 78, 39, 38], [18, 83, 67, 4, 99, 59, 96, 53, 47, 42, 6, 62, 40], [86, 87, 9, 89, 82, 94, 100, 25, 91, 68], [33, 50, 73, 76, 92, 2, 63, 5, 35, 30, 13, 34, 52, 22], [72, 20, 49, 32, 85, 66, 48, 88], [31, 55, 60, 36, 75, 71, 77, 84, 54, 19, 64, 29, 28, 21, 69, 57, 98], [97, 3, 27, 1, 80, 11, 51, 46, 95]]",false
14,1179,3308,2-opt,CMT3.vrp,"[[26, 56, 23, 81, 70, 90, 17, 8, 7, 45, 37, 16, 41, 14, 43, 12], [10, 44, 79, 65, 93, 61, 15, 58, 74, 24, 78, 39, 38], [18, 83, 67, 4, 99, 59, 96, 53, 47, 42, 6, 62, 40], [86, 87, 9, 89, 82, 94, 100, 25, 91, 68], [33, 50, 73, 76, 92, 2, 63, 5, 35, 30, 13, 34, 52, 22], [72, 20, 49, 32, 85, 66, 48, 88], [31, 55, 60, 36, 75, 71, 77, 84, 54, 19, 64, 29, 28, 21, 69, 57, 98], [97, 3, 27, 1, 80, 11, 51, 46, 95]]",false
15,1197,3299,2-opt,CMT3.vrp,"[[81, 23, 56, 26, 70, 90, 7, 8, 17, 45, 37, 16, 41, 14, 43, 12], [10, 44, 79, 65, 93, 61, 15, 58, 74, 24, 78, 39, 38], [18, 83, 67, 4, 99, 59, 96, 53, 47, 42, 6, 62, 40], [86, 87, 9, 89, 82, 94, 100, 25, 91, 68], [33, 50, 73, 76, 92, 2, 63, 5, 35, 30, 13, 34, 52, 22], [72, 20, 49, 32, 85, 66, 48, 88], [31, 55, 60, 36, 75, 71, 77, 84, 54, 19, 64, 29, 28, 21, 69, 57, 98], [97, 3, 27, 1, 80, 11, 51, 46, 95]]",false
16,1209,3273,2-opt,CMT3.vrp,"[[26, 56, 23, 81, 70, 90, 7, 8, 17, 45, 37, 16, 41, 14, 43, 12], [10, 44, 79, 65, 93, 61, 15, 58, 74, 24, 78, 39, 38], [18, 83, 67, 4, 99, 59, 96, 53, 47, 42, 6, 62, 40], [86, 87, 9, 89, 82, 94, 100, 25, 91, 68], [33, 50, 73, 76, 92, 2, 63, 5, 35, 30, 13, 34, 52, 22], [72, 20, 49, 32, 85, 66, 48, 88], [31, 55, 60, 36, 75, 71, 77, 84, 54, 19, 64, 29, 28, 21, 69, 57, 98], [97, 3, 27, 1, 80, 11, 51, 46, 95]]",false
17,1233,3273,2-opt,CMT3.vrp,"[[81, 23, 56, 26, 70, 90, 7, 8, 17, 45, 37, 16, 43, 14, 41, 12], [10, 44, 79, 65, 93, 61, 15, 58, 74, 24, 78, 39, 38], [18, 83, 67, 4, 99, 59, 96, 53, 47, 42, 6, 62, 40], [86, 87, 9, 89, 82, 94, 100, 25, 91, 68], [33, 50, 73, 76, 92, 2, 63, 5, 35, 30, 13, 34, 52, 22], [72, 20, 49, 32, 85, 66, 48, 88], [31, 55, 60, 36, 75, 71, 77, 84, 54, 19, 64, 29, 28, 21, 69, 57, 98], [97, 3, 27, 1, 80, 11, 51, 46, 95]]",false
18,1239,3247,2-opt,CMT3.vrp,"[[26, 56, 23, 81, 70, 90, 7, 8, 17, 45, 37, 16, 43, 14, 41, 12], [10, 44, 79, 65, 93, 61, 15, 58, 74, 24, 78, 39, 38], [18, 83, 67, 4, 99, 59, 96, 53, 47, 42, 6, 62, 40], [86, 87, 9, 89, 82, 94, 100, 25, 91, 68], [33, 50, 73, 76, 92, 2, 63, 5, 35, 30, 13, 34, 52, 22], [72, 20, 49, 32, 85, 66, 48, 88], [31, 55, 60, 36, 75, 71, 77, 84, 54, 19, 64, 29, 28, 21, 69, 57, 98], [97, 3, 27, 1, 80, 11, 51, 46, 95]]",false
19,1256,3243,2-opt,CMT3.vrp,"[[81, 23, 56, 41, 14, 43, 16, 37, 45, 17, 8, 7, 90, 70, 26, 12], [10, 44, 79, 65, 93, 61, 15, 58, 74, 24, 78, 39, 38], [18, 83, 67, 4, 99, 59, 96, 53, 47, 42, 6, 62, 40], [86, 87, 9, 89, 82, 94, 100, 25, 91, 68], [33, 50, 73, 76, 92, 2, 63, 5, 35, 30, 13, 34, 52, 22], [72, 20, 49, 32, 85, 66, 48, 88], [31, 55, 60, 36, 75, 71, 77, 84, 54, 19, 64, 29, 28, 21, 69, 57, 98], [97, 3, 27, 1, 80, 11, 51, 46, 95]]",false
20,1275,3235,2-opt,CMT3.vrp,"[[70, 90, 7, 8, 17, 45, 37, 16, 43, 14, 41, 56, 23, 81, 26, 12], [10, 44, 79, 65, 93, 61, 15, 58, 74, 24, 78, 39, 38], [18, 83, 67, 4, 99, 59, 96, 53, 47, 42, 6, 62, 40], [86, 87, 9, 89, 82, 94, 100, 25, 91, 68], [33, 50, 73, 76, 92, 2, 63, 5, 35, 30, 13, 34, 52, 22], [72, 20, 49, 32, 85, 66, 48, 88], [31, 55, 60, 36, 75, 71, 77, 84, 54, 19, 64, 29, 28, 21, 69, 57, 98], [97, 3, 27, 1, 80, 11, 51, 46, 95]]",false
21,1282,3212,2-opt,CMT3.vrp,"[[81, 70, 90, 7, 8, 17, 45, 37, 16, 43, 14, 41, 56, 23, 26, 12], [10, 44, 79, 65, 93, 61, 15, 58, 74, 24, 78, 39, 38], [18, 83, 67, 4, 99, 59, 96, 53, 47, 42, 6, 62, 40], [86, 87, 9, 89, 82, 94, 100, 25, 91, 68], [33, 50, 73, 76, 92, 2, 63, 5, 35, 30, 13, 34, 52, 22], [72, 20, 49, 32, 85, 66, 48, 88], [31, 55, 60, 36, 75, 71, 77, 84, 54, 19, 64, 29, 28, 21, 69, 57, 98], [97, 3, 27, 1, 80, 11, 51, 46, 95]]",false
22,1306,3208,2-opt,CMT3.vrp,"[[26, 23, 56, 41, 14, 43, 16, 37, 45, 17, 8, 7, 90, 70, 81, 12], [10, 44, 79, 65, 93, 61, 15, 58, 74, 24, 78, 39, 38], [18, 83, 67, 4, 99, 59, 96, 53, 47, 42, 6, 62, 40], [86, 87, 9, 89, 82, 94, 100, 25, 91, 68], [33, 50, 73, 76, 92, 2, 63, 5, 35, 30, 13, 34, 52, 22], [72, 20, 49, 32, 85, 66, 48, 88], [31, 55, 60, 36, 75, 71, 77, 84, 54, 19, 64, 29, 28, 21, 69, 57, 98], [97, 3, 27, 1, 80, 11, 51, 46, 95]]",false
23,1367,3199,2-opt,CMT3.vrp,"[[81, 70, 90, 7, 8, 45, 17, 37, 16, 43, 14, 41, 56, 23, 26, 12], [10, 44, 79, 65, 93, 61, 15, 58, 74, 24, 78, 39, 38], [18, 83, 67, 4, 99, 59, 96, 53, 47, 42, 6, 62, 40], [86, 87, 9, 89, 82, 94, 100, 25, 91, 68], [33, 50, 73, 76, 92, 2, 63, 5, 35, 30, 13, 34, 52, 22], [72, 20, 49, 32, 85, 66, 48, 88], [31, 55, 60, 36, 75, 71, 77, 84, 54, 19, 64, 29, 28, 21, 69, 57, 98], [97, 3, 27, 1, 80, 11, 51, 46, 95]]",false
24,1380,3194,2-opt,CMT3.vrp,"[[81, 70, 90, 7, 8, 17, 45, 37, 16, 14, 43, 41, 56, 23, 26, 12], [10, 44, 79, 65, 93, 61, 15, 58, 74, 24, 78, 39, 38], [18, 83, 67, 4, 99, 59, 96, 53, 47, 42, 6, 62, 40], [86, 87, 9, 89, 82, 94, 100, 25, 91, 68], [33, 50, 73, 76, 92, 2, 63, 5, 35, 30, 13, 34, 52, 22], [72, 20, 49, 32, 85, 66, 48, 88], [31, 55, 60, 36, 75, 71, 77, 84, 54, 19, 64, 29, 28, 21, 69, 57, 98], [97, 3, 27, 1, 80, 11, 51, 46, 95]]",false
25,1390,3190,2-opt,CMT3.vrp,"[[26, 23, 56, 41, 43, 14, 16, 37, 45, 17, 8, 7, 90, 70, 81, 12], [10, 44, 79, 65, 93, 61, 15, 58, 74, 24, 78, 39, 38], [18, 83, 67, 4, 99, 59, 96, 53, 47, 42, 6, 62, 40], [86, 87, 9, 89, 82, 94, 100, 25, 91, 68], [33, 50, 73, 76, 92, 2, 63, 5, 35, 30, 13, 34, 52, 22], [72, 20, 49, 32, 85, 66, 48, 88], [31, 55, 60, 36, 75, 71, 77, 84, 54, 19, 64, 29, 28, 21, 69, 57, 98], [97, 3, 27, 1, 80, 11, 51, 46, 95]]",false
26,1404,3182,2-opt,CMT3.vrp,"[[81, 70, 90, 7, 8, 45, 17, 37, 16, 14, 43, 41, 56, 23, 26, 12], [10, 44, 79, 65, 93, 61, 15, 58, 74, 24, 78, 39, 38], [18, 83, 67, 4, 99, 59, 96, 53, 47, 42, 6, 62, 40], [86, 87, 9, 89, 82, 94, 100, 25, 91, 68], [33, 50, 73, 76, 92, 2, 63, 5, 35, 30, 13, 34, 52, 22], [72, 20, 49, 32, 85, 66, 48, 88], [31, 55, 60, 36, 75, 71, 77, 84, 54, 19, 64, 29, 28, 21, 69, 57, 98], [97, 3, 27, 1, 80, 11, 51, 46, 95]]",false
27,1420,3178,2-opt,CMT3.vrp,"[[26, 23, 56, 41, 43, 14, 16, 37, 17, 45, 8, 7, 90, 70, 81, 12], [10, 44, 79, 65, 93, 61, 15, 58, 74, 24, 78, 39, 38], [18, 83, 67, 4, 99, 59, 96, 53, 47, 42, 6, 62, 40], [86, 87, 9, 89, 82, 94, 100, 25, 91, 68], [33, 50, 73, 76, 92, 2, 63, 5, 35, 30, 13, 34, 52, 22], [72, 20, 49, 32, 85, 66, 48, 88], [31, 55, 60, 36, 75, 71, 77, 84, 54, 19, 64, 29, 28, 21, 69, 57, 98], [97, 3, 27, 1, 80, 11, 51, 46, 95]]",false
28,1437,3175,2-opt,CMT3.vrp,"[[81, 70, 90, 7, 8, 45, 17, 16, 37, 14, 43, 41, 56, 23, 26, 12], [10, 44, 79, 65, 93, 61, 15, 58, 74, 24, 78, 39, 38], [18, 83, 67, 4, 99, 59, 96, 53, 47, 42, 6, 62, 40], [86, 87, 9, 89, 82, 94, 100, 25, 91, 68], [33, 50, 73, 76, 92, 2, 63, 5, 35, 30, 13, 34, 52, 22], [72, 20, 49, 32, 85, 66, 48, 88], [31, 55, 60, 36, 75, 71, 77, 84, 54, 19, 64, 29, 28, 21, 69, 57, 98], [97, 3, 27, 1, 80, 11, 51, 46, 95]]",false
29,1450,3171,2-opt,CMT3.vrp,"[[26, 23, 56, 41, 43, 14, 37, 16, 17, 45, 8, 7, 90, 70, 81, 12], [10, 44, 79, 65, 93, 61, 15, 58, 74, 24, 78, 39, 38], [18, 83, 67, 4, 99, 59, 96, 53, 47, 42, 6, 62, 40], [86, 87, 9, 89, 82, 94, 100, 25, 91, 68], [33, 50, 73, 76, 92, 2, 63, 5, 35, 30, 13, 34, 52, 22], [72, 20, 49, 32, 85, 66, 48, 88], [31, 55, 60, 36, 75, 71, 77, 84, 54, 19, 64, 29, 28, 21, 69, 57, 98], [97, 3, 27, 1, 80, 11, 51, 46, 95]]",false
30,1471,3169,2-opt,CMT3.vrp,"[[81, 70, 90, 7, 8, 45, 17, 16, 37, 14, 43, 41, 23, 56, 26, 12], [10, 44, 79, 65, 93, 61, 15, 58, 74, 24, 78, 39, 38], [18, 83, 67, 4, 99, 59, 96, 53, 47, 42, 6, 62, 40], [86, 87, 9, 89, 82, 94, 100, 25, 91, 68], [33, 50, 73, 76, 92, 2, 63, 5, 35, 30, 13, 34, 52, 22], [72, 20, 49, 32, 85, 66, 48, 88], [31, 55, 60, 36, 75, 71, 77, 84, 54, 19, 64, 29, 28, 21, 69, 57, 98], [97, 3, 27, 1, 80, 11, 51, 46, 95]]",false
31,1478,3165,2-opt,CMT3.vrp,"[[26, 56, 23, 41, 43, 14, 37, 16, 17, 45, 8, 7, 90, 70, 81, 12], [10, 44, 79, 65, 93, 61, 15, 58, 74, 24, 78, 39, 38], [18, 83, 67, 4, 99, 59, 96, 53, 47, 42, 6, 62, 40], [86, 87, 9, 89, 82, 94, 100, 25, 91, 68], [33, 50, 73, 76, 92, 2, 63, 5, 35, 30, 13, 34, 52, 22], [72, 20, 49, 32, 85, 66, 48, 88], [31, 55, 60, 36, 75, 71, 77, 84, 54, 19, 64, 29, 28, 21, 69, 57, 98], [97, 3, 27, 1, 80, 11, 51, 46, 95]]",false
32,1503,3165,2-opt,CMT3.vrp,"[[12, 81, 70, 90, 7, 8, 45, 17, 16, 37, 14, 43, 41, 23, 56, 26], [10, 44, 79, 65, 93, 61, 15, 58, 74, 24, 78, 39, 38], [18, 83, 67, 4, 99, 59, 96, 53, 47, 42, 6, 62, 40], [86, 87, 9, 89, 82, 94, 100, 25, 91, 68], [33, 50, 73, 76, 92, 2, 63, 5, 35, 30, 13, 34, 52, 22], [72, 20, 49, 32, 85, 66, 48, 88], [31, 55, 60, 36, 75, 71, 77, 84, 54, 19, 64, 29, 28, 21, 69, 57, 98], [97, 3, 27, 1, 80, 11, 51, 46, 95]]",false
33,1548,3143,2-opt,CMT3.vrp,"[[12, 81, 70, 90, 7, 8, 45, 17, 16, 37, 14, 43, 41, 23, 56, 26], [44, 10, 79, 65, 93, 61, 15, 58, 74, 24, 78, 39, 38], [18, 83, 67, 4, 99, 59, 96, 53, 47, 42, 6, 62, 40], [86, 87, 9, 89, 82, 94, 100, 25, 91, 68], [33, 50, 73, 76, 92, 2, 63, 5, 35, 30, 13, 34, 52, 22], [72, 20, 49, 32, 85, 66, 48, 88], [31, 55, 60, 36, 75, 71, 77, 84, 54, 19, 64, 29, 28, 21, 69, 57, 98], [97, 3, 27, 1, 80, 11, 51, 46, 95]]",false
34,1556,3094,2-opt,CMT3.vrp,"[[12, 81, 70, 90, 7, 8, 45, 17, 16, 37, 14, 43, 41, 23, 56, 26], [10, 65, 79, 44, 93, 61, 15, 58, 74, 24, 78, 39, 38], [18, 83, 67, 4, 99, 59, 96, 53, 47, 42, 6, 62, 40], [86, 87, 9, 89, 82, 94, 100, 25, 91, 68], [33, 50, 73, 76, 92, 2, 63, 5, 35, 30, 13, 34, 52, 22], [72, 20, 49, 32, 85, 66, 48, 88], [31, 55, 60, 36, 75, 71, 77, 84, 54, 19, 64, 29, 28, 21, 69, 57, 98], [97, 3, 27, 1, 80, 11, 51, 46, 95]]",false
35,1572,3087,2-opt,CMT3.vrp,"[[12, 81, 70, 90, 7, 8, 45, 17, 16, 37, 14, 43, 41, 23, 56, 26], [79, 65, 10, 44, 93, 61, 15, 58, 74, 24, 78, 39, 38], [18, 83, 67, 4, 99, 59, 96, 53, 47, 42, 6, 62, 40], [86, 87, 9, 89, 82, 94, 100, 25, 91, 68], [33, 50, 73, 76, 92, 2, 63, 5, 35, 30, 13, 34, 52, 22], [72, 20, 49, 32, 85, 66, 48, 88], [31, 55, 60, 36, 75, 71, 77, 84, 54, 19, 64, 29, 28, 21, 69, 57, 98], [97, 3, 27, 1, 80, 11, 51, 46, 95]]",false
36,1582,3086,2-opt,CMT3.vrp,"[[12, 81, 70, 90, 7, 8, 45, 17, 16, 37, 14, 43, 41, 23, 56, 26], [10, 65, 78, 24, 74, 58, 15, 61, 93, 44, 79, 39, 38], [18, 83, 67, 4, 99, 59, 96, 53, 47, 42, 6, 62, 40], [86, 87, 9, 89, 82, 94, 100, 25, 91, 68], [33, 50, 73, 76, 92, 2, 63, 5, 35, 30, 13, 34, 52, 22], [72, 20, 49, 32, 85, 66, 48, 88], [31, 55, 60, 36, 75, 71, 77, 84, 54, 19, 64, 29, 28, 21, 69, 57, 98], [97, 3, 27, 1, 80, 11, 51, 46, 95]]",false
37,1586,3083,2-opt,CMT3.vrp,"[[12, 81, 70, 90, 7, 8, 45, 17, 16, 37, 14, 43, 41, 23, 56, 26], [10, 65, 79, 61, 93, 44, 15, 58, 74, 24, 78, 39, 38], [18, 83, 67, 4, 99, 59, 96, 53, 47, 42, 6, 62, 40], [86, 87, 9, 89, 82, 94, 100, 25, 91, 68], [33, 50, 73, 76, 92, 2, 63, 5, 35, 30, 13, 34, 52, 22], [72, 20, 49, 32, 85, 66, 48, 88], [31, 55, 60, 36, 75, 71, 77, 84, 54, 19, 64, 29, 28, 21, 69, 57, 98], [97, 3, 27, 1, 80, 11, 51, 46, 95]]",false
38,1591,3052,2-opt,CMT3.vrp,"[[12, 81, 70, 90, 7, 8, 45, 17, 16, 37, 14, 43, 41, 23, 56, 26], [10, 65, 79, 78, 24, 74, 58, 15, 61, 93, 44, 39, 38], [18, 83, 67, 4, 99, 59, 96, 53, 47, 42, 6, 62, 40], [86, 87, 9, 89, 82, 94, 100, 25, 91, 68], [33, 50, 73, 76, 92, 2, 63, 5, 35, 30, 13, 34, 52, 22], [72, 20, 49, 32, 85, 66, 48, 88], [31, 55, 60, 36, 75, 71, 77, 84, 54, 19, 64, 29, 28, 21, 69, 57, 98], [97, 3, 27, 1, 80, 11, 51, 46, 95]]",false
39,1595,3029,2-opt,CMT3.vrp,"[[12, 81, 70, 90, 7, 8, 45, 17, 16, 37, 14, 43, 41, 23, 56, 26], [10, 65, 79, 39, 78, 24, 74, 58, 15, 61, 93, 44, 38], [18, 83, 67, 4, 99, 59, 96, 53, 47, 42, 6, 62, 40], [86, 87, 9, 89, 82, 94, 100, 25, 91, 68], [33, 50, 73, 76, 92, 2, 63, 5, 35, 30, 13, 34, 52, 22], [72, 20, 49, 32, 85, 66, 48, 88], [31, 55, 60, 36, 75, 71, 77, 84, 54, 19, 64, 29, 28, 21, 69, 57, 98], [97, 3, 27, 1, 80, 11, 51, 46, 95]]",false
40,1609,3029,2-opt,CMT3.vrp,"[[12, 81, 70, 90, 7, 8, 45, 17, 16, 37, 14, 43, 41, 23, 56, 26], [38, 44, 93, 61, 15, 58, 74, 24, 78, 39, 79, 65, 10], [18, 83, 67, 4, 99, 59, 96, 53, 47, 42, 6, 62, 40], [86, 87, 9, 89, 82, 94, 100, 25, 91, 68], [33, 50, 73, 76, 92, 2, 63, 5, 35, 30, 13, 34, 52, 22], [72, 20, 49, 32, 85, 66, 48, 88], [31, 55, 60, 36, 75, 71, 77, 84, 54, 19, 64, 29, 28, 21, 69, 57, 98], [97, 3, 27, 1, 80, 11, 51, 46, 95]]",false
41,1616,3022,2-opt,CMT3.vrp,"[[12, 81, 70, 90, 7, 8, 45, 17, 16, 37, 14, 43, 41, 23, 56, 26], [10, 65, 78, 39, 79, 24, 74, 58, 15, 61, 93, 44, 38], [18, 83, 67, 4, 99, 59, 96, 53, 47, 42, 6, 62, 40], [86, 87, 9, 89, 82, 94, 100, 25, 91, 68], [33, 50, 73, 76, 92, 2, 63, 5, 35, 30, 13, 34, 52, 22], [72, 20, 49, 32, 85, 66, 48, 88], [31, 55, 60, 36, 75, 71, 77, 84, 54, 19, 64, 29, 28, 21, 69, 57, 98], [97, 3, 27, 1, 80, 11, 51, 46, 95]]",false
42,1621,3004,2-opt,CMT3.vrp,"[[12, 81, 70, 90, 7, 8, 45, 17, 16, 37, 14, 43, 41, 23, 56, 26], [10, 65, 79, 78, 39, 24, 74, 58, 15, 61, 93, 44, 38], [18, 83, 67, 4, 99, 59, 96, 53, 47, 42, 6, 62, 40], [86, 87, 9, 89, 82, 94, 100, 25, 91, 68], [33, 50, 73, 76, 92, 2, 63, 5, 35, 30, 13, 34, 52, 22], [72, 20, 49, 32, 85, 66, 48, 88], [31, 55, 60, 36, 75, 71, 77, 84, 54, 19, 64, 29, 28, 21, 69, 57, 98], [97, 3, 27, 1, 80, 11, 51, 46, 95]]",false
43,1626,2993,2-opt,CMT3.vrp,"[[12, 81, 70, 90, 7, 8, 45, 17, 16, 37, 14, 43, 41, 23, 56, 26], [10, 65, 79, 24, 78, 39, 74, 58, 15, 61, 93, 44, 38], [18, 83, 67, 4, 99, 59, 96, 53, 47, 42, 6, 62, 40], [86, 87, 9, 89, 82, 94, 100, 25, 91, 68], [33, 50, 73, 76, 92, 2, 63, 5, 35, 30, 13, 34, 52, 22], [72, 20, 49, 32, 85, 66, 48, 88], [31, 55, 60, 36, 75, 71, 77, 84, 54, 19, 64, 29, 28, 21, 69, 57, 98], [97, 3, 27, 1, 80, 11, 51, 46, 95]]",false
44,1642,2985,2-opt,CMT3.vrp,"[[12, 81, 70, 90, 7, 8, 45, 17, 16, 37, 14, 43, 41, 23, 56, 26], [10, 65, 78, 24, 79, 39, 74, 58, 15, 61, 93, 44, 38], [18, 83, 67, 4, 99, 59, 96, 53, 47, 42, 6, 62, 40], [86, 87, 9, 89, 82, 94, 100, 25, 91, 68], [33, 50, 73, 76, 92, 2, 63, 5, 35, 30, 13, 34, 52, 22], [72, 20, 49, 32, 85, 66, 48, 88], [31, 55, 60, 36, 75, 71, 77, 84, 54, 19, 64, 29, 28, 21, 69, 57, 98], [97, 3, 27, 1, 80, 11, 51, 46, 95]]",false
45,1647,2967,2-opt,CMT3.vrp,"[[12, 81, 70, 90, 7, 8, 45, 17, 16, 37, 14, 43, 41, 23, 56, 26], [10, 65, 79, 78, 24, 39, 74, 58, 15, 61, 93, 44, 38], [18, 83, 67, 4, 99, 59, 96, 53, 47, 42, 6, 62, 40], [86, 87, 9, 89, 82, 94, 100, 25, 91, 68], [33, 50, 73, 76, 92, 2, 63, 5, 35, 30, 13, 34, 52, 22], [72, 20, 49, 32, 85, 66, 48, 88], [31, 55, 60, 36, 75, 71, 77, 84, 54, 19, 64, 29, 28, 21, 69, 57, 98], [97, 3, 27, 1, 80, 11, 51, 46, 95]]",false
46,1662,2960,2-opt,CMT3.vrp,"[[12, 81, 70, 90, 7, 8, 45, 17, 16, 37, 14, 43, 41, 23, 56, 26], [10, 65, 78, 79, 24, 39, 74, 58, 15, 61, 93, 44, 38], [18, 83, 67, 4, 99, 59, 96, 53, 47, 42, 6, 62, 40], [86, 87, 9, 89, 82, 94, 100, 25, 91, 68], [33, 50, 73, 76, 92, 2, 63, 5, 35, 30, 13, 34, 52, 22], [72, 20, 49, 32, 85, 66, 48, 88], [31, 55, 60, 36, 75, 71, 77, 84, 54, 19, 64, 29, 28, 21, 69, 57, 98], [97, 3, 27, 1, 80, 11, 51, 46, 95]]",false
47,1673,2959,2-opt,CMT3.vrp,"[[12, 81, 70, 90, 7, 8, 45, 17, 16, 37, 14, 43, 41, 23, 56, 26], [10, 65, 79, 78, 24, 39, 74, 38, 44, 93, 61, 15, 58], [18, 83, 67, 4, 99, 59, 96, 53, 47, 42, 6, 62, 40], [86, 87, 9, 89, 82, 94, 100, 25, 91, 68], [33, 50, 73, 76, 92, 2, 63, 5, 35, 30, 13, 34, 52, 22], [72, 20, 49, 32, 85, 66, 48, 88], [31, 55, 60, 36, 75, 71, 77, 84, 54, 19, 64, 29, 28, 21, 69, 57, 98], [97, 3, 27, 1, 80, 11, 51, 46, 95]]",false
48,1679,2949,2-opt,CMT3.vrp,"[[12, 81, 70, 90, 7, 8, 45, 17, 16, 37, 14, 43, 41, 23, 56, 26], [10, 65, 79, 78, 24, 39, 74, 58, 15, 38, 44, 93, 61], [18, 83, 67, 4, 99, 59, 96, 53, 47, 42, 6, 62, 40], [86, 87, 9, 89, 82, 94, 100, 25, 91, 68], [33, 50, 73, 76, 92, 2, 63, 5, 35, 30, 13, 34, 52, 22], [72, 20, 49, 32, 85, 66, 48, 88], [31, 55, 60, 36, 75, 71, 77, 84, 54, 19, 64, 29, 28, 21, 69, 57, 98], [97, 3, 27, 1, 80, 11, 51, 46, 95]]",false
49,1685,2949,2-opt,CMT3.vrp,"[[12, 81, 70, 90, 7, 8, 45, 17, 16, 37, 14, 43, 41, 23, 56, 26], [61, 93, 44, 38, 15, 58, 74, 39, 24, 78, 79, 65, 10], [18, 83, 67, 4, 99, 59, 96, 53, 47, 42, 6, 62, 40], [86, 87, 9, 89, 82, 94, 100, 25, 91, 68], [33, 50, 73, 76, 92, 2, 63, 5, 35, 30, 13, 34, 52, 22], [72, 20, 49, 32, 85, 66, 48, 88], [31, 55, 60, 36, 75, 71, 77, 84, 54, 19, 64, 29, 28, 21, 69, 57, 98], [97, 3, 27, 1, 80, 11, 51, 46, 95]]",false
50,1691,2942,2-opt,CMT3.vrp,"[[12, 81, 70, 90, 7, 8, 45, 17, 16, 37, 14, 43, 41, 23, 56, 26], [10, 65, 78, 79, 24, 39, 74, 58, 15, 38, 44, 93, 61], [18, 83, 67, 4, 99, 59, 96, 53, 47, 42, 6, 62, 40], [86, 87, 9, 89, 82, 94, 100, 25, 91, 68], [33, 50, 73, 76, 92, 2, 63, 5, 35, 30, 13, 34, 52, 22], [72, 20, 49, 32, 85, 66, 48, 88], [31, 55, 60, 36, 75, 71, 77, 84, 54, 19, 64, 29, 28, 21, 69, 57, 98], [97, 3, 27, 1, 80, 11, 51, 46, 95]]",false
51,1704,2941,2-opt,CMT3.vrp,"[[12, 81, 70, 90, 7, 8, 45, 17, 16, 37, 14, 43, 41, 23, 56, 26], [10, 65, 79, 78, 24, 39, 74, 58, 15, 38, 44, 61, 93], [18, 83, 67, 4, 99, 59, 96, 53, 47, 42, 6, 62, 40], [86, 87, 9, 89, 82, 94, 100, 25, 91, 68], [33, 50, 73, 76, 92, 2, 63, 5, 35, 30, 13, 34, 52, 22], [72, 20, 49, 32, 85, 66, 48, 88], [31, 55, 60, 36, 75, 71, 77, 84, 54, 19, 64, 29, 28, 21, 69, 57, 98], [97, 3, 27, 1, 80, 11, 51, 46, 95]]",false
52,1710,2941,2-opt,CMT3.vrp,"[[12, 81, 70, 90, 7, 8, 45, 17, 16, 37, 14, 43, 41, 23, 56, 26], [93, 61, 44, 38, 15, 58, 74, 39, 24, 78, 79, 65, 10], [18, 83, 67, 4, 99, 59, 96, 53, 47, 42, 6, 62, 40], [86, 87, 9, 89, 82, 94, 100, 25, 91, 68], [33, 50, 73, 76, 92, 2, 63, 5, 35, 30, 13, 34, 52, 22], [72, 20, 49, 32, 85, 66, 48, 88], [31, 55, 60, 36, 75, 71, 77, 84, 54, 19, 64, 29, 28, 21, 69, 57, 98], [97, 3, 27, 1, 80, 11, 51, 46, 95]]",false
53,1717,2935,2-opt,CMT3.vrp,"[[12, 81, 70, 90, 7, 8, 45, 17, 16, 37, 14, 43, 41, 23, 56, 26], [10, 65, 78, 79, 24, 39, 74, 58, 15, 38, 44, 61, 93], [18, 83, 67, 4, 99, 59, 96, 53, 47, 42, 6, 62, 40], [86, 87, 9, 89, 82, 94, 100, 25, 91, 68], [33, 50, 73, 76, 92, 2, 63, 5, 35, 30, 13, 34, 52, 22], [72, 20, 49, 32, 85, 66, 48, 88], [31, 55, 60, 36, 75, 71, 77, 84, 54, 19, 64, 29, 28, 21, 69, 57, 98], [97, 3, 27, 1, 80, 11, 51, 46, 95]]",false
54,1731,2935,2-opt,CMT3.vrp,"[[12, 81, 70, 90, 7, 8, 45, 17, 16, 37, 14, 43, 41, 23, 56, 26], [93, 61, 44, 38, 15, 58, 74, 39, 24, 79, 78, 65, 10], [18, 83, 67, 4, 99, 59, 96, 53, 47, 42, 6, 62, 40], [86, 87, 9, 89, 82, 94, 100, 25, 91, 68], [33, 50, 73, 76, 92, 2, 63, 5, 35, 30, 13, 34, 52, 22], [72, 20, 49, 32, 85, 66, 48, 88], [31, 55, 60, 36, 75, 71, 77, 84, 54, 19, 64, 29, 28, 21, 69, 57, 98], [97, 3, 27, 1, 80, 11, 51, 46, 95]]",false
55,1761,2922,2-opt,CMT3.vrp,"[[12, 81, 70, 90, 7, 8, 45, 17, 16, 37, 14, 43, 41, 23, 56, 26], [93, 61, 44, 38, 15, 58, 74, 39, 24, 79, 78, 65, 10], [4, 67, 83, 18, 99, 59, 96, 53, 47, 42, 6, 62, 40], [86, 87, 9, 89, 82, 94, 100, 25, 91, 68], [33, 50, 73, 76, 92, 2, 63, 5, 35, 30, 13, 34, 52, 22], [72, 20, 49, 32, 85, 66, 48, 88], [31, 55, 60, 36, 75, 71, 77, 84, 54, 19, 64, 29, 28, 21, 69, 57, 98], [97, 3, 27, 1, 80, 11, 51, 46, 95]]",false
56,1766,2905,2-opt,CMT3.vrp,"[[12, 81, 70, 90, 7, 8, 45, 17, 16, 37, 14, 43, 41, 23, 56, 26], [93, 61, 44, 38, 15, 58, 74, 39, 24, 79, 78, 65, 10], [53, 96, 59, 99, 4, 67, 83, 18, 47, 42, 6, 62, 40], [86, 87, 9, 89, 82, 94, 100, 25, 91, 68], [33, 50, 73, 76, 92, 2, 63, 5, 35, 30, 13, 34, 52, 22], [72, 20, 49, 32, 85, 66, 48, 88], [31, 55, 60, 36, 75, 71, 77, 84, 54, 19, 64, 29, 28, 21, 69, 57, 98], [97, 3, 27, 1, 80, 11, 51, 46, 95]]",false
57,1774,2889,2-opt,CMT3.vrp,"[[12, 81, 70, 90, 7, 8, 45, 17, 16, 37, 14, 43, 41, 23, 56, 26], [93, 61, 44, 38, 15, 58, 74, 39, 24, 79, 78, 65, 10], [18, 83, 47, 53, 96, 59, 99, 4, 67, 42, 6, 62, 40], [86, 87, 9, 89, 82, 94, 100, 25, 91, 68], [33, 50, 73, 76, 92, 2, 63, 5, 35, 30, 13, 34, 52, 22], [72, 20, 49, 32, 85, 66, 48, 88], [31, 55, 60, 36, 75, 71, 77, 84, 54, 19, 64, 29, 28, 21, 69, 57, 98], [97, 3, 27, 1, 80, 11, 51, 46, 95]]",false
58,1787,2888,2-opt,CMT3.vrp,"[[12, 81, 70, 90, 7, 8, 45, 17, 16, 37, 14, 43, 41, 23, 56, 26], [93, 61, 44, 38, 15, 58, 74, 39, 24, 79, 78, 65, 10], [18, 83, 67, 4, 99, 59, 96, 53, 47, 62, 6, 42, 40], [86, 87, 9, 89, 82, 94, 100, 25, 91, 68], [33, 50, 73, 76, 92, 2, 63, 5, 35, 30, 13, 34, 52, 22], [72, 20, 49, 32, 85, 66, 48, 88], [31, 55, 60, 36, 75, 71, 77, 84, 54, 19, 64, 29, 28, 21, 69, 57, 98], [97, 3, 27, 1, 80, 11, 51, 46, 95]]",false
59,1792,2876,2-opt,CMT3.vrp,"[[12, 81, 70, 90, 7, 8, 45, 17, 16, 37, 14, 43, 41, 23, 56, 26], [93, 61, 44, 38, 15, 58, 74, 39, 24, 79, 78, 65, 10], [4, 67, 83, 18, 99, 59, 96, 53, 47, 62, 6, 42, 40], [86, 87, 9, 89, 82, 94, 100, 25, 91, 68], [33, 50, 73, 76, 92, 2, 63, 5, 35, 30, 13, 34, 52, 22], [72, 20, 49, 32, 85, 66, 48, 88], [31, 55, 60, 36, 75, 71, 77, 84, 54, 19, 64, 29, 28, 21, 69, 57, 98], [97, 3, 27, 1, 80, 11, 51, 46, 95]]",false
60,1797,2858,2-opt,CMT3.vrp,"[[12, 81, 70, 90, 7, 8, 45, 17, 16, 37, 14, 43, 41, 23, 56, 26], [93, 61, 44, 38, 15, 58, 74, 39, 24, 79, 78, 65, 10], [53, 96, 59, 99, 4, 67, 83, 18, 47, 62, 6, 42, 40], [86, 87, 9, 89, 82, 94, 100, 25, 91, 68], [33, 50, 73, 76, 92, 2, 63, 5, 35, 30, 13, 34, 52, 22], [72, 20, 49, 32, 85, 66, 48, 88], [31, 55, 60, 36, 75, 71, 77, 84, 54, 19, 64, 29, 28, 21, 69, 57, 98], [97, 3, 27, 1, 80, 11, 51, 46, 95]]",false
61,1816,2857,2-opt,CMT3.vrp,"[[12, 81, 70, 90, 7, 8, 45, 17, 16, 37, 14, 43, 41, 23, 56, 26], [93, 61, 44, 38, 15, 58, 74, 39, 24, 79, 78, 65, 10], [99, 59, 96, 53, 4, 67, 83, 18, 47, 62, 6, 42, 40], [86, 87, 9, 89, 82, 94, 100, 25, 91, 68], [33, 50, 73, 76, 92, 2, 63, 5, 35, 30, 13, 34, 52, 22], [72, 20, 49, 32, 85, 66, 48, 88], [31, 55, 60, 36, 75, 71, 77, 84, 54, 19, 64, 29, 28, 21, 69, 57, 98], [97, 3, 27, 1, 80, 11, 51, 46, 95]]",false
62,1830,2833,2-opt,CMT3.vrp,"[[12, 81, 70, 90, 7, 8, 45, 17, 16, 37, 14, 43, 41, 23, 56, 26], [93, 61, 44, 38, 15, 58, 74, 39, 24, 79, 78, 65, 10], [53, 67, 4, 99, 59, 96, 83, 18, 47, 62, 6, 42, 40], [86, 87, 9, 89, 82, 94, 100, 25, 91, 68], [33, 50, 73, 76, 92, 2, 63, 5, 35, 30, 13, 34, 52, 22], [72, 20, 49, 32, 85, 66, 48, 88], [31, 55, 60, 36, 75, 71, 77, 84, 54, 19, 64, 29, 28, 21, 69, 57, 98], [97, 3, 27, 1, 80, 11, 51, 46, 95]]",false
63,1846,2833,2-opt,CMT3.vrp,"[[12, 81, 70, 90, 7, 8, 45, 17, 16, 37, 14, 43, 41, 23, 56, 26], [93, 61, 44, 38, 15, 58, 74, 39, 24, 79, 78, 65, 10], [53, 96, 59, 99, 42, 6, 62, 47, 18, 83, 67, 4, 40], [86, 87, 9, 89, 82, 94, 100, 25, 91, 68], [33, 50, 73, 76, 92, 2, 63, 5, 35, 30, 13, 34, 52, 22], [72, 20, 49, 32, 85, 66, 48, 88], [31, 55, 60, 36, 75, 71, 77, 84, 54, 19, 64, 29, 28, 21, 69, 57, 98], [97, 3, 27, 1, 80, 11, 51, 46, 95]]",false
64,1867,2827,2-opt,CMT3.vrp,"[[12, 81, 70, 90, 7, 8, 45, 17, 16, 37, 14, 43, 41, 23, 56, 26], [93, 61, 44, 38, 15, 58, 74, 39, 24, 79, 78, 65, 10], [83, 18, 47, 62, 6, 42, 99, 59, 96, 53, 67, 4, 40], [86, 87, 9, 89, 82, 94, 100, 25, 91, 68], [33, 50, 73, 76, 92, 2, 63, 5, 35, 30, 13, 34, 52, 22], [72, 20, 49, 32, 85, 66, 48, 88], [31, 55, 60, 36, 75, 71, 77, 84, 54, 19, 64, 29, 28, 21, 69, 57, 98], [97, 3, 27, 1, 80, 11, 51, 46, 95]]",false
65,1874,2826,2-opt,CMT3.vrp,"[[12, 81, 70, 90, 7, 8, 45, 17, 16, 37, 14, 43, 41, 23, 56, 26], [93, 61, 44, 38, 15, 58, 74, 39, 24, 79, 78, 65, 10], [53, 42, 99, 59, 96, 6, 62, 47, 18, 83, 67, 4, 40], [86, 87, 9, 89, 82, 94, 100, 25, 91, 68], [33, 50, 73, 76, 92, 2, 63, 5, 35, 30, 13, 34, 52, 22], [72, 20, 49, 32, 85, 66, 48, 88], [31, 55, 60, 36, 75, 71, 77, 84, 54, 19, 64, 29, 28, 21, 69, 57, 98], [97, 3, 27, 1, 80, 11, 51, 46, 95]]",false
66,1887,2812,2-opt,CMT3.vrp,"[[12, 81, 70, 90, 7, 8, 45, 17, 16, 37, 14, 43, 41, 23, 56, 26], [93, 61, 44, 38, 15, 58, 74, 39, 24, 79, 78, 65, 10], [53, 96, 59, 99, 83, 18, 47, 62, 6, 42, 67, 4, 40], [86, 87, 9, 89, 82, 94, 100, 25, 91, 68], [33, 50, 73, 76, 92, 2, 63, 5, 35, 30, 13, 34, 52, 22], [72, 20, 49, 32, 85, 66, 48, 88], [31, 55, 60, 36, 75, 71, 77, 84, 54, 19, 64, 29, 28, 21, 69, 57, 98], [97, 3, 27, 1, 80, 11, 51, 46, 95]]",false
67,1906,2803,2-opt,CMT3.vrp,"[[12, 81, 70, 90, 7, 8, 45, 17, 16, 37, 14, 43, 41, 23, 56, 26], [93, 61, 44, 38, 15, 58, 74, 39, 24, 79, 78, 65, 10], [53, 62, 47, 18, 83, 99, 59, 96, 6, 42, 67, 4, 40], [86, 87, 9, 89, 82, 94, 100, 25, 91, 68], [33, 50, 73, 76, 92, 2, 63, 5, 35, 30, 13, 34, 52, 22], [72, 20, 49, 32, 85, 66, 48, 88], [31, 55, 60, 36, 75, 71, 77, 84, 54, 19, 64, 29, 28, 21, 69, 57, 98], [97, 3, 27, 1, 80, 11, 51, 46, 95]]",false
68,1932,2794,2-opt,CMT3.vrp,"[[12, 81, 70, 90, 7, 8, 45, 17, 16, 37, 14, 43, 41, 23, 56, 26], [93, 61, 44, 38, 15, 58, 74, 39, 24, 79, 78, 65, 10], [53, 40, 4, 67, 42, 6, 96, 59, 99, 83, 18, 47, 62], [86, 87, 9, 89, 82, 94, 100, 25, 91, 68], [33, 50, 73, 76, 92, 2, 63, 5, 35, 30, 13, 34, 52, 22], [72, 20, 49, 32, 85, 66, 48, 88], [31, 55, 60, 36, 75, 71, 77, 84, 54, 19, 64, 29, 28, 21, 69, 57, 98], [97, 3, 27, 1, 80, 11, 51, 46, 95]]",false
69,1957,2794,2-opt,CMT3.vrp,"[[12, 81, 70, 90, 7, 8, 45, 17, 16, 37, 14, 43, 41, 23, 56, 26], [93, 61, 44, 38, 15, 58, 74, 39, 24, 79, 78, 65, 10], [62, 47, 18, 83, 99, 59, 96, 6, 42, 67, 4, 40, 53], [86, 87, 9, 89, 82, 94, 100, 25, 91, 68], [33, 50, 73, 76, 92, 2, 63, 5, 35, 30, 13, 34, 52, 22], [72, 20, 49, 32, 85, 66, 48, 88], [31, 55, 60, 36, 75, 71, 77, 84, 54, 19, 64, 29, 28, 21, 69, 57, 98], [97, 3, 27, 1, 80, 11, 51, 46, 95]]",false
70,1977,2792,2-opt,CMT3.vrp,"[[12, 81, 70, 90, 7, 8, 45, 17, 16, 37, 14, 43, 41, 23, 56, 26], [93, 61, 44, 38, 15, 58, 74, 39, 24, 79, 78, 65, 10], [53, 40, 4, 67, 42, 59, 96, 6, 99, 83, 18, 47, 62], [86, 87, 9, 89, 82, 94, 100, 25, 91, 68], [33, 50, 73, 76, 92, 2, 63, 5, 35, 30, 13, 34, 52, 22], [72, 20, 49, 32, 85, 66, 48, 88], [31, 55, 60, 36, 75, 71, 77, 84, 54, 19, 64, 29, 28, 21, 69, 57, 98], [97, 3, 27, 1, 80, 11, 51, 46, 95]]",false
71,1986,2791,2-opt,CMT3.vrp,"[[12, 81, 70, 90, 7, 8, 45, 17, 16, 37, 14, 43, 41, 23, 56, 26], [93, 61, 44, 38, 15, 58, 74, 39, 24, 79, 78, 65, 10], [53, 40, 4, 67, 42, 99, 59, 96, 6, 83, 18, 47, 62], [86, 87, 9, 89, 82, 94, 100, 25, 91, 68], [33, 50, 73, 76, 92, 2, 63, 5, 35, 30, 13, 34, 52, 22], [72, 20, 49, 32, 85, 66, 48, 88], [31, 55, 60, 36, 75, 71, 77, 84, 54, 19, 64, 29, 28, 21, 69, 57, 98], [97, 3, 27, 1, 80, 11, 51, 46, 95]]",false
72,2007,2791,2-opt,CMT3.vrp,"[[12, 81, 70, 90, 7, 8, 45, 17, 16, 37, 14, 43, 41, 23, 56, 26], [93, 61, 44, 38, 15, 58, 74, 39, 24, 79, 78, 65, 10], [62, 47, 18, 83, 6, 96, 59, 99, 42, 67, 4, 40, 53], [86, 87, 9, 89, 82, 94, 100, 25, 91, 68], [33, 50, 73, 76, 92, 2, 63, 5, 35, 30, 13, 34, 52, 22], [72, 20, 49, 32, 85, 66, 48, 88], [31, 55, 60, 36, 75, 71, 77, 84, 54, 19, 64, 29, 28, 21, 69, 57, 98], [97, 3, 27, 1, 80, 11, 51, 46, 95]]",false
73,2027,2788,2-opt,CMT3.vrp,"[[12, 81, 70, 90, 7, 8, 45, 17, 16, 37, 14, 43, 41, 23, 56, 26], [93, 61, 44, 38, 15, 58, 74, 39, 24, 79, 78, 65, 10], [53, 40, 4, 67, 42, 59, 99, 96, 6, 83, 18, 47, 62], [86, 87, 9, 89, 82, 94, 100, 25, 91, 68], [33, 50, 73, 76, 92, 2, 63, 5, 35, 30, 13, 34, 52, 22], [72, 20, 49, 32, 85, 66, 48, 88], [31, 55, 60, 36, 75, 71, 77, 84, 54, 19, 64, 29, 28, 21, 69, 57, 98], [97, 3, 27, 1, 80, 11, 51, 46, 95]]",false
74,2062,2786,2-opt,CMT3.vrp,"[[12, 81, 70, 90, 7, 8, 45, 17, 16, 37, 14, 43, 41, 23, 56, 26], [93, 61, 44, 38, 15, 58, 74, 39, 24, 79, 78, 65, 10], [53, 40, 4, 67, 42, 59, 99, 96, 6, 18, 83, 47, 62], [86, 87, 9, 89, 82, 94, 100, 25, 91, 68], [33, 50, 73, 76, 92, 2, 63, 5, 35, 30, 13, 34, 52, 22], [72, 20, 49, 32, 85, 66, 48, 88], [31, 55, 60, 36, 75, 71, 77, 84, 54, 19, 64, 29, 28, 21, 69, 57, 98], [97, 3, 27, 1, 80, 11, 51, 46, 95]]",false
75,2098,2785,2-opt,CMT3.vrp,"[[12, 81, 70, 90, 7, 8, 45, 17, 16, 37, 14, 43, 41, 23, 56, 26], [93, 61, 44, 38, 15, 58, 74, 39, 24, 79, 78, 65, 10], [53, 40, 4, 67, 42, 59, 99, 96, 6, 18, 83, 47, 62], [87, 86, 9, 89, 82, 94, 100, 25, 91, 68], [33, 50, 73, 76, 92, 2, 63, 5, 35, 30, 13, 34, 52, 22], [72, 20, 49, 32, 85, 66, 48, 88], [31, 55, 60, 36, 75, 71, 77, 84, 54, 19, 64, 29, 28, 21, 69, 57, 98], [97, 3, 27, 1, 80, 11, 51, 46, 95]]",false
76,2105,2772,2-opt,CMT3.vrp,"[[12, 81, 70, 90, 7, 8, 45, 17, 16, 37, 14, 43, 41, 23, 56, 26], [93, 61, 44, 38, 15, 58, 74, 39, 24, 79, 78, 65, 10], [53, 40, 4, 67, 42, 59, 99, 96, 6, 18, 83, 47, 62], [9, 87, 86, 89, 82, 94, 100, 25, 91, 68], [33, 50, 73, 76, 92, 2, 63, 5, 35, 30, 13, 34, 52, 22], [72, 20, 49, 32, 85, 66, 48, 88], [31, 55, 60, 36, 75, 71, 77, 84, 54, 19, 64, 29, 28, 21, 69, 57, 98], [97, 3, 27, 1, 80, 11, 51, 46, 95]]",false
77,2112,2765,2-opt,CMT3.vrp,"[[12, 81, 70, 90, 7, 8, 45, 17, 16, 37, 14, 43, 41, 23, 56, 26], [93, 61, 44, 38, 15, 58, 74, 39, 24, 79, 78, 65, 10], [53, 40, 4, 67, 42, 59, 99, 96, 6, 18, 83, 47, 62], [94, 82, 89, 9, 87, 86, 100, 25, 91, 68], [33, 50, 73, 76, 92, 2, 63, 5, 35, 30, 13, 34, 52, 22], [72, 20, 49, 32, 85, 66, 48, 88], [31, 55, 60, 36, 75, 71, 77, 84, 54, 19, 64, 29, 28, 21, 69, 57, 98], [97, 3, 27, 1, 80, 11, 51, 46, 95]]",false
78,2127,2745,2-opt,CMT3.vrp,"[[12, 81, 70, 90, 7, 8, 45, 17, 16, 37, 14, 43, 41, 23, 56, 26], [93, 61, 44, 38, 15, 58, 74, 39, 24, 79, 78, 65, 10], [53, 40, 4, 67, 42, 59, 99, 96, 6, 18, 83, 47, 62], [25, 100, 94, 82, 89, 9, 87, 86, 91, 68], [33, 50, 73, 76, 92, 2, 63, 5, 35, 30, 13, 34, 52, 22], [72, 20, 49, 32, 85, 66, 48, 88], [31, 55, 60, 36, 75, 71, 77, 84, 54, 19, 64, 29, 28, 21, 69, 57, 98], [97, 3, 27, 1, 80, 11, 51, 46, 95]]",false
79,2136,2740,2-opt,CMT3.vrp,"[[12, 81, 70, 90, 7, 8, 45, 17, 16, 37, 14, 43, 41, 23, 56, 26], [93, 61, 44, 38, 15, 58, 74, 39, 24, 79, 78, 65, 10], [53, 40, 4, 67, 42, 59, 99, 96, 6, 18, 83, 47, 62], [86, 87, 100, 94, 82, 89, 9, 25, 91, 68], [33, 50, 73, 76, 92, 2, 63, 5, 35, 30, 13, 34, 52, 22], [72, 20, 49, 32, 85, 66, 48, 88], [31, 55, 60, 36, 75, 71, 77, 84, 54, 19, 64, 29, 28, 21, 69, 57, 98], [97, 3, 27, 1, 80, 11, 51, 46, 95]]",false
80,2142,2724,2-opt,CMT3.vrp,"[[12, 81, 70, 90, 7, 8, 45, 17, 16, 37, 14, 43, 41, 23, 56, 26], [93, 61, 44, 38, 15, 58, 74, 39, 24, 79, 78, 65, 10], [53, 40, 4, 67, 42, 59, 99, 96, 6, 18, 83, 47, 62], [86, 87, 91, 25, 100, 94, 82, 89, 9, 68], [33, 50, 73, 76, 92, 2, 63, 5, 35, 30, 13, 34, 52, 22], [72, 20, 49, 32, 85, 66, 48, 88], [31, 55, 60, 36, 75, 71, 77, 84, 54, 19, 64, 29, 28, 21, 69, 57, 98], [97, 3, 27, 1, 80, 11, 51, 46, 95]]",false
81,2153,2717,2-opt,CMT3.vrp,"[[12, 81, 70, 90, 7, 8, 45, 17, 16, 37, 14, 43, 41, 23, 56, 26], [93, 61, 44, 38, 15, 58, 74, 39, 24, 79, 78, 65, 10], [53, 40, 4, 67, 42, 59, 99, 96, 6, 18, 83, 47, 62], [86, 87, 9, 89, 82, 94, 100, 91, 25, 68], [33, 50, 73, 76, 92, 2, 63, 5, 35, 30, 13, 34, 52, 22], [72, 20, 49, 32, 85, 66, 48, 88], [31, 55, 60, 36, 75, 71, 77, 84, 54, 19, 64, 29, 28, 21, 69, 57, 98], [97, 3, 27, 1, 80, 11, 51, 46, 95]]",false
82,2160,2717,2-opt,CMT3.vrp,"[[12, 81, 70, 90, 7, 8, 45, 17, 16, 37, 14, 43, 41, 23, 56, 26], [93, 61, 44, 38, 15, 58, 74, 39, 24, 79, 78, 65, 10], [53, 40, 4, 67, 42, 59, 99, 96, 6, 18, 83, 47, 62], [87, 86, 9, 89, 82, 94, 100, 91, 25, 68], [33, 50, 73, 76, 92, 2, 63, 5, 35, 30, 13, 34, 52, 22], [72, 20, 49, 32, 85, 66, 48, 88], [31, 55, 60, 36, 75, 71, 77, 84, 54, 19, 64, 29, 28, 21, 69, 57, 98], [97, 3, 27, 1, 80, 11, 51, 46, 95]]",false
83,2165,2704,2-opt,CMT3.vrp,"[[12, 81, 70, 90, 7, 8, 45, 17, 16, 37, 14, 43, 41, 23, 56, 26], [93, 61, 44, 38, 15, 58, 74, 39, 24, 79, 78, 65, 10], [53, 40, 4, 67, 42, 59, 99, 96, 6, 18, 83, 47, 62], [9, 87, 86, 89, 82, 94, 100, 91, 25, 68], [33, 50, 73, 76, 92, 2, 63, 5, 35, 30, 13, 34, 52, 22], [72, 20, 49, 32, 85, 66, 48, 88], [31, 55, 60, 36, 75, 71, 77, 84, 54, 19, 64, 29, 28, 21, 69, 57, 98], [97, 3, 27, 1, 80, 11, 51, 46, 95]]",false
84,2171,2696,2-opt,CMT3.vrp,"[[12, 81, 70, 90, 7, 8, 45, 17, 16, 37, 14, 43, 41, 23, 56, 26], [93, 61, 44, 38, 15, 58, 74, 39, 24, 79, 78, 65, 10], [53, 40, 4, 67, 42, 59, 99, 96, 6, 18, 83, 47, 62], [94, 82, 89, 9, 87, 86, 100, 91, 25, 68], [33, 50, 73, 76, 92, 2, 63, 5, 35, 30, 13, 34, 52, 22], [72, 20, 49, 32, 85, 66, 48, 88], [31, 55, 60, 36, 75, 71, 77, 84, 54, 19, 64, 29, 28, 21, 69, 57, 98], [97, 3, 27, 1, 80, 11, 51, 46, 95]]",false
85,2179,2691,2-opt,CMT3.vrp,"[[12, 81, 70, 90, 7, 8, 45, 17, 16, 37, 14, 43, 41, 23, 56, 26], [93, 61, 44, 38, 15, 58, 74, 39, 24, 79, 78, 65, 10], [53, 40, 4, 67, 42, 59, 99, 96, 6, 18, 83, 47, 62], [86, 91, 100, 94, 82, 89, 9, 87, 25, 68], [33, 50, 73, 76, 92, 2, 63, 5, 35, 30, 13, 34, 52, 22], [72, 20, 49, 32, 85, 66, 48, 88], [31, 55, 60, 36, 75, 71, 77, 84, 54, 19, 64, 29, 28, 21, 69, 57, 98], [97, 3, 27, 1, 80, 11, 51, 46, 95]]",false
86,2186,2672,2-opt,CMT3.vrp,"[[12, 81, 70, 90, 7, 8, 45, 17, 16, 37, 14, 43, 41, 23, 56, 26], [93, 61, 44, 38, 15, 58, 74, 39, 24, 79, 78, 65, 10], [53, 40, 4, 67, 42, 59, 99, 96, 6, 18, 83, 47, 62], [86, 87, 91, 100, 94, 82, 89, 9, 25, 68], [33, 50, 73, 76, 92, 2, 63, 5, 35, 30, 13, 34, 52, 22], [72, 20, 49, 32, 85, 66, 48, 88], [31, 55, 60, 36, 75, 71, 77, 84, 54, 19, 64, 29, 28, 21, 69, 57, 98], [97, 3, 27, 1, 80, 11, 51, 46, 95]]",false
87,2197,2653,2-opt,CMT3.vrp,"[[12, 81, 70, 90, 7, 8, 45, 17, 16, 37, 14, 43, 41, 23, 56, 26], [93, 61, 44, 38, 15, 58, 74, 39, 24, 79, 78, 65, 10], [53, 40, 4, 67, 42, 59, 99, 96, 6, 18, 83, 47, 62], [87, 86, 91, 100, 94, 82, 89, 9, 25, 68], [33, 50, 73, 76, 92, 2, 63, 5, 35, 30, 13, 34, 52, 22], [72, 20, 49, 32, 85, 66, 48, 88], [31, 55, 60, 36, 75, 71, 77, 84, 54, 19, 64, 29, 28, 21, 69, 57, 98], [97, 3, 27, 1, 80, 11, 51, 46, 95]]",false
88,2225,2653,2-opt,CMT3.vrp,"[[12, 81, 70, 90, 7, 8, 45, 17, 16, 37, 14, 43, 41, 23, 56, 26], [93, 61, 44, 38, 15, 58, 74, 39, 24, 79, 78, 65, 10], [53, 40, 4, 67, 42, 59, 99, 96, 6, 18, 83, 47, 62], [87, 91, 86, 100, 94, 82, 89, 9, 25, 68], [33, 50, 73, 76, 92, 2, 63, 5, 35, 30, 13, 34, 52, 22], [72, 20, 49, 32, 85, 66, 48, 88], [31, 55, 60, 36, 75, 71, 77, 84, 54, 19, 64, 29, 28, 21, 69, 57, 98], [97, 3, 27, 1, 80, 11, 51, 46, 95]]",false
89,2231,2650,2-opt,CMT3.vrp,"[[12, 81, 70, 90, 7, 8, 45, 17, 16, 37, 14, 43, 41, 23, 56, 26], [93, 61, 44, 38, 15, 58, 74, 39, 24, 79, 78, 65, 10], [53, 40, 4, 67, 42, 59, 99, 96, 6, 18, 83, 47, 62], [87, 100, 91, 86, 94, 82, 89, 9, 25, 68], [33, 50, 73, 76, 92, 2, 63, 5, 35, 30, 13, 34, 52, 22], [72, 20, 49, 32, 85, 66, 48, 88], [31, 55, 60, 36, 75, 71, 77, 84, 54, 19, 64, 29, 28, 21, 69, 57, 98], [97, 3, 27, 1, 80, 11, 51, 46, 95]]",false
90,2237,2646,2-opt,CMT3.vrp,"[[12, 81, 70, 90, 7, 8, 45, 17, 16, 37, 14, 43, 41, 23, 56, 26], [93, 61, 44, 38, 15, 58, 74, 39, 24, 79, 78, 65, 10], [53, 40, 4, 67, 42, 59, 99, 96, 6, 18, 83, 47, 62], [87, 94, 100, 91, 86, 82, 89, 9, 25, 68], [33, 50, 73, 76, 92, 2, 63, 5, 35, 30, 13, 34, 52, 22], [72, 20, 49, 32, 85, 66, 48, 88], [31, 55, 60, 36, 75, 71, 77, 84, 54, 19, 64, 29, 28, 21, 69, 57, 98], [97, 3, 27, 1, 80, 11, 51, 46, 95]]",false
91,2248,2642,2-opt,CMT3.vrp,"[[12, 81, 70, 90, 7, 8, 45, 17, 16, 37, 14, 43, 41, 23, 56, 26], [93, 61, 44, 38, 15, 58, 74, 39, 24, 79, 78, 65, 10], [53, 40, 4, 67, 42, 59, 99, 96, 6, 18, 83, 47, 62], [87, 86, 91, 100, 94, 89, 82, 9, 25, 68], [33, 50, 73, 76, 92, 2, 63, 5, 35, 30, 13, 34, 52, 22], [72, 20, 49, 32, 85, 66, 48, 88], [31, 55, 60, 36, 75, 71, 77, 84, 54, 19, 64, 29, 28, 21, 69, 57, 98], [97, 3, 27, 1, 80, 11, 51, 46, 95]]",false
92,2258,2642,2-opt,CMT3.vrp,"[[12, 81, 70, 90, 7, 8, 45, 17, 16, 37, 14, 43, 41, 23, 56, 26], [93, 61, 44, 38, 15, 58, 74, 39, 24, 79, 78, 65, 10], [53, 40, 4, 67, 42, 59, 99, 96, 6, 18, 83, 47, 62], [87, 91, 86, 100, 94, 89, 82, 9, 25, 68], [33, 50, 73, 76, 92, 2, 63, 5, 35, 30, 13, 34, 52, 22], [72, 20, 49, 32, 85, 66, 48, 88], [31, 55, 60, 36, 75, 71, 77, 84, 54, 19, 64, 29, 28, 21, 69, 57, 98], [97, 3, 27, 1, 80, 11, 51, 46, 95]]",false
93,2264,2639,2-opt,CMT3.vrp,"[[12, 81, 70, 90, 7, 8, 45, 17, 16, 37, 14, 43, 41, 23, 56, 26], [93, 61, 44, 38, 15, 58, 74, 39, 24, 79, 78, 65, 10], [53, 40, 4, 67, 42, 59, 99, 96, 6, 18, 83, 47, 62], [87, 100, 91, 86, 94, 89, 82, 9, 25, 68], [33, 50, 73, 76, 92, 2, 63, 5, 35, 30, 13, 34, 52, 22], [72, 20, 49, 32, 85, 66, 48, 88], [31, 55, 60, 36, 75, 71, 77, 84, 54, 19, 64, 29, 28, 21, 69, 57, 98], [97, 3, 27, 1, 80, 11, 51, 46, 95]]",false
94,2277,2634,2-opt,CMT3.vrp,"[[12, 81, 70, 90, 7, 8, 45, 17, 16, 37, 14, 43, 41, 23, 56, 26], [93, 61, 44, 38, 15, 58, 74, 39, 24, 79, 78, 65, 10], [53, 40, 4, 67, 42, 59, 99, 96, 6, 18, 83, 47, 62], [87, 86, 91, 100, 94, 89, 82, 9, 68, 25], [33, 50, 73, 76, 92, 2, 63, 5, 35, 30, 13, 34, 52, 22], [72, 20, 49, 32, 85, 66, 48, 88], [31, 55, 60, 36, 75, 71, 77, 84, 54, 19, 64, 29, 28, 21, 69, 57, 98], [97, 3, 27, 1, 80, 11, 51, 46, 95]]",false
95,2285,2634,2-opt,CMT3.vrp,"[[12, 81, 70, 90, 7, 8, 45, 17, 16, 37, 14, 43, 41, 23, 56, 26], [93, 61, 44, 38, 15, 58, 74, 39, 24, 79, 78, 65, 10], [53, 40, 4, 67, 42, 59, 99, 96, 6, 18, 83, 47, 62], [87, 91, 86, 100, 94, 89, 82, 9, 68, 25], [33, 50, 73, 76, 92, 2, 63, 5, 35, 30, 13, 34, 52, 22], [72, 20, 49, 32, 85, 66, 48, 88], [31, 55, 60, 36, 75, 71, 77, 84, 54, 19, 64, 29, 28, 21, 69, 57, 98], [97, 3, 27, 1, 80, 11, 51, 46, 95]]",false
96,2291,2631,2-opt,CMT3.vrp,"[[12, 81, 70, 90, 7, 8, 45, 17, 16, 37, 14, 43, 41, 23, 56, 26], [93, 61, 44, 38, 15, 58, 74, 39, 24, 79, 78, 65, 10], [53, 40, 4, 67, 42, 59, 99, 96, 6, 18, 83, 47, 62], [87, 100, 91, 86, 94, 89, 82, 9, 68, 25], [33, 50, 73, 76, 92, 2, 63, 5, 35, 30, 13, 34, 52, 22], [72, 20, 49, 32, 85, 66, 48, 88], [31, 55, 60, 36, 75, 71, 77, 84, 54, 19, 64, 29, 28, 21, 69, 57, 98], [97, 3, 27, 1, 80, 11, 51, 46, 95]]",false
97,2315,2630,2-opt,CMT3.vrp,"[[12, 81, 70, 90, 7, 8, 45, 17, 16, 37, 14, 43, 41, 23, 56, 26], [93, 61, 44, 38, 15, 58, 74, 39, 24, 79, 78, 65, 10], [53, 40, 4, 67, 42, 59, 99, 96, 6, 18, 83, 47, 62], [87, 100, 91, 86, 94, 89, 82, 9, 68, 25], [50, 33, 73, 76, 92, 2, 63, 5, 35, 30, 13, 34, 52, 22], [72, 20, 49, 32, 85, 66, 48, 88], [31, 55, 60, 36, 75, 71, 77, 84, 54, 19, 64, 29, 28, 21, 69, 57, 98], [97, 3, 27, 1, 80, 11, 51, 46, 95]]",false
98,2321,2612,2-opt,CMT3.vrp,"[[12, 81, 70, 90, 7, 8, 45, 17, 16, 37, 14, 43, 41, 23, 56, 26], [93, 61, 44, 38, 15, 58, 74, 39, 24, 79, 78, 65, 10], [53, 40, 4, 67, 42, 59, 99, 96, 6, 18, 83, 47, 62], [87, 100, 91, 86, 94, 89, 82, 9, 68, 25], [73, 50, 33, 76, 92, 2, 63, 5, 35, 30, 13, 34, 52, 22], [72, 20, 49, 32, 85, 66, 48, 88], [31, 55, 60, 36, 75, 71, 77, 84, 54, 19, 64, 29, 28, 21, 69, 57, 98], [97, 3, 27, 1, 80, 11, 51, 46, 95]]",false
99,2328,2603,2-opt,CMT3.vrp,"[[12, 81, 70, 90, 7, 8, 45, 17, 16, 37, 14, 43, 41, 23, 56, 26], [93, 61, 44, 38, 15, 58, 74, 39, 24, 79, 78, 65, 10], [53, 40, 4, 67, 42, 59, 99, 96, 6, 18, 83, 47, 62], [87, 100, 91, 86, 94, 89, 82, 9, 68, 25], [2, 92, 76, 73, 50, 33, 63, 5, 35, 30, 13, 34, 52, 22], [72, 20, 49, 32, 85, 66, 48, 88], [31, 55, 60, 36, 75, 71, 77, 84, 54, 19, 64, 29, 28, 21, 69, 57, 98], [97, 3, 27, 1, 80, 11, 51, 46, 95]]",false
100,2334,2584,2-opt,CMT3.vrp,"[[12, 81, 70, 90, 7, 8, 45, 17, 16, 37, 14, 43, 41, 23, 56, 26], [93, 61, 44, 38, 15, 58, 74, 39, 24, 79, 78, 65, 10], [53, 40, 4, 67, 42, 59, 99, 96, 6, 18, 83, 47, 62], [87, 100, 91, 86, 94, 89, 82, 9, 68, 25], [5, 63, 2, 92, 76, 73, 50, 33, 35, 30, 13, 34, 52, 22], [72, 20, 49, 32, 85, 66, 48, 88], [31, 55, 60, 36, 75, 71, 77, 84, 54, 19, 64, 29, 28, 21, 69, 57, 98], [97, 3, 27, 1, 80, 11, 51, 46, 95]]",false
101,2340,2584,2-opt,CMT3.vrp,"[[12, 81, 70, 90, 7, 8, 45, 17, 16, 37, 14, 43, 41, 23, 56, 26], [93, 61, 44, 38, 15, 58, 74, 39, 24, 79, 78, 65, 10], [53, 40, 4, 67, 42, 59, 99, 96, 6, 18, 83, 47, 62], [87, 100, 91, 86, 94, 89, 82, 9, 68, 25], [13, 30, 35, 5, 63, 2, 92, 76, 73, 50, 33, 34, 52, 22], [72, 20, 49, 32, 85, 66, 48, 88], [31, 55, 60, 36, 75, 71, 77, 84, 54, 19, 64, 29, 28, 21, 69, 57, 98], [97, 3, 27, 1, 80, 11, 51, 46, 95]]",false
102,2360,2579,2-opt,CMT3.vrp,"[[12, 81, 70, 90, 7, 8, 45, 17, 16, 37, 14, 43, 41, 23, 56, 26], [93, 61, 44, 38, 15, 58, 74, 39, 24, 79, 78, 65, 10], [53, 40, 4, 67, 42, 59, 99, 96, 6, 18, 83, 47, 62], [87, 100, 91, 86, 94, 89, 82, 9, 68, 25], [33, 50, 73, 76, 92, 2, 5, 63, 35, 30, 13, 34, 52, 22], [72, 20, 49, 32, 85, 66, 48, 88], [31, 55, 60, 36, 75, 71, 77, 84, 54, 19, 64, 29, 28, 21, 69, 57, 98], [97, 3, 27, 1, 80, 11, 51, 46, 95]]",false
103,2372,2552,2-opt,CMT3.vrp,"[[12, 81, 70, 90, 7, 8, 45, 17, 16, 37, 14, 43, 41, 23, 56, 26], [93, 61, 44, 38, 15, 58, 74, 39, 24, 79, 78, 65, 10], [53, 40, 4, 67, 42, 59, 99, 96, 6, 18, 83, 47, 62], [87, 100, 91, 86, 94, 89, 82, 9, 68, 25], [33, 50, 73, 76, 92, 2, 63, 5, 13, 30, 35, 34, 52, 22], [72, 20, 49, 32, 85, 66, 48, 88], [31, 55, 60, 36, 75, 71, 77, 84, 54, 19, 64, 29, 28, 21, 69, 57, 98], [97, 3, 27, 1, 80, 11, 51, 46, 95]]",false
104,2392,2550,2-opt,CMT3.vrp,"[[12, 81, 70, 90, 7, 8, 45, 17, 16, 37, 14, 43, 41, 23, 56, 26], [93, 61, 44, 38, 15, 58, 74, 39, 24, 79, 78, 65, 10], [53, 40, 4, 67, 42, 59, 99, 96, 6, 18, 83, 47, 62], [87, 100, 91, 86, 94, 89, 82, 9, 68, 25], [50, 33, 73, 76, 92, 2, 63, 5, 13, 30, 35, 34, 52, 22], [72, 20, 49, 32, 85, 66, 48, 88], [31, 55, 60, 36, 75, 71, 77, 84, 54, 19, 64, 29, 28, 21, 69, 57, 98], [97, 3, 27, 1, 80, 11, 51, 46, 95]]",false
105,2397,2533,2-opt,CMT3.vrp,"[[12, 81, 70, 90, 7, 8, 45, 17, 16, 37, 14, 43, 41, 23, 56, 26], [93, 61, 44, 38, 15, 58, 74, 39, 24, 79, 78, 65, 10], [53, 40, 4, 67, 42, 59, 99, 96, 6, 18, 83, 47, 62], [87, 100, 91, 86, 94, 89, 82, 9, 68, 25], [73, 50, 33, 76, 92, 2, 63, 5, 13, 30, 35, 34, 52, 22], [72, 20, 49, 32, 85, 66, 48, 88], [31, 55, 60, 36, 75, 71, 77, 84, 54, 19, 64, 29, 28, 21, 69, 57, 98], [97, 3, 27, 1, 80, 11, 51, 46, 95]]",false
106,2404,2524,2-opt,CMT3.vrp,"[[12, 81, 70, 90, 7, 8, 45, 17, 16, 37, 14, 43, 41, 23, 56, 26], [93, 61, 44, 38, 15, 58, 74, 39, 24, 79, 78, 65, 10], [53, 40, 4, 67, 42, 59, 99, 96, 6, 18, 83, 47, 62], [87, 100, 91, 86, 94, 89, 82, 9, 68, 25], [2, 92, 76, 73, 50, 33, 63, 5, 13, 30, 35, 34, 52, 22], [72, 20, 49, 32, 85, 66, 48, 88], [31, 55, 60, 36, 75, 71, 77, 84, 54, 19, 64, 29, 28, 21, 69, 57, 98], [97, 3, 27, 1, 80, 11, 51, 46, 95]]",false
107,2410,2517,2-opt,CMT3.vrp,"[[12, 81, 70, 90, 7, 8, 45, 17, 16, 37, 14, 43, 41, 23, 56, 26], [93, 61, 44, 38, 15, 58, 74, 39, 24, 79, 78, 65, 10], [53, 40, 4, 67, 42, 59, 99, 96, 6, 18, 83, 47, 62], [87, 100, 91, 86, 94, 89, 82, 9, 68, 25], [13, 5, 63, 2, 92, 76, 73, 50, 33, 30, 35, 34, 52, 22], [72, 20, 49, 32, 85, 66, 48, 88], [31, 55, 60, 36, 75, 71, 77, 84, 54, 19, 64, 29, 28, 21, 69, 57, 98], [97, 3, 27, 1, 80, 11, 51, 46, 95]]",false
108,2420,2516,2-opt,CMT3.vrp,"[[12, 81, 70, 90, 7, 8, 45, 17, 16, 37, 14, 43, 41, 23, 56, 26], [93, 61, 44, 38, 15, 58, 74, 39, 24, 79, 78, 65, 10], [53, 40, 4, 67, 42, 59, 99, 96, 6, 18, 83, 47, 62], [87, 100, 91, 86, 94, 89, 82, 9, 68, 25], [33, 50, 76, 73, 92, 2, 63, 5, 13, 30, 35, 34, 52, 22], [72, 20, 49, 32, 85, 66, 48, 88], [31, 55, 60, 36, 75, 71, 77, 84, 54, 19, 64, 29, 28, 21, 69, 57, 98], [97, 3, 27, 1, 80, 11, 51, 46, 95]]",false
109,2438,2512,2-opt,CMT3.vrp,"[[12, 81, 70, 90, 7, 8, 45, 17, 16, 37, 14, 43, 41, 23, 56, 26], [93, 61, 44, 38, 15, 58, 74, 39, 24, 79, 78, 65, 10], [53, 40, 4, 67, 42, 59, 99, 96, 6, 18, 83, 47, 62], [87, 100, 91, 86, 94, 89, 82, 9, 68, 25], [33, 50, 52, 34, 35, 30, 13, 5, 63, 2, 92, 76, 73, 22], [72, 20, 49, 32, 85, 66, 48, 88], [31, 55, 60, 36, 75, 71, 77, 84, 54, 19, 64, 29, 28, 21, 69, 57, 98], [97, 3, 27, 1, 80, 11, 51, 46, 95]]",false
110,2451,2488,2-opt,CMT3.vrp,"[[12, 81, 70, 90, 7, 8, 45, 17, 16, 37, 14, 43, 41, 23, 56, 26], [93, 61, 44, 38, 15, 58, 74, 39, 24, 79, 78, 65, 10], [53, 40, 4, 67, 42, 59, 99, 96, 6, 18, 83, 47, 62], [87, 100, 91, 86, 94, 89, 82, 9, 68, 25], [33, 50, 73, 76, 92, 2, 13, 5, 63, 30, 35, 34, 52, 22], [72, 20, 49, 32, 85, 66, 48, 88], [31, 55, 60, 36, 75, 71, 77, 84, 54, 19, 64, 29, 28, 21, 69, 57, 98], [97, 3, 27, 1, 80, 11, 51, 46, 95]]",false
111,2464,2486,2-opt,CMT3.vrp,"[[12, 81, 70, 90, 7, 8, 45, 17, 16, 37, 14, 43, 41, 23, 56, 26], [93, 61, 44, 38, 15, 58, 74, 39, 24, 79, 78, 65, 10], [53, 40, 4, 67, 42, 59, 99, 96, 6, 18, 83, 47, 62], [87, 100, 91, 86, 94, 89, 82, 9, 68, 25], [50, 33, 73, 76, 92, 2, 13, 5, 63, 30, 35, 34, 52, 22], [72, 20, 49, 32, 85, 66, 48, 88], [31, 55, 60, 36, 75, 71, 77, 84, 54, 19, 64, 29, 28, 21, 69, 57, 98], [97, 3, 27, 1, 80, 11, 51, 46, 95]]",false
112,2469,2469,2-opt,CMT3.vrp,"[[12, 81, 70, 90, 7, 8, 45, 17, 16, 37, 14, 43, 41, 23, 56, 26], [93, 61, 44, 38, 15, 58, 74, 39, 24, 79, 78, 65, 10], [53, 40, 4, 67, 42, 59, 99, 96, 6, 18, 83, 47, 62], [87, 100, 91, 86, 94, 89, 82, 9, 68, 25], [73, 50, 33, 76, 92, 2, 13, 5, 63, 30, 35, 34, 52, 22], [72, 20, 49, 32, 85, 66, 48, 88], [31, 55, 60, 36, 75, 71, 77, 84, 54, 19, 64, 29, 28, 21, 69, 57, 98], [97, 3, 27, 1, 80, 11, 51, 46, 95]]",false
113,2480,2452,2-opt,CMT3.vrp,"[[12, 81, 70, 90, 7, 8, 45, 17, 16, 37, 14, 43, 41, 23, 56, 26], [93, 61, 44, 38, 15, 58, 74, 39, 24, 79, 78, 65, 10], [53, 40, 4, 67, 42, 59, 99, 96, 6, 18, 83, 47, 62], [87, 100, 91, 86, 94, 89, 82, 9, 68, 25], [33, 50, 76, 73, 92, 2, 13, 5, 63, 30, 35, 34, 52, 22], [72, 20, 49, 32, 85, 66, 48, 88], [31, 55, 60, 36, 75, 71, 77, 84, 54, 19, 64, 29, 28, 21, 69, 57, 98], [97, 3, 27, 1, 80, 11, 51, 46, 95]]",false
114,2487,2448,2-opt,CMT3.vrp,"[[12, 81, 70, 90, 7, 8, 45, 17, 16, 37, 14, 43, 41, 23, 56, 26], [93, 61, 44, 38, 15, 58, 74, 39, 24, 79, 78, 65, 10], [53, 40, 4, 67, 42, 59, 99, 96, 6, 18, 83, 47, 62], [87, 100, 91, 86, 94, 89, 82, 9, 68, 25], [33, 50, 52, 34, 35, 30, 63, 5, 13, 2, 92, 76, 73, 22], [72, 20, 49, 32, 85, 66, 48, 88], [31, 55, 60, 36, 75, 71, 77, 84, 54, 19, 64, 29, 28, 21, 69, 57, 98], [97, 3, 27, 1, 80, 11, 51, 46, 95]]",false
115,2506,2447,2-opt,CMT3.vrp,"[[12, 81, 70, 90, 7, 8, 45, 17, 16, 37, 14, 43, 41, 23, 56, 26], [93, 61, 44, 38, 15, 58, 74, 39, 24, 79, 78, 65, 10], [53, 40, 4, 67, 42, 59, 99, 96, 6, 18, 83, 47, 62], [87, 100, 91, 86, 94, 89, 82, 9, 68, 25], [50, 33, 52, 34, 35, 30, 63, 5, 13, 2, 92, 76, 73, 22], [72, 20, 49, 32, 85, 66, 48, 88], [31, 55, 60, 36, 75, 71, 77, 84, 54, 19, 64, 29, 28, 21, 69, 57, 98], [97, 3, 27, 1, 80, 11, 51, 46, 95]]",false
116,2512,2407,2-opt,CMT3.vrp,"[[12, 81, 70, 90, 7, 8, 45, 17, 16, 37, 14, 43, 41, 23, 56, 26], [93, 61, 44, 38, 15, 58, 74, 39, 24, 79, 78, 65, 10], [53, 40, 4, 67, 42, 59, 99, 96, 6, 18, 83, 47, 62], [87, 100, 91, 86, 94, 89, 82, 9, 68, 25], [52, 50, 33, 34, 35, 30, 63, 5, 13, 2, 92, 76, 73, 22], [72, 20, 49, 32, 85, 66, 48, 88], [31, 55, 60, 36, 75, 71, 77, 84, 54, 19, 64, 29, 28, 21, 69, 57, 98], [97, 3, 27, 1, 80, 11, 51, 46, 95]]",false
117,2540,2402,2-opt,CMT3.vrp,"[[12, 81, 70, 90, 7, 8, 45, 17, 16, 37, 14, 43, 41, 23, 56, 26], [93, 61, 44, 38, 15, 58, 74, 39, 24, 79, 78, 65, 10], [53, 40, 4, 67, 42, 59, 99, 96, 6, 18, 83, 47, 62], [87, 100, 91, 86, 94, 89, 82, 9, 68, 25], [92, 2, 13, 5, 63, 30, 35, 34, 33, 50, 52, 76, 73, 22], [72, 20, 49, 32, 85, 66, 48, 88], [31, 55, 60, 36, 75, 71, 77, 84, 54, 19, 64, 29, 28, 21, 69, 57, 98], [97, 3, 27, 1, 80, 11, 51, 46, 95]]",false
118,2549,2380,2-opt,CMT3.vrp,"[[12, 81, 70, 90, 7, 8, 45, 17, 16, 37, 14, 43, 41, 23, 56, 26], [93, 61, 44, 38, 15, 58, 74, 39, 24, 79, 78, 65, 10], [53, 40, 4, 67, 42, 59, 99, 96, 6, 18, 83, 47, 62], [87, 100, 91, 86, 94, 89, 82, 9, 68, 25], [52, 92, 2, 13, 5, 63, 30, 35, 34, 33, 50, 76, 73, 22], [72, 20, 49, 32, 85, 66, 48, 88], [31, 55, 60, 36, 75, 71, 77, 84, 54, 19, 64, 29, 28, 21, 69, 57, 98], [97, 3, 27, 1, 80, 11, 51, 46, 95]]",false
119,2572,2374,2-opt,CMT3.vrp,"[[12, 81, 70, 90, 7, 8, 45, 17, 16, 37, 14, 43, 41, 23, 56, 26], [93, 61, 44, 38, 15, 58, 74, 39, 24, 79, 78, 65, 10], [53, 40, 4, 67, 42, 59, 99, 96, 6, 18, 83, 47, 62], [87, 100, 91, 86, 94, 89, 82, 9, 68, 25], [5, 13, 2, 92, 52, 63, 30, 35, 34, 33, 50, 76, 73, 22], [72, 20, 49, 32, 85, 66, 48, 88], [31, 55, 60, 36, 75, 71, 77, 84, 54, 19, 64, 29, 28, 21, 69, 57, 98], [97, 3, 27, 1, 80, 11, 51, 46, 95]]",false
120,2580,2371,2-opt,CMT3.vrp,"[[12, 81, 70, 90, 7, 8, 45, 17, 16, 37, 14, 43, 41, 23, 56, 26], [93, 61, 44, 38, 15, 58, 74, 39, 24, 79, 78, 65, 10], [53, 40, 4, 67, 42, 59, 99, 96, 6, 18, 83, 47, 62], [87, 100, 91, 86, 94, 89, 82, 9, 68, 25], [52, 13, 2, 92, 5, 63, 30, 35, 34, 33, 50, 76, 73, 22], [72, 20, 49, 32, 85, 66, 48, 88], [31, 55, 60, 36, 75, 71, 77, 84, 54, 19, 64, 29, 28, 21, 69, 57, 98], [97, 3, 27, 1, 80, 11, 51, 46, 95]]",false
121,2592,2367,2-opt,CMT3.vrp,"[[12, 81, 70, 90, 7, 8, 45, 17, 16, 37, 14, 43, 41, 23, 56, 26], [93, 61, 44, 38, 15, 58, 74, 39, 24, 79, 78, 65, 10], [53, 40, 4, 67, 42, 59, 99, 96, 6, 18, 83, 47, 62], [87, 100, 91, 86, 94, 89, 82, 9, 68, 25], [52, 92, 2, 22, 73, 76, 50, 33, 34, 35, 30, 63, 5, 13], [72, 20, 49, 32, 85, 66, 48, 88], [31, 55, 60, 36, 75, 71, 77, 84, 54, 19, 64, 29, 28, 21, 69, 57, 98], [97, 3, 27, 1, 80, 11, 51, 46, 95]]",false
122,2613,2341,2-opt,CMT3.vrp,"[[12, 81, 70, 90, 7, 8, 45, 17, 16, 37, 14, 43, 41, 23, 56, 26], [93, 61, 44, 38, 15, 58, 74, 39, 24, 79, 78, 65, 10], [53, 40, 4, 67, 42, 59, 99, 96, 6, 18, 83, 47, 62], [87, 100, 91, 86, 94, 89, 82, 9, 68, 25], [52, 63, 30, 35, 34, 33, 50, 76, 73, 22, 2, 92, 5, 13], [72, 20, 49, 32, 85, 66, 48, 88], [31, 55, 60, 36, 75, 71, 77, 84, 54, 19, 64, 29, 28, 21, 69, 57, 98], [97, 3, 27, 1, 80, 11, 51, 46, 95]]",false
123,2657,2334,2-opt,CMT3.vrp,"[[12, 81, 70, 90, 7, 8, 45, 17, 16, 37, 14, 43, 41, 23, 56, 26], [93, 61, 44, 38, 15, 58, 74, 39, 24, 79, 78, 65, 10], [53, 40, 4, 67, 42, 59, 99, 96, 6, 18, 83, 47, 62], [87, 100, 91, 86, 94, 89, 82, 9, 68, 25], [52, 63, 30, 35, 34, 33, 50, 76, 73, 22, 2, 92, 5, 13], [32, 49, 20, 72, 85, 66, 48, 88], [31, 55, 60, 36, 75, 71, 77, 84, 54, 19, 64, 29, 28, 21, 69, 57, 98], [97, 3, 27, 1, 80, 11, 51, 46, 95]]",false
124,2664,2272,2-opt,CMT3.vrp,"[[12, 81, 70, 90, 7, 8, 45, 17, 16, 37, 14, 43, 41, 23, 56, 26], [93, 61, 44, 38, 15, 58, 74, 39, 24, 79, 78, 65, 10], [53, 40, 4, 67, 42, 59, 99, 96, 6, 18, 83, 47, 62], [87, 100, 91, 86, 94, 89, 82, 9, 68, 25], [52, 63, 30, 35, 34, 33, 50, 76, 73, 22, 2, 92, 5, 13], [72, 85, 32, 49, 20, 66, 48, 88], [31, 55, 60, 36, 75, 71, 77, 84, 54, 19, 64, 29, 28, 21, 69, 57, 98], [97, 3, 27, 1, 80, 11, 51, 46, 95]]",false
125,2678,2240,2-opt,CMT3.vrp,"[[12, 81, 70, 90, 7, 8, 45, 17, 16, 37, 14, 43, 41, 23, 56, 26], [93, 61, 44, 38, 15, 58, 74, 39, 24, 79, 78, 65, 10], [53, 40, 4, 67, 42, 59, 99, 96, 6, 18, 83, 47, 62], [87, 100, 91, 86, 94, 89, 82, 9, 68, 25], [52, 63, 30, 35, 34, 33, 50, 76, 73, 22, 2, 92, 5, 13], [72, 85, 49, 32, 20, 66, 48, 88], [31, 55, 60, 36, 75, 71, 77, 84, 54, 19, 64, 29, 28, 21, 69, 57, 98], [97, 3, 27, 1, 80, 11, 51, 46, 95]]",false
126,2684,2233,2-opt,CMT3.vrp,"[[12, 81, 70, 90, 7, 8, 45, 17, 16, 37, 14, 43, 41, 23, 56, 26], [93, 61, 44, 38, 15, 58, 74, 39, 24, 79, 78, 65, 10], [53, 40, 4, 67, 42, 59, 99, 96, 6, 18, 83, 47, 62], [87, 100, 91, 86, 94, 89, 82, 9, 68, 25], [52, 63, 30, 35, 34, 33, 50, 76, 73, 22, 2, 92, 5, 13], [72, 85, 32, 66, 20, 49, 48, 88], [31, 55, 60, 36, 75, 71, 77, 84, 54, 19, 64, 29, 28, 21, 69, 57, 98], [97, 3, 27, 1, 80, 11, 51, 46, 95]]",false
127,2695,2224,2-opt,CMT3.vrp,"[[12, 81, 70, 90, 7, 8, 45, 17, 16, 37, 14, 43, 41, 23, 56, 26], [93, 61, 44, 38, 15, 58, 74, 39, 24, 79, 78, 65, 10], [53, 40, 4, 67, 42, 59, 99, 96, 6, 18, 83, 47, 62], [87, 100, 91, 86, 94, 89, 82, 9, 68, 25], [52, 63, 30, 35, 34, 33, 50, 76, 73, 22, 2, 92, 5, 13], [72, 85, 20, 66, 32, 49, 48, 88], [31, 55, 60, 36, 75, 71, 77, 84, 54, 19, 64, 29, 28, 21, 69, 57, 98], [97, 3, 27, 1, 80, 11, 51, 46, 95]]",false
128,2703,2219,2-opt,CMT3.vrp,"[[12, 81, 70, 90, 7, 8, 45, 17, 16, 37, 14, 43, 41, 23, 56, 26], [93, 61, 44, 38, 15, 58, 74, 39, 24, 79, 78, 65, 10], [53, 40, 4, 67, 42, 59, 99, 96, 6, 18, 83, 47, 62], [87, 100, 91, 86, 94, 89, 82, 9, 68, 25], [52, 63, 30, 35, 34, 33, 50, 76, 73, 22, 2, 92, 5, 13], [72, 85, 48, 49, 20, 66, 32, 88], [31, 55, 60, 36, 75, 71, 77, 84, 54, 19, 64, 29, 28, 21, 69, 57, 98], [97, 3, 27, 1, 80, 11, 51, 46, 95]]",false
129,2714,2219,2-opt,CMT3.vrp,"[[12, 81, 70, 90, 7, 8, 45, 17, 16, 37, 14, 43, 41, 23, 56, 26], [93, 61, 44, 38, 15, 58, 74, 39, 24, 79, 78, 65, 10], [53, 40, 4, 67, 42, 59, 99, 96, 6, 18, 83, 47, 62], [87, 100, 91, 86, 94, 89, 82, 9, 68, 25], [52, 63, 30, 35, 34, 33, 50, 76, 73, 22, 2, 92, 5, 13], [88, 32, 66, 20, 49, 48, 85, 72], [31, 55, 60, 36, 75, 71, 77, 84, 54, 19, 64, 29, 28, 21, 69, 57, 98], [97, 3, 27, 1, 80, 11, 51, 46, 95]]",false
130,2723,2213,2-opt,CMT3.vrp,"[[12, 81, 70, 90, 7, 8, 45, 17, 16, 37, 14, 43, 41, 23, 56, 26], [93, 61, 44, 38, 15, 58, 74, 39, 24, 79, 78, 65, 10], [53, 40, 4, 67, 42, 59, 99, 96, 6, 18, 83, 47, 62], [87, 100, 91, 86, 94, 89, 82, 9, 68, 25], [52, 63, 30, 35, 34, 33, 50, 76, 73, 22, 2, 92, 5, 13], [72, 85, 48, 49, 32, 66, 20, 88], [31, 55, 60, 36, 75, 71, 77, 84, 54, 19, 64, 29, 28, 21, 69, 57, 98], [97, 3, 27, 1, 80, 11, 51, 46, 95]]",false
131,2731,2213,2-opt,CMT3.vrp,"[[12, 81, 70, 90, 7, 8, 45, 17, 16, 37, 14, 43, 41, 23, 56, 26], [93, 61, 44, 38, 15, 58, 74, 39, 24, 79, 78, 65, 10], [53, 40, 4, 67, 42, 59, 99, 96, 6, 18, 83, 47, 62], [87, 100, 91, 86, 94, 89, 82, 9, 68, 25], [52, 63, 30, 35, 34, 33, 50, 76, 73, 22, 2, 92, 5, 13], [88, 20, 66, 32, 49, 48, 85, 72], [31, 55, 60, 36, 75, 71, 77, 84, 54, 19, 64, 29, 28, 21, 69, 57, 98], [97, 3, 27, 1, 80, 11, 51, 46, 95]]",false
132,2749,2201,2-opt,CMT3.vrp,"[[12, 81, 70, 90, 7, 8, 45, 17, 16, 37, 14, 43, 41, 23, 56, 26], [93, 61, 44, 38, 15, 58, 74, 39, 24, 79, 78, 65, 10], [53, 40, 4, 67, 42, 59, 99, 96, 6, 18, 83, 47, 62], [87, 100, 91, 86, 94, 89, 82, 9, 68, 25], [52, 63, 30, 35, 34, 33, 50, 76, 73, 22, 2, 92, 5, 13], [88, 20, 66, 32, 49, 48, 85, 72], [55, 31, 60, 36, 75, 71, 77, 84, 54, 19, 64, 29, 28, 21, 69, 57, 98], [97, 3, 27, 1, 80, 11, 51, 46, 95]]",false
133,2755,2196,2-opt,CMT3.vrp,"[[12, 81, 70, 90, 7, 8, 45, 17, 16, 37, 14, 43, 41, 23, 56, 26], [93, 61, 44, 38, 15, 58, 74, 39, 24, 79, 78, 65, 10], [53, 40, 4, 67, 42, 59, 99, 96, 6, 18, 83, 47, 62], [87, 100, 91, 86, 94, 89, 82, 9, 68, 25], [52, 63, 30, 35, 34, 33, 50, 76, 73, 22, 2, 92, 5, 13], [88, 20, 66, 32, 49, 48, 85, 72], [75, 36, 60, 55, 31, 71, 77, 84, 54, 19, 64, 29, 28, 21, 69, 57, 98], [97, 3, 27, 1, 80, 11, 51, 46, 95]]",false
134,2762,2184,2-opt,CMT3.vrp,"[[12, 81, 70, 90, 7, 8, 45, 17, 16, 37, 14, 43, 41, 23, 56, 26], [93, 61, 44, 38, 15, 58, 74, 39, 24, 79, 78, 65, 10], [53, 40, 4, 67, 42, 59, 99, 96, 6, 18, 83, 47, 62], [87, 100, 91, 86, 94, 89, 82, 9, 68, 25], [52, 63, 30, 35, 34, 33, 50, 76, 73, 22, 2, 92, 5, 13], [88, 20, 66, 32, 49, 48, 85, 72], [54, 84, 77, 71, 75, 36, 60, 55, 31, 19, 64, 29, 28, 21, 69, 57, 98], [97, 3, 27, 1, 80, 11, 51, 46, 95]]",false
135,2770,2150,2-opt,CMT3.vrp,"[[12, 81, 70, 90, 7, 8, 45, 17, 16, 37, 14, 43, 41, 23, 56, 26], [93, 61, 44, 38, 15, 58, 74, 39, 24, 79, 78, 65, 10], [53, 40, 4, 67, 42, 59, 99, 96, 6, 18, 83, 47, 62], [87, 100, 91, 86, 94, 89, 82, 9, 68, 25], [52, 63, 30, 35, 34, 33, 50, 76, 73, 22, 2, 92, 5, 13], [88, 20, 66, 32, 49, 48, 85, 72], [31, 36, 60, 55, 75, 71, 77, 84, 54, 19, 64, 29, 28, 21, 69, 57, 98], [97, 3, 27, 1, 80, 11, 51, 46, 95]]",false
136,2781,2148,2-opt,CMT3.vrp,"[[12, 81, 70, 90, 7, 8, 45, 17, 16, 37, 14, 43, 41, 23, 56, 26], [93, 61, 44, 38, 15, 58, 74, 39, 24, 79, 78, 65, 10], [53, 40, 4, 67, 42, 59, 99, 96, 6, 18, 83, 47, 62], [87, 100, 91, 86, 94, 89, 82, 9, 68, 25], [52, 63, 30, 35, 34, 33, 50, 76, 73, 22, 2, 92, 5, 13], [88, 20, 66, 32, 49, 48, 85, 72], [31, 55, 54, 84, 77, 71, 75, 36, 60, 19, 64, 29, 28, 21, 69, 57, 98], [97, 3, 27, 1, 80, 11, 51, 46, 95]]",false
137,2794,2140,2-opt,CMT3.vrp,"[[12, 81, 70, 90, 7, 8, 45, 17, 16, 37, 14, 43, 41, 23, 56, 26], [93, 61, 44, 38, 15, 58, 74, 39, 24, 79, 78, 65, 10], [53, 40, 4, 67, 42, 59, 99, 96, 6, 18, 83, 47, 62], [87, 100, 91, 86, 94, 89, 82, 9, 68, 25], [52, 63, 30, 35, 34, 33, 50, 76, 73, 22, 2, 92, 5, 13], [88, 20, 66, 32, 49, 48, 85, 72], [31, 55, 60, 36, 64, 19, 54, 84, 77, 71, 75, 29, 28, 21, 69, 57, 98], [97, 3, 27, 1, 80, 11, 51, 46, 95]]",false
138,2830,2129,2-opt,CMT3.vrp,"[[12, 81, 70, 90, 7, 8, 45, 17, 16, 37, 14, 43, 41, 23, 56, 26], [93, 61, 44, 38, 15, 58, 74, 39, 24, 79, 78, 65, 10], [53, 40, 4, 67, 42, 59, 99, 96, 6, 18, 83, 47, 62], [87, 100, 91, 86, 94, 89, 82, 9, 68, 25], [52, 63, 30, 35, 34, 33, 50, 76, 73, 22, 2, 92, 5, 13], [88, 20, 66, 32, 49, 48, 85, 72], [55, 31, 60, 36, 64, 19, 54, 84, 77, 71, 75, 29, 28, 21, 69, 57, 98], [97, 3, 27, 1, 80, 11, 51, 46, 95]]",false
139,2837,2129,2-opt,CMT3.vrp,"[[12, 81, 70, 90, 7, 8, 45, 17, 16, 37, 14, 43, 41, 23, 56, 26], [93, 61, 44, 38, 15, 58, 74, 39, 24, 79, 78, 65, 10], [53, 40, 4, 67, 42, 59, 99, 96, 6, 18, 83, 47, 62], [87, 100, 91, 86, 94, 89, 82, 9, 68, 25], [52, 63, 30, 35, 34, 33, 50, 76, 73, 22, 2, 92, 5, 13], [88, 20, 66, 32, 49, 48, 85, 72], [54, 19, 64, 36, 60, 55, 31, 84, 77, 71, 75, 29, 28, 21, 69, 57, 98], [97, 3, 27, 1, 80, 11, 51, 46, 95]]",false
140,2843,2127,2-opt,CMT3.vrp,"[[12, 81, 70, 90, 7, 8, 45, 17, 16, 37, 14, 43, 41, 23, 56, 26], [93, 61, 44, 38, 15, 58, 74, 39, 24, 79, 78, 65, 10], [53, 40, 4, 67, 42, 59, 99, 96, 6, 18, 83, 47, 62], [87, 100, 91, 86, 94, 89, 82, 9, 68, 25], [52, 63, 30, 35, 34, 33, 50, 76, 73, 22, 2, 92, 5, 13], [88, 20, 66, 32, 49, 48, 85, 72], [84, 54, 19, 64, 36, 60, 55, 31, 77, 71, 75, 29, 28, 21, 69, 57, 98], [97, 3, 27, 1, 80, 11, 51, 46, 95]]",false
141,2850,2121,2-opt,CMT3.vrp,"[[12, 81, 70, 90, 7, 8, 45, 17, 16, 37, 14, 43, 41, 23, 56, 26], [93, 61, 44, 38, 15, 58, 74, 39, 24, 79, 78, 65, 10], [53, 40, 4, 67, 42, 59, 99, 96, 6, 18, 83, 47, 62], [87, 100, 91, 86, 94, 89, 82, 9, 68, 25], [52, 63, 30, 35, 34, 33, 50, 76, 73, 22, 2, 92, 5, 13], [88, 20, 66, 32, 49, 48, 85, 72], [21, 28, 29, 75, 71, 77, 84, 54, 19, 64, 36, 60, 55, 31, 69, 57, 98], [97, 3, 27, 1, 80, 11, 51, 46, 95]]",false
142,2857,2071,2-opt,CMT3.vrp,"[[12, 81, 70, 90, 7, 8, 45, 17, 16, 37, 14, 43, 41, 23, 56, 26], [93, 61, 44, 38, 15, 58, 74, 39, 24, 79, 78, 65, 10], [53, 40, 4, 67, 42, 59, 99, 96, 6, 18, 83, 47, 62], [87, 100, 91, 86, 94, 89, 82, 9, 68, 25], [52, 63, 30, 35, 34, 33, 50, 76, 73, 22, 2, 92, 5, 13], [88, 20, 66, 32, 49, 48, 85, 72], [31, 19, 64, 36, 60, 55, 54, 84, 77, 71, 75, 29, 28, 21, 69, 57, 98], [97, 3, 27, 1, 80, 11, 51, 46, 95]]",false
143,2866,2062,2-opt,CMT3.vrp,"[[12, 81, 70, 90, 7, 8, 45, 17, 16, 37, 14, 43, 41, 23, 56, 26], [93, 61, 44, 38, 15, 58, 74, 39, 24, 79, 78, 65, 10], [53, 40, 4, 67, 42, 59, 99, 96, 6, 18, 83, 47, 62], [87, 100, 91, 86, 94, 89, 82, 9, 68, 25], [52, 63, 30, 35, 34, 33, 50, 76, 73, 22, 2, 92, 5, 13], [88, 20, 66, 32, 49, 48, 85, 72], [31, 55, 54, 19, 64, 36, 60, 84, 77, 71, 75, 29, 28, 21, 69, 57, 98], [97, 3, 27, 1, 80, 11, 51, 46, 95]]",false
144,2897,2033,2-opt,CMT3.vrp,"[[12, 81, 70, 90, 7, 8, 45, 17, 16, 37, 14, 43, 41, 23, 56, 26], [93, 61, 44, 38, 15, 58, 74, 39, 24, 79, 78, 65, 10], [53, 40, 4, 67, 42, 59, 99, 96, 6, 18, 83, 47, 62], [87, 100, 91, 86, 94, 89, 82, 9, 68, 25], [52, 63, 30, 35, 34, 33, 50, 76, 73, 22, 2, 92, 5, 13], [88, 20, 66, 32, 49, 48, 85, 72], [54, 55, 31, 19, 64, 36, 60, 84, 77, 71, 75, 29, 28, 21, 69, 57, 98], [97, 3, 27, 1, 80, 11, 51, 46, 95]]",false
145,2908,2027,2-opt,CMT3.vrp,"[[12, 81, 70, 90, 7, 8, 45, 17, 16, 37, 14, 43, 41, 23, 56, 26], [93, 61, 44, 38, 15, 58, 74, 39, 24, 79, 78, 65, 10], [53, 40, 4, 67, 42, 59, 99, 96, 6, 18, 83, 47, 62], [87, 100, 91, 86, 94, 89, 82, 9, 68, 25], [52, 63, 30, 35, 34, 33, 50, 76, 73, 22, 2, 92, 5, 13], [88, 20, 66, 32, 49, 48, 85, 72], [31, 84, 60, 36, 64, 19, 54, 55, 77, 71, 75, 29, 28, 21, 69, 57, 98], [97, 3, 27, 1, 80, 11, 51, 46, 95]]",false
146,2914,2010,2-opt,CMT3.vrp,"[[12, 81, 70, 90, 7, 8, 45, 17, 16, 37, 14, 43, 41, 23, 56, 26], [93, 61, 44, 38, 15, 58, 74, 39, 24, 79, 78, 65, 10], [53, 40, 4, 67, 42, 59, 99, 96, 6, 18, 83, 47, 62], [87, 100, 91, 86, 94, 89, 82, 9, 68, 25], [52, 63, 30, 35, 34, 33, 50, 76, 73, 22, 2, 92, 5, 13], [88, 20, 66, 32, 49, 48, 85, 72], [31, 71, 77, 84, 60, 36, 64, 19, 54, 55, 75, 29, 28, 21, 69, 57, 98], [97, 3, 27, 1, 80, 11, 51, 46, 95]]",false
147,2947,1998,2-opt,CMT3.vrp,"[[12, 81, 70, 90, 7, 8, 45, 17, 16, 37, 14, 43, 41, 23, 56, 26], [93, 61, 44, 38, 15, 58, 74, 39, 24, 79, 78, 65, 10], [53, 40, 4, 67, 42, 59, 99, 96, 6, 18, 83, 47, 62], [87, 100, 91, 86, 94, 89, 82, 9, 68, 25], [52, 63, 30, 35, 34, 33, 50, 76, 73, 22, 2, 92, 5, 13], [88, 20, 66, 32, 49, 48, 85, 72], [77, 71, 31, 84, 60, 36, 64, 19, 54, 55, 75, 29, 28, 21, 69, 57, 98], [97, 3, 27, 1, 80, 11, 51, 46, 95]]",false
148,2955,1991,2-opt,CMT3.vrp,"[[12, 81, 70, 90, 7, 8, 45, 17, 16, 37, 14, 43, 41, 23, 56, 26], [93, 61, 44, 38, 15, 58, 74, 39, 24, 79, 78, 65, 10], [53, 40, 4, 67, 42, 59, 99, 96, 6, 18, 83, 47, 62], [87, 100, 91, 86, 94, 89, 82, 9, 68, 25], [52, 63, 30, 35, 34, 33, 50, 76, 73, 22, 2, 92, 5, 13], [88, 20, 66, 32, 49, 48, 85, 72], [21, 28, 29, 75, 55, 54, 19, 64, 36, 60, 84, 77, 71, 31, 69, 57, 98], [97, 3, 27, 1, 80, 11, 51, 46, 95]]",false
149,2963,1985,2-opt,CMT3.vrp,"[[12, 81, 70, 90, 7, 8, 45, 17, 16, 37, 14, 43, 41, 23, 56, 26], [93, 61, 44, 38, 15, 58, 74, 39, 24, 79, 78, 65, 10], [53, 40, 4, 67, 42, 59, 99, 96, 6, 18, 83, 47, 62], [87, 100, 91, 86, 94, 89, 82, 9, 68, 25], [52, 63, 30, 35, 34, 33, 50, 76, 73, 22, 2, 92, 5, 13], [88, 20, 66, 32, 49, 48, 85, 72], [31, 19, 64, 36, 60, 84, 77, 71, 54, 55, 75, 29, 28, 21, 69, 57, 98], [97, 3, 27, 1, 80, 11, 51, 46, 95]]",false
150,2976,1976,2-opt,CMT3.vrp,"[[12, 81, 70, 90, 7, 8, 45, 17, 16, 37, 14, 43, 41, 23, 56, 26], [93, 61, 44, 38, 15, 58, 74, 39, 24, 79, 78, 65, 10], [53, 40, 4, 67, 42, 59, 99, 96, 6, 18, 83, 47, 62], [87, 100, 91, 86, 94, 89, 82, 9, 68, 25], [52, 63, 30, 35, 34, 33, 50, 76, 73, 22, 2, 92, 5, 13], [88, 20, 66, 32, 49, 48, 85, 72], [31, 71, 77, 69, 21, 28, 29, 75, 55, 54, 19, 64, 36, 60, 84, 57, 98], [97, 3, 27, 1, 80, 11, 51, 46, 95]]",false
151,3002,1970,2-opt,CMT3.vrp,"[[12, 81, 70, 90, 7, 8, 45, 17, 16, 37, 14, 43, 41, 23, 56, 26], [93, 61, 44, 38, 15, 58, 74, 39, 24, 79, 78, 65, 10], [53, 40, 4, 67, 42, 59, 99, 96, 6, 18, 83, 47, 62], [87, 100, 91, 86, 94, 89, 82, 9, 68, 25], [52, 63, 30, 35, 34, 33, 50, 76, 73, 22, 2, 92, 5, 13], [88, 20, 66, 32, 49, 48, 85, 72], [77, 71, 31, 69, 21, 28, 29, 75, 55, 54, 19, 64, 36, 60, 84, 57, 98], [97, 3, 27, 1, 80, 11, 51, 46, 95]]",false
152,3009,1947,2-opt,CMT3.vrp,"[[12, 81, 70, 90, 7, 8, 45, 17, 16, 37, 14, 43, 41, 23, 56, 26], [93, 61, 44, 38, 15, 58, 74, 39, 24, 79, 78, 65, 10], [53, 40, 4, 67, 42, 59, 99, 96, 6, 18, 83, 47, 62], [87, 100, 91, 86, 94, 89, 82, 9, 68, 25], [52, 63, 30, 35, 34, 33, 50, 76, 73, 22, 2, 92, 5, 13], [88, 20, 66, 32, 49, 48, 85, 72], [54, 55, 75, 29, 28, 21, 69, 77, 71, 31, 19, 64, 36, 60, 84, 57, 98], [97, 3, 27, 1, 80, 11, 51, 46, 95]]",false
153,3046,1933,2-opt,CMT3.vrp,"[[12, 81, 70, 90, 7, 8, 45, 17, 16, 37, 14, 43, 41, 23, 56, 26], [93, 61, 44, 38, 15, 58, 74, 39, 24, 79, 78, 65, 10], [53, 40, 4, 67, 42, 59, 99, 96, 6, 18, 83, 47, 62], [87, 100, 91, 86, 94, 89, 82, 9, 68, 25], [52, 63, 30, 35, 34, 33, 50, 76, 73, 22, 2, 92, 5, 13], [88, 20, 66, 32, 49, 48, 85, 72], [75, 55, 54, 29, 28, 21, 69, 77, 71, 31, 19, 64, 36, 60, 84, 57, 98], [97, 3, 27, 1, 80, 11, 51, 46, 95]]",false
154,3052,1928,2-opt,CMT3.vrp,"[[12, 81, 70, 90, 7, 8, 45, 17, 16, 37, 14, 43, 41, 23, 56, 26], [93, 61, 44, 38, 15, 58, 74, 39, 24, 79, 78, 65, 10], [53, 40, 4, 67, 42, 59, 99, 96, 6, 18, 83, 47, 62], [87, 100, 91, 86, 94, 89, 82, 9, 68, 25], [52, 63, 30, 35, 34, 33, 50, 76, 73, 22, 2, 92, 5, 13], [88, 20, 66, 32, 49, 48, 85, 72], [28, 29, 75, 55, 54, 21, 69, 77, 71, 31, 19, 64, 36, 60, 84, 57, 98], [97, 3, 27, 1, 80, 11, 51, 46, 95]]",false
155,3068,1922,2-opt,CMT3.vrp,"[[12, 81, 70, 90, 7, 8, 45, 17, 16, 37, 14, 43, 41, 23, 56, 26], [93, 61, 44, 38, 15, 58, 74, 39, 24, 79, 78, 65, 10], [53, 40, 4, 67, 42, 59, 99, 96, 6, 18, 83, 47, 62], [87, 100, 91, 86, 94, 89, 82, 9, 68, 25], [52, 63, 30, 35, 34, 33, 50, 76, 73, 22, 2, 92, 5, 13], [88, 20, 66, 32, 49, 48, 85, 72], [54, 55, 75, 21, 28, 29, 69, 77, 71, 31, 19, 64, 36, 60, 84, 57, 98], [97, 3, 27, 1, 80, 11, 51, 46, 95]]",false
156,3096,1918,2-opt,CMT3.vrp,"[[12, 81, 70, 90, 7, 8, 45, 17, 16, 37, 14, 43, 41, 23, 56, 26], [93, 61, 44, 38, 15, 58, 74, 39, 24, 79, 78, 65, 10], [53, 40, 4, 67, 42, 59, 99, 96, 6, 18, 83, 47, 62], [87, 100, 91, 86, 94, 89, 82, 9, 68, 25], [52, 63, 30, 35, 34, 33, 50, 76, 73, 22, 2, 92, 5, 13], [88, 20, 66, 32, 49, 48, 85, 72], [21, 75, 55, 54, 28, 29, 69, 77, 71, 31, 19, 64, 36, 60, 84, 57, 98], [97, 3, 27, 1, 80, 11, 51, 46, 95]]",false
157,3102,1897,2-opt,CMT3.vrp,"[[12, 81, 70, 90, 7, 8, 45, 17, 16, 37, 14, 43, 41, 23, 56, 26], [93, 61, 44, 38, 15, 58, 74, 39, 24, 79, 78, 65, 10], [53, 40, 4, 67, 42, 59, 99, 96, 6, 18, 83, 47, 62], [87, 100, 91, 86, 94, 89, 82, 9, 68, 25], [52, 63, 30, 35, 34, 33, 50, 76, 73, 22, 2, 92, 5, 13], [88, 20, 66, 32, 49, 48, 85, 72], [28, 21, 75, 55, 54, 29, 69, 77, 71, 31, 19, 64, 36, 60, 84, 57, 98], [97, 3, 27, 1, 80, 11, 51, 46, 95]]",false
158,3159,1884,2-opt,CMT3.vrp,"[[12, 81, 70, 90, 7, 8, 45, 17, 16, 37, 14, 43, 41, 23, 56, 26], [93, 61, 44, 38, 15, 58, 74, 39, 24, 79, 78, 65, 10], [53, 40, 4, 67, 42, 59, 99, 96, 6, 18, 83, 47, 62], [87, 100, 91, 86, 94, 89, 82, 9, 68, 25], [52, 63, 30, 35, 34, 33, 50, 76, 73, 22, 2, 92, 5, 13], [88, 20, 66, 32, 49, 48, 85, 72], [28, 21, 75, 55, 54, 29, 77, 69, 71, 31, 19, 64, 36, 60, 84, 57, 98], [97, 3, 27, 1, 80, 11, 51, 46, 95]]",false
159,3165,1873,2-opt,CMT3.vrp,"[[12, 81, 70, 90, 7, 8, 45, 17, 16, 37, 14, 43, 41, 23, 56, 26], [93, 61, 44, 38, 15, 58, 74, 39, 24, 79, 78, 65, 10], [53, 40, 4, 67, 42, 59, 99, 96, 6, 18, 83, 47, 62], [87, 100, 91, 86, 94, 89, 82, 9, 68, 25], [52, 63, 30, 35, 34, 33, 50, 76, 73, 22, 2, 92, 5, 13], [88, 20, 66, 32, 49, 48, 85, 72], [28, 21, 75, 55, 54, 29, 71, 77, 69, 31, 19, 64, 36, 60, 84, 57, 98], [97, 3, 27, 1, 80, 11, 51, 46, 95]]",false
160,3203,1870,2-opt,CMT3.vrp,"[[12, 81, 70, 90, 7, 8, 45, 17, 16, 37, 14, 43, 41, 23, 56, 26], [93, 61, 44, 38, 15, 58, 74, 39, 24, 79, 78, 65, 10], [53, 40, 4, 67, 42, 59, 99, 96, 6, 18, 83, 47, 62], [87, 100, 91, 86, 94, 89, 82, 9, 68, 25], [52, 63, 30, 35, 34, 33, 50, 76, 73, 22, 2, 92, 5, 13], [88, 20, 66, 32, 49, 48, 85, 72], [28, 21, 75, 55, 54, 29, 77, 71, 69, 31, 19, 64, 36, 60, 84, 57, 98], [97, 3, 27, 1, 80, 11, 51, 46, 95]]",false
161,3222,1860,2-opt,CMT3.vrp,"[[12, 81, 70, 90, 7, 8, 45, 17, 16, 37, 14, 43, 41, 23, 56, 26], [93, 61, 44, 38, 15, 58, 74, 39, 24, 79, 78, 65, 10], [53, 40, 4, 67, 42, 59, 99, 96, 6, 18, 83, 47, 62], [87, 100, 91, 86, 94, 89, 82, 9, 68, 25], [52, 63, 30, 35, 34, 33, 50, 76, 73, 22, 2, 92, 5, 13], [88, 20, 66, 32, 49, 48, 85, 72], [28, 21, 75, 55, 54, 29, 71, 77, 69, 31, 19, 64, 36, 60, 84, 98, 57], [97, 3, 27, 1, 80, 11, 51, 46, 95]]",false
162,3247,1856,2-opt,CMT3.vrp,"[[12, 81, 70, 90, 7, 8, 45, 17, 16, 37, 14, 43, 41, 23, 56, 26], [93, 61, 44, 38, 15, 58, 74, 39, 24, 79, 78, 65, 10], [53, 40, 4, 67, 42, 59, 99, 96, 6, 18, 83, 47, 62], [87, 100, 91, 86, 94, 89, 82, 9, 68, 25], [52, 63, 30, 35, 34, 33, 50, 76, 73, 22, 2, 92, 5, 13], [88, 20, 66, 32, 49, 48, 85, 72], [28, 21, 75, 55, 54, 29, 77, 71, 69, 31, 19, 64, 36, 60, 84, 98, 57], [97, 3, 27, 1, 80, 11, 51, 46, 95]]",false
163,3270,1856,2-opt,CMT3.vrp,"[[12, 81, 70, 90, 7, 8, 45, 17, 16, 37, 14, 43, 41, 23, 56, 26], [93, 61, 44, 38, 15, 58, 74, 39, 24, 79, 78, 65, 10], [53, 40, 4, 67, 42, 59, 99, 96, 6, 18, 83, 47, 62], [87, 100, 91, 86, 94, 89, 82, 9, 68, 25], [52, 63, 30, 35, 34, 33, 50, 76, 73, 22, 2, 92, 5, 13], [88, 20, 66, 32, 49, 48, 85, 72], [57, 98, 84, 60, 36, 64, 19, 31, 69, 71, 77, 29, 54, 55, 75, 21, 28], [97, 3, 27, 1, 80, 11, 51, 46, 95]]",false
164,3340,1854,2-opt,CMT3.vrp,"[[12, 81, 70, 90, 7, 8, 45, 17, 16, 37, 14, 43, 41, 23, 56, 26], [93, 61, 44, 38, 15, 58, 74, 39, 24, 79, 78, 65, 10], [53, 40, 4, 67, 42, 59, 99, 96, 6, 18, 83, 47, 62], [87, 100, 91, 86, 94, 89, 82, 9, 68, 25], [52, 63, 30, 35, 34, 33, 50, 76, 73, 22, 2, 92, 5, 13], [88, 20, 66, 32, 49, 48, 85, 72], [57, 98, 84, 60, 36, 64, 19, 31, 69, 71, 77, 29, 54, 55, 75, 21, 28], [51, 11, 80, 1, 27, 3, 97, 46, 95]]",false
165,3346,1845,2-opt,CMT3.vrp,"[[12, 81, 70, 90, 7, 8, 45, 17, 16, 37, 14, 43, 41, 23, 56, 26], [93, 61, 44, 38, 15, 58, 74, 39, 24, 79, 78, 65, 10], [53, 40, 4, 67, 42, 59, 99, 96, 6, 18, 83, 47, 62], [87, 100, 91, 86, 94, 89, 82, 9, 68, 25], [52, 63, 30, 35, 34, 33, 50, 76, 73, 22, 2, 92, 5, 13], [88, 20, 66, 32, 49, 48, 85, 72], [57, 98, 84, 60, 36, 64, 19, 31, 69, 71, 77, 29, 54, 55, 75, 21, 28], [46, 51, 11, 80, 1, 27, 3, 97, 95]]",false
166,3352,1843,2-opt,CMT3.vrp,"[[12, 81, 70, 90, 7, 8, 45, 17, 16, 37, 14, 43, 41, 23, 56, 26], [93, 61, 44, 38, 15, 58, 74, 39, 24, 79, 78, 65, 10], [53, 40, 4, 67, 42, 59, 99, 96, 6, 18, 83, 47, 62], [87, 100, 91, 86, 94, 89, 82, 9, 68, 25], [52, 63, 30, 35, 34, 33, 50, 76, 73, 22, 2, 92, 5, 13], [88, 20, 66, 32, 49, 48, 85, 72], [57, 98, 84, 60, 36, 64, 19, 31, 69, 71, 77, 29, 54, 55, 75, 21, 28], [97, 27, 3, 1, 80, 11, 51, 46, 95]]",false
167,3358,1839,2-opt,CMT3.vrp,"[[12, 81, 70, 90, 7, 8, 45, 17, 16, 37, 14, 43, 41, 23, 56, 26], [93, 61, 44, 38, 15, 58, 74, 39, 24, 79, 78, 65, 10], [53, 40, 4, 67, 42, 59, 99, 96, 6, 18, 83, 47, 62], [87, 100, 91, 86, 94, 89, 82, 9, 68, 25], [52, 63, 30, 35, 34, 33, 50, 76, 73, 22, 2, 92, 5, 13], [88, 20, 66, 32, 49, 48, 85, 72], [57, 98, 84, 60, 36, 64, 19, 31, 69, 71, 77, 29, 54, 55, 75, 21, 28], [97, 1, 27, 3, 80, 11, 51, 46, 95]]",false
168,3365,1829,2-opt,CMT3.vrp,"[[12, 81, 70, 90, 7, 8, 45, 17, 16, 37, 14, 43, 41, 23, 56, 26], [93, 61, 44, 38, 15, 58, 74, 39, 24, 79, 78, 65, 10], [53, 40, 4, 67, 42, 59, 99, 96, 6, 18, 83, 47, 62], [87, 100, 91, 86, 94, 89, 82, 9, 68, 25], [52, 63, 30, 35, 34, 33, 50, 76, 73, 22, 2, 92, 5, 13], [88, 20, 66, 32, 49, 48, 85, 72], [57, 98, 84, 60, 36, 64, 19, 31, 69, 71, 77, 29, 54, 55, 75, 21, 28], [97, 95, 46, 51, 11, 80, 1, 27, 3]]",false
169,3371,1827,2-opt,CMT3.vrp,"[[12, 81, 70, 90, 7, 8, 45, 17, 16, 37, 14, 43, 41, 23, 56, 26], [93, 61, 44, 38, 15, 58, 74, 39, 24, 79, 78, 65, 10], [53, 40, 4, 67, 42, 59, 99, 96, 6, 18, 83, 47, 62], [87, 100, 91, 86, 94, 89, 82, 9, 68, 25], [52, 63, 30, 35, 34, 33, 50, 76, 73, 22, 2, 92, 5, 13], [88, 20, 66, 32, 49, 48, 85, 72], [57, 98, 84, 60, 36, 64, 19, 31, 69, 71, 77, 29, 54, 55, 75, 21, 28], [97, 3, 80, 1, 27, 11, 51, 46, 95]]",false
170,3380,1810,2-opt,CMT3.vrp,"[[12, 81, 70, 90, 7, 8, 45, 17, 16, 37, 14, 43, 41, 23, 56, 26], [93, 61, 44, 38, 15, 58, 74, 39, 24, 79, 78, 65, 10], [53, 40, 4, 67, 42, 59, 99, 96, 6, 18, 83, 47, 62], [87, 100, 91, 86, 94, 89, 82, 9, 68, 25], [52, 63, 30, 35, 34, 33, 50, 76, 73, 22, 2, 92, 5, 13], [88, 20, 66, 32, 49, 48, 85, 72], [57, 98, 84, 60, 36, 64, 19, 31, 69, 71, 77, 29, 54, 55, 75, 21, 28], [97, 3, 27, 1, 80, 51, 11, 46, 95]]",false
171,3389,1798,2-opt,CMT3.vrp,"[[12, 81, 70, 90, 7, 8, 45, 17, 16, 37, 14, 43, 41, 23, 56, 26], [93, 61, 44, 38, 15, 58, 74, 39, 24, 79, 78, 65, 10], [53, 40, 4, 67, 42, 59, 99, 96, 6, 18, 83, 47, 62], [87, 100, 91, 86, 94, 89, 82, 9, 68, 25], [52, 63, 30, 35, 34, 33, 50, 76, 73, 22, 2, 92, 5, 13], [88, 20, 66, 32, 49, 48, 85, 72], [57, 98, 84, 60, 36, 64, 19, 31, 69, 71, 77, 29, 54, 55, 75, 21, 28], [46, 11, 51, 80, 1, 27, 3, 97, 95]]",false
172,3395,1797,2-opt,CMT3.vrp,"[[12, 81, 70, 90, 7, 8, 45, 17, 16, 37, 14, 43, 41, 23, 56, 26], [93, 61, 44, 38, 15, 58, 74, 39, 24, 79, 78, 65, 10], [53, 40, 4, 67, 42, 59, 99, 96, 6, 18, 83, 47, 62], [87, 100, 91, 86, 94, 89, 82, 9, 68, 25], [52, 63, 30, 35, 34, 33, 50, 76, 73, 22, 2, 92, 5, 13], [88, 20, 66, 32, 49, 48, 85, 72], [57, 98, 84, 60, 36, 64, 19, 31, 69, 71, 77, 29, 54, 55, 75, 21, 28], [97, 27, 3, 1, 80, 51, 11, 46, 95]]",false
173,3400,1792,2-opt,CMT3.vrp,"[[12, 81, 70, 90, 7, 8, 45, 17, 16, 37, 14, 43, 41, 23, 56, 26], [93, 61, 44, 38, 15, 58, 74, 39, 24, 79, 78, 65, 10], [53, 40, 4, 67, 42, 59, 99, 96, 6, 18, 83, 47, 62], [87, 100, 91, 86, 94, 89, 82, 9, 68, 25], [52, 63, 30, 35, 34, 33, 50, 76, 73, 22, 2, 92, 5, 13], [88, 20, 66, 32, 49, 48, 85, 72], [57, 98, 84, 60, 36, 64, 19, 31, 69, 71, 77, 29, 54, 55, 75, 21, 28], [97, 1, 27, 3, 80, 51, 11, 46, 95]]",false
174,3407,1782,2-opt,CMT3.vrp,"[[12, 81, 70, 90, 7, 8, 45, 17, 16, 37, 14, 43, 41, 23, 56, 26], [93, 61, 44, 38, 15, 58, 74, 39, 24, 79, 78, 65, 10], [53, 40, 4, 67, 42, 59, 99, 96, 6, 18, 83, 47, 62], [87, 100, 91, 86, 94, 89, 82, 9, 68, 25], [52, 63, 30, 35, 34, 33, 50, 76, 73, 22, 2, 92, 5, 13], [88, 20, 66, 32, 49, 48, 85, 72], [57, 98, 84, 60, 36, 64, 19, 31, 69, 71, 77, 29, 54, 55, 75, 21, 28], [97, 95, 46, 11, 51, 80, 1, 27, 3]]",false
175,3418,1782,2-opt,CMT3.vrp,"[[12, 81, 70, 90, 7, 8, 45, 17, 16, 37, 14, 43, 41, 23, 56, 26], [93, 61, 44, 38, 15, 58, 74, 39, 24, 79, 78, 65, 10], [53, 40, 4, 67, 42, 59, 99, 96, 6, 18, 83, 47, 62], [87, 100, 91, 86, 94, 89, 82, 9, 68, 25], [52, 63, 30, 35, 34, 33, 50, 76, 73, 22, 2, 92, 5, 13], [88, 20, 66, 32, 49, 48, 85, 72], [57, 98, 84, 60, 36, 64, 19, 31, 69, 71, 77, 29, 54, 55, 75, 21, 28], [95, 97, 46, 11, 51, 80, 1, 27, 3]]",false
176,3430,1775,2-opt,CMT3.vrp,"[[12, 81, 70, 90, 7, 8, 45, 17, 16, 37, 14, 43, 41, 23, 56, 26], [93, 61, 44, 38, 15, 58, 74, 39, 24, 79, 78, 65, 10], [53, 40, 4, 67, 42, 59, 99, 96, 6, 18, 83, 47, 62], [87, 100, 91, 86, 94, 89, 82, 9, 68, 25], [52, 63, 30, 35, 34, 33, 50, 76, 73, 22, 2, 92, 5, 13], [88, 20, 66, 32, 49, 48, 85, 72], [57, 98, 84, 60, 36, 64, 19, 31, 69, 71, 77, 29, 54, 55, 75, 21, 28], [97, 95, 46, 11, 27, 1, 80, 51, 3]]",false
177,3436,1770,2-opt,CMT3.vrp,"[[12, 81, 70, 90, 7, 8, 45, 17, 16, 37, 14, 43, 41, 23, 56, 26], [93, 61, 44, 38, 15, 58, 74, 39, 24, 79, 78, 65, 10], [53, 40, 4, 67, 42, 59, 99, 96, 6, 18, 83, 47, 62], [87, 100, 91, 86, 94, 89, 82, 9, 68, 25], [52, 63, 30, 35, 34, 33, 50, 76, 73, 22, 2, 92, 5, 13], [88, 20, 66, 32, 49, 48, 85, 72], [57, 98, 84, 60, 36, 64, 19, 31, 69, 71, 77, 29, 54, 55, 75, 21, 28], [97, 95, 46, 11, 51, 27, 1, 80, 3]]",false
178,3443,1764,2-opt,CMT3.vrp,"[[12, 81, 70, 90, 7, 8, 45, 17, 16, 37, 14, 43, 41, 23, 56, 26], [93, 61, 44, 38, 15, 58, 74, 39, 24, 79, 78, 65, 10], [53, 40, 4, 67, 42, 59, 99, 96, 6, 18, 83, 47, 62], [87, 100, 91, 86, 94, 89, 82, 9, 68, 25], [52, 63, 30, 35, 34, 33, 50, 76, 73, 22, 2, 92, 5, 13], [88, 20, 66, 32, 49, 48, 85, 72], [57, 98, 84, 60, 36, 64, 19, 31, 69, 71, 77, 29, 54, 55, 75, 21, 28], [97, 95, 46, 11, 51, 80, 3, 27, 1]]",false
179,3449,1763,2-opt,CMT3.vrp,"[[12, 81, 70, 90, 7, 8, 45, 17, 16, 37, 14, 43, 41, 23, 56, 26], [93, 61, 44, 38, 15, 58, 74, 39, 24, 79, 78, 65, 10], [53, 40, 4, 67, 42, 59, 99, 96, 6, 18, 83, 47, 62], [87, 100, 91, 86, 94, 89, 82, 9, 68, 25], [52, 63, 30, 35, 34, 33, 50, 76, 73, 22, 2, 92, 5, 13], [88, 20, 66, 32, 49, 48, 85, 72], [57, 98, 84, 60, 36, 64, 19, 31, 69, 71, 77, 29, 54, 55, 75, 21, 28], [95, 97, 46, 11, 51, 80, 3, 27, 1]]",false
180,3461,1756,2-opt,CMT3.vrp,"[[12, 81, 70, 90, 7, 8, 45, 17, 16, 37, 14, 43, 41, 23, 56, 26], [93, 61, 44, 38, 15, 58, 74, 39, 24, 79, 78, 65, 10], [53, 40, 4, 67, 42, 59, 99, 96, 6, 18, 83, 47, 62], [87, 100, 91, 86, 94, 89, 82, 9, 68, 25], [52, 63, 30, 35, 34, 33, 50, 76, 73, 22, 2, 92, 5, 13], [88, 20, 66, 32, 49, 48, 85, 72], [57, 98, 84, 60, 36, 64, 19, 31, 69, 71, 77, 29, 54, 55, 75, 21, 28], [97, 95, 46, 11, 51, 3, 80, 27, 1]]",false
181,3468,1747,2-opt,CMT3.vrp,"[[12, 81, 70, 90, 7, 8, 45, 17, 16, 37, 14, 43, 41, 23, 56, 26], [93, 61, 44, 38, 15, 58, 74, 39, 24, 79, 78, 65, 10], [53, 40, 4, 67, 42, 59, 99, 96, 6, 18, 83, 47, 62], [87, 100, 91, 86, 94, 89, 82, 9, 68, 25], [52, 63, 30, 35, 34, 33, 50, 76, 73, 22, 2, 92, 5, 13], [88, 20, 66, 32, 49, 48, 85, 72], [57, 98, 84, 60, 36, 64, 19, 31, 69, 71, 77, 29, 54, 55, 75, 21, 28], [97, 95, 46, 11, 51, 80, 3, 1, 27]]",false
182,3474,1747,2-opt,CMT3.vrp,"[[12, 81, 70, 90, 7, 8, 45, 17, 16, 37, 14, 43, 41, 23, 56, 26], [93, 61, 44, 38, 15, 58, 74, 39, 24, 79, 78, 65, 10], [53, 40, 4, 67, 42, 59, 99, 96, 6, 18, 83, 47, 62], [87, 100, 91, 86, 94, 89, 82, 9, 68, 25], [52, 63, 30, 35, 34, 33, 50, 76, 73, 22, 2, 92, 5, 13], [88, 20, 66, 32, 49, 48, 85, 72], [57, 98, 84, 60, 36, 64, 19, 31, 69, 71, 77, 29, 54, 55, 75, 21, 28], [95, 97, 46, 11, 51, 80, 3, 1, 27]]",false
183,3486,1744,2-opt,CMT3.vrp,"[[12, 81, 70, 90, 7, 8, 45, 17, 16, 37, 14, 43, 41, 23, 56, 26], [93, 61, 44, 38, 15, 58, 74, 39, 24, 79, 78, 65, 10], [53, 40, 4, 67, 42, 59, 99, 96, 6, 18, 83, 47, 62], [87, 100, 91, 86, 94, 89, 82, 9, 68, 25], [52, 63, 30, 35, 34, 33, 50, 76, 73, 22, 2, 92, 5, 13], [88, 20, 66, 32, 49, 48, 85, 72], [57, 98, 84, 60, 36, 64, 19, 31, 69, 71, 77, 29, 54, 55, 75, 21, 28], [97, 95, 46, 11, 51, 3, 80, 1, 27]]",false
184,3494,1744,2-opt,CMT3.vrp,"[[12, 81, 70, 90, 7, 8, 45, 17, 16, 37, 14, 43, 41, 23, 56, 26], [93, 61, 44, 38, 15, 58, 74, 39, 24, 79, 78, 65, 10], [53, 40, 4, 67, 42, 59, 99, 96, 6, 18, 83, 47, 62], [87, 100, 91, 86, 94, 89, 82, 9, 68, 25], [52, 63, 30, 35, 34, 33, 50, 76, 73, 22, 2, 92, 5, 13], [88, 20, 66, 32, 49, 48, 85, 72], [57, 98, 84, 60, 36, 64, 19, 31, 69, 71, 77, 29, 54, 55, 75, 21, 28], [95, 97, 46, 11, 51, 3, 80, 1, 27]]",false
0,0,3285,2-opt,CMT3.vrp,"[[81, 23, 26, 56, 70, 90, 17], [12, 43, 8, 7, 45, 37, 16, 41, 14, 10, 44], [79, 65, 93, 61, 15, 58, 74, 24, 78, 39, 38, 18, 83], [67, 4, 99, 59, 96, 53, 47, 42, 6, 62], [40, 86, 87], [9, 89, 82, 94, 100, 25, 91, 68, 33, 50, 73, 76, 92, 2], [63, 5, 35, 30], [13, 34, 52, 22, 72, 20, 49, 32, 85], [66, 48, 88, 31, 55, 60, 36, 75, 71, 77], [84, 54, 19, 64, 29, 28, 21, 69], [57, 98, 97, 3, 27, 1, 80, 11, 51, 46, 95]]",true
1,22,3258,2-opt,CMT3.vrp,"[[56, 26, 23, 81, 70, 90, 17], [12, 43, 8, 7, 45, 37, 16, 41, 14, 10, 44], [79, 65, 93, 61, 15, 58, 74, 24, 78, 39, 38, 18, 83], [67, 4, 99, 59, 96, 53, 47, 42, 6, 62], [40, 86, 87], [9, 89, 82, 94, 100, 25, 91, 68, 33, 50, 73, 76, 92, 2], [63, 5, 35, 30], [13, 34, 52, 22, 72, 20, 49, 32, 85], [66, 48, 88, 31, 55, 60, 36, 75, 71, 77], [84, 54, 19, 64, 29, 28, 21, 69], [57, 98, 97, 3, 27, 1, 80, 11, 51, 46, 95]]",true
2,32,3250,2-opt,CMT3.vrp,"[[81, 26, 23, 56, 70, 90, 17], [12, 43, 8, 7, 45, 37, 16, 41, 14, 10, 44], [79, 65, 93, 61, 15, 58, 74, 24, 78, 39, 38, 18, 83], [67, 4, 99, 59, 96, 53, 47, 42, 6, 62], [40, 86, 87], [9, 89, 82, 94, 100, 25, 91, 68, 33, 50, 73, 76, 92, 2], [63, 5, 35, 30], [13, 34, 52, 22, 72, 20, 49, 32, 85], [66, 48, 88, 31, 55, 60, 36, 75, 71, 77], [84, 54, 19, 64, 29, 28, 21, 69], [57, 98, 97, 3, 27, 1, 80, 11, 51, 46, 95]]",true
3,41,3246,2-opt,CMT3.vrp,"[[81, 23, 56, 26, 70, 90, 17], [12, 43, 8, 7, 45, 37, 16, 41, 14, 10, 44], [79, 65, 93, 61, 15, 58, 74, 24, 78, 39, 38, 18, 83], [67, 4, 99, 59, 96, 53, 47, 42, 6, 62], [40, 86, 87], [9, 89, 82, 94, 100, 25, 91, 68, 33, 50, 73, 76, 92, 2], [63, 5, 35, 30], [13, 34, 52, 22, 72, 20, 49, 32, 85], [66, 48, 88, 31, 55, 60, 36, 75, 71, 77], [84, 54, 19, 64, 29, 28, 21, 69], [57, 98, 97, 3, 27, 1, 80, 11, 51, 46, 95]]",true
4,65,3220,2-opt,CMT3.vrp,"[[26, 56, 23, 81, 70, 90, 17], [12, 43, 8, 7, 45, 37, 16, 41, 14, 10, 44], [79, 65, 93, 61, 15, 58, 74, 24, 78, 39, 38, 18, 83], [67, 4, 99, 59, 96, 53, 47, 42, 6, 62], [40, 86, 87], [9, 89, 82, 94, 100, 25, 91, 68, 33, 50, 73, 76, 92, 2], [63, 5, 35, 30], [13, 34, 52, 22, 72, 20, 49, 32, 85], [66, 48, 88, 31, 55, 60, 36, 75, 71, 77], [84, 54, 19, 64, 29, 28, 21, 69], [57, 98, 97, 3, 27, 1, 80, 11, 51, 46, 95]]",true
5,79,3220,2-opt,CMT3.vrp,"[[17, 90, 70, 81, 23, 56, 26], [12, 43, 8, 7, 45, 37, 16, 41, 14, 10, 44], [79, 65, 93, 61, 15, 58, 74, 24, 78, 39, 38, 18, 83], [67, 4, 99, 59, 96, 53, 47, 42, 6, 62], [40, 86, 87], [9, 89, 82, 94, 100, 25, 91, 68, 33, 50, 73, 76, 92, 2], [63, 5, 35, 30], [13, 34, 52, 22, 72, 20, 49, 32, 85], [66, 48, 88, 31, 55, 60, 36, 75, 71, 77], [84, 54, 19, 64, 29, 28, 21, 69], [57, 98, 97, 3, 27, 1, 80, 11, 51, 46, 95]]",true
6,96,3217,2-opt,CMT3.vrp,"[[17, 90, 70, 81, 23, 56, 26], [14, 41, 16, 37, 45, 7, 8, 43, 12, 10, 44], [79, 65, 93, 61, 15, 58, 74, 24, 78, 39, 38, 18, 83], [67, 4, 99, 59, 96, 53, 47, 42, 6, 62], [40, 86, 87], [9, 89, 82, 94, 100, 25, 91, 68, 33, 50, 73, 76, 92, 2], [63, 5, 35, 30], [13, 34, 52, 22, 72, 20, 49, 32, 85], [66, 48, 88, 31, 55, 60, 36, 75, 71, 77], [84, 54, 19, 64, 29, 28, 21, 69], [57, 98, 97, 3, 27, 1, 80, 11, 51, 46, 95]]",true
7,104,3217,2-opt,CMT3.vrp,"[[17, 90, 70, 81, 23, 56, 26], [12, 45, 7, 8, 43, 37, 16, 41, 14, 10, 44], [79, 65, 93, 61, 15, 58, 74, 24, 78, 39, 38, 18, 83], [67, 4, 99, 59, 96, 53, 47, 42, 6, 62], [40, 86, 87], [9, 89, 82, 94, 100, 25, 91, 68, 33, 50, 73, 76, 92, 2], [63, 5, 35, 30], [13, 34, 52, 22, 72, 20, 49, 32, 85], [66, 48, 88, 31, 55, 60, 36, 75, 71, 77], [84, 54, 19, 64, 29, 28, 21, 69], [57, 98, 97, 3, 27, 1, 80, 11, 51, 46, 95]]",true
8,111,3206,2-opt,CMT3.vrp,"[[17, 90, 70, 81, 23, 56, 26], [12, 16, 37, 45, 7, 8, 43, 41, 14, 10, 44], [79, 65, 93, 61, 15, 58, 74, 24, 78, 39, 38, 18, 83], [67, 4, 99, 59, 96, 53, 47, 42, 6, 62], [40, 86, 87], [9, 89, 82, 94, 100, 25, 91, 68, 33, 50, 73, 76, 92, 2], [63, 5, 35, 30], [13, 34, 52, 22, 72, 20, 49, 32, 85], [66, 48, 88, 31, 55, 60, 36, 75, 71, 77], [84, 54, 19, 64, 29, 28, 21, 69], [57, 98, 97, 3, 27, 1, 80, 11, 51, 46, 95]]",true
9,117,3191,2-opt,CMT3.vrp,"[[17, 90, 70, 81, 23, 56, 26], [12, 41, 16, 37, 45, 7, 8, 43, 14, 10, 44], [79, 65, 93, 61, 15, 58, 74, 24, 78, 39, 38, 18, 83], [67, 4, 99, 59, 96, 53, 47, 42, 6, 62], [40, 86, 87], [9, 89, 82, 94, 100, 25, 91, 68, 33, 50, 73, 76, 92, 2], [63, 5, 35, 30], [13, 34, 52, 22, 72, 20, 49, 32, 85], [66, 48, 88, 31, 55, 60, 36, 75, 71, 77], [84, 54, 19, 64, 29, 28, 21, 69], [57, 98, 97, 3, 27, 1, 80, 11, 51, 46, 95]]",true
10,124,3177,2-opt,CMT3.vrp,"[[17, 90, 70, 81, 23, 56, 26], [12, 10, 14, 41, 16, 37, 45, 7, 8, 43, 44], [79, 65, 93, 61, 15, 58, 74, 24, 78, 39, 38, 18, 83], [67, 4, 99, 59, 96, 53, 47, 42, 6, 62], [40, 86, 87], [9, 89, 82, 94, 100, 25, 91, 68, 33, 50, 73, 76, 92, 2], [63, 5, 35, 30], [13, 34, 52, 22, 72, 20, 49, 32, 85], [66, 48, 88, 31, 55, 60, 36, 75, 71, 77], [84, 54, 19, 64, 29, 28, 21, 69], [57, 98, 97, 3, 27, 1, 80, 11, 51, 46, 95]]",true
11,132,3163,2-opt,CMT3.vrp,"[[17, 90, 70, 81, 23, 56, 26], [12, 43, 14, 41, 16, 37, 45, 7, 8, 10, 44], [79, 65, 93, 61, 15, 58, 74, 24, 78, 39, 38, 18, 83], [67, 4, 99, 59, 96, 53, 47, 42, 6, 62], [40, 86, 87], [9, 89, 82, 94, 100, 25, 91, 68, 33, 50, 73, 76, 92, 2], [63, 5, 35, 30], [13, 34, 52, 22, 72, 20, 49, 32, 85], [66, 48, 88, 31, 55, 60, 36, 75, 71, 77], [84, 54, 19, 64, 29, 28, 21, 69], [57, 98, 97, 3, 27, 1, 80, 11, 51, 46, 95]]",true
12,148,3156,2-opt,CMT3.vrp,"[[17, 90, 70, 81, 23, 56, 26], [12, 14, 43, 41, 16, 37, 45, 7, 8, 10, 44], [79, 65, 93, 61, 15, 58, 74, 24, 78, 39, 38, 18, 83], [67, 4, 99, 59, 96, 53, 47, 42, 6, 62], [40, 86, 87], [9, 89, 82, 94, 100, 25, 91, 68, 33, 50, 73, 76, 92, 2], [63, 5, 35, 30], [13, 34, 52, 22, 72, 20, 49, 32, 85], [66, 48, 88, 31, 55, 60, 36, 75, 71, 77], [84, 54, 19, 64, 29, 28, 21, 69], [57, 98, 97, 3, 27, 1, 80, 11, 51, 46, 95]]",true
13,158,3137,2-opt,CMT3.vrp,"[[17, 90, 70, 81, 23, 56, 26], [12, 41, 14, 43, 16, 37, 45, 7, 8, 10, 44], [79, 65, 93, 61, 15, 58, 74, 24, 78, 39, 38, 18, 83], [67, 4, 99, 59, 96, 53, 47, 42, 6, 62], [40, 86, 87], [9, 89, 82, 94, 100, 25, 91, 68, 33, 50, 73, 76, 92, 2], [63, 5, 35, 30], [13, 34, 52, 22, 72, 20, 49, 32, 85], [66, 48, 88, 31, 55, 60, 36, 75, 71, 77], [84, 54, 19, 64, 29, 28, 21, 69], [57, 98, 97, 3, 27, 1, 80, 11, 51, 46, 95]]",true
14,165,3120,2-opt,CMT3.vrp,"[[17, 90, 70, 81, 23, 56, 26], [12, 10, 8, 7, 45, 37, 16, 41, 14, 43, 44], [79, 65, 93, 61, 15, 58, 74, 24, 78, 39, 38, 18, 83], [67, 4, 99, 59, 96, 53, 47, 42, 6, 62], [40, 86, 87], [9, 89, 82, 94, 100, 25, 91, 68, 33, 50, 73, 76, 92, 2], [63, 5, 35, 30], [13, 34, 52, 22, 72, 20, 49, 32, 85], [66, 48, 88, 31, 55, 60, 36, 75, 71, 77], [84, 54, 19, 64, 29, 28, 21, 69], [57, 98, 97, 3, 27, 1, 80, 11, 51, 46, 95]]",true
15,185,3096,2-opt,CMT3.vrp,"[[17, 90, 70, 81, 23, 56, 26], [12, 10, 7, 8, 45, 37, 16, 41, 14, 43, 44], [79, 65, 93, 61, 15, 58, 74, 24, 78, 39, 38, 18, 83], [67, 4, 99, 59, 96, 53, 47, 42, 6, 62], [40, 86, 87], [9, 89, 82, 94, 100, 25, 91, 68, 33, 50, 73, 76, 92, 2], [63, 5, 35, 30], [13, 34, 52, 22, 72, 20, 49, 32, 85], [66, 48, 88, 31, 55, 60, 36, 75, 71, 77], [84, 54, 19, 64, 29, 28, 21, 69], [57, 98, 97, 3, 27, 1, 80, 11, 51, 46, 95]]",true
16,198,3088,2-opt,CMT3.vrp,"[[17, 90, 70, 81, 23, 56, 26], [12, 10, 8, 7, 45, 37, 16, 44, 43, 14, 41], [79, 65, 93, 61, 15, 58, 74, 24, 78, 39, 38, 18, 83], [67, 4, 99, 59, 96, 53, 47, 42, 6, 62], [40, 86, 87], [9, 89, 82, 94, 100, 25, 91, 68, 33, 50, 73, 76, 92, 2], [63, 5, 35, 30], [13, 34, 52, 22, 72, 20, 49, 32, 85], [66, 48, 88, 31, 55, 60, 36, 75, 71, 77], [84, 54, 19, 64, 29, 28, 21, 69], [57, 98, 97, 3, 27, 1, 80, 11, 51, 46, 95]]",true
17,208,3088,2-opt,CMT3.vrp,"[[17, 90, 70, 81, 23, 56, 26], [41, 14, 43, 44, 16, 37, 45, 7, 8, 10, 12], [79, 65, 93, 61, 15, 58, 74, 24, 78, 39, 38, 18, 83], [67, 4, 99, 59, 96, 53, 47, 42, 6, 62], [40, 86, 87], [9, 89, 82, 94, 100, 25, 91, 68, 33, 50, 73, 76, 92, 2], [63, 5, 35, 30], [13, 34, 52, 22, 72, 20, 49, 32, 85], [66, 48, 88, 31, 55, 60, 36, 75, 71, 77], [84, 54, 19, 64, 29, 28, 21, 69], [57, 98, 97, 3, 27, 1, 80, 11, 51, 46, 95]]",true
18,216,3082,2-opt,CMT3.vrp,"[[17, 90, 70, 81, 23, 56, 26], [12, 41, 14, 43, 44, 16, 37, 45, 7, 8, 10], [79, 65, 93, 61, 15, 58, 74, 24, 78, 39, 38, 18, 83], [67, 4, 99, 59, 96, 53, 47, 42, 6, 62], [40, 86, 87], [9, 89, 82, 94, 100, 25, 91, 68, 33, 50, 73, 76, 92, 2], [63, 5, 35, 30], [13, 34, 52, 22, 72, 20, 49, 32, 85], [66, 48, 88, 31, 55, 60, 36, 75, 71, 77], [84, 54, 19, 64, 29, 28, 21, 69], [57, 98, 97, 3, 27, 1, 80, 11, 51, 46, 95]]",true
19,223,3064,2-opt,CMT3.vrp,"[[17, 90, 70, 81, 23, 56, 26], [12, 10, 7, 8, 45, 37, 16, 44, 43, 14, 41], [79, 65, 93, 61, 15, 58, 74, 24, 78, 39, 38, 18, 83], [67, 4, 99, 59, 96, 53, 47, 42, 6, 62], [40, 86, 87], [9, 89, 82, 94, 100, 25, 91, 68, 33, 50, 73, 76, 92, 2], [63, 5, 35, 30], [13, 34, 52, 22, 72, 20, 49, 32, 85], [66, 48, 88, 31, 55, 60, 36, 75, 71, 77], [84, 54, 19, 64, 29, 28, 21, 69], [57, 98, 97, 3, 27, 1, 80, 11, 51, 46, 95]]",true
20,240,3064,2-opt,CMT3.vrp,"[[17, 90, 70, 81, 23, 56, 26], [41, 14, 43, 44, 16, 37, 45, 8, 7, 10, 12], [79, 65, 93, 61, 15, 58, 74, 24, 78, 39, 38, 18, 83], [67, 4, 99, 59, 96, 53, 47, 42, 6, 62], [40, 86, 87], [9, 89, 82, 94, 100, 25, 91, 68, 33, 50, 73, 76, 92, 2], [63, 5, 35, 30], [13, 34, 52, 22, 72, 20, 49, 32, 85], [66, 48, 88, 31, 55, 60, 36, 75, 71, 77], [84, 54, 19, 64, 29, 28, 21, 69], [57, 98, 97, 3, 27, 1, 80, 11, 51, 46, 95]]",true
21,248,3058,2-opt,CMT3.vrp,"[[17, 90, 70, 81, 23, 56, 26], [12, 41, 14, 43, 44, 16, 37, 45, 8, 7, 10], [79, 65, 93, 61, 15, 58, 74, 24, 78, 39, 38, 18, 83], [67, 4, 99, 59, 96, 53, 47, 42, 6, 62], [40, 86, 87], [9, 89, 82, 94, 100, 25, 91, 68, 33, 50, 73, 76, 92, 2], [63, 5, 35, 30], [13, 34, 52, 22, 72, 20, 49, 32, 85], [66, 48, 88, 31, 55, 60, 36, 75, 71, 77], [84, 54, 19, 64, 29, 28, 21, 69], [57, 98, 97, 3, 27, 1, 80, 11, 51, 46, 95]]",true
22,262,3046,2-opt,CMT3.vrp,"[[17, 90, 70, 81, 23, 56, 26], [12, 10, 7, 8, 45, 37, 16, 44, 14, 43, 41], [79, 65, 93, 61, 15, 58, 74, 24, 78, 39, 38, 18, 83], [67, 4, 99, 59, 96, 53, 47, 42, 6, 62], [40, 86, 87], [9, 89, 82, 94, 100, 25, 91, 68, 33, 50, 73, 76, 92, 2], [63, 5, 35, 30], [13, 34, 52, 22, 72, 20, 49, 32, 85], [66, 48, 88, 31, 55, 60, 36, 75, 71, 77], [84, 54, 19, 64, 29, 28, 21, 69], [57, 98, 97, 3, 27, 1, 80, 11, 51, 46, 95]]",true
23,276,3039,2-opt,CMT3.vrp,"[[17, 90, 70, 81, 23, 56, 26], [12, 41, 43, 14, 44, 16, 37, 45, 8, 7, 10], [79, 65, 93, 61, 15, 58, 74, 24, 78, 39, 38, 18, 83], [67, 4, 99, 59, 96, 53, 47, 42, 6, 62], [40, 86, 87], [9, 89, 82, 94, 100, 25, 91, 68, 33, 50, 73, 76, 92, 2], [63, 5, 35, 30], [13, 34, 52, 22, 72, 20, 49, 32, 85], [66, 48, 88, 31, 55, 60, 36, 75, 71, 77], [84, 54, 19, 64, 29, 28, 21, 69], [57, 98, 97, 3, 27, 1, 80, 11, 51, 46, 95]]",true
24,293,3039,2-opt,CMT3.vrp,"[[17, 90, 70, 81, 23, 56, 26], [10, 7, 8, 45, 37, 16, 44, 14, 43, 41, 12], [79, 65, 93, 61, 15, 58, 74, 24, 78, 39, 38, 18, 83], [67, 4, 99, 59, 96, 53, 47, 42, 6, 62], [40, 86, 87], [9, 89, 82, 94, 100, 25, 91, 68, 33, 50, 73, 76, 92, 2], [63, 5, 35, 30], [13, 34, 52, 22, 72, 20, 49, 32, 85], [66, 48, 88, 31, 55, 60, 36, 75, 71, 77], [84, 54, 19, 64, 29, 28, 21, 69], [57, 98, 97, 3, 27, 1, 80, 11, 51, 46, 95]]",true
25,324,3025,2-opt,CMT3.vrp,"[[17, 90, 70, 81, 23, 56, 26], [10, 7, 8, 45, 37, 16, 44, 14, 43, 41, 12], [74, 58, 15, 61, 93, 65, 79, 24, 78, 39, 38, 18, 83], [67, 4, 99, 59, 96, 53, 47, 42, 6, 62], [40, 86, 87], [9, 89, 82, 94, 100, 25, 91, 68, 33, 50, 73, 76, 92, 2], [63, 5, 35, 30], [13, 34, 52, 22, 72, 20, 49, 32, 85], [66, 48, 88, 31, 55, 60, 36, 75, 71, 77], [84, 54, 19, 64, 29, 28, 21, 69], [57, 98, 97, 3, 27, 1, 80, 11, 51, 46, 95]]",true
26,335,2999,2-opt,CMT3.vrp,"[[17, 90, 70, 81, 23, 56, 26], [10, 7, 8, 45, 37, 16, 44, 14, 43, 41, 12], [79, 65, 78, 24, 74, 58, 15, 61, 93, 39, 38, 18, 83], [67, 4, 99, 59, 96, 53, 47, 42, 6, 62], [40, 86, 87], [9, 89, 82, 94, 100, 25, 91, 68, 33, 50, 73, 76, 92, 2], [63, 5, 35, 30], [13, 34, 52, 22, 72, 20, 49, 32, 85], [66, 48, 88, 31, 55, 60, 36, 75, 71, 77], [84, 54, 19, 64, 29, 28, 21, 69], [57, 98, 97, 3, 27, 1, 80, 11, 51, 46, 95]]",true
27,355,2986,2-opt,CMT3.vrp,"[[17, 90, 70, 81, 23, 56, 26], [10, 7, 8, 45, 37, 16, 44, 14, 43, 41, 12], [93, 61, 15, 58, 74, 24, 78, 65, 79, 39, 38, 18, 83], [67, 4, 99, 59, 96, 53, 47, 42, 6, 62], [40, 86, 87], [9, 89, 82, 94, 100, 25, 91, 68, 33, 50, 73, 76, 92, 2], [63, 5, 35, 30], [13, 34, 52, 22, 72, 20, 49, 32, 85], [66, 48, 88, 31, 55, 60, 36, 75, 71, 77], [84, 54, 19, 64, 29, 28, 21, 69], [57, 98, 97, 3, 27, 1, 80, 11, 51, 46, 95]]",true
28,370,2980,2-opt,CMT3.vrp,"[[17, 90, 70, 81, 23, 56, 26], [10, 7, 8, 45, 37, 16, 44, 14, 43, 41, 12], [79, 65, 78, 24, 39, 93, 61, 15, 58, 74, 38, 18, 83], [67, 4, 99, 59, 96, 53, 47, 42, 6, 62], [40, 86, 87], [9, 89, 82, 94, 100, 25, 91, 68, 33, 50, 73, 76, 92, 2], [63, 5, 35, 30], [13, 34, 52, 22, 72, 20, 49, 32, 85], [66, 48, 88, 31, 55, 60, 36, 75, 71, 77], [84, 54, 19, 64, 29, 28, 21, 69], [57, 98, 97, 3, 27, 1, 80, 11, 51, 46, 95]]",true
29,378,2979,2-opt,CMT3.vrp,"[[17, 90, 70, 81, 23, 56, 26], [10, 7, 8, 45, 37, 16, 44, 14, 43, 41, 12], [79, 65, 78, 24, 74, 39, 93, 61, 15, 58, 38, 18, 83], [67, 4, 99, 59, 96, 53, 47, 42, 6, 62], [40, 86, 87], [9, 89, 82, 94, 100, 25, 91, 68, 33, 50, 73, 76, 92, 2], [63, 5, 35, 30], [13, 34, 52, 22, 72, 20, 49, 32, 85], [66, 48, 88, 31, 55, 60, 36, 75, 71, 77], [84, 54, 19, 64, 29, 28, 21, 69], [57, 98, 97, 3, 27, 1, 80, 11, 51, 46, 95]]",true
30,386,2975,2-opt,CMT3.vrp,"[[17, 90, 70, 81, 23, 56, 26], [10, 7, 8, 45, 37, 16, 44, 14, 43, 41, 12], [79, 65, 78, 24, 74, 58, 39, 93, 61, 15, 38, 18, 83], [67, 4, 99, 59, 96, 53, 47, 42, 6, 62], [40, 86, 87], [9, 89, 82, 94, 100, 25, 91, 68, 33, 50, 73, 76, 92, 2], [63, 5, 35, 30], [13, 34, 52, 22, 72, 20, 49, 32, 85], [66, 48, 88, 31, 55, 60, 36, 75, 71, 77], [84, 54, 19, 64, 29, 28, 21, 69], [57, 98, 97, 3, 27, 1, 80, 11, 51, 46, 95]]",true
31,393,2969,2-opt,CMT3.vrp,"[[17, 90, 70, 81, 23, 56, 26], [10, 7, 8, 45, 37, 16, 44, 14, 43, 41, 12], [79, 65, 78, 24, 74, 58, 15, 39, 93, 61, 38, 18, 83], [67, 4, 99, 59, 96, 53, 47, 42, 6, 62], [40, 86, 87], [9, 89, 82, 94, 100, 25, 91, 68, 33, 50, 73, 76, 92, 2], [63, 5, 35, 30], [13, 34, 52, 22, 72, 20, 49, 32, 85], [66, 48, 88, 31, 55, 60, 36, 75, 71, 77], [84, 54, 19, 64, 29, 28, 21, 69], [57, 98, 97, 3, 27, 1, 80, 11, 51, 46, 95]]",true
32,413,2966,2-opt,CMT3.vrp,"[[17, 90, 70, 81, 23, 56, 26], [10, 7, 8, 45, 37, 16, 44, 14, 43, 41, 12], [79, 65, 78, 24, 58, 74, 15, 39, 93, 61, 38, 18, 83], [67, 4, 99, 59, 96, 53, 47, 42, 6, 62], [40, 86, 87], [9, 89, 82, 94, 100, 25, 91, 68, 33, 50, 73, 76, 92, 2], [63, 5, 35, 30], [13, 34, 52, 22, 72, 20, 49, 32, 85], [66, 48, 88, 31, 55, 60, 36, 75, 71, 77], [84, 54, 19, 64, 29, 28, 21, 69], [57, 98, 97, 3, 27, 1, 80, 11, 51, 46, 95]]",true
33,419,2950,2-opt,CMT3.vrp,"[[17, 90, 70, 81, 23, 56, 26], [10, 7, 8, 45, 37, 16, 44, 14, 43, 41, 12], [79, 65, 78, 24, 39, 15, 58, 74, 93, 61, 38, 18, 83], [67, 4, 99, 59, 96, 53, 47, 42, 6, 62], [40, 86, 87], [9, 89, 82, 94, 100, 25, 91, 68, 33, 50, 73, 76, 92, 2], [63, 5, 35, 30], [13, 34, 52, 22, 72, 20, 49, 32, 85], [66, 48, 88, 31, 55, 60, 36, 75, 71, 77], [84, 54, 19, 64, 29, 28, 21, 69], [57, 98, 97, 3, 27, 1, 80, 11, 51, 46, 95]]",true
34,427,2941,2-opt,CMT3.vrp,"[[17, 90, 70, 81, 23, 56, 26], [10, 7, 8, 45, 37, 16, 44, 14, 43, 41, 12], [79, 65, 78, 24, 74, 39, 15, 58, 93, 61, 38, 18, 83], [67, 4, 99, 59, 96, 53, 47, 42, 6, 62], [40, 86, 87], [9, 89, 82, 94, 100, 25, 91, 68, 33, 50, 73, 76, 92, 2], [63, 5, 35, 30], [13, 34, 52, 22, 72, 20, 49, 32, 85], [66, 48, 88, 31, 55, 60, 36, 75, 71, 77], [84, 54, 19, 64, 29, 28, 21, 69], [57, 98, 97, 3, 27, 1, 80, 11, 51, 46, 95]]",true
35,452,2922,2-opt,CMT3.vrp,"[[17, 90, 70, 81, 23, 56, 26], [10, 7, 8, 45, 37, 16, 44, 14, 43, 41, 12], [79, 65, 78, 24, 39, 74, 15, 58, 93, 61, 38, 18, 83], [67, 4, 99, 59, 96, 53, 47, 42, 6, 62], [40, 86, 87], [9, 89, 82, 94, 100, 25, 91, 68, 33, 50, 73, 76, 92, 2], [63, 5, 35, 30], [13, 34, 52, 22, 72, 20, 49, 32, 85], [66, 48, 88, 31, 55, 60, 36, 75, 71, 77], [84, 54, 19, 64, 29, 28, 21, 69], [57, 98, 97, 3, 27, 1, 80, 11, 51, 46, 95]]",true
36,469,2922,2-opt,CMT3.vrp,"[[17, 90, 70, 81, 23, 56, 26], [10, 7, 8, 45, 37, 16, 44, 14, 43, 41, 12], [83, 18, 38, 61, 93, 58, 15, 74, 39, 24, 78, 65, 79], [67, 4, 99, 59, 96, 53, 47, 42, 6, 62], [40, 86, 87], [9, 89, 82, 94, 100, 25, 91, 68, 33, 50, 73, 76, 92, 2], [63, 5, 35, 30], [13, 34, 52, 22, 72, 20, 49, 32, 85], [66, 48, 88, 31, 55, 60, 36, 75, 71, 77], [84, 54, 19, 64, 29, 28, 21, 69], [57, 98, 97, 3, 27, 1, 80, 11, 51, 46, 95]]",true
37,488,2909,2-opt,CMT3.vrp,"[[17, 90, 70, 81, 23, 56, 26], [10, 7, 8, 45, 37, 16, 44, 14, 43, 41, 12], [79, 65, 78, 24, 39, 74, 15, 38, 61, 93, 58, 18, 83], [67, 4, 99, 59, 96, 53, 47, 42, 6, 62], [40, 86, 87], [9, 89, 82, 94, 100, 25, 91, 68, 33, 50, 73, 76, 92, 2], [63, 5, 35, 30], [13, 34, 52, 22, 72, 20, 49, 32, 85], [66, 48, 88, 31, 55, 60, 36, 75, 71, 77], [84, 54, 19, 64, 29, 28, 21, 69], [57, 98, 97, 3, 27, 1, 80, 11, 51, 46, 95]]",true
38,515,2892,2-opt,CMT3.vrp,"[[17, 90, 70, 81, 23, 56, 26], [10, 7, 8, 45, 37, 16, 44, 14, 43, 41, 12], [79, 65, 78, 24, 39, 74, 15, 38, 61, 93, 83, 18, 58], [67, 4, 99, 59, 96, 53, 47, 42, 6, 62], [40, 86, 87], [9, 89, 82, 94, 100, 25, 91, 68, 33, 50, 73, 76, 92, 2], [63, 5, 35, 30], [13, 34, 52, 22, 72, 20, 49, 32, 85], [66, 48, 88, 31, 55, 60, 36, 75, 71, 77], [84, 54, 19, 64, 29, 28, 21, 69], [57, 98, 97, 3, 27, 1, 80, 11, 51, 46, 95]]",true
39,524,2891,2-opt,CMT3.vrp,"[[17, 90, 70, 81, 23, 56, 26], [10, 7, 8, 45, 37, 16, 44, 14, 43, 41, 12], [18, 83, 93, 61, 38, 15, 74, 39, 24, 78, 65, 79, 58], [67, 4, 99, 59, 96, 53, 47, 42, 6, 62], [40, 86, 87], [9, 89, 82, 94, 100, 25, 91, 68, 33, 50, 73, 76, 92, 2], [63, 5, 35, 30], [13, 34, 52, 22, 72, 20, 49, 32, 85], [66, 48, 88, 31, 55, 60, 36, 75, 71, 77], [84, 54, 19, 64, 29, 28, 21, 69], [57, 98, 97, 3, 27, 1, 80, 11, 51, 46, 95]]",true
40,565,2889,2-opt,CMT3.vrp,"[[17, 90, 70, 81, 23, 56, 26], [10, 7, 8, 45, 37, 16, 44, 14, 43, 41, 12], [18, 83, 93, 61, 38, 15, 74, 39, 24, 78, 65, 79, 58], [4, 67, 99, 59, 96, 53, 47, 42, 6, 62], [40, 86, 87], [9, 89, 82, 94, 100, 25, 91, 68, 33, 50, 73, 76, 92, 2], [63, 5, 35, 30], [13, 34, 52, 22, 72, 20, 49, 32, 85], [66, 48, 88, 31, 55, 60, 36, 75, 71, 77], [84, 54, 19, 64, 29, 28, 21, 69], [57, 98, 97, 3, 27, 1, 80, 11, 51, 46, 95]]",true
41,572,2887,2-opt,CMT3.vrp,"[[17, 90, 70, 81, 23, 56, 26], [10, 7, 8, 45, 37, 16, 44, 14, 43, 41, 12], [18, 83, 93, 61, 38, 15, 74, 39, 24, 78, 65, 79, 58], [96, 59, 99, 4, 67, 53, 47, 42, 6, 62], [40, 86, 87], [9, 89, 82, 94, 100, 25, 91, 68, 33, 50, 73, 76, 92, 2], [63, 5, 35, 30], [13, 34, 52, 22, 72, 20, 49, 32, 85], [66, 48, 88, 31, 55, 60, 36, 75, 71, 77], [84, 54, 19, 64, 29, 28, 21, 69], [57, 98, 97, 3, 27, 1, 80, 11, 51, 46, 95]]",true
42,579,2879,2-opt,CMT3.vrp,"[[17, 90, 70, 81, 23, 56, 26], [10, 7, 8, 45, 37, 16, 44, 14, 43, 41, 12], [18, 83, 93, 61, 38, 15, 74, 39, 24, 78, 65, 79, 58], [47, 53, 96, 59, 99, 4, 67, 42, 6, 62], [40, 86, 87], [9, 89, 82, 94, 100, 25, 91, 68, 33, 50, 73, 76, 92, 2], [63, 5, 35, 30], [13, 34, 52, 22, 72, 20, 49, 32, 85], [66, 48, 88, 31, 55, 60, 36, 75, 71, 77], [84, 54, 19, 64, 29, 28, 21, 69], [57, 98, 97, 3, 27, 1, 80, 11, 51, 46, 95]]",true
43,589,2871,2-opt,CMT3.vrp,"[[17, 90, 70, 81, 23, 56, 26], [10, 7, 8, 45, 37, 16, 44, 14, 43, 41, 12], [18, 83, 93, 61, 38, 15, 74, 39, 24, 78, 65, 79, 58], [67, 4, 53, 96, 59, 99, 47, 42, 6, 62], [40, 86, 87], [9, 89, 82, 94, 100, 25, 91, 68, 33, 50, 73, 76, 92, 2], [63, 5, 35, 30], [13, 34, 52, 22, 72, 20, 49, 32, 85], [66, 48, 88, 31, 55, 60, 36, 75, 71, 77], [84, 54, 19, 64, 29, 28, 21, 69], [57, 98, 97, 3, 27, 1, 80, 11, 51, 46, 95]]",true
44,600,2853,2-opt,CMT3.vrp,"[[17, 90, 70, 81, 23, 56, 26], [10, 7, 8, 45, 37, 16, 44, 14, 43, 41, 12], [18, 83, 93, 61, 38, 15, 74, 39, 24, 78, 65, 79, 58], [67, 4, 99, 59, 96, 53, 6, 42, 47, 62], [40, 86, 87], [9, 89, 82, 94, 100, 25, 91, 68, 33, 50, 73, 76, 92, 2], [63, 5, 35, 30], [13, 34, 52, 22, 72, 20, 49, 32, 85], [66, 48, 88, 31, 55, 60, 36, 75, 71, 77], [84, 54, 19, 64, 29, 28, 21, 69], [57, 98, 97, 3, 27, 1, 80, 11, 51, 46, 95]]",true
45,608,2850,2-opt,CMT3.vrp,"[[17, 90, 70, 81, 23, 56, 26], [10, 7, 8, 45, 37, 16, 44, 14, 43, 41, 12], [18, 83, 93, 61, 38, 15, 74, 39, 24, 78, 65, 79, 58], [4, 67, 99, 59, 96, 53, 6, 42, 47, 62], [40, 86, 87], [9, 89, 82, 94, 100, 25, 91, 68, 33, 50, 73, 76, 92, 2], [63, 5, 35, 30], [13, 34, 52, 22, 72, 20, 49, 32, 85], [66, 48, 88, 31, 55, 60, 36, 75, 71, 77], [84, 54, 19, 64, 29, 28, 21, 69], [57, 98, 97, 3, 27, 1, 80, 11, 51, 46, 95]]",true
46,620,2849,2-opt,CMT3.vrp,"[[17, 90, 70, 81, 23, 56, 26], [10, 7, 8, 45, 37, 16, 44, 14, 43, 41, 12], [18, 83, 93, 61, 38, 15, 74, 39, 24, 78, 65, 79, 58], [96, 59, 99, 4, 67, 53, 6, 42, 47, 62], [40, 86, 87], [9, 89, 82, 94, 100, 25, 91, 68, 33, 50, 73, 76, 92, 2], [63, 5, 35, 30], [13, 34, 52, 22, 72, 20, 49, 32, 85], [66, 48, 88, 31, 55, 60, 36, 75, 71, 77], [84, 54, 19, 64, 29, 28, 21, 69], [57, 98, 97, 3, 27, 1, 80, 11, 51, 46, 95]]",true
47,630,2846,2-opt,CMT3.vrp,"[[17, 90, 70, 81, 23, 56, 26], [10, 7, 8, 45, 37, 16, 44, 14, 43, 41, 12], [18, 83, 93, 61, 38, 15, 74, 39, 24, 78, 65, 79, 58], [6, 53, 96, 59, 99, 4, 67, 42, 47, 62], [40, 86, 87], [9, 89, 82, 94, 100, 25, 91, 68, 33, 50, 73, 76, 92, 2], [63, 5, 35, 30], [13, 34, 52, 22, 72, 20, 49, 32, 85], [66, 48, 88, 31, 55, 60, 36, 75, 71, 77], [84, 54, 19, 64, 29, 28, 21, 69], [57, 98, 97, 3, 27, 1, 80, 11, 51, 46, 95]]",true
48,644,2833,2-opt,CMT3.vrp,"[[17, 90, 70, 81, 23, 56, 26], [10, 7, 8, 45, 37, 16, 44, 14, 43, 41, 12], [18, 83, 93, 61, 38, 15, 74, 39, 24, 78, 65, 79, 58], [67, 4, 53, 96, 59, 99, 6, 42, 47, 62], [40, 86, 87], [9, 89, 82, 94, 100, 25, 91, 68, 33, 50, 73, 76, 92, 2], [63, 5, 35, 30], [13, 34, 52, 22, 72, 20, 49, 32, 85], [66, 48, 88, 31, 55, 60, 36, 75, 71, 77], [84, 54, 19, 64, 29, 28, 21, 69], [57, 98, 97, 3, 27, 1, 80, 11, 51, 46, 95]]",true
49,663,2833,2-opt,CMT3.vrp,"[[17, 90, 70, 81, 23, 56, 26], [10, 7, 8, 45, 37, 16, 44, 14, 43, 41, 12], [18, 83, 93, 61, 38, 15, 74, 39, 24, 78, 65, 79, 58], [4, 67, 53, 96, 59, 99, 6, 42, 47, 62], [40, 86, 87], [9, 89, 82, 94, 100, 25, 91, 68, 33, 50, 73, 76, 92, 2], [63, 5, 35, 30], [13, 34, 52, 22, 72, 20, 49, 32, 85], [66, 48, 88, 31, 55, 60, 36, 75, 71, 77], [84, 54, 19, 64, 29, 28, 21, 69], [57, 98, 97, 3, 27, 1, 80, 11, 51, 46, 95]]",true
50,671,2828,2-opt,CMT3.vrp,"[[17, 90, 70, 81, 23, 56, 26], [10, 7, 8, 45, 37, 16, 44, 14, 43, 41, 12], [18, 83, 93, 61, 38, 15, 74, 39, 24, 78, 65, 79, 58], [53, 4, 67, 96, 59, 99, 6, 42, 47, 62], [40, 86, 87], [9, 89, 82, 94, 100, 25, 91, 68, 33, 50, 73, 76, 92, 2], [63, 5, 35, 30], [13, 34, 52, 22, 72, 20, 49, 32, 85], [66, 48, 88, 31, 55, 60, 36, 75, 71, 77], [84, 54, 19, 64, 29, 28, 21, 69], [57, 98, 97, 3, 27, 1, 80, 11, 51, 46, 95]]",true
51,678,2826,2-opt,CMT3.vrp,"[[17, 90, 70, 81, 23, 56, 26], [10, 7, 8, 45, 37, 16, 44, 14, 43, 41, 12], [18, 83, 93, 61, 38, 15, 74, 39, 24, 78, 65, 79, 58], [6, 99, 59, 96, 53, 4, 67, 42, 47, 62], [40, 86, 87], [9, 89, 82, 94, 100, 25, 91, 68, 33, 50, 73, 76, 92, 2], [63, 5, 35, 30], [13, 34, 52, 22, 72, 20, 49, 32, 85], [66, 48, 88, 31, 55, 60, 36, 75, 71, 77], [84, 54, 19, 64, 29, 28, 21, 69], [57, 98, 97, 3, 27, 1, 80, 11, 51, 46, 95]]",true
52,692,2826,2-opt,CMT3.vrp,"[[17, 90, 70, 81, 23, 56, 26], [10, 7, 8, 45, 37, 16, 44, 14, 43, 41, 12], [18, 83, 93, 61, 38, 15, 74, 39, 24, 78, 65, 79, 58], [67, 4, 53, 96, 59, 99, 42, 6, 47, 62], [40, 86, 87], [9, 89, 82, 94, 100, 25, 91, 68, 33, 50, 73, 76, 92, 2], [63, 5, 35, 30], [13, 34, 52, 22, 72, 20, 49, 32, 85], [66, 48, 88, 31, 55, 60, 36, 75, 71, 77], [84, 54, 19, 64, 29, 28, 21, 69], [57, 98, 97, 3, 27, 1, 80, 11, 51, 46, 95]]",true
53,700,2825,2-opt,CMT3.vrp,"[[17, 90, 70, 81, 23, 56, 26], [10, 7, 8, 45, 37, 16, 44, 14, 43, 41, 12], [18, 83, 93, 61, 38, 15, 74, 39, 24, 78, 65, 79, 58], [4, 67, 53, 96, 59, 99, 42, 6, 47, 62], [40, 86, 87], [9, 89, 82, 94, 100, 25, 91, 68, 33, 50, 73, 76, 92, 2], [63, 5, 35, 30], [13, 34, 52, 22, 72, 20, 49, 32, 85], [66, 48, 88, 31, 55, 60, 36, 75, 71, 77], [84, 54, 19, 64, 29, 28, 21, 69], [57, 98, 97, 3, 27, 1, 80, 11, 51, 46, 95]]",true
54,715,2821,2-opt,CMT3.vrp,"[[17, 90, 70, 81, 23, 56, 26], [10, 7, 8, 45, 37, 16, 44, 14, 43, 41, 12], [18, 83, 93, 61, 38, 15, 74, 39, 24, 78, 65, 79, 58], [53, 4, 67, 96, 59, 99, 42, 6, 47, 62], [40, 86, 87], [9, 89, 82, 94, 100, 25, 91, 68, 33, 50, 73, 76, 92, 2], [63, 5, 35, 30], [13, 34, 52, 22, 72, 20, 49, 32, 85], [66, 48, 88, 31, 55, 60, 36, 75, 71, 77], [84, 54, 19, 64, 29, 28, 21, 69], [57, 98, 97, 3, 27, 1, 80, 11, 51, 46, 95]]",true
55,727,2819,2-opt,CMT3.vrp,"[[17, 90, 70, 81, 23, 56, 26], [10, 7, 8, 45, 37, 16, 44, 14, 43, 41, 12], [18, 83, 93, 61, 38, 15, 74, 39, 24, 78, 65, 79, 58], [67, 4, 53, 42, 99, 59, 96, 6, 47, 62], [40, 86, 87], [9, 89, 82, 94, 100, 25, 91, 68, 33, 50, 73, 76, 92, 2], [63, 5, 35, 30], [13, 34, 52, 22, 72, 20, 49, 32, 85], [66, 48, 88, 31, 55, 60, 36, 75, 71, 77], [84, 54, 19, 64, 29, 28, 21, 69], [57, 98, 97, 3, 27, 1, 80, 11, 51, 46, 95]]",true
56,738,2819,2-opt,CMT3.vrp,"[[17, 90, 70, 81, 23, 56, 26], [10, 7, 8, 45, 37, 16, 44, 14, 43, 41, 12], [18, 83, 93, 61, 38, 15, 74, 39, 24, 78, 65, 79, 58], [4, 67, 53, 42, 99, 59, 96, 6, 47, 62], [40, 86, 87], [9, 89, 82, 94, 100, 25, 91, 68, 33, 50, 73, 76, 92, 2], [63, 5, 35, 30], [13, 34, 52, 22, 72, 20, 49, 32, 85], [66, 48, 88, 31, 55, 60, 36, 75, 71, 77], [84, 54, 19, 64, 29, 28, 21, 69], [57, 98, 97, 3, 27, 1, 80, 11, 51, 46, 95]]",true
57,754,2801,2-opt,CMT3.vrp,"[[17, 90, 70, 81, 23, 56, 26], [10, 7, 8, 45, 37, 16, 44, 14, 43, 41, 12], [18, 83, 93, 61, 38, 15, 74, 39, 24, 78, 65, 79, 58], [53, 4, 67, 42, 99, 59, 96, 6, 47, 62], [40, 86, 87], [9, 89, 82, 94, 100, 25, 91, 68, 33, 50, 73, 76, 92, 2], [63, 5, 35, 30], [13, 34, 52, 22, 72, 20, 49, 32, 85], [66, 48, 88, 31, 55, 60, 36, 75, 71, 77], [84, 54, 19, 64, 29, 28, 21, 69], [57, 98, 97, 3, 27, 1, 80, 11, 51, 46, 95]]",true
58,777,2797,2-opt,CMT3.vrp,"[[17, 90, 70, 81, 23, 56, 26], [10, 7, 8, 45, 37, 16, 44, 14, 43, 41, 12], [18, 83, 93, 61, 38, 15, 74, 39, 24, 78, 65, 79, 58], [53, 4, 67, 42, 59, 99, 96, 6, 47, 62], [40, 86, 87], [9, 89, 82, 94, 100, 25, 91, 68, 33, 50, 73, 76, 92, 2], [63, 5, 35, 30], [13, 34, 52, 22, 72, 20, 49, 32, 85], [66, 48, 88, 31, 55, 60, 36, 75, 71, 77], [84, 54, 19, 64, 29, 28, 21, 69], [57, 98, 97, 3, 27, 1, 80, 11, 51, 46, 95]]",true
59,798,2797,2-opt,CMT3.vrp,"[[17, 90, 70, 81, 23, 56, 26], [10, 7, 8, 45, 37, 16, 44, 14, 43, 41, 12], [18, 83, 93, 61, 38, 15, 74, 39, 24, 78, 65, 79, 58], [53, 4, 67, 42, 59, 99, 96, 6, 47, 62], [87, 86, 40], [9, 89, 82, 94, 100, 25, 91, 68, 33, 50, 73, 76, 92, 2], [63, 5, 35, 30], [13, 34, 52, 22, 72, 20, 49, 32, 85], [66, 48, 88, 31, 55, 60, 36, 75, 71, 77], [84, 54, 19, 64, 29, 28, 21, 69], [57, 98, 97, 3, 27, 1, 80, 11, 51, 46, 95]]",true
60,804,2792,2-opt,CMT3.vrp,"[[17, 90, 70, 81, 23, 56, 26], [10, 7, 8, 45, 37, 16, 44, 14, 43, 41, 12], [18, 83, 93, 61, 38, 15, 74, 39, 24, 78, 65, 79, 58], [53, 4, 67, 42, 59, 99, 96, 6, 47, 62], [40, 87, 86], [9, 89, 82, 94, 100, 25, 91, 68, 33, 50, 73, 76, 92, 2], [63, 5, 35, 30], [13, 34, 52, 22, 72, 20, 49, 32, 85], [66, 48, 88, 31, 55, 60, 36, 75, 71, 77], [84, 54, 19, 64, 29, 28, 21, 69], [57, 98, 97, 3, 27, 1, 80, 11, 51, 46, 95]]",true
61,811,2792,2-opt,CMT3.vrp,"[[17, 90, 70, 81, 23, 56, 26], [10, 7, 8, 45, 37, 16, 44, 14, 43, 41, 12], [18, 83, 93, 61, 38, 15, 74, 39, 24, 78, 65, 79, 58], [53, 4, 67, 42, 59, 99, 96, 6, 47, 62], [86, 87, 40], [9, 89, 82, 94, 100, 25, 91, 68, 33, 50, 73, 76, 92, 2], [63, 5, 35, 30], [13, 34, 52, 22, 72, 20, 49, 32, 85], [66, 48, 88, 31, 55, 60, 36, 75, 71, 77], [84, 54, 19, 64, 29, 28, 21, 69], [57, 98, 97, 3, 27, 1, 80, 11, 51, 46, 95]]",true
62,821,2778,2-opt,CMT3.vrp,"[[17, 90, 70, 81, 23, 56, 26], [10, 7, 8, 45, 37, 16, 44, 14, 43, 41, 12], [18, 83, 93, 61, 38, 15, 74, 39, 24, 78, 65, 79, 58], [53, 4, 67, 42, 59, 99, 96, 6, 47, 62], [86, 87, 40], [100, 94, 82, 89, 9, 25, 91, 68, 33, 50, 73, 76, 92, 2], [63, 5, 35, 30], [13, 34, 52, 22, 72, 20, 49, 32, 85], [66, 48, 88, 31, 55, 60, 36, 75, 71, 77], [84, 54, 19, 64, 29, 28, 21, 69], [57, 98, 97, 3, 27, 1, 80, 11, 51, 46, 95]]",true
63,827,2761,2-opt,CMT3.vrp,"[[17, 90, 70, 81, 23, 56, 26], [10, 7, 8, 45, 37, 16, 44, 14, 43, 41, 12], [18, 83, 93, 61, 38, 15, 74, 39, 24, 78, 65, 79, 58], [53, 4, 67, 42, 59, 99, 96, 6, 47, 62], [86, 87, 40], [91, 25, 100, 94, 82, 89, 9, 68, 33, 50, 73, 76, 92, 2], [63, 5, 35, 30], [13, 34, 52, 22, 72, 20, 49, 32, 85], [66, 48, 88, 31, 55, 60, 36, 75, 71, 77], [84, 54, 19, 64, 29, 28, 21, 69], [57, 98, 97, 3, 27, 1, 80, 11, 51, 46, 95]]",true
64,838,2752,2-opt,CMT3.vrp,"[[17, 90, 70, 81, 23, 56, 26], [10, 7, 8, 45, 37, 16, 44, 14, 43, 41, 12], [18, 83, 93, 61, 38, 15, 74, 39, 24, 78, 65, 79, 58], [53, 4, 67, 42, 59, 99, 96, 6, 47, 62], [86, 87, 40], [9, 76, 73, 50, 33, 68, 91, 25, 100, 94, 82, 89, 92, 2], [63, 5, 35, 30], [13, 34, 52, 22, 72, 20, 49, 32, 85], [66, 48, 88, 31, 55, 60, 36, 75, 71, 77], [84, 54, 19, 64, 29, 28, 21, 69], [57, 98, 97, 3, 27, 1, 80, 11, 51, 46, 95]]",true
65,852,2723,2-opt,CMT3.vrp,"[[17, 90, 70, 81, 23, 56, 26], [10, 7, 8, 45, 37, 16, 44, 14, 43, 41, 12], [18, 83, 93, 61, 38, 15, 74, 39, 24, 78, 65, 79, 58], [53, 4, 67, 42, 59, 99, 96, 6, 47, 62], [86, 87, 40], [9, 89, 82, 94, 100, 91, 25, 68, 33, 50, 73, 76, 92, 2], [63, 5, 35, 30], [13, 34, 52, 22, 72, 20, 49, 32, 85], [66, 48, 88, 31, 55, 60, 36, 75, 71, 77], [84, 54, 19, 64, 29, 28, 21, 69], [57, 98, 97, 3, 27, 1, 80, 11, 51, 46, 95]]",true
66,868,2708,2-opt,CMT3.vrp,"[[17, 90, 70, 81, 23, 56, 26], [10, 7, 8, 45, 37, 16, 44, 14, 43, 41, 12], [18, 83, 93, 61, 38, 15, 74, 39, 24, 78, 65, 79, 58], [53, 4, 67, 42, 59, 99, 96, 6, 47, 62], [86, 87, 40], [91, 100, 94, 82, 89, 9, 25, 68, 33, 50, 73, 76, 92, 2], [63, 5, 35, 30], [13, 34, 52, 22, 72, 20, 49, 32, 85], [66, 48, 88, 31, 55, 60, 36, 75, 71, 77], [84, 54, 19, 64, 29, 28, 21, 69], [57, 98, 97, 3, 27, 1, 80, 11, 51, 46, 95]]",true
67,875,2707,2-opt,CMT3.vrp,"[[17, 90, 70, 81, 23, 56, 26], [10, 7, 8, 45, 37, 16, 44, 14, 43, 41, 12], [18, 83, 93, 61, 38, 15, 74, 39, 24, 78, 65, 79, 58], [53, 4, 67, 42, 59, 99, 96, 6, 47, 62], [86, 87, 40], [68, 25, 91, 100, 94, 82, 89, 9, 33, 50, 73, 76, 92, 2], [63, 5, 35, 30], [13, 34, 52, 22, 72, 20, 49, 32, 85], [66, 48, 88, 31, 55, 60, 36, 75, 71, 77], [84, 54, 19, 64, 29, 28, 21, 69], [57, 98, 97, 3, 27, 1, 80, 11, 51, 46, 95]]",true
68,882,2705,2-opt,CMT3.vrp,"[[17, 90, 70, 81, 23, 56, 26], [10, 7, 8, 45, 37, 16, 44, 14, 43, 41, 12], [18, 83, 93, 61, 38, 15, 74, 39, 24, 78, 65, 79, 58], [53, 4, 67, 42, 59, 99, 96, 6, 47, 62], [86, 87, 40], [73, 50, 33, 68, 25, 91, 100, 94, 82, 89, 9, 76, 92, 2], [63, 5, 35, 30], [13, 34, 52, 22, 72, 20, 49, 32, 85], [66, 48, 88, 31, 55, 60, 36, 75, 71, 77], [84, 54, 19, 64, 29, 28, 21, 69], [57, 98, 97, 3, 27, 1, 80, 11, 51, 46, 95]]",true
69,891,2695,2-opt,CMT3.vrp,"[[17, 90, 70, 81, 23, 56, 26], [10, 7, 8, 45, 37, 16, 44, 14, 43, 41, 12], [18, 83, 93, 61, 38, 15, 74, 39, 24, 78, 65, 79, 58], [53, 4, 67, 42, 59, 99, 96, 6, 47, 62], [86, 87, 40], [9, 50, 33, 68, 25, 91, 100, 94, 82, 89, 73, 76, 92, 2], [63, 5, 35, 30], [13, 34, 52, 22, 72, 20, 49, 32, 85], [66, 48, 88, 31, 55, 60, 36, 75, 71, 77], [84, 54, 19, 64, 29, 28, 21, 69], [57, 98, 97, 3, 27, 1, 80, 11, 51, 46, 95]]",true
70,898,2684,2-opt,CMT3.vrp,"[[17, 90, 70, 81, 23, 56, 26], [10, 7, 8, 45, 37, 16, 44, 14, 43, 41, 12], [18, 83, 93, 61, 38, 15, 74, 39, 24, 78, 65, 79, 58], [53, 4, 67, 42, 59, 99, 96, 6, 47, 62], [86, 87, 40], [9, 76, 73, 50, 33, 68, 25, 91, 100, 94, 82, 89, 92, 2], [63, 5, 35, 30], [13, 34, 52, 22, 72, 20, 49, 32, 85], [66, 48, 88, 31, 55, 60, 36, 75, 71, 77], [84, 54, 19, 64, 29, 28, 21, 69], [57, 98, 97, 3, 27, 1, 80, 11, 51, 46, 95]]",true
71,924,2657,2-opt,CMT3.vrp,"[[17, 90, 70, 81, 23, 56, 26], [10, 7, 8, 45, 37, 16, 44, 14, 43, 41, 12], [18, 83, 93, 61, 38, 15, 74, 39, 24, 78, 65, 79, 58], [53, 4, 67, 42, 59, 99, 96, 6, 47, 62], [86, 87, 40], [73, 76, 9, 50, 33, 68, 25, 91, 100, 94, 82, 89, 92, 2], [63, 5, 35, 30], [13, 34, 52, 22, 72, 20, 49, 32, 85], [66, 48, 88, 31, 55, 60, 36, 75, 71, 77], [84, 54, 19, 64, 29, 28, 21, 69], [57, 98, 97, 3, 27, 1, 80, 11, 51, 46, 95]]",true
72,953,2650,2-opt,CMT3.vrp,"[[17, 90, 70, 81, 23, 56, 26], [10, 7, 8, 45, 37, 16, 44, 14, 43, 41, 12], [18, 83, 93, 61, 38, 15, 74, 39, 24, 78, 65, 79, 58], [53, 4, 67, 42, 59, 99, 96, 6, 47, 62], [86, 87, 40], [25, 68, 33, 50, 9, 76, 73, 91, 100, 94, 82, 89, 92, 2], [63, 5, 35, 30], [13, 34, 52, 22, 72, 20, 49, 32, 85], [66, 48, 88, 31, 55, 60, 36, 75, 71, 77], [84, 54, 19, 64, 29, 28, 21, 69], [57, 98, 97, 3, 27, 1, 80, 11, 51, 46, 95]]",true
73,963,2644,2-opt,CMT3.vrp,"[[17, 90, 70, 81, 23, 56, 26], [10, 7, 8, 45, 37, 16, 44, 14, 43, 41, 12], [18, 83, 93, 61, 38, 15, 74, 39, 24, 78, 65, 79, 58], [53, 4, 67, 42, 59, 99, 96, 6, 47, 62], [86, 87, 40], [73, 25, 68, 33, 50, 9, 76, 91, 100, 94, 82, 89, 92, 2], [63, 5, 35, 30], [13, 34, 52, 22, 72, 20, 49, 32, 85], [66, 48, 88, 31, 55, 60, 36, 75, 71, 77], [84, 54, 19, 64, 29, 28, 21, 69], [57, 98, 97, 3, 27, 1, 80, 11, 51, 46, 95]]",true
74,971,2638,2-opt,CMT3.vrp,"[[17, 90, 70, 81, 23, 56, 26], [10, 7, 8, 45, 37, 16, 44, 14, 43, 41, 12], [18, 83, 93, 61, 38, 15, 74, 39, 24, 78, 65, 79, 58], [53, 4, 67, 42, 59, 99, 96, 6, 47, 62], [86, 87, 40], [73, 2, 92, 89, 82, 94, 100, 91, 25, 68, 33, 50, 9, 76], [63, 5, 35, 30], [13, 34, 52, 22, 72, 20, 49, 32, 85], [66, 48, 88, 31, 55, 60, 36, 75, 71, 77], [84, 54, 19, 64, 29, 28, 21, 69], [57, 98, 97, 3, 27, 1, 80, 11, 51, 46, 95]]",true
75,993,2615,2-opt,CMT3.vrp,"[[17, 90, 70, 81, 23, 56, 26], [10, 7, 8, 45, 37, 16, 44, 14, 43, 41, 12], [18, 83, 93, 61, 38, 15, 74, 39, 24, 78, 65, 79, 58], [53, 4, 67, 42, 59, 99, 96, 6, 47, 62], [86, 87, 40], [91, 100, 94, 82, 89, 92, 2, 73, 25, 68, 33, 50, 9, 76], [63, 5, 35, 30], [13, 34, 52, 22, 72, 20, 49, 32, 85], [66, 48, 88, 31, 55, 60, 36, 75, 71, 77], [84, 54, 19, 64, 29, 28, 21, 69], [57, 98, 97, 3, 27, 1, 80, 11, 51, 46, 95]]",true
76,1019,2615,2-opt,CMT3.vrp,"[[17, 90, 70, 81, 23, 56, 26], [10, 7, 8, 45, 37, 16, 44, 14, 43, 41, 12], [18, 83, 93, 61, 38, 15, 74, 39, 24, 78, 65, 79, 58], [53, 4, 67, 42, 59, 99, 96, 6, 47, 62], [86, 87, 40], [100, 91, 94, 82, 89, 92, 2, 73, 25, 68, 33, 50, 9, 76], [63, 5, 35, 30], [13, 34, 52, 22, 72, 20, 49, 32, 85], [66, 48, 88, 31, 55, 60, 36, 75, 71, 77], [84, 54, 19, 64, 29, 28, 21, 69], [57, 98, 97, 3, 27, 1, 80, 11, 51, 46, 95]]",true
77,1026,2607,2-opt,CMT3.vrp,"[[17, 90, 70, 81, 23, 56, 26], [10, 7, 8, 45, 37, 16, 44, 14, 43, 41, 12], [18, 83, 93, 61, 38, 15, 74, 39, 24, 78, 65, 79, 58], [53, 4, 67, 42, 59, 99, 96, 6, 47, 62], [86, 87, 40], [94, 100, 91, 82, 89, 92, 2, 73, 25, 68, 33, 50, 9, 76], [63, 5, 35, 30], [13, 34, 52, 22, 72, 20, 49, 32, 85], [66, 48, 88, 31, 55, 60, 36, 75, 71, 77], [84, 54, 19, 64, 29, 28, 21, 69], [57, 98, 97, 3, 27, 1, 80, 11, 51, 46, 95]]",true
78,1033,2592,2-opt,CMT3.vrp,"[[17, 90, 70, 81, 23, 56, 26], [10, 7, 8, 45, 37, 16, 44, 14, 43, 41, 12], [18, 83, 93, 61, 38, 15, 74, 39, 24, 78, 65, 79, 58], [53, 4, 67, 42, 59, 99, 96, 6, 47, 62], [86, 87, 40], [89, 82, 94, 100, 91, 92, 2, 73, 25, 68, 33, 50, 9, 76], [63, 5, 35, 30], [13, 34, 52, 22, 72, 20, 49, 32, 85], [66, 48, 88, 31, 55, 60, 36, 75, 71, 77], [84, 54, 19, 64, 29, 28, 21, 69], [57, 98, 97, 3, 27, 1, 80, 11, 51, 46, 95]]",true
79,1060,2592,2-opt,CMT3.vrp,"[[17, 90, 70, 81, 23, 56, 26], [10, 7, 8, 45, 37, 16, 44, 14, 43, 41, 12], [18, 83, 93, 61, 38, 15, 74, 39, 24, 78, 65, 79, 58], [53, 4, 67, 42, 59, 99, 96, 6, 47, 62], [86, 87, 40], [82, 89, 94, 100, 91, 92, 2, 73, 25, 68, 33, 50, 9, 76], [63, 5, 35, 30], [13, 34, 52, 22, 72, 20, 49, 32, 85], [66, 48, 88, 31, 55, 60, 36, 75, 71, 77], [84, 54, 19, 64, 29, 28, 21, 69], [57, 98, 97, 3, 27, 1, 80, 11, 51, 46, 95]]",true
80,1074,2590,2-opt,CMT3.vrp,"[[17, 90, 70, 81, 23, 56, 26], [10, 7, 8, 45, 37, 16, 44, 14, 43, 41, 12], [18, 83, 93, 61, 38, 15, 74, 39, 24, 78, 65, 79, 58], [53, 4, 67, 42, 59, 99, 96, 6, 47, 62], [86, 87, 40], [89, 82, 94, 92, 91, 100, 2, 73, 25, 68, 33, 50, 9, 76], [63, 5, 35, 30], [13, 34, 52, 22, 72, 20, 49, 32, 85], [66, 48, 88, 31, 55, 60, 36, 75, 71, 77], [84, 54, 19, 64, 29, 28, 21, 69], [57, 98, 97, 3, 27, 1, 80, 11, 51, 46, 95]]",true
81,1091,2584,2-opt,CMT3.vrp,"[[17, 90, 70, 81, 23, 56, 26], [10, 7, 8, 45, 37, 16, 44, 14, 43, 41, 12], [18, 83, 93, 61, 38, 15, 74, 39, 24, 78, 65, 79, 58], [53, 4, 67, 42, 59, 99, 96, 6, 47, 62], [86, 87, 40], [89, 82, 94, 100, 91, 92, 2, 73, 25, 68, 50, 33, 9, 76], [63, 5, 35, 30], [13, 34, 52, 22, 72, 20, 49, 32, 85], [66, 48, 88, 31, 55, 60, 36, 75, 71, 77], [84, 54, 19, 64, 29, 28, 21, 69], [57, 98, 97, 3, 27, 1, 80, 11, 51, 46, 95]]",true
82,1098,2579,2-opt,CMT3.vrp,"[[17, 90, 70, 81, 23, 56, 26], [10, 7, 8, 45, 37, 16, 44, 14, 43, 41, 12], [18, 83, 93, 61, 38, 15, 74, 39, 24, 78, 65, 79, 58], [53, 4, 67, 42, 59, 99, 96, 6, 47, 62], [86, 87, 40], [89, 82, 94, 100, 91, 92, 2, 73, 25, 68, 33, 9, 50, 76], [63, 5, 35, 30], [13, 34, 52, 22, 72, 20, 49, 32, 85], [66, 48, 88, 31, 55, 60, 36, 75, 71, 77], [84, 54, 19, 64, 29, 28, 21, 69], [57, 98, 97, 3, 27, 1, 80, 11, 51, 46, 95]]",true
83,1105,2579,2-opt,CMT3.vrp,"[[17, 90, 70, 81, 23, 56, 26], [10, 7, 8, 45, 37, 16, 44, 14, 43, 41, 12], [18, 83, 93, 61, 38, 15, 74, 39, 24, 78, 65, 79, 58], [53, 4, 67, 42, 59, 99, 96, 6, 47, 62], [86, 87, 40], [82, 89, 94, 100, 91, 92, 2, 73, 25, 68, 33, 9, 50, 76], [63, 5, 35, 30], [13, 34, 52, 22, 72, 20, 49, 32, 85], [66, 48, 88, 31, 55, 60, 36, 75, 71, 77], [84, 54, 19, 64, 29, 28, 21, 69], [57, 98, 97, 3, 27, 1, 80, 11, 51, 46, 95]]",true
84,1120,2577,2-opt,CMT3.vrp,"[[17, 90, 70, 81, 23, 56, 26], [10, 7, 8, 45, 37, 16, 44, 14, 43, 41, 12], [18, 83, 93, 61, 38, 15, 74, 39, 24, 78, 65, 79, 58], [53, 4, 67, 42, 59, 99, 96, 6, 47, 62], [86, 87, 40], [89, 82, 94, 92, 91, 100, 2, 73, 25, 68, 33, 9, 50, 76], [63, 5, 35, 30], [13, 34, 52, 22, 72, 20, 49, 32, 85], [66, 48, 88, 31, 55, 60, 36, 75, 71, 77], [84, 54, 19, 64, 29, 28, 21, 69], [57, 98, 97, 3, 27, 1, 80, 11, 51, 46, 95]]",true
85,1139,2576,2-opt,CMT3.vrp,"[[17, 90, 70, 81, 23, 56, 26], [10, 7, 8, 45, 37, 16, 44, 14, 43, 41, 12], [18, 83, 93, 61, 38, 15, 74, 39, 24, 78, 65, 79, 58], [53, 4, 67, 42, 59, 99, 96, 6, 47, 62], [86, 87, 40], [82, 89, 94, 92, 91, 100, 2, 73, 25, 68, 33, 9, 50, 76], [63, 5, 35, 30], [13, 34, 52, 22, 72, 20, 49, 32, 85], [66, 48, 88, 31, 55, 60, 36, 75, 71, 77], [84, 54, 19, 64, 29, 28, 21, 69], [57, 98, 97, 3, 27, 1, 80, 11, 51, 46, 95]]",true
86,1187,2539,2-opt,CMT3.vrp,"[[17, 90, 70, 81, 23, 56, 26], [10, 7, 8, 45, 37, 16, 44, 14, 43, 41, 12], [18, 83, 93, 61, 38, 15, 74, 39, 24, 78, 65, 79, 58], [53, 4, 67, 42, 59, 99, 96, 6, 47, 62], [86, 87, 40], [82, 89, 94, 92, 91, 100, 2, 73, 25, 68, 33, 9, 50, 76], [5, 63, 35, 30], [13, 34, 52, 22, 72, 20, 49, 32, 85], [66, 48, 88, 31, 55, 60, 36, 75, 71, 77], [84, 54, 19, 64, 29, 28, 21, 69], [57, 98, 97, 3, 27, 1, 80, 11, 51, 46, 95]]",true
87,1196,2534,2-opt,CMT3.vrp,"[[17, 90, 70, 81, 23, 56, 26], [10, 7, 8, 45, 37, 16, 44, 14, 43, 41, 12], [18, 83, 93, 61, 38, 15, 74, 39, 24, 78, 65, 79, 58], [53, 4, 67, 42, 59, 99, 96, 6, 47, 62], [86, 87, 40], [82, 89, 94, 92, 91, 100, 2, 73, 25, 68, 33, 9, 50, 76], [5, 63, 30, 35], [13, 34, 52, 22, 72, 20, 49, 32, 85], [66, 48, 88, 31, 55, 60, 36, 75, 71, 77], [84, 54, 19, 64, 29, 28, 21, 69], [57, 98, 97, 3, 27, 1, 80, 11, 51, 46, 95]]",true
88,1203,2534,2-opt,CMT3.vrp,"[[17, 90, 70, 81, 23, 56, 26], [10, 7, 8, 45, 37, 16, 44, 14, 43, 41, 12], [18, 83, 93, 61, 38, 15, 74, 39, 24, 78, 65, 79, 58], [53, 4, 67, 42, 59, 99, 96, 6, 47, 62], [86, 87, 40], [82, 89, 94, 92, 91, 100, 2, 73, 25, 68, 33, 9, 50, 76], [35, 30, 63, 5], [13, 34, 52, 22, 72, 20, 49, 32, 85], [66, 48, 88, 31, 55, 60, 36, 75, 71, 77], [84, 54, 19, 64, 29, 28, 21, 69], [57, 98, 97, 3, 27, 1, 80, 11, 51, 46, 95]]",true
89,1213,2518,2-opt,CMT3.vrp,"[[17, 90, 70, 81, 23, 56, 26], [10, 7, 8, 45, 37, 16, 44, 14, 43, 41, 12], [18, 83, 93, 61, 38, 15, 74, 39, 24, 78, 65, 79, 58], [53, 4, 67, 42, 59, 99, 96, 6, 47, 62], [86, 87, 40], [82, 89, 94, 92, 91, 100, 2, 73, 25, 68, 33, 9, 50, 76], [35, 30, 63, 5], [52, 34, 13, 22, 72, 20, 49, 32, 85], [66, 48, 88, 31, 55, 60, 36, 75, 71, 77], [84, 54, 19, 64, 29, 28, 21, 69], [57, 98, 97, 3, 27, 1, 80, 11, 51, 46, 95]]",true
90,1221,2480,2-opt,CMT3.vrp,"[[17, 90, 70, 81, 23, 56, 26], [10, 7, 8, 45, 37, 16, 44, 14, 43, 41, 12], [18, 83, 93, 61, 38, 15, 74, 39, 24, 78, 65, 79, 58], [53, 4, 67, 42, 59, 99, 96, 6, 47, 62], [86, 87, 40], [82, 89, 94, 92, 91, 100, 2, 73, 25, 68, 33, 9, 50, 76], [35, 30, 63, 5], [13, 72, 22, 52, 34, 20, 49, 32, 85], [66, 48, 88, 31, 55, 60, 36, 75, 71, 77], [84, 54, 19, 64, 29, 28, 21, 69], [57, 98, 97, 3, 27, 1, 80, 11, 51, 46, 95]]",true
91,1234,2477,2-opt,CMT3.vrp,"[[17, 90, 70, 81, 23, 56, 26], [10, 7, 8, 45, 37, 16, 44, 14, 43, 41, 12], [18, 83, 93, 61, 38, 15, 74, 39, 24, 78, 65, 79, 58], [53, 4, 67, 42, 59, 99, 96, 6, 47, 62], [86, 87, 40], [82, 89, 94, 92, 91, 100, 2, 73, 25, 68, 33, 9, 50, 76], [35, 30, 63, 5], [22, 72, 13, 52, 34, 20, 49, 32, 85], [66, 48, 88, 31, 55, 60, 36, 75, 71, 77], [84, 54, 19, 64, 29, 28, 21, 69], [57, 98, 97, 3, 27, 1, 80, 11, 51, 46, 95]]",true
92,1242,2467,2-opt,CMT3.vrp,"[[17, 90, 70, 81, 23, 56, 26], [10, 7, 8, 45, 37, 16, 44, 14, 43, 41, 12], [18, 83, 93, 61, 38, 15, 74, 39, 24, 78, 65, 79, 58], [53, 4, 67, 42, 59, 99, 96, 6, 47, 62], [86, 87, 40], [82, 89, 94, 92, 91, 100, 2, 73, 25, 68, 33, 9, 50, 76], [35, 30, 63, 5], [32, 49, 20, 34, 52, 22, 72, 13, 85], [66, 48, 88, 31, 55, 60, 36, 75, 71, 77], [84, 54, 19, 64, 29, 28, 21, 69], [57, 98, 97, 3, 27, 1, 80, 11, 51, 46, 95]]",true
93,1252,2462,2-opt,CMT3.vrp,"[[17, 90, 70, 81, 23, 56, 26], [10, 7, 8, 45, 37, 16, 44, 14, 43, 41, 12], [18, 83, 93, 61, 38, 15, 74, 39, 24, 78, 65, 79, 58], [53, 4, 67, 42, 59, 99, 96, 6, 47, 62], [86, 87, 40], [82, 89, 94, 92, 91, 100, 2, 73, 25, 68, 33, 9, 50, 76], [35, 30, 63, 5], [13, 72, 22, 85, 32, 49, 20, 34, 52], [66, 48, 88, 31, 55, 60, 36, 75, 71, 77], [84, 54, 19, 64, 29, 28, 21, 69], [57, 98, 97, 3, 27, 1, 80, 11, 51, 46, 95]]",true
94,1260,2448,2-opt,CMT3.vrp,"[[17, 90, 70, 81, 23, 56, 26], [10, 7, 8, 45, 37, 16, 44, 14, 43, 41, 12], [18, 83, 93, 61, 38, 15, 74, 39, 24, 78, 65, 79, 58], [53, 4, 67, 42, 59, 99, 96, 6, 47, 62], [86, 87, 40], [82, 89, 94, 92, 91, 100, 2, 73, 25, 68, 33, 9, 50, 76], [35, 30, 63, 5], [13, 72, 22, 52, 34, 20, 32, 49, 85], [66, 48, 88, 31, 55, 60, 36, 75, 71, 77], [84, 54, 19, 64, 29, 28, 21, 69], [57, 98, 97, 3, 27, 1, 80, 11, 51, 46, 95]]",true
95,1270,2445,2-opt,CMT3.vrp,"[[17, 90, 70, 81, 23, 56, 26], [10, 7, 8, 45, 37, 16, 44, 14, 43, 41, 12], [18, 83, 93, 61, 38, 15, 74, 39, 24, 78, 65, 79, 58], [53, 4, 67, 42, 59, 99, 96, 6, 47, 62], [86, 87, 40], [82, 89, 94, 92, 91, 100, 2, 73, 25, 68, 33, 9, 50, 76], [35, 30, 63, 5], [22, 72, 13, 52, 34, 20, 32, 49, 85], [66, 48, 88, 31, 55, 60, 36, 75, 71, 77], [84, 54, 19, 64, 29, 28, 21, 69], [57, 98, 97, 3, 27, 1, 80, 11, 51, 46, 95]]",true
96,1279,2443,2-opt,CMT3.vrp,"[[17, 90, 70, 81, 23, 56, 26], [10, 7, 8, 45, 37, 16, 44, 14, 43, 41, 12], [18, 83, 93, 61, 38, 15, 74, 39, 24, 78, 65, 79, 58], [53, 4, 67, 42, 59, 99, 96, 6, 47, 62], [86, 87, 40], [82, 89, 94, 92, 91, 100, 2, 73, 25, 68, 33, 9, 50, 76], [35, 30, 63, 5], [13, 85, 49, 32, 20, 34, 52, 22, 72], [66, 48, 88, 31, 55, 60, 36, 75, 71, 77], [84, 54, 19, 64, 29, 28, 21, 69], [57, 98, 97, 3, 27, 1, 80, 11, 51, 46, 95]]",true
97,1288,2430,2-opt,CMT3.vrp,"[[17, 90, 70, 81, 23, 56, 26], [10, 7, 8, 45, 37, 16, 44, 14, 43, 41, 12], [18, 83, 93, 61, 38, 15, 74, 39, 24, 78, 65, 79, 58], [53, 4, 67, 42, 59, 99, 96, 6, 47, 62], [86, 87, 40], [82, 89, 94, 92, 91, 100, 2, 73, 25, 68, 33, 9, 50, 76], [35, 30, 63, 5], [13, 72, 22, 85, 49, 32, 20, 34, 52], [66, 48, 88, 31, 55, 60, 36, 75, 71, 77], [84, 54, 19, 64, 29, 28, 21, 69], [57, 98, 97, 3, 27, 1, 80, 11, 51, 46, 95]]",true
98,1297,2429,2-opt,CMT3.vrp,"[[17, 90, 70, 81, 23, 56, 26], [10, 7, 8, 45, 37, 16, 44, 14, 43, 41, 12], [18, 83, 93, 61, 38, 15, 74, 39, 24, 78, 65, 79, 58], [53, 4, 67, 42, 59, 99, 96, 6, 47, 62], [86, 87, 40], [82, 89, 94, 92, 91, 100, 2, 73, 25, 68, 33, 9, 50, 76], [35, 30, 63, 5], [22, 72, 13, 85, 49, 32, 20, 34, 52], [66, 48, 88, 31, 55, 60, 36, 75, 71, 77], [84, 54, 19, 64, 29, 28, 21, 69], [57, 98, 97, 3, 27, 1, 80, 11, 51, 46, 95]]",true
99,1312,2427,2-opt,CMT3.vrp,"[[17, 90, 70, 81, 23, 56, 26], [10, 7, 8, 45, 37, 16, 44, 14, 43, 41, 12], [18, 83, 93, 61, 38, 15, 74, 39, 24, 78, 65, 79, 58], [53, 4, 67, 42, 59, 99, 96, 6, 47, 62], [86, 87, 40], [82, 89, 94, 92, 91, 100, 2, 73, 25, 68, 33, 9, 50, 76], [35, 30, 63, 5], [72, 22, 13, 85, 49, 32, 20, 34, 52], [66, 48, 88, 31, 55, 60, 36, 75, 71, 77], [84, 54, 19, 64, 29, 28, 21, 69], [57, 98, 97, 3, 27, 1, 80, 11, 51, 46, 95]]",true
100,1328,2427,2-opt,CMT3.vrp,"[[17, 90, 70, 81, 23, 56, 26], [10, 7, 8, 45, 37, 16, 44, 14, 43, 41, 12], [18, 83, 93, 61, 38, 15, 74, 39, 24, 78, 65, 79, 58], [53, 4, 67, 42, 59, 99, 96, 6, 47, 62], [86, 87, 40], [82, 89, 94, 92, 91, 100, 2, 73, 25, 68, 33, 9, 50, 76], [35, 30, 63, 5], [52, 34, 20, 32, 49, 85, 13, 22, 72], [66, 48, 88, 31, 55, 60, 36, 75, 71, 77], [84, 54, 19, 64, 29, 28, 21, 69], [57, 98, 97, 3, 27, 1, 80, 11, 51, 46, 95]]",true
101,1350,2412,2-opt,CMT3.vrp,"[[17, 90, 70, 81, 23, 56, 26], [10, 7, 8, 45, 37, 16, 44, 14, 43, 41, 12], [18, 83, 93, 61, 38, 15, 74, 39, 24, 78, 65, 79, 58], [53, 4, 67, 42, 59, 99, 96, 6, 47, 62], [86, 87, 40], [82, 89, 94, 92, 91, 100, 2, 73, 25, 68, 33, 9, 50, 76], [35, 30, 63, 5], [52, 34, 20, 32, 49, 85, 13, 22, 72], [31, 88, 48, 66, 55, 60, 36, 75, 71, 77], [84, 54, 19, 64, 29, 28, 21, 69], [57, 98, 97, 3, 27, 1, 80, 11, 51, 46, 95]]",true
102,1366,2366,2-opt,CMT3.vrp,"[[17, 90, 70, 81, 23, 56, 26], [10, 7, 8, 45, 37, 16, 44, 14, 43, 41, 12], [18, 83, 93, 61, 38, 15, 74, 39, 24, 78, 65, 79, 58], [53, 4, 67, 42, 59, 99, 96, 6, 47, 62], [86, 87, 40], [82, 89, 94, 92, 91, 100, 2, 73, 25, 68, 33, 9, 50, 76], [35, 30, 63, 5], [52, 34, 20, 32, 49, 85, 13, 22, 72], [75, 36, 60, 55, 31, 88, 48, 66, 71, 77], [84, 54, 19, 64, 29, 28, 21, 69], [57, 98, 97, 3, 27, 1, 80, 11, 51, 46, 95]]",true
103,1379,2364,2-opt,CMT3.vrp,"[[17, 90, 70, 81, 23, 56, 26], [10, 7, 8, 45, 37, 16, 44, 14, 43, 41, 12], [18, 83, 93, 61, 38, 15, 74, 39, 24, 78, 65, 79, 58], [53, 4, 67, 42, 59, 99, 96, 6, 47, 62], [86, 87, 40], [82, 89, 94, 92, 91, 100, 2, 73, 25, 68, 33, 9, 50, 76], [35, 30, 63, 5], [52, 34, 20, 32, 49, 85, 13, 22, 72], [66, 48, 88, 31, 36, 60, 55, 75, 71, 77], [84, 54, 19, 64, 29, 28, 21, 69], [57, 98, 97, 3, 27, 1, 80, 11, 51, 46, 95]]",true
104,1389,2360,2-opt,CMT3.vrp,"[[17, 90, 70, 81, 23, 56, 26], [10, 7, 8, 45, 37, 16, 44, 14, 43, 41, 12], [18, 83, 93, 61, 38, 15, 74, 39, 24, 78, 65, 79, 58], [53, 4, 67, 42, 59, 99, 96, 6, 47, 62], [86, 87, 40], [82, 89, 94, 92, 91, 100, 2, 73, 25, 68, 33, 9, 50, 76], [35, 30, 63, 5], [52, 34, 20, 32, 49, 85, 13, 22, 72], [31, 88, 48, 66, 36, 60, 55, 75, 71, 77], [84, 54, 19, 64, 29, 28, 21, 69], [57, 98, 97, 3, 27, 1, 80, 11, 51, 46, 95]]",true
105,1396,2346,2-opt,CMT3.vrp,"[[17, 90, 70, 81, 23, 56, 26], [10, 7, 8, 45, 37, 16, 44, 14, 43, 41, 12], [18, 83, 93, 61, 38, 15, 74, 39, 24, 78, 65, 79, 58], [53, 4, 67, 42, 59, 99, 96, 6, 47, 62], [86, 87, 40], [82, 89, 94, 92, 91, 100, 2, 73, 25, 68, 33, 9, 50, 76], [35, 30, 63, 5], [52, 34, 20, 32, 49, 85, 13, 22, 72], [60, 36, 31, 88, 48, 66, 55, 75, 71, 77], [84, 54, 19, 64, 29, 28, 21, 69], [57, 98, 97, 3, 27, 1, 80, 11, 51, 46, 95]]",true
106,1403,2303,2-opt,CMT3.vrp,"[[17, 90, 70, 81, 23, 56, 26], [10, 7, 8, 45, 37, 16, 44, 14, 43, 41, 12], [18, 83, 93, 61, 38, 15, 74, 39, 24, 78, 65, 79, 58], [53, 4, 67, 42, 59, 99, 96, 6, 47, 62], [86, 87, 40], [82, 89, 94, 92, 91, 100, 2, 73, 25, 68, 33, 9, 50, 76], [35, 30, 63, 5], [52, 34, 20, 32, 49, 85, 13, 22, 72], [75, 55, 60, 36, 31, 88, 48, 66, 71, 77], [84, 54, 19, 64, 29, 28, 21, 69], [57, 98, 97, 3, 27, 1, 80, 11, 51, 46, 95]]",true
107,1418,2298,2-opt,CMT3.vrp,"[[17, 90, 70, 81, 23, 56, 26], [10, 7, 8, 45, 37, 16, 44, 14, 43, 41, 12], [18, 83, 93, 61, 38, 15, 74, 39, 24, 78, 65, 79, 58], [53, 4, 67, 42, 59, 99, 96, 6, 47, 62], [86, 87, 40], [82, 89, 94, 92, 91, 100, 2, 73, 25, 68, 33, 9, 50, 76], [35, 30, 63, 5], [52, 34, 20, 32, 49, 85, 13, 22, 72], [55, 75, 60, 36, 31, 88, 48, 66, 71, 77], [84, 54, 19, 64, 29, 28, 21, 69], [57, 98, 97, 3, 27, 1, 80, 11, 51, 46, 95]]",true
108,1429,2277,2-opt,CMT3.vrp,"[[17, 90, 70, 81, 23, 56, 26], [10, 7, 8, 45, 37, 16, 44, 14, 43, 41, 12], [18, 83, 93, 61, 38, 15, 74, 39, 24, 78, 65, 79, 58], [53, 4, 67, 42, 59, 99, 96, 6, 47, 62], [86, 87, 40], [82, 89, 94, 92, 91, 100, 2, 73, 25, 68, 33, 9, 50, 76], [35, 30, 63, 5], [52, 34, 20, 32, 49, 85, 13, 22, 72], [75, 55, 77, 71, 66, 48, 88, 31, 36, 60], [84, 54, 19, 64, 29, 28, 21, 69], [57, 98, 97, 3, 27, 1, 80, 11, 51, 46, 95]]",true
109,1437,2273,2-opt,CMT3.vrp,"[[17, 90, 70, 81, 23, 56, 26], [10, 7, 8, 45, 37, 16, 44, 14, 43, 41, 12], [18, 83, 93, 61, 38, 15, 74, 39, 24, 78, 65, 79, 58], [53, 4, 67, 42, 59, 99, 96, 6, 47, 62], [86, 87, 40], [82, 89, 94, 92, 91, 100, 2, 73, 25, 68, 33, 9, 50, 76], [35, 30, 63, 5], [52, 34, 20, 32, 49, 85, 13, 22, 72], [75, 55, 60, 36, 48, 88, 31, 66, 71, 77], [84, 54, 19, 64, 29, 28, 21, 69], [57, 98, 97, 3, 27, 1, 80, 11, 51, 46, 95]]",true
110,1447,2267,2-opt,CMT3.vrp,"[[17, 90, 70, 81, 23, 56, 26], [10, 7, 8, 45, 37, 16, 44, 14, 43, 41, 12], [18, 83, 93, 61, 38, 15, 74, 39, 24, 78, 65, 79, 58], [53, 4, 67, 42, 59, 99, 96, 6, 47, 62], [86, 87, 40], [82, 89, 94, 92, 91, 100, 2, 73, 25, 68, 33, 9, 50, 76], [35, 30, 63, 5], [52, 34, 20, 32, 49, 85, 13, 22, 72], [55, 75, 60, 36, 48, 88, 31, 66, 71, 77], [84, 54, 19, 64, 29, 28, 21, 69], [57, 98, 97, 3, 27, 1, 80, 11, 51, 46, 95]]",true
111,1457,2246,2-opt,CMT3.vrp,"[[17, 90, 70, 81, 23, 56, 26], [10, 7, 8, 45, 37, 16, 44, 14, 43, 41, 12], [18, 83, 93, 61, 38, 15, 74, 39, 24, 78, 65, 79, 58], [53, 4, 67, 42, 59, 99, 96, 6, 47, 62], [86, 87, 40], [82, 89, 94, 92, 91, 100, 2, 73, 25, 68, 33, 9, 50, 76], [35, 30, 63, 5], [52, 34, 20, 32, 49, 85, 13, 22, 72], [75, 55, 77, 71, 66, 31, 88, 48, 36, 60], [84, 54, 19, 64, 29, 28, 21, 69], [57, 98, 97, 3, 27, 1, 80, 11, 51, 46, 95]]",true
112,1471,2246,2-opt,CMT3.vrp,"[[17, 90, 70, 81, 23, 56, 26], [10, 7, 8, 45, 37, 16, 44, 14, 43, 41, 12], [18, 83, 93, 61, 38, 15, 74, 39, 24, 78, 65, 79, 58], [53, 4, 67, 42, 59, 99, 96, 6, 47, 62], [86, 87, 40], [82, 89, 94, 92, 91, 100, 2, 73, 25, 68, 33, 9, 50, 76], [35, 30, 63, 5], [52, 34, 20, 32, 49, 85, 13, 22, 72], [60, 36, 48, 88, 31, 66, 71, 77, 55, 75], [84, 54, 19, 64, 29, 28, 21, 69], [57, 98, 97, 3, 27, 1, 80, 11, 51, 46, 95]]",true
113,1496,2222,2-opt,CMT3.vrp,"[[17, 90, 70, 81, 23, 56, 26], [10, 7, 8, 45, 37, 16, 44, 14, 43, 41, 12], [18, 83, 93, 61, 38, 15, 74, 39, 24, 78, 65, 79, 58], [53, 4, 67, 42, 59, 99, 96, 6, 47, 62], [86, 87, 40], [82, 89, 94, 92, 91, 100, 2, 73, 25, 68, 33, 9, 50, 76], [35, 30, 63, 5], [52, 34, 20, 32, 49, 85, 13, 22, 72], [60, 36, 48, 88, 31, 66, 71, 77, 55, 75], [54, 84, 19, 64, 29, 28, 21, 69], [57, 98, 97, 3, 27, 1, 80, 11, 51, 46, 95]]",true
114,1503,2201,2-opt,CMT3.vrp,"[[17, 90, 70, 81, 23, 56, 26], [10, 7, 8, 45, 37, 16, 44, 14, 43, 41, 12], [18, 83, 93, 61, 38, 15, 74, 39, 24, 78, 65, 79, 58], [53, 4, 67, 42, 59, 99, 96, 6, 47, 62], [86, 87, 40], [82, 89, 94, 92, 91, 100, 2, 73, 25, 68, 33, 9, 50, 76], [35, 30, 63, 5], [52, 34, 20, 32, 49, 85, 13, 22, 72], [60, 36, 48, 88, 31, 66, 71, 77, 55, 75], [84, 64, 19, 54, 29, 28, 21, 69], [57, 98, 97, 3, 27, 1, 80, 11, 51, 46, 95]]",true
115,1515,2197,2-opt,CMT3.vrp,"[[17, 90, 70, 81, 23, 56, 26], [10, 7, 8, 45, 37, 16, 44, 14, 43, 41, 12], [18, 83, 93, 61, 38, 15, 74, 39, 24, 78, 65, 79, 58], [53, 4, 67, 42, 59, 99, 96, 6, 47, 62], [86, 87, 40], [82, 89, 94, 92, 91, 100, 2, 73, 25, 68, 33, 9, 50, 76], [35, 30, 63, 5], [52, 34, 20, 32, 49, 85, 13, 22, 72], [60, 36, 48, 88, 31, 66, 71, 77, 55, 75], [21, 28, 29, 54, 19, 64, 84, 69], [57, 98, 97, 3, 27, 1, 80, 11, 51, 46, 95]]",true
116,1522,2195,2-opt,CMT3.vrp,"[[17, 90, 70, 81, 23, 56, 26], [10, 7, 8, 45, 37, 16, 44, 14, 43, 41, 12], [18, 83, 93, 61, 38, 15, 74, 39, 24, 78, 65, 79, 58], [53, 4, 67, 42, 59, 99, 96, 6, 47, 62], [86, 87, 40], [82, 89, 94, 92, 91, 100, 2, 73, 25, 68, 33, 9, 50, 76], [35, 30, 63, 5], [52, 34, 20, 32, 49, 85, 13, 22, 72], [60, 36, 48, 88, 31, 66, 71, 77, 55, 75], [84, 19, 64, 54, 29, 28, 21, 69], [57, 98, 97, 3, 27, 1, 80, 11, 51, 46, 95]]",true
117,1531,2195,2-opt,CMT3.vrp,"[[17, 90, 70, 81, 23, 56, 26], [10, 7, 8, 45, 37, 16, 44, 14, 43, 41, 12], [18, 83, 93, 61, 38, 15, 74, 39, 24, 78, 65, 79, 58], [53, 4, 67, 42, 59, 99, 96, 6, 47, 62], [86, 87, 40], [82, 89, 94, 92, 91, 100, 2, 73, 25, 68, 33, 9, 50, 76], [35, 30, 63, 5], [52, 34, 20, 32, 49, 85, 13, 22, 72], [60, 36, 48, 88, 31, 66, 71, 77, 55, 75], [84, 64, 19, 29, 54, 28, 21, 69], [57, 98, 97, 3, 27, 1, 80, 11, 51, 46, 95]]",true
118,1537,2181,2-opt,CMT3.vrp,"[[17, 90, 70, 81, 23, 56, 26], [10, 7, 8, 45, 37, 16, 44, 14, 43, 41, 12], [18, 83, 93, 61, 38, 15, 74, 39, 24, 78, 65, 79, 58], [53, 4, 67, 42, 59, 99, 96, 6, 47, 62], [86, 87, 40], [82, 89, 94, 92, 91, 100, 2, 73, 25, 68, 33, 9, 50, 76], [35, 30, 63, 5], [52, 34, 20, 32, 49, 85, 13, 22, 72], [60, 36, 48, 88, 31, 66, 71, 77, 55, 75], [84, 64, 19, 28, 29, 54, 21, 69], [57, 98, 97, 3, 27, 1, 80, 11, 51, 46, 95]]",true
119,1546,2177,2-opt,CMT3.vrp,"[[17, 90, 70, 81, 23, 56, 26], [10, 7, 8, 45, 37, 16, 44, 14, 43, 41, 12], [18, 83, 93, 61, 38, 15, 74, 39, 24, 78, 65, 79, 58], [53, 4, 67, 42, 59, 99, 96, 6, 47, 62], [86, 87, 40], [82, 89, 94, 92, 91, 100, 2, 73, 25, 68, 33, 9, 50, 76], [35, 30, 63, 5], [52, 34, 20, 32, 49, 85, 13, 22, 72], [60, 36, 48, 88, 31, 66, 71, 77, 55, 75], [21, 54, 29, 28, 19, 64, 84, 69], [57, 98, 97, 3, 27, 1, 80, 11, 51, 46, 95]]",true
120,1556,2166,2-opt,CMT3.vrp,"[[17, 90, 70, 81, 23, 56, 26], [10, 7, 8, 45, 37, 16, 44, 14, 43, 41, 12], [18, 83, 93, 61, 38, 15, 74, 39, 24, 78, 65, 79, 58], [53, 4, 67, 42, 59, 99, 96, 6, 47, 62], [86, 87, 40], [82, 89, 94, 92, 91, 100, 2, 73, 25, 68, 33, 9, 50, 76], [35, 30, 63, 5], [52, 34, 20, 32, 49, 85, 13, 22, 72], [60, 36, 48, 88, 31, 66, 71, 77, 55, 75], [84, 64, 19, 69, 21, 54, 29, 28], [57, 98, 97, 3, 27, 1, 80, 11, 51, 46, 95]]",true
121,1565,2161,2-opt,CMT3.vrp,"[[17, 90, 70, 81, 23, 56, 26], [10, 7, 8, 45, 37, 16, 44, 14, 43, 41, 12], [18, 83, 93, 61, 38, 15, 74, 39, 24, 78, 65, 79, 58], [53, 4, 67, 42, 59, 99, 96, 6, 47, 62], [86, 87, 40], [82, 89, 94, 92, 91, 100, 2, 73, 25, 68, 33, 9, 50, 76], [35, 30, 63, 5], [52, 34, 20, 32, 49, 85, 13, 22, 72], [60, 36, 48, 88, 31, 66, 71, 77, 55, 75], [69, 19, 64, 84, 21, 54, 29, 28], [57, 98, 97, 3, 27, 1, 80, 11, 51, 46, 95]]",true
122,1572,2161,2-opt,CMT3.vrp,"[[17, 90, 70, 81, 23, 56, 26], [10, 7, 8, 45, 37, 16, 44, 14, 43, 41, 12], [18, 83, 93, 61, 38, 15, 74, 39, 24, 78, 65, 79, 58], [53, 4, 67, 42, 59, 99, 96, 6, 47, 62], [86, 87, 40], [82, 89, 94, 92, 91, 100, 2, 73, 25, 68, 33, 9, 50, 76], [35, 30, 63, 5], [52, 34, 20, 32, 49, 85, 13, 22, 72], [60, 36, 48, 88, 31, 66, 71, 77, 55, 75], [84, 19, 64, 69, 21, 54, 29, 28], [57, 98, 97, 3, 27, 1, 80, 11, 51, 46, 95]]",true
123,1581,2159,2-opt,CMT3.vrp,"[[17, 90, 70, 81, 23, 56, 26], [10, 7, 8, 45, 37, 16, 44, 14, 43, 41, 12], [18, 83, 93, 61, 38, 15, 74, 39, 24, 78, 65, 79, 58], [53, 4, 67, 42, 59, 99, 96, 6, 47, 62], [86, 87, 40], [82, 89, 94, 92, 91, 100, 2, 73, 25, 68, 33, 9, 50, 76], [35, 30, 63, 5], [52, 34, 20, 32, 49, 85, 13, 22, 72], [60, 36, 48, 88, 31, 66, 71, 77, 55, 75], [84, 64, 19, 69, 29, 54, 21, 28], [57, 98, 97, 3, 27, 1, 80, 11, 51, 46, 95]]",true
124,1590,2154,2-opt,CMT3.vrp,"[[17, 90, 70, 81, 23, 56, 26], [10, 7, 8, 45, 37, 16, 44, 14, 43, 41, 12], [18, 83, 93, 61, 38, 15, 74, 39, 24, 78, 65, 79, 58], [53, 4, 67, 42, 59, 99, 96, 6, 47, 62], [86, 87, 40], [82, 89, 94, 92, 91, 100, 2, 73, 25, 68, 33, 9, 50, 76], [35, 30, 63, 5], [52, 34, 20, 32, 49, 85, 13, 22, 72], [60, 36, 48, 88, 31, 66, 71, 77, 55, 75], [84, 19, 64, 69, 29, 54, 21, 28], [57, 98, 97, 3, 27, 1, 80, 11, 51, 46, 95]]",true
125,1603,2154,2-opt,CMT3.vrp,"[[17, 90, 70, 81, 23, 56, 26], [10, 7, 8, 45, 37, 16, 44, 14, 43, 41, 12], [18, 83, 93, 61, 38, 15, 74, 39, 24, 78, 65, 79, 58], [53, 4, 67, 42, 59, 99, 96, 6, 47, 62], [86, 87, 40], [82, 89, 94, 92, 91, 100, 2, 73, 25, 68, 33, 9, 50, 76], [35, 30, 63, 5], [52, 34, 20, 32, 49, 85, 13, 22, 72], [60, 36, 48, 88, 31, 66, 71, 77, 55, 75], [28, 21, 54, 29, 69, 64, 19, 84], [57, 98, 97, 3, 27, 1, 80, 11, 51, 46, 95]]",true
126,1632,2150,2-opt,CMT3.vrp,"[[17, 90, 70, 81, 23, 56, 26], [10, 7, 8, 45, 37, 16, 44, 14, 43, 41, 12], [18, 83, 93, 61, 38, 15, 74, 39, 24, 78, 65, 79, 58], [53, 4, 67, 42, 59, 99, 96, 6, 47, 62], [86, 87, 40], [82, 89, 94, 92, 91, 100, 2, 73, 25, 68, 33, 9, 50, 76], [35, 30, 63, 5], [52, 34, 20, 32, 49, 85, 13, 22, 72], [60, 36, 48, 88, 31, 66, 71, 77, 55, 75], [28, 21, 54, 29, 69, 64, 19, 84], [97, 98, 57, 3, 27, 1, 80, 11, 51, 46, 95]]",true
127,1640,2147,2-opt,CMT3.vrp,"[[17, 90, 70, 81, 23, 56, 26], [10, 7, 8, 45, 37, 16, 44, 14, 43, 41, 12], [18, 83, 93, 61, 38, 15, 74, 39, 24, 78, 65, 79, 58], [53, 4, 67, 42, 59, 99, 96, 6, 47, 62], [86, 87, 40], [82, 89, 94, 92, 91, 100, 2, 73, 25, 68, 33, 9, 50, 76], [35, 30, 63, 5], [52, 34, 20, 32, 49, 85, 13, 22, 72], [60, 36, 48, 88, 31, 66, 71, 77, 55, 75], [28, 21, 54, 29, 69, 64, 19, 84], [46, 51, 11, 80, 1, 27, 3, 97, 98, 57, 95]]",true
128,1651,2141,2-opt,CMT3.vrp,"[[17, 90, 70, 81, 23, 56, 26], [10, 7, 8, 45, 37, 16, 44, 14, 43, 41, 12], [18, 83, 93, 61, 38, 15, 74, 39, 24, 78, 65, 79, 58], [53, 4, 67, 42, 59, 99, 96, 6, 47, 62], [86, 87, 40], [82, 89, 94, 92, 91, 100, 2, 73, 25, 68, 33, 9, 50, 76], [35, 30, 63, 5], [52, 34, 20, 32, 49, 85, 13, 22, 72], [60, 36, 48, 88, 31, 66, 71, 77, 55, 75], [28, 21, 54, 29, 69, 64, 19, 84], [57, 98, 97, 27, 3, 1, 80, 11, 51, 46, 95]]",true
129,1657,2136,2-opt,CMT3.vrp,"[[17, 90, 70, 81, 23, 56, 26], [10, 7, 8, 45, 37, 16, 44, 14, 43, 41, 12], [18, 83, 93, 61, 38, 15, 74, 39, 24, 78, 65, 79, 58], [53, 4, 67, 42, 59, 99, 96, 6, 47, 62], [86, 87, 40], [82, 89, 94, 92, 91, 100, 2, 73, 25, 68, 33, 9, 50, 76], [35, 30, 63, 5], [52, 34, 20, 32, 49, 85, 13, 22, 72], [60, 36, 48, 88, 31, 66, 71, 77, 55, 75], [28, 21, 54, 29, 69, 64, 19, 84], [57, 98, 97, 1, 27, 3, 80, 11, 51, 46, 95]]",true
130,1665,2126,2-opt,CMT3.vrp,"[[17, 90, 70, 81, 23, 56, 26], [10, 7, 8, 45, 37, 16, 44, 14, 43, 41, 12], [18, 83, 93, 61, 38, 15, 74, 39, 24, 78, 65, 79, 58], [53, 4, 67, 42, 59, 99, 96, 6, 47, 62], [86, 87, 40], [82, 89, 94, 92, 91, 100, 2, 73, 25, 68, 33, 9, 50, 76], [35, 30, 63, 5], [52, 34, 20, 32, 49, 85, 13, 22, 72], [60, 36, 48, 88, 31, 66, 71, 77, 55, 75], [28, 21, 54, 29, 69, 64, 19, 84], [57, 98, 97, 95, 46, 51, 11, 80, 1, 27, 3]]",true
131,1672,2125,2-opt,CMT3.vrp,"[[17, 90, 70, 81, 23, 56, 26], [10, 7, 8, 45, 37, 16, 44, 14, 43, 41, 12], [18, 83, 93, 61, 38, 15, 74, 39, 24, 78, 65, 79, 58], [53, 4, 67, 42, 59, 99, 96, 6, 47, 62], [86, 87, 40], [82, 89, 94, 92, 91, 100, 2, 73, 25, 68, 33, 9, 50, 76], [35, 30, 63, 5], [52, 34, 20, 32, 49, 85, 13, 22, 72], [60, 36, 48, 88, 31, 66, 71, 77, 55, 75], [28, 21, 54, 29, 69, 64, 19, 84], [57, 98, 97, 3, 80, 1, 27, 11, 51, 46, 95]]",true
132,1691,2107,2-opt,CMT3.vrp,"[[17, 90, 70, 81, 23, 56, 26], [10, 7, 8, 45, 37, 16, 44, 14, 43, 41, 12], [18, 83, 93, 61, 38, 15, 74, 39, 24, 78, 65, 79, 58], [53, 4, 67, 42, 59, 99, 96, 6, 47, 62], [86, 87, 40], [82, 89, 94, 92, 91, 100, 2, 73, 25, 68, 33, 9, 50, 76], [35, 30, 63, 5], [52, 34, 20, 32, 49, 85, 13, 22, 72], [60, 36, 48, 88, 31, 66, 71, 77, 55, 75], [28, 21, 54, 29, 69, 64, 19, 84], [57, 98, 97, 3, 27, 1, 80, 51, 11, 46, 95]]",true
133,1710,2103,2-opt,CMT3.vrp,"[[17, 90, 70, 81, 23, 56, 26], [10, 7, 8, 45, 37, 16, 44, 14, 43, 41, 12], [18, 83, 93, 61, 38, 15, 74, 39, 24, 78, 65, 79, 58], [53, 4, 67, 42, 59, 99, 96, 6, 47, 62], [86, 87, 40], [82, 89, 94, 92, 91, 100, 2, 73, 25, 68, 33, 9, 50, 76], [35, 30, 63, 5], [52, 34, 20, 32, 49, 85, 13, 22, 72], [60, 36, 48, 88, 31, 66, 71, 77, 55, 75], [28, 21, 54, 29, 69, 64, 19, 84], [97, 98, 57, 3, 27, 1, 80, 51, 11, 46, 95]]",true
134,1718,2100,2-opt,CMT3.vrp,"[[17, 90, 70, 81, 23, 56, 26], [10, 7, 8, 45, 37, 16, 44, 14, 43, 41, 12], [18, 83, 93, 61, 38, 15, 74, 39, 24, 78, 65, 79, 58], [53, 4, 67, 42, 59, 99, 96, 6, 47, 62], [86, 87, 40], [82, 89, 94, 92, 91, 100, 2, 73, 25, 68, 33, 9, 50, 76], [35, 30, 63, 5], [52, 34, 20, 32, 49, 85, 13, 22, 72], [60, 36, 48, 88, 31, 66, 71, 77, 55, 75], [28, 21, 54, 29, 69, 64, 19, 84], [46, 11, 51, 80, 1, 27, 3, 97, 98, 57, 95]]",true
135,1751,2094,2-opt,CMT3.vrp,"[[17, 90, 70, 81, 23, 56, 26], [10, 7, 8, 45, 37, 16, 44, 14, 43, 41, 12], [18, 83, 93, 61, 38, 15, 74, 39, 24, 78, 65, 79, 58], [53, 4, 67, 42, 59, 99, 96, 6, 47, 62], [86, 87, 40], [82, 89, 94, 92, 91, 100, 2, 73, 25, 68, 33, 9, 50, 76], [35, 30, 63, 5], [52, 34, 20, 32, 49, 85, 13, 22, 72], [60, 36, 48, 88, 31, 66, 71, 77, 55, 75], [28, 21, 54, 29, 69, 64, 19, 84], [57, 98, 97, 27, 3, 1, 80, 51, 11, 46, 95]]",true
136,1756,2090,2-opt,CMT3.vrp,"[[17, 90, 70, 81, 23, 56, 26], [10, 7, 8, 45, 37, 16, 44, 14, 43, 41, 12], [18, 83, 93, 61, 38, 15, 74, 39, 24, 78, 65, 79, 58], [53, 4, 67, 42, 59, 99, 96, 6, 47, 62], [86, 87, 40], [82, 89, 94, 92, 91, 100, 2, 73, 25, 68, 33, 9, 50, 76], [35, 30, 63, 5], [52, 34, 20, 32, 49, 85, 13, 22, 72], [60, 36, 48, 88, 31, 66, 71, 77, 55, 75], [28, 21, 54, 29, 69, 64, 19, 84], [57, 98, 97, 1, 27, 3, 80, 51, 11, 46, 95]]",true
137,1761,2079,2-opt,CMT3.vrp,"[[17, 90, 70, 81, 23, 56, 26], [10, 7, 8, 45, 37, 16, 44, 14, 43, 41, 12], [18, 83, 93, 61, 38, 15, 74, 39, 24, 78, 65, 79, 58], [53, 4, 67, 42, 59, 99, 96, 6, 47, 62], [86, 87, 40], [82, 89, 94, 92, 91, 100, 2, 73, 25, 68, 33, 9, 50, 76], [35, 30, 63, 5], [52, 34, 20, 32, 49, 85, 13, 22, 72], [60, 36, 48, 88, 31, 66, 71, 77, 55, 75], [28, 21, 54, 29, 69, 64, 19, 84], [57, 98, 97, 95, 46, 11, 51, 80, 1, 27, 3]]",true
138,1773,2078,2-opt,CMT3.vrp,"[[17, 90, 70, 81, 23, 56, 26], [10, 7, 8, 45, 37, 16, 44, 14, 43, 41, 12], [18, 83, 93, 61, 38, 15, 74, 39, 24, 78, 65, 79, 58], [53, 4, 67, 42, 59, 99, 96, 6, 47, 62], [86, 87, 40], [82, 89, 94, 92, 91, 100, 2, 73, 25, 68, 33, 9, 50, 76], [35, 30, 63, 5], [52, 34, 20, 32, 49, 85, 13, 22, 72], [60, 36, 48, 88, 31, 66, 71, 77, 55, 75], [28, 21, 54, 29, 69, 64, 19, 84], [57, 97, 98, 95, 46, 11, 51, 80, 1, 27, 3]]",true
139,1778,2076,2-opt,CMT3.vrp,"[[17, 90, 70, 81, 23, 56, 26], [10, 7, 8, 45, 37, 16, 44, 14, 43, 41, 12], [18, 83, 93, 61, 38, 15, 74, 39, 24, 78, 65, 79, 58], [53, 4, 67, 42, 59, 99, 96, 6, 47, 62], [86, 87, 40], [82, 89, 94, 92, 91, 100, 2, 73, 25, 68, 33, 9, 50, 76], [35, 30, 63, 5], [52, 34, 20, 32, 49, 85, 13, 22, 72], [60, 36, 48, 88, 31, 66, 71, 77, 55, 75], [28, 21, 54, 29, 69, 64, 19, 84], [57, 95, 97, 98, 46, 11, 51, 80, 1, 27, 3]]",true
140,1790,2072,2-opt,CMT3.vrp,"[[17, 90, 70, 81, 23, 56, 26], [10, 7, 8, 45, 37, 16, 44, 14, 43, 41, 12], [18, 83, 93, 61, 38, 15, 74, 39, 24, 78, 65, 79, 58], [53, 4, 67, 42, 59, 99, 96, 6, 47, 62], [86, 87, 40], [82, 89, 94, 92, 91, 100, 2, 73, 25, 68, 33, 9, 50, 76], [35, 30, 63, 5], [52, 34, 20, 32, 49, 85, 13, 22, 72], [60, 36, 48, 88, 31, 66, 71, 77, 55, 75], [28, 21, 54, 29, 69, 64, 19, 84], [57, 98, 97, 95, 46, 11, 27, 1, 80, 51, 3]]",true
141,1795,2067,2-opt,CMT3.vrp,"[[17, 90, 70, 81, 23, 56, 26], [10, 7, 8, 45, 37, 16, 44, 14, 43, 41, 12], [18, 83, 93, 61, 38, 15, 74, 39, 24, 78, 65, 79, 58], [53, 4, 67, 42, 59, 99, 96, 6, 47, 62], [86, 87, 40], [82, 89, 94, 92, 91, 100, 2, 73, 25, 68, 33, 9, 50, 76], [35, 30, 63, 5], [52, 34, 20, 32, 49, 85, 13, 22, 72], [60, 36, 48, 88, 31, 66, 71, 77, 55, 75], [28, 21, 54, 29, 69, 64, 19, 84], [57, 98, 97, 95, 46, 11, 51, 27, 1, 80, 3]]",true
142,1800,2061,2-opt,CMT3.vrp,"[[17, 90, 70, 81, 23, 56, 26], [10, 7, 8, 45, 37, 16, 44, 14, 43, 41, 12], [18, 83, 93, 61, 38, 15, 74, 39, 24, 78, 65, 79, 58], [53, 4, 67, 42, 59, 99, 96, 6, 47, 62], [86, 87, 40], [82, 89, 94, 92, 91, 100, 2, 73, 25, 68, 33, 9, 50, 76], [35, 30, 63, 5], [52, 34, 20, 32, 49, 85, 13, 22, 72], [60, 36, 48, 88, 31, 66, 71, 77, 55, 75], [28, 21, 54, 29, 69, 64, 19, 84], [57, 98, 97, 95, 46, 11, 51, 80, 3, 27, 1]]",true
143,1808,2060,2-opt,CMT3.vrp,"[[17, 90, 70, 81, 23, 56, 26], [10, 7, 8, 45, 37, 16, 44, 14, 43, 41, 12], [18, 83, 93, 61, 38, 15, 74, 39, 24, 78, 65, 79, 58], [53, 4, 67, 42, 59, 99, 96, 6, 47, 62], [86, 87, 40], [82, 89, 94, 92, 91, 100, 2, 73, 25, 68, 33, 9, 50, 76], [35, 30, 63, 5], [52, 34, 20, 32, 49, 85, 13, 22, 72], [60, 36, 48, 88, 31, 66, 71, 77, 55, 75], [28, 21, 54, 29, 69, 64, 19, 84], [57, 97, 98, 95, 46, 11, 51, 80, 3, 27, 1]]",true
144,1813,2058,2-opt,CMT3.vrp,"[[17, 90, 70, 81, 23, 56, 26], [10, 7, 8, 45, 37, 16, 44, 14, 43, 41, 12], [18, 83, 93, 61, 38, 15, 74, 39, 24, 78, 65, 79, 58], [53, 4, 67, 42, 59, 99, 96, 6, 47, 62], [86, 87, 40], [82, 89, 94, 92, 91, 100, 2, 73, 25, 68, 33, 9, 50, 76], [35, 30, 63, 5], [52, 34, 20, 32, 49, 85, 13, 22, 72], [60, 36, 48, 88, 31, 66, 71, 77, 55, 75], [28, 21, 54, 29, 69, 64, 19, 84], [57, 95, 97, 98, 46, 11, 51, 80, 3, 27, 1]]",true
145,1825,2054,2-opt,CMT3.vrp,"[[17, 90, 70, 81, 23, 56, 26], [10, 7, 8, 45, 37, 16, 44, 14, 43, 41, 12], [18, 83, 93, 61, 38, 15, 74, 39, 24, 78, 65, 79, 58], [53, 4, 67, 42, 59, 99, 96, 6, 47, 62], [86, 87, 40], [82, 89, 94, 92, 91, 100, 2, 73, 25, 68, 33, 9, 50, 76], [35, 30, 63, 5], [52, 34, 20, 32, 49, 85, 13, 22, 72], [60, 36, 48, 88, 31, 66, 71, 77, 55, 75], [28, 21, 54, 29, 69, 64, 19, 84], [57, 98, 97, 95, 46, 11, 51, 3, 80, 27, 1]]",true
146,1832,2044,2-opt,CMT3.vrp,"[[17, 90, 70, 81, 23, 56, 26], [10, 7, 8, 45, 37, 16, 44, 14, 43, 41, 12], [18, 83, 93, 61, 38, 15, 74, 39, 24, 78, 65, 79, 58], [53, 4, 67, 42, 59, 99, 96, 6, 47, 62], [86, 87, 40], [82, 89, 94, 92, 91, 100, 2, 73, 25, 68, 33, 9, 50, 76], [35, 30, 63, 5], [52, 34, 20, 32, 49, 85, 13, 22, 72], [60, 36, 48, 88, 31, 66, 71, 77, 55, 75], [28, 21, 54, 29, 69, 64, 19, 84], [57, 98, 97, 95, 46, 11, 51, 80, 3, 1, 27]]",true
147,1840,2044,2-opt,CMT3.vrp,"[[17, 90, 70, 81, 23, 56, 26], [10, 7, 8, 45, 37, 16, 44, 14, 43, 41, 12], [18, 83, 93, 61, 38, 15, 74, 39, 24, 78, 65, 79, 58], [53, 4, 67, 42, 59, 99, 96, 6, 47, 62], [86, 87, 40], [82, 89, 94, 92, 91, 100, 2, 73, 25, 68, 33, 9, 50, 76], [35, 30, 63, 5], [52, 34, 20, 32, 49, 85, 13, 22, 72], [60, 36, 48, 88, 31, 66, 71, 77, 55, 75], [28, 21, 54, 29, 69, 64, 19, 84], [57, 97, 98, 95, 46, 11, 51, 80, 3, 1, 27]]",true
148,1844,2041,2-opt,CMT3.vrp,"[[17, 90, 70, 81, 23, 56, 26], [10, 7, 8, 45, 37, 16, 44, 14, 43, 41, 12], [18, 83, 93, 61, 38, 15, 74, 39, 24, 78, 65, 79, 58], [53, 4, 67, 42, 59, 99, 96, 6, 47, 62], [86, 87, 40], [82, 89, 94, 92, 91, 100, 2, 73, 25, 68, 33, 9, 50, 76], [35, 30, 63, 5], [52, 34, 20, 32, 49, 85, 13, 22, 72], [60, 36, 48, 88, 31, 66, 71, 77, 55, 75], [28, 21, 54, 29, 69, 64, 19, 84], [57, 95, 97, 98, 46, 11, 51, 80, 3, 1, 27]]",true
149,1861,2039,2-opt,CMT3.vrp,"[[17, 90, 70, 81, 23, 56, 26], [10, 7, 8, 45, 37, 16, 44, 14, 43, 41, 12], [18, 83, 93, 61, 38, 15, 74, 39, 24, 78, 65, 79, 58], [53, 4, 67, 42, 59, 99, 96, 6, 47, 62], [86, 87, 40], [82, 89, 94, 92, 91, 100, 2, 73, 25, 68, 33, 9, 50, 76], [35, 30, 63, 5], [52, 34, 20, 32, 49, 85, 13, 22, 72], [60, 36, 48, 88, 31, 66, 71, 77, 55, 75], [28, 21, 54, 29, 69, 64, 19, 84], [57, 97, 95, 98, 46, 11, 51, 80, 3, 1, 27]]",true
150,1874,2038,2-opt,CMT3.vrp,"[[17, 90, 70, 81, 23, 56, 26], [10, 7, 8, 45, 37, 16, 44, 14, 43, 41, 12], [18, 83, 93, 61, 38, 15, 74, 39, 24, 78, 65, 79, 58], [53, 4, 67, 42, 59, 99, 96, 6, 47, 62], [86, 87, 40], [82, 89, 94, 92, 91, 100, 2, 73, 25, 68, 33, 9, 50, 76], [35, 30, 63, 5], [52, 34, 20, 32, 49, 85, 13, 22, 72], [60, 36, 48, 88, 31, 66, 71, 77, 55, 75], [28, 21, 54, 29, 69, 64, 19, 84], [57, 95, 97, 98, 46, 11, 51, 3, 80, 1, 27]]",true
151,1883,2036,2-opt,CMT3.vrp,"[[17, 90, 70, 81, 23, 56, 26], [10, 7, 8, 45, 37, 16, 44, 14, 43, 41, 12], [18, 83, 93, 61, 38, 15, 74, 39, 24, 78, 65, 79, 58], [53, 4, 67, 42, 59, 99, 96, 6, 47, 62], [86, 87, 40], [82, 89, 94, 92, 91, 100, 2, 73, 25, 68, 33, 9, 50, 76], [35, 30, 63, 5], [52, 34, 20, 32, 49, 85, 13, 22, 72], [60, 36, 48, 88, 31, 66, 71, 77, 55, 75], [28, 21, 54, 29, 69, 64, 19, 84], [57, 97, 95, 98, 46, 11, 51, 3, 80, 1, 27]]",true

