iteracion,tiempo_us,coste,operador,instancia,ruta_actual,conSplit
0,0,3453,OR-opt,CMT3.vrp,"[[81, 23, 26, 56, 70, 90, 17, 12, 43, 8, 7, 45, 37, 16, 41, 14], [10, 44, 79, 65, 93, 61, 15, 58, 74, 24, 78, 39, 38], [18, 83, 67, 4, 99, 59, 96, 53, 47, 42, 6, 62, 40], [86, 87, 9, 89, 82, 94, 100, 25, 91, 68], [33, 50, 73, 76, 92, 2, 63, 5, 35, 30, 13, 34, 52, 22], [72, 20, 49, 32, 85, 66, 48, 88], [31, 55, 60, 36, 75, 71, 77, 84, 54, 19, 64, 29, 28, 21, 69, 57, 98], [97, 3, 27, 1, 80, 11, 51, 46, 95]]",false
1,189,3423,OR-opt,CMT3.vrp,"[[26, 81, 23, 56, 70, 90, 17, 12, 43, 8, 7, 45, 37, 16, 41, 14], [10, 44, 79, 65, 93, 61, 15, 58, 74, 24, 78, 39, 38], [18, 83, 67, 4, 99, 59, 96, 53, 47, 42, 6, 62, 40], [86, 87, 9, 89, 82, 94, 100, 25, 91, 68], [33, 50, 73, 76, 92, 2, 63, 5, 35, 30, 13, 34, 52, 22], [72, 20, 49, 32, 85, 66, 48, 88], [31, 55, 60, 36, 75, 71, 77, 84, 54, 19, 64, 29, 28, 21, 69, 57, 98], [97, 3, 27, 1, 80, 11, 51, 46, 95]]",false
2,214,3419,OR-opt,CMT3.vrp,"[[26, 56, 70, 90, 17, 12, 81, 23, 43, 8, 7, 45, 37, 16, 41, 14], [10, 44, 79, 65, 93, 61, 15, 58, 74, 24, 78, 39, 38], [18, 83, 67, 4, 99, 59, 96, 53, 47, 42, 6, 62, 40], [86, 87, 9, 89, 82, 94, 100, 25, 91, 68], [33, 50, 73, 76, 92, 2, 63, 5, 35, 30, 13, 34, 52, 22], [72, 20, 49, 32, 85, 66, 48, 88], [31, 55, 60, 36, 75, 71, 77, 84, 54, 19, 64, 29, 28, 21, 69, 57, 98], [97, 3, 27, 1, 80, 11, 51, 46, 95]]",false
3,235,3414,OR-opt,CMT3.vrp,"[[81, 56, 23, 26, 70, 90, 17, 12, 43, 8, 7, 45, 37, 16, 41, 14], [10, 44, 79, 65, 93, 61, 15, 58, 74, 24, 78, 39, 38], [18, 83, 67, 4, 99, 59, 96, 53, 47, 42, 6, 62, 40], [86, 87, 9, 89, 82, 94, 100, 25, 91, 68], [33, 50, 73, 76, 92, 2, 63, 5, 35, 30, 13, 34, 52, 22], [72, 20, 49, 32, 85, 66, 48, 88], [31, 55, 60, 36, 75, 71, 77, 84, 54, 19, 64, 29, 28, 21, 69, 57, 98], [97, 3, 27, 1, 80, 11, 51, 46, 95]]",false
4,331,3382,OR-opt,CMT3.vrp,"[[81, 12, 43, 23, 26, 56, 70, 90, 17, 8, 7, 45, 37, 16, 41, 14], [10, 44, 79, 65, 93, 61, 15, 58, 74, 24, 78, 39, 38], [18, 83, 67, 4, 99, 59, 96, 53, 47, 42, 6, 62, 40], [86, 87, 9, 89, 82, 94, 100, 25, 91, 68], [33, 50, 73, 76, 92, 2, 63, 5, 35, 30, 13, 34, 52, 22], [72, 20, 49, 32, 85, 66, 48, 88], [31, 55, 60, 36, 75, 71, 77, 84, 54, 19, 64, 29, 28, 21, 69, 57, 98], [97, 3, 27, 1, 80, 11, 51, 46, 95]]",false
5,452,3376,OR-opt,CMT3.vrp,"[[43, 23, 81, 12, 26, 56, 70, 90, 17, 8, 7, 45, 37, 16, 41, 14], [10, 44, 79, 65, 93, 61, 15, 58, 74, 24, 78, 39, 38], [18, 83, 67, 4, 99, 59, 96, 53, 47, 42, 6, 62, 40], [86, 87, 9, 89, 82, 94, 100, 25, 91, 68], [33, 50, 73, 76, 92, 2, 63, 5, 35, 30, 13, 34, 52, 22], [72, 20, 49, 32, 85, 66, 48, 88], [31, 55, 60, 36, 75, 71, 77, 84, 54, 19, 64, 29, 28, 21, 69, 57, 98], [97, 3, 27, 1, 80, 11, 51, 46, 95]]",false
6,464,3367,OR-opt,CMT3.vrp,"[[43, 23, 26, 56, 81, 12, 70, 90, 17, 8, 7, 45, 37, 16, 41, 14], [10, 44, 79, 65, 93, 61, 15, 58, 74, 24, 78, 39, 38], [18, 83, 67, 4, 99, 59, 96, 53, 47, 42, 6, 62, 40], [86, 87, 9, 89, 82, 94, 100, 25, 91, 68], [33, 50, 73, 76, 92, 2, 63, 5, 35, 30, 13, 34, 52, 22], [72, 20, 49, 32, 85, 66, 48, 88], [31, 55, 60, 36, 75, 71, 77, 84, 54, 19, 64, 29, 28, 21, 69, 57, 98], [97, 3, 27, 1, 80, 11, 51, 46, 95]]",false
7,500,3343,OR-opt,CMT3.vrp,"[[81, 12, 26, 43, 23, 56, 70, 90, 17, 8, 7, 45, 37, 16, 41, 14], [10, 44, 79, 65, 93, 61, 15, 58, 74, 24, 78, 39, 38], [18, 83, 67, 4, 99, 59, 96, 53, 47, 42, 6, 62, 40], [86, 87, 9, 89, 82, 94, 100, 25, 91, 68], [33, 50, 73, 76, 92, 2, 63, 5, 35, 30, 13, 34, 52, 22], [72, 20, 49, 32, 85, 66, 48, 88], [31, 55, 60, 36, 75, 71, 77, 84, 54, 19, 64, 29, 28, 21, 69, 57, 98], [97, 3, 27, 1, 80, 11, 51, 46, 95]]",false
8,518,3321,OR-opt,CMT3.vrp,"[[81, 12, 26, 56, 70, 90, 17, 8, 7, 45, 37, 16, 43, 23, 41, 14], [10, 44, 79, 65, 93, 61, 15, 58, 74, 24, 78, 39, 38], [18, 83, 67, 4, 99, 59, 96, 53, 47, 42, 6, 62, 40], [86, 87, 9, 89, 82, 94, 100, 25, 91, 68], [33, 50, 73, 76, 92, 2, 63, 5, 35, 30, 13, 34, 52, 22], [72, 20, 49, 32, 85, 66, 48, 88], [31, 55, 60, 36, 75, 71, 77, 84, 54, 19, 64, 29, 28, 21, 69, 57, 98], [97, 3, 27, 1, 80, 11, 51, 46, 95]]",false
9,664,3317,OR-opt,CMT3.vrp,"[[26, 56, 81, 12, 70, 90, 17, 8, 7, 45, 37, 16, 43, 23, 41, 14], [10, 44, 79, 65, 93, 61, 15, 58, 74, 24, 78, 39, 38], [18, 83, 67, 4, 99, 59, 96, 53, 47, 42, 6, 62, 40], [86, 87, 9, 89, 82, 94, 100, 25, 91, 68], [33, 50, 73, 76, 92, 2, 63, 5, 35, 30, 13, 34, 52, 22], [72, 20, 49, 32, 85, 66, 48, 88], [31, 55, 60, 36, 75, 71, 77, 84, 54, 19, 64, 29, 28, 21, 69, 57, 98], [97, 3, 27, 1, 80, 11, 51, 46, 95]]",false
10,702,3301,OR-opt,CMT3.vrp,"[[81, 12, 70, 90, 17, 8, 7, 45, 37, 16, 43, 26, 56, 23, 41, 14], [10, 44, 79, 65, 93, 61, 15, 58, 74, 24, 78, 39, 38], [18, 83, 67, 4, 99, 59, 96, 53, 47, 42, 6, 62, 40], [86, 87, 9, 89, 82, 94, 100, 25, 91, 68], [33, 50, 73, 76, 92, 2, 63, 5, 35, 30, 13, 34, 52, 22], [72, 20, 49, 32, 85, 66, 48, 88], [31, 55, 60, 36, 75, 71, 77, 84, 54, 19, 64, 29, 28, 21, 69, 57, 98], [97, 3, 27, 1, 80, 11, 51, 46, 95]]",false
11,725,3301,OR-opt,CMT3.vrp,"[[70, 90, 81, 12, 26, 56, 17, 8, 7, 45, 37, 16, 43, 23, 41, 14], [10, 44, 79, 65, 93, 61, 15, 58, 74, 24, 78, 39, 38], [18, 83, 67, 4, 99, 59, 96, 53, 47, 42, 6, 62, 40], [86, 87, 9, 89, 82, 94, 100, 25, 91, 68], [33, 50, 73, 76, 92, 2, 63, 5, 35, 30, 13, 34, 52, 22], [72, 20, 49, 32, 85, 66, 48, 88], [31, 55, 60, 36, 75, 71, 77, 84, 54, 19, 64, 29, 28, 21, 69, 57, 98], [97, 3, 27, 1, 80, 11, 51, 46, 95]]",false
12,760,3296,OR-opt,CMT3.vrp,"[[81, 12, 26, 56, 70, 90, 7, 17, 8, 45, 37, 16, 43, 23, 41, 14], [10, 44, 79, 65, 93, 61, 15, 58, 74, 24, 78, 39, 38], [18, 83, 67, 4, 99, 59, 96, 53, 47, 42, 6, 62, 40], [86, 87, 9, 89, 82, 94, 100, 25, 91, 68], [33, 50, 73, 76, 92, 2, 63, 5, 35, 30, 13, 34, 52, 22], [72, 20, 49, 32, 85, 66, 48, 88], [31, 55, 60, 36, 75, 71, 77, 84, 54, 19, 64, 29, 28, 21, 69, 57, 98], [97, 3, 27, 1, 80, 11, 51, 46, 95]]",false
13,768,3294,OR-opt,CMT3.vrp,"[[81, 12, 26, 56, 70, 90, 7, 45, 17, 8, 37, 16, 43, 23, 41, 14], [10, 44, 79, 65, 93, 61, 15, 58, 74, 24, 78, 39, 38], [18, 83, 67, 4, 99, 59, 96, 53, 47, 42, 6, 62, 40], [86, 87, 9, 89, 82, 94, 100, 25, 91, 68], [33, 50, 73, 76, 92, 2, 63, 5, 35, 30, 13, 34, 52, 22], [72, 20, 49, 32, 85, 66, 48, 88], [31, 55, 60, 36, 75, 71, 77, 84, 54, 19, 64, 29, 28, 21, 69, 57, 98], [97, 3, 27, 1, 80, 11, 51, 46, 95]]",false
14,851,3291,OR-opt,CMT3.vrp,"[[81, 12, 26, 23, 41, 56, 70, 90, 17, 8, 7, 45, 37, 16, 43, 14], [10, 44, 79, 65, 93, 61, 15, 58, 74, 24, 78, 39, 38], [18, 83, 67, 4, 99, 59, 96, 53, 47, 42, 6, 62, 40], [86, 87, 9, 89, 82, 94, 100, 25, 91, 68], [33, 50, 73, 76, 92, 2, 63, 5, 35, 30, 13, 34, 52, 22], [72, 20, 49, 32, 85, 66, 48, 88], [31, 55, 60, 36, 75, 71, 77, 84, 54, 19, 64, 29, 28, 21, 69, 57, 98], [97, 3, 27, 1, 80, 11, 51, 46, 95]]",false
15,859,3282,OR-opt,CMT3.vrp,"[[81, 12, 26, 56, 23, 41, 70, 90, 17, 8, 7, 45, 37, 16, 43, 14], [10, 44, 79, 65, 93, 61, 15, 58, 74, 24, 78, 39, 38], [18, 83, 67, 4, 99, 59, 96, 53, 47, 42, 6, 62, 40], [86, 87, 9, 89, 82, 94, 100, 25, 91, 68], [33, 50, 73, 76, 92, 2, 63, 5, 35, 30, 13, 34, 52, 22], [72, 20, 49, 32, 85, 66, 48, 88], [31, 55, 60, 36, 75, 71, 77, 84, 54, 19, 64, 29, 28, 21, 69, 57, 98], [97, 3, 27, 1, 80, 11, 51, 46, 95]]",false
16,952,3252,OR-opt,CMT3.vrp,"[[70, 90, 81, 12, 26, 56, 23, 41, 17, 8, 7, 45, 37, 16, 43, 14], [10, 44, 79, 65, 93, 61, 15, 58, 74, 24, 78, 39, 38], [18, 83, 67, 4, 99, 59, 96, 53, 47, 42, 6, 62, 40], [86, 87, 9, 89, 82, 94, 100, 25, 91, 68], [33, 50, 73, 76, 92, 2, 63, 5, 35, 30, 13, 34, 52, 22], [72, 20, 49, 32, 85, 66, 48, 88], [31, 55, 60, 36, 75, 71, 77, 84, 54, 19, 64, 29, 28, 21, 69, 57, 98], [97, 3, 27, 1, 80, 11, 51, 46, 95]]",false
17,1179,3250,OR-opt,CMT3.vrp,"[[8, 7, 70, 90, 81, 12, 26, 56, 23, 41, 17, 45, 37, 16, 43, 14], [10, 44, 79, 65, 93, 61, 15, 58, 74, 24, 78, 39, 38], [18, 83, 67, 4, 99, 59, 96, 53, 47, 42, 6, 62, 40], [86, 87, 9, 89, 82, 94, 100, 25, 91, 68], [33, 50, 73, 76, 92, 2, 63, 5, 35, 30, 13, 34, 52, 22], [72, 20, 49, 32, 85, 66, 48, 88], [31, 55, 60, 36, 75, 71, 77, 84, 54, 19, 64, 29, 28, 21, 69, 57, 98], [97, 3, 27, 1, 80, 11, 51, 46, 95]]",false
18,1195,3241,OR-opt,CMT3.vrp,"[[70, 90, 81, 12, 26, 56, 23, 41, 17, 45, 8, 7, 37, 16, 43, 14], [10, 44, 79, 65, 93, 61, 15, 58, 74, 24, 78, 39, 38], [18, 83, 67, 4, 99, 59, 96, 53, 47, 42, 6, 62, 40], [86, 87, 9, 89, 82, 94, 100, 25, 91, 68], [33, 50, 73, 76, 92, 2, 63, 5, 35, 30, 13, 34, 52, 22], [72, 20, 49, 32, 85, 66, 48, 88], [31, 55, 60, 36, 75, 71, 77, 84, 54, 19, 64, 29, 28, 21, 69, 57, 98], [97, 3, 27, 1, 80, 11, 51, 46, 95]]",false
19,1235,3239,OR-opt,CMT3.vrp,"[[70, 90, 81, 12, 26, 56, 23, 41, 37, 16, 17, 8, 7, 45, 43, 14], [10, 44, 79, 65, 93, 61, 15, 58, 74, 24, 78, 39, 38], [18, 83, 67, 4, 99, 59, 96, 53, 47, 42, 6, 62, 40], [86, 87, 9, 89, 82, 94, 100, 25, 91, 68], [33, 50, 73, 76, 92, 2, 63, 5, 35, 30, 13, 34, 52, 22], [72, 20, 49, 32, 85, 66, 48, 88], [31, 55, 60, 36, 75, 71, 77, 84, 54, 19, 64, 29, 28, 21, 69, 57, 98], [97, 3, 27, 1, 80, 11, 51, 46, 95]]",false
20,1264,3225,OR-opt,CMT3.vrp,"[[70, 90, 81, 12, 26, 56, 23, 41, 43, 14, 17, 8, 7, 45, 37, 16], [10, 44, 79, 65, 93, 61, 15, 58, 74, 24, 78, 39, 38], [18, 83, 67, 4, 99, 59, 96, 53, 47, 42, 6, 62, 40], [86, 87, 9, 89, 82, 94, 100, 25, 91, 68], [33, 50, 73, 76, 92, 2, 63, 5, 35, 30, 13, 34, 52, 22], [72, 20, 49, 32, 85, 66, 48, 88], [31, 55, 60, 36, 75, 71, 77, 84, 54, 19, 64, 29, 28, 21, 69, 57, 98], [97, 3, 27, 1, 80, 11, 51, 46, 95]]",false
21,1399,3224,OR-opt,CMT3.vrp,"[[8, 7, 70, 90, 81, 12, 26, 56, 23, 41, 43, 14, 17, 45, 37, 16], [10, 44, 79, 65, 93, 61, 15, 58, 74, 24, 78, 39, 38], [18, 83, 67, 4, 99, 59, 96, 53, 47, 42, 6, 62, 40], [86, 87, 9, 89, 82, 94, 100, 25, 91, 68], [33, 50, 73, 76, 92, 2, 63, 5, 35, 30, 13, 34, 52, 22], [72, 20, 49, 32, 85, 66, 48, 88], [31, 55, 60, 36, 75, 71, 77, 84, 54, 19, 64, 29, 28, 21, 69, 57, 98], [97, 3, 27, 1, 80, 11, 51, 46, 95]]",false
22,1416,3215,OR-opt,CMT3.vrp,"[[70, 90, 81, 12, 26, 56, 23, 41, 43, 14, 17, 45, 8, 7, 37, 16], [10, 44, 79, 65, 93, 61, 15, 58, 74, 24, 78, 39, 38], [18, 83, 67, 4, 99, 59, 96, 53, 47, 42, 6, 62, 40], [86, 87, 9, 89, 82, 94, 100, 25, 91, 68], [33, 50, 73, 76, 92, 2, 63, 5, 35, 30, 13, 34, 52, 22], [72, 20, 49, 32, 85, 66, 48, 88], [31, 55, 60, 36, 75, 71, 77, 84, 54, 19, 64, 29, 28, 21, 69, 57, 98], [97, 3, 27, 1, 80, 11, 51, 46, 95]]",false
23,1454,3203,OR-opt,CMT3.vrp,"[[70, 90, 81, 12, 26, 56, 23, 41, 43, 14, 37, 16, 17, 8, 7, 45], [10, 44, 79, 65, 93, 61, 15, 58, 74, 24, 78, 39, 38], [18, 83, 67, 4, 99, 59, 96, 53, 47, 42, 6, 62, 40], [86, 87, 9, 89, 82, 94, 100, 25, 91, 68], [33, 50, 73, 76, 92, 2, 63, 5, 35, 30, 13, 34, 52, 22], [72, 20, 49, 32, 85, 66, 48, 88], [31, 55, 60, 36, 75, 71, 77, 84, 54, 19, 64, 29, 28, 21, 69, 57, 98], [97, 3, 27, 1, 80, 11, 51, 46, 95]]",false
24,1610,3202,OR-opt,CMT3.vrp,"[[8, 7, 70, 90, 81, 12, 26, 56, 23, 41, 43, 14, 37, 16, 17, 45], [10, 44, 79, 65, 93, 61, 15, 58, 74, 24, 78, 39, 38], [18, 83, 67, 4, 99, 59, 96, 53, 47, 42, 6, 62, 40], [86, 87, 9, 89, 82, 94, 100, 25, 91, 68], [33, 50, 73, 76, 92, 2, 63, 5, 35, 30, 13, 34, 52, 22], [72, 20, 49, 32, 85, 66, 48, 88], [31, 55, 60, 36, 75, 71, 77, 84, 54, 19, 64, 29, 28, 21, 69, 57, 98], [97, 3, 27, 1, 80, 11, 51, 46, 95]]",false
25,1629,3177,OR-opt,CMT3.vrp,"[[70, 90, 81, 12, 26, 56, 23, 41, 43, 14, 37, 16, 17, 45, 8, 7], [10, 44, 79, 65, 93, 61, 15, 58, 74, 24, 78, 39, 38], [18, 83, 67, 4, 99, 59, 96, 53, 47, 42, 6, 62, 40], [86, 87, 9, 89, 82, 94, 100, 25, 91, 68], [33, 50, 73, 76, 92, 2, 63, 5, 35, 30, 13, 34, 52, 22], [72, 20, 49, 32, 85, 66, 48, 88], [31, 55, 60, 36, 75, 71, 77, 84, 54, 19, 64, 29, 28, 21, 69, 57, 98], [97, 3, 27, 1, 80, 11, 51, 46, 95]]",false
26,1880,3099,OR-opt,CMT3.vrp,"[[70, 90, 81, 12, 26, 56, 23, 41, 43, 14, 37, 16, 17, 45, 8, 7], [79, 65, 10, 44, 93, 61, 15, 58, 74, 24, 78, 39, 38], [18, 83, 67, 4, 99, 59, 96, 53, 47, 42, 6, 62, 40], [86, 87, 9, 89, 82, 94, 100, 25, 91, 68], [33, 50, 73, 76, 92, 2, 63, 5, 35, 30, 13, 34, 52, 22], [72, 20, 49, 32, 85, 66, 48, 88], [31, 55, 60, 36, 75, 71, 77, 84, 54, 19, 64, 29, 28, 21, 69, 57, 98], [97, 3, 27, 1, 80, 11, 51, 46, 95]]",false
27,1919,3086,OR-opt,CMT3.vrp,"[[70, 90, 81, 12, 26, 56, 23, 41, 43, 14, 37, 16, 17, 45, 8, 7], [10, 44, 93, 61, 15, 58, 74, 24, 79, 65, 78, 39, 38], [18, 83, 67, 4, 99, 59, 96, 53, 47, 42, 6, 62, 40], [86, 87, 9, 89, 82, 94, 100, 25, 91, 68], [33, 50, 73, 76, 92, 2, 63, 5, 35, 30, 13, 34, 52, 22], [72, 20, 49, 32, 85, 66, 48, 88], [31, 55, 60, 36, 75, 71, 77, 84, 54, 19, 64, 29, 28, 21, 69, 57, 98], [97, 3, 27, 1, 80, 11, 51, 46, 95]]",false
28,2024,3080,OR-opt,CMT3.vrp,"[[70, 90, 81, 12, 26, 56, 23, 41, 43, 14, 37, 16, 17, 45, 8, 7], [93, 61, 15, 58, 74, 24, 79, 65, 78, 39, 10, 44, 38], [18, 83, 67, 4, 99, 59, 96, 53, 47, 42, 6, 62, 40], [86, 87, 9, 89, 82, 94, 100, 25, 91, 68], [33, 50, 73, 76, 92, 2, 63, 5, 35, 30, 13, 34, 52, 22], [72, 20, 49, 32, 85, 66, 48, 88], [31, 55, 60, 36, 75, 71, 77, 84, 54, 19, 64, 29, 28, 21, 69, 57, 98], [97, 3, 27, 1, 80, 11, 51, 46, 95]]",false
29,2032,3077,OR-opt,CMT3.vrp,"[[70, 90, 81, 12, 26, 56, 23, 41, 43, 14, 37, 16, 17, 45, 8, 7], [10, 61, 44, 93, 15, 58, 74, 24, 79, 65, 78, 39, 38], [18, 83, 67, 4, 99, 59, 96, 53, 47, 42, 6, 62, 40], [86, 87, 9, 89, 82, 94, 100, 25, 91, 68], [33, 50, 73, 76, 92, 2, 63, 5, 35, 30, 13, 34, 52, 22], [72, 20, 49, 32, 85, 66, 48, 88], [31, 55, 60, 36, 75, 71, 77, 84, 54, 19, 64, 29, 28, 21, 69, 57, 98], [97, 3, 27, 1, 80, 11, 51, 46, 95]]",false
30,2047,3059,OR-opt,CMT3.vrp,"[[70, 90, 81, 12, 26, 56, 23, 41, 43, 14, 37, 16, 17, 45, 8, 7], [10, 61, 15, 58, 74, 24, 79, 65, 78, 39, 38, 44, 93], [18, 83, 67, 4, 99, 59, 96, 53, 47, 42, 6, 62, 40], [86, 87, 9, 89, 82, 94, 100, 25, 91, 68], [33, 50, 73, 76, 92, 2, 63, 5, 35, 30, 13, 34, 52, 22], [72, 20, 49, 32, 85, 66, 48, 88], [31, 55, 60, 36, 75, 71, 77, 84, 54, 19, 64, 29, 28, 21, 69, 57, 98], [97, 3, 27, 1, 80, 11, 51, 46, 95]]",false
31,2147,3052,OR-opt,CMT3.vrp,"[[70, 90, 81, 12, 26, 56, 23, 41, 43, 14, 37, 16, 17, 45, 8, 7], [10, 39, 38, 44, 93, 61, 15, 58, 74, 24, 79, 65, 78], [18, 83, 67, 4, 99, 59, 96, 53, 47, 42, 6, 62, 40], [86, 87, 9, 89, 82, 94, 100, 25, 91, 68], [33, 50, 73, 76, 92, 2, 63, 5, 35, 30, 13, 34, 52, 22], [72, 20, 49, 32, 85, 66, 48, 88], [31, 55, 60, 36, 75, 71, 77, 84, 54, 19, 64, 29, 28, 21, 69, 57, 98], [97, 3, 27, 1, 80, 11, 51, 46, 95]]",false
32,2170,3046,OR-opt,CMT3.vrp,"[[70, 90, 81, 12, 26, 56, 23, 41, 43, 14, 37, 16, 17, 45, 8, 7], [38, 44, 93, 61, 15, 58, 10, 39, 74, 24, 79, 65, 78], [18, 83, 67, 4, 99, 59, 96, 53, 47, 42, 6, 62, 40], [86, 87, 9, 89, 82, 94, 100, 25, 91, 68], [33, 50, 73, 76, 92, 2, 63, 5, 35, 30, 13, 34, 52, 22], [72, 20, 49, 32, 85, 66, 48, 88], [31, 55, 60, 36, 75, 71, 77, 84, 54, 19, 64, 29, 28, 21, 69, 57, 98], [97, 3, 27, 1, 80, 11, 51, 46, 95]]",false
33,2195,3043,OR-opt,CMT3.vrp,"[[70, 90, 81, 12, 26, 56, 23, 41, 43, 14, 37, 16, 17, 45, 8, 7], [10, 39, 93, 61, 38, 44, 15, 58, 74, 24, 79, 65, 78], [18, 83, 67, 4, 99, 59, 96, 53, 47, 42, 6, 62, 40], [86, 87, 9, 89, 82, 94, 100, 25, 91, 68], [33, 50, 73, 76, 92, 2, 63, 5, 35, 30, 13, 34, 52, 22], [72, 20, 49, 32, 85, 66, 48, 88], [31, 55, 60, 36, 75, 71, 77, 84, 54, 19, 64, 29, 28, 21, 69, 57, 98], [97, 3, 27, 1, 80, 11, 51, 46, 95]]",false
34,2251,3039,OR-opt,CMT3.vrp,"[[70, 90, 81, 12, 26, 56, 23, 41, 43, 14, 37, 16, 17, 45, 8, 7], [10, 58, 74, 39, 38, 44, 93, 61, 15, 24, 79, 65, 78], [18, 83, 67, 4, 99, 59, 96, 53, 47, 42, 6, 62, 40], [86, 87, 9, 89, 82, 94, 100, 25, 91, 68], [33, 50, 73, 76, 92, 2, 63, 5, 35, 30, 13, 34, 52, 22], [72, 20, 49, 32, 85, 66, 48, 88], [31, 55, 60, 36, 75, 71, 77, 84, 54, 19, 64, 29, 28, 21, 69, 57, 98], [97, 3, 27, 1, 80, 11, 51, 46, 95]]",false
35,2301,3037,OR-opt,CMT3.vrp,"[[70, 90, 81, 12, 26, 56, 23, 41, 43, 14, 37, 16, 17, 45, 8, 7], [10, 65, 78, 39, 38, 44, 93, 61, 15, 58, 74, 24, 79], [18, 83, 67, 4, 99, 59, 96, 53, 47, 42, 6, 62, 40], [86, 87, 9, 89, 82, 94, 100, 25, 91, 68], [33, 50, 73, 76, 92, 2, 63, 5, 35, 30, 13, 34, 52, 22], [72, 20, 49, 32, 85, 66, 48, 88], [31, 55, 60, 36, 75, 71, 77, 84, 54, 19, 64, 29, 28, 21, 69, 57, 98], [97, 3, 27, 1, 80, 11, 51, 46, 95]]",false
36,2363,3028,OR-opt,CMT3.vrp,"[[70, 90, 81, 12, 26, 56, 23, 41, 43, 14, 37, 16, 17, 45, 8, 7], [10, 65, 78, 39, 93, 61, 38, 44, 15, 58, 74, 24, 79], [18, 83, 67, 4, 99, 59, 96, 53, 47, 42, 6, 62, 40], [86, 87, 9, 89, 82, 94, 100, 25, 91, 68], [33, 50, 73, 76, 92, 2, 63, 5, 35, 30, 13, 34, 52, 22], [72, 20, 49, 32, 85, 66, 48, 88], [31, 55, 60, 36, 75, 71, 77, 84, 54, 19, 64, 29, 28, 21, 69, 57, 98], [97, 3, 27, 1, 80, 11, 51, 46, 95]]",false
37,2444,3020,OR-opt,CMT3.vrp,"[[70, 90, 81, 12, 26, 56, 23, 41, 43, 14, 37, 16, 17, 45, 8, 7], [10, 65, 78, 24, 79, 39, 38, 44, 93, 61, 15, 58, 74], [18, 83, 67, 4, 99, 59, 96, 53, 47, 42, 6, 62, 40], [86, 87, 9, 89, 82, 94, 100, 25, 91, 68], [33, 50, 73, 76, 92, 2, 63, 5, 35, 30, 13, 34, 52, 22], [72, 20, 49, 32, 85, 66, 48, 88], [31, 55, 60, 36, 75, 71, 77, 84, 54, 19, 64, 29, 28, 21, 69, 57, 98], [97, 3, 27, 1, 80, 11, 51, 46, 95]]",false
38,2496,3002,OR-opt,CMT3.vrp,"[[70, 90, 81, 12, 26, 56, 23, 41, 43, 14, 37, 16, 17, 45, 8, 7], [10, 65, 79, 78, 24, 39, 38, 44, 93, 61, 15, 58, 74], [18, 83, 67, 4, 99, 59, 96, 53, 47, 42, 6, 62, 40], [86, 87, 9, 89, 82, 94, 100, 25, 91, 68], [33, 50, 73, 76, 92, 2, 63, 5, 35, 30, 13, 34, 52, 22], [72, 20, 49, 32, 85, 66, 48, 88], [31, 55, 60, 36, 75, 71, 77, 84, 54, 19, 64, 29, 28, 21, 69, 57, 98], [97, 3, 27, 1, 80, 11, 51, 46, 95]]",false
39,2676,2994,OR-opt,CMT3.vrp,"[[70, 90, 81, 12, 26, 56, 23, 41, 43, 14, 37, 16, 17, 45, 8, 7], [10, 65, 79, 78, 24, 39, 93, 61, 38, 44, 15, 58, 74], [18, 83, 67, 4, 99, 59, 96, 53, 47, 42, 6, 62, 40], [86, 87, 9, 89, 82, 94, 100, 25, 91, 68], [33, 50, 73, 76, 92, 2, 63, 5, 35, 30, 13, 34, 52, 22], [72, 20, 49, 32, 85, 66, 48, 88], [31, 55, 60, 36, 75, 71, 77, 84, 54, 19, 64, 29, 28, 21, 69, 57, 98], [97, 3, 27, 1, 80, 11, 51, 46, 95]]",false
40,2897,2994,OR-opt,CMT3.vrp,"[[70, 90, 81, 12, 26, 56, 23, 41, 43, 14, 37, 16, 17, 45, 8, 7], [10, 65, 79, 78, 24, 39, 93, 61, 38, 44, 74, 15, 58], [18, 83, 67, 4, 99, 59, 96, 53, 47, 42, 6, 62, 40], [86, 87, 9, 89, 82, 94, 100, 25, 91, 68], [33, 50, 73, 76, 92, 2, 63, 5, 35, 30, 13, 34, 52, 22], [72, 20, 49, 32, 85, 66, 48, 88], [31, 55, 60, 36, 75, 71, 77, 84, 54, 19, 64, 29, 28, 21, 69, 57, 98], [97, 3, 27, 1, 80, 11, 51, 46, 95]]",false
41,2915,2992,OR-opt,CMT3.vrp,"[[70, 90, 81, 12, 26, 56, 23, 41, 43, 14, 37, 16, 17, 45, 8, 7], [10, 65, 79, 78, 24, 39, 58, 74, 93, 61, 38, 44, 15], [18, 83, 67, 4, 99, 59, 96, 53, 47, 42, 6, 62, 40], [86, 87, 9, 89, 82, 94, 100, 25, 91, 68], [33, 50, 73, 76, 92, 2, 63, 5, 35, 30, 13, 34, 52, 22], [72, 20, 49, 32, 85, 66, 48, 88], [31, 55, 60, 36, 75, 71, 77, 84, 54, 19, 64, 29, 28, 21, 69, 57, 98], [97, 3, 27, 1, 80, 11, 51, 46, 95]]",false
42,2983,2983,OR-opt,CMT3.vrp,"[[70, 90, 81, 12, 26, 56, 23, 41, 43, 14, 37, 16, 17, 45, 8, 7], [10, 65, 79, 78, 24, 74, 39, 58, 93, 61, 38, 44, 15], [18, 83, 67, 4, 99, 59, 96, 53, 47, 42, 6, 62, 40], [86, 87, 9, 89, 82, 94, 100, 25, 91, 68], [33, 50, 73, 76, 92, 2, 63, 5, 35, 30, 13, 34, 52, 22], [72, 20, 49, 32, 85, 66, 48, 88], [31, 55, 60, 36, 75, 71, 77, 84, 54, 19, 64, 29, 28, 21, 69, 57, 98], [97, 3, 27, 1, 80, 11, 51, 46, 95]]",false
43,3128,2978,OR-opt,CMT3.vrp,"[[70, 90, 81, 12, 26, 56, 23, 41, 43, 14, 37, 16, 17, 45, 8, 7], [10, 65, 79, 78, 24, 58, 93, 61, 38, 44, 15, 74, 39], [18, 83, 67, 4, 99, 59, 96, 53, 47, 42, 6, 62, 40], [86, 87, 9, 89, 82, 94, 100, 25, 91, 68], [33, 50, 73, 76, 92, 2, 63, 5, 35, 30, 13, 34, 52, 22], [72, 20, 49, 32, 85, 66, 48, 88], [31, 55, 60, 36, 75, 71, 77, 84, 54, 19, 64, 29, 28, 21, 69, 57, 98], [97, 3, 27, 1, 80, 11, 51, 46, 95]]",false
44,3302,2961,OR-opt,CMT3.vrp,"[[70, 90, 81, 12, 26, 56, 23, 41, 43, 14, 37, 16, 17, 45, 8, 7], [10, 65, 79, 78, 24, 58, 93, 61, 38, 44, 15, 74, 39], [67, 4, 18, 83, 99, 59, 96, 53, 47, 42, 6, 62, 40], [86, 87, 9, 89, 82, 94, 100, 25, 91, 68], [33, 50, 73, 76, 92, 2, 63, 5, 35, 30, 13, 34, 52, 22], [72, 20, 49, 32, 85, 66, 48, 88], [31, 55, 60, 36, 75, 71, 77, 84, 54, 19, 64, 29, 28, 21, 69, 57, 98], [97, 3, 27, 1, 80, 11, 51, 46, 95]]",false
45,3317,2945,OR-opt,CMT3.vrp,"[[70, 90, 81, 12, 26, 56, 23, 41, 43, 14, 37, 16, 17, 45, 8, 7], [10, 65, 79, 78, 24, 58, 93, 61, 38, 44, 15, 74, 39], [67, 4, 99, 59, 96, 53, 18, 83, 47, 42, 6, 62, 40], [86, 87, 9, 89, 82, 94, 100, 25, 91, 68], [33, 50, 73, 76, 92, 2, 63, 5, 35, 30, 13, 34, 52, 22], [72, 20, 49, 32, 85, 66, 48, 88], [31, 55, 60, 36, 75, 71, 77, 84, 54, 19, 64, 29, 28, 21, 69, 57, 98], [97, 3, 27, 1, 80, 11, 51, 46, 95]]",false
46,3349,2944,OR-opt,CMT3.vrp,"[[70, 90, 81, 12, 26, 56, 23, 41, 43, 14, 37, 16, 17, 45, 8, 7], [10, 65, 79, 78, 24, 58, 93, 61, 38, 44, 15, 74, 39], [67, 4, 99, 59, 96, 53, 47, 18, 83, 42, 6, 62, 40], [86, 87, 9, 89, 82, 94, 100, 25, 91, 68], [33, 50, 73, 76, 92, 2, 63, 5, 35, 30, 13, 34, 52, 22], [72, 20, 49, 32, 85, 66, 48, 88], [31, 55, 60, 36, 75, 71, 77, 84, 54, 19, 64, 29, 28, 21, 69, 57, 98], [97, 3, 27, 1, 80, 11, 51, 46, 95]]",false
47,3383,2940,OR-opt,CMT3.vrp,"[[70, 90, 81, 12, 26, 56, 23, 41, 43, 14, 37, 16, 17, 45, 8, 7], [10, 65, 79, 78, 24, 58, 93, 61, 38, 44, 15, 74, 39], [18, 83, 99, 59, 96, 53, 47, 42, 6, 62, 67, 4, 40], [86, 87, 9, 89, 82, 94, 100, 25, 91, 68], [33, 50, 73, 76, 92, 2, 63, 5, 35, 30, 13, 34, 52, 22], [72, 20, 49, 32, 85, 66, 48, 88], [31, 55, 60, 36, 75, 71, 77, 84, 54, 19, 64, 29, 28, 21, 69, 57, 98], [97, 3, 27, 1, 80, 11, 51, 46, 95]]",false
48,3428,2939,OR-opt,CMT3.vrp,"[[70, 90, 81, 12, 26, 56, 23, 41, 43, 14, 37, 16, 17, 45, 8, 7], [10, 65, 79, 78, 24, 58, 93, 61, 38, 44, 15, 74, 39], [53, 47, 18, 83, 67, 4, 99, 59, 96, 42, 6, 62, 40], [86, 87, 9, 89, 82, 94, 100, 25, 91, 68], [33, 50, 73, 76, 92, 2, 63, 5, 35, 30, 13, 34, 52, 22], [72, 20, 49, 32, 85, 66, 48, 88], [31, 55, 60, 36, 75, 71, 77, 84, 54, 19, 64, 29, 28, 21, 69, 57, 98], [97, 3, 27, 1, 80, 11, 51, 46, 95]]",false
49,3443,2931,OR-opt,CMT3.vrp,"[[70, 90, 81, 12, 26, 56, 23, 41, 43, 14, 37, 16, 17, 45, 8, 7], [10, 65, 79, 78, 24, 58, 93, 61, 38, 44, 15, 74, 39], [18, 83, 67, 4, 99, 59, 96, 42, 6, 53, 47, 62, 40], [86, 87, 9, 89, 82, 94, 100, 25, 91, 68], [33, 50, 73, 76, 92, 2, 63, 5, 35, 30, 13, 34, 52, 22], [72, 20, 49, 32, 85, 66, 48, 88], [31, 55, 60, 36, 75, 71, 77, 84, 54, 19, 64, 29, 28, 21, 69, 57, 98], [97, 3, 27, 1, 80, 11, 51, 46, 95]]",false
50,3464,2922,OR-opt,CMT3.vrp,"[[70, 90, 81, 12, 26, 56, 23, 41, 43, 14, 37, 16, 17, 45, 8, 7], [10, 65, 79, 78, 24, 58, 93, 61, 38, 44, 15, 74, 39], [18, 83, 67, 4, 42, 6, 99, 59, 96, 53, 47, 62, 40], [86, 87, 9, 89, 82, 94, 100, 25, 91, 68], [33, 50, 73, 76, 92, 2, 63, 5, 35, 30, 13, 34, 52, 22], [72, 20, 49, 32, 85, 66, 48, 88], [31, 55, 60, 36, 75, 71, 77, 84, 54, 19, 64, 29, 28, 21, 69, 57, 98], [97, 3, 27, 1, 80, 11, 51, 46, 95]]",false
51,3496,2912,OR-opt,CMT3.vrp,"[[70, 90, 81, 12, 26, 56, 23, 41, 43, 14, 37, 16, 17, 45, 8, 7], [10, 65, 79, 78, 24, 58, 93, 61, 38, 44, 15, 74, 39], [67, 4, 42, 18, 83, 6, 99, 59, 96, 53, 47, 62, 40], [86, 87, 9, 89, 82, 94, 100, 25, 91, 68], [33, 50, 73, 76, 92, 2, 63, 5, 35, 30, 13, 34, 52, 22], [72, 20, 49, 32, 85, 66, 48, 88], [31, 55, 60, 36, 75, 71, 77, 84, 54, 19, 64, 29, 28, 21, 69, 57, 98], [97, 3, 27, 1, 80, 11, 51, 46, 95]]",false
52,3505,2906,OR-opt,CMT3.vrp,"[[70, 90, 81, 12, 26, 56, 23, 41, 43, 14, 37, 16, 17, 45, 8, 7], [10, 65, 79, 78, 24, 58, 93, 61, 38, 44, 15, 74, 39], [67, 4, 42, 6, 18, 83, 99, 59, 96, 53, 47, 62, 40], [86, 87, 9, 89, 82, 94, 100, 25, 91, 68], [33, 50, 73, 76, 92, 2, 63, 5, 35, 30, 13, 34, 52, 22], [72, 20, 49, 32, 85, 66, 48, 88], [31, 55, 60, 36, 75, 71, 77, 84, 54, 19, 64, 29, 28, 21, 69, 57, 98], [97, 3, 27, 1, 80, 11, 51, 46, 95]]",false
53,3515,2889,OR-opt,CMT3.vrp,"[[70, 90, 81, 12, 26, 56, 23, 41, 43, 14, 37, 16, 17, 45, 8, 7], [10, 65, 79, 78, 24, 58, 93, 61, 38, 44, 15, 74, 39], [67, 4, 42, 6, 99, 59, 96, 53, 18, 83, 47, 62, 40], [86, 87, 9, 89, 82, 94, 100, 25, 91, 68], [33, 50, 73, 76, 92, 2, 63, 5, 35, 30, 13, 34, 52, 22], [72, 20, 49, 32, 85, 66, 48, 88], [31, 55, 60, 36, 75, 71, 77, 84, 54, 19, 64, 29, 28, 21, 69, 57, 98], [97, 3, 27, 1, 80, 11, 51, 46, 95]]",false
54,3605,2880,OR-opt,CMT3.vrp,"[[70, 90, 81, 12, 26, 56, 23, 41, 43, 14, 37, 16, 17, 45, 8, 7], [10, 65, 79, 78, 24, 58, 93, 61, 38, 44, 15, 74, 39], [18, 83, 47, 62, 67, 4, 42, 6, 99, 59, 96, 53, 40], [86, 87, 9, 89, 82, 94, 100, 25, 91, 68], [33, 50, 73, 76, 92, 2, 63, 5, 35, 30, 13, 34, 52, 22], [72, 20, 49, 32, 85, 66, 48, 88], [31, 55, 60, 36, 75, 71, 77, 84, 54, 19, 64, 29, 28, 21, 69, 57, 98], [97, 3, 27, 1, 80, 11, 51, 46, 95]]",false
55,3669,2875,OR-opt,CMT3.vrp,"[[70, 90, 81, 12, 26, 56, 23, 41, 43, 14, 37, 16, 17, 45, 8, 7], [10, 65, 79, 78, 24, 58, 93, 61, 38, 44, 15, 74, 39], [18, 83, 47, 62, 42, 6, 99, 59, 96, 53, 67, 4, 40], [86, 87, 9, 89, 82, 94, 100, 25, 91, 68], [33, 50, 73, 76, 92, 2, 63, 5, 35, 30, 13, 34, 52, 22], [72, 20, 49, 32, 85, 66, 48, 88], [31, 55, 60, 36, 75, 71, 77, 84, 54, 19, 64, 29, 28, 21, 69, 57, 98], [97, 3, 27, 1, 80, 11, 51, 46, 95]]",false
56,3678,2873,OR-opt,CMT3.vrp,"[[70, 90, 81, 12, 26, 56, 23, 41, 43, 14, 37, 16, 17, 45, 8, 7], [10, 65, 79, 78, 24, 58, 93, 61, 38, 44, 15, 74, 39], [18, 83, 47, 62, 42, 6, 99, 59, 96, 53, 40, 67, 4], [86, 87, 9, 89, 82, 94, 100, 25, 91, 68], [33, 50, 73, 76, 92, 2, 63, 5, 35, 30, 13, 34, 52, 22], [72, 20, 49, 32, 85, 66, 48, 88], [31, 55, 60, 36, 75, 71, 77, 84, 54, 19, 64, 29, 28, 21, 69, 57, 98], [97, 3, 27, 1, 80, 11, 51, 46, 95]]",false
57,3740,2864,OR-opt,CMT3.vrp,"[[70, 90, 81, 12, 26, 56, 23, 41, 43, 14, 37, 16, 17, 45, 8, 7], [10, 65, 79, 78, 24, 58, 93, 61, 38, 44, 15, 74, 39], [18, 83, 47, 62, 53, 40, 67, 4, 42, 6, 99, 59, 96], [86, 87, 9, 89, 82, 94, 100, 25, 91, 68], [33, 50, 73, 76, 92, 2, 63, 5, 35, 30, 13, 34, 52, 22], [72, 20, 49, 32, 85, 66, 48, 88], [31, 55, 60, 36, 75, 71, 77, 84, 54, 19, 64, 29, 28, 21, 69, 57, 98], [97, 3, 27, 1, 80, 11, 51, 46, 95]]",false
58,3843,2862,OR-opt,CMT3.vrp,"[[70, 90, 81, 12, 26, 56, 23, 41, 43, 14, 37, 16, 17, 45, 8, 7], [10, 65, 79, 78, 24, 58, 93, 61, 38, 44, 15, 74, 39], [18, 83, 47, 62, 53, 40, 67, 4, 42, 59, 6, 99, 96], [86, 87, 9, 89, 82, 94, 100, 25, 91, 68], [33, 50, 73, 76, 92, 2, 63, 5, 35, 30, 13, 34, 52, 22], [72, 20, 49, 32, 85, 66, 48, 88], [31, 55, 60, 36, 75, 71, 77, 84, 54, 19, 64, 29, 28, 21, 69, 57, 98], [97, 3, 27, 1, 80, 11, 51, 46, 95]]",false
59,3947,2857,OR-opt,CMT3.vrp,"[[70, 90, 81, 12, 26, 56, 23, 41, 43, 14, 37, 16, 17, 45, 8, 7], [10, 65, 79, 78, 24, 58, 93, 61, 38, 44, 15, 74, 39], [18, 83, 47, 62, 53, 40, 67, 4, 42, 99, 96, 59, 6], [86, 87, 9, 89, 82, 94, 100, 25, 91, 68], [33, 50, 73, 76, 92, 2, 63, 5, 35, 30, 13, 34, 52, 22], [72, 20, 49, 32, 85, 66, 48, 88], [31, 55, 60, 36, 75, 71, 77, 84, 54, 19, 64, 29, 28, 21, 69, 57, 98], [97, 3, 27, 1, 80, 11, 51, 46, 95]]",false
60,3970,2851,OR-opt,CMT3.vrp,"[[70, 90, 81, 12, 26, 56, 23, 41, 43, 14, 37, 16, 17, 45, 8, 7], [10, 65, 79, 78, 24, 58, 93, 61, 38, 44, 15, 74, 39], [18, 83, 47, 62, 53, 40, 67, 4, 42, 59, 99, 96, 6], [86, 87, 9, 89, 82, 94, 100, 25, 91, 68], [33, 50, 73, 76, 92, 2, 63, 5, 35, 30, 13, 34, 52, 22], [72, 20, 49, 32, 85, 66, 48, 88], [31, 55, 60, 36, 75, 71, 77, 84, 54, 19, 64, 29, 28, 21, 69, 57, 98], [97, 3, 27, 1, 80, 11, 51, 46, 95]]",false
61,4074,2843,OR-opt,CMT3.vrp,"[[70, 90, 81, 12, 26, 56, 23, 41, 43, 14, 37, 16, 17, 45, 8, 7], [10, 65, 79, 78, 24, 58, 93, 61, 38, 44, 15, 74, 39], [18, 83, 47, 62, 53, 40, 67, 4, 42, 59, 99, 96, 6], [9, 86, 87, 89, 82, 94, 100, 25, 91, 68], [33, 50, 73, 76, 92, 2, 63, 5, 35, 30, 13, 34, 52, 22], [72, 20, 49, 32, 85, 66, 48, 88], [31, 55, 60, 36, 75, 71, 77, 84, 54, 19, 64, 29, 28, 21, 69, 57, 98], [97, 3, 27, 1, 80, 11, 51, 46, 95]]",false
62,4083,2841,OR-opt,CMT3.vrp,"[[70, 90, 81, 12, 26, 56, 23, 41, 43, 14, 37, 16, 17, 45, 8, 7], [10, 65, 79, 78, 24, 58, 93, 61, 38, 44, 15, 74, 39], [18, 83, 47, 62, 53, 40, 67, 4, 42, 59, 99, 96, 6], [9, 89, 86, 87, 82, 94, 100, 25, 91, 68], [33, 50, 73, 76, 92, 2, 63, 5, 35, 30, 13, 34, 52, 22], [72, 20, 49, 32, 85, 66, 48, 88], [31, 55, 60, 36, 75, 71, 77, 84, 54, 19, 64, 29, 28, 21, 69, 57, 98], [97, 3, 27, 1, 80, 11, 51, 46, 95]]",false
63,4090,2815,OR-opt,CMT3.vrp,"[[70, 90, 81, 12, 26, 56, 23, 41, 43, 14, 37, 16, 17, 45, 8, 7], [10, 65, 79, 78, 24, 58, 93, 61, 38, 44, 15, 74, 39], [18, 83, 47, 62, 53, 40, 67, 4, 42, 59, 99, 96, 6], [9, 89, 82, 86, 87, 94, 100, 25, 91, 68], [33, 50, 73, 76, 92, 2, 63, 5, 35, 30, 13, 34, 52, 22], [72, 20, 49, 32, 85, 66, 48, 88], [31, 55, 60, 36, 75, 71, 77, 84, 54, 19, 64, 29, 28, 21, 69, 57, 98], [97, 3, 27, 1, 80, 11, 51, 46, 95]]",false
64,4098,2802,OR-opt,CMT3.vrp,"[[70, 90, 81, 12, 26, 56, 23, 41, 43, 14, 37, 16, 17, 45, 8, 7], [10, 65, 79, 78, 24, 58, 93, 61, 38, 44, 15, 74, 39], [18, 83, 47, 62, 53, 40, 67, 4, 42, 59, 99, 96, 6], [9, 89, 82, 94, 100, 86, 87, 25, 91, 68], [33, 50, 73, 76, 92, 2, 63, 5, 35, 30, 13, 34, 52, 22], [72, 20, 49, 32, 85, 66, 48, 88], [31, 55, 60, 36, 75, 71, 77, 84, 54, 19, 64, 29, 28, 21, 69, 57, 98], [97, 3, 27, 1, 80, 11, 51, 46, 95]]",false
65,4107,2798,OR-opt,CMT3.vrp,"[[70, 90, 81, 12, 26, 56, 23, 41, 43, 14, 37, 16, 17, 45, 8, 7], [10, 65, 79, 78, 24, 58, 93, 61, 38, 44, 15, 74, 39], [18, 83, 47, 62, 53, 40, 67, 4, 42, 59, 99, 96, 6], [9, 89, 82, 94, 100, 25, 91, 86, 87, 68], [33, 50, 73, 76, 92, 2, 63, 5, 35, 30, 13, 34, 52, 22], [72, 20, 49, 32, 85, 66, 48, 88], [31, 55, 60, 36, 75, 71, 77, 84, 54, 19, 64, 29, 28, 21, 69, 57, 98], [97, 3, 27, 1, 80, 11, 51, 46, 95]]",false
66,4148,2781,OR-opt,CMT3.vrp,"[[70, 90, 81, 12, 26, 56, 23, 41, 43, 14, 37, 16, 17, 45, 8, 7], [10, 65, 79, 78, 24, 58, 93, 61, 38, 44, 15, 74, 39], [18, 83, 47, 62, 53, 40, 67, 4, 42, 59, 99, 96, 6], [86, 87, 9, 89, 82, 94, 91, 100, 25, 68], [33, 50, 73, 76, 92, 2, 63, 5, 35, 30, 13, 34, 52, 22], [72, 20, 49, 32, 85, 66, 48, 88], [31, 55, 60, 36, 75, 71, 77, 84, 54, 19, 64, 29, 28, 21, 69, 57, 98], [97, 3, 27, 1, 80, 11, 51, 46, 95]]",false
67,4167,2773,OR-opt,CMT3.vrp,"[[70, 90, 81, 12, 26, 56, 23, 41, 43, 14, 37, 16, 17, 45, 8, 7], [10, 65, 79, 78, 24, 58, 93, 61, 38, 44, 15, 74, 39], [18, 83, 47, 62, 53, 40, 67, 4, 42, 59, 99, 96, 6], [9, 86, 87, 89, 82, 94, 91, 100, 25, 68], [33, 50, 73, 76, 92, 2, 63, 5, 35, 30, 13, 34, 52, 22], [72, 20, 49, 32, 85, 66, 48, 88], [31, 55, 60, 36, 75, 71, 77, 84, 54, 19, 64, 29, 28, 21, 69, 57, 98], [97, 3, 27, 1, 80, 11, 51, 46, 95]]",false
68,4175,2771,OR-opt,CMT3.vrp,"[[70, 90, 81, 12, 26, 56, 23, 41, 43, 14, 37, 16, 17, 45, 8, 7], [10, 65, 79, 78, 24, 58, 93, 61, 38, 44, 15, 74, 39], [18, 83, 47, 62, 53, 40, 67, 4, 42, 59, 99, 96, 6], [9, 89, 86, 87, 82, 94, 91, 100, 25, 68], [33, 50, 73, 76, 92, 2, 63, 5, 35, 30, 13, 34, 52, 22], [72, 20, 49, 32, 85, 66, 48, 88], [31, 55, 60, 36, 75, 71, 77, 84, 54, 19, 64, 29, 28, 21, 69, 57, 98], [97, 3, 27, 1, 80, 11, 51, 46, 95]]",false
69,4182,2745,OR-opt,CMT3.vrp,"[[70, 90, 81, 12, 26, 56, 23, 41, 43, 14, 37, 16, 17, 45, 8, 7], [10, 65, 79, 78, 24, 58, 93, 61, 38, 44, 15, 74, 39], [18, 83, 47, 62, 53, 40, 67, 4, 42, 59, 99, 96, 6], [9, 89, 82, 86, 87, 94, 91, 100, 25, 68], [33, 50, 73, 76, 92, 2, 63, 5, 35, 30, 13, 34, 52, 22], [72, 20, 49, 32, 85, 66, 48, 88], [31, 55, 60, 36, 75, 71, 77, 84, 54, 19, 64, 29, 28, 21, 69, 57, 98], [97, 3, 27, 1, 80, 11, 51, 46, 95]]",false
70,4190,2732,OR-opt,CMT3.vrp,"[[70, 90, 81, 12, 26, 56, 23, 41, 43, 14, 37, 16, 17, 45, 8, 7], [10, 65, 79, 78, 24, 58, 93, 61, 38, 44, 15, 74, 39], [18, 83, 47, 62, 53, 40, 67, 4, 42, 59, 99, 96, 6], [9, 89, 82, 94, 91, 100, 86, 87, 25, 68], [33, 50, 73, 76, 92, 2, 63, 5, 35, 30, 13, 34, 52, 22], [72, 20, 49, 32, 85, 66, 48, 88], [31, 55, 60, 36, 75, 71, 77, 84, 54, 19, 64, 29, 28, 21, 69, 57, 98], [97, 3, 27, 1, 80, 11, 51, 46, 95]]",false
71,4245,2716,OR-opt,CMT3.vrp,"[[70, 90, 81, 12, 26, 56, 23, 41, 43, 14, 37, 16, 17, 45, 8, 7], [10, 65, 79, 78, 24, 58, 93, 61, 38, 44, 15, 74, 39], [18, 83, 47, 62, 53, 40, 67, 4, 42, 59, 99, 96, 6], [82, 94, 91, 100, 86, 87, 25, 68, 9, 89], [33, 50, 73, 76, 92, 2, 63, 5, 35, 30, 13, 34, 52, 22], [72, 20, 49, 32, 85, 66, 48, 88], [31, 55, 60, 36, 75, 71, 77, 84, 54, 19, 64, 29, 28, 21, 69, 57, 98], [97, 3, 27, 1, 80, 11, 51, 46, 95]]",false
72,4291,2715,OR-opt,CMT3.vrp,"[[70, 90, 81, 12, 26, 56, 23, 41, 43, 14, 37, 16, 17, 45, 8, 7], [10, 65, 79, 78, 24, 58, 93, 61, 38, 44, 15, 74, 39], [18, 83, 47, 62, 53, 40, 67, 4, 42, 59, 99, 96, 6], [25, 68, 9, 89, 82, 94, 91, 100, 86, 87], [33, 50, 73, 76, 92, 2, 63, 5, 35, 30, 13, 34, 52, 22], [72, 20, 49, 32, 85, 66, 48, 88], [31, 55, 60, 36, 75, 71, 77, 84, 54, 19, 64, 29, 28, 21, 69, 57, 98], [97, 3, 27, 1, 80, 11, 51, 46, 95]]",false
73,4338,2708,OR-opt,CMT3.vrp,"[[70, 90, 81, 12, 26, 56, 23, 41, 43, 14, 37, 16, 17, 45, 8, 7], [10, 65, 79, 78, 24, 58, 93, 61, 38, 44, 15, 74, 39], [18, 83, 47, 62, 53, 40, 67, 4, 42, 59, 99, 96, 6], [25, 68, 9, 89, 82, 94, 86, 91, 100, 87], [33, 50, 73, 76, 92, 2, 63, 5, 35, 30, 13, 34, 52, 22], [72, 20, 49, 32, 85, 66, 48, 88], [31, 55, 60, 36, 75, 71, 77, 84, 54, 19, 64, 29, 28, 21, 69, 57, 98], [97, 3, 27, 1, 80, 11, 51, 46, 95]]",false
74,4376,2706,OR-opt,CMT3.vrp,"[[70, 90, 81, 12, 26, 56, 23, 41, 43, 14, 37, 16, 17, 45, 8, 7], [10, 65, 79, 78, 24, 58, 93, 61, 38, 44, 15, 74, 39], [18, 83, 47, 62, 53, 40, 67, 4, 42, 59, 99, 96, 6], [25, 68, 9, 94, 89, 82, 86, 91, 100, 87], [33, 50, 73, 76, 92, 2, 63, 5, 35, 30, 13, 34, 52, 22], [72, 20, 49, 32, 85, 66, 48, 88], [31, 55, 60, 36, 75, 71, 77, 84, 54, 19, 64, 29, 28, 21, 69, 57, 98], [97, 3, 27, 1, 80, 11, 51, 46, 95]]",false
75,4443,2688,OR-opt,CMT3.vrp,"[[70, 90, 81, 12, 26, 56, 23, 41, 43, 14, 37, 16, 17, 45, 8, 7], [10, 65, 79, 78, 24, 58, 93, 61, 38, 44, 15, 74, 39], [18, 83, 47, 62, 53, 40, 67, 4, 42, 59, 99, 96, 6], [25, 68, 9, 82, 86, 91, 100, 87, 94, 89], [33, 50, 73, 76, 92, 2, 63, 5, 35, 30, 13, 34, 52, 22], [72, 20, 49, 32, 85, 66, 48, 88], [31, 55, 60, 36, 75, 71, 77, 84, 54, 19, 64, 29, 28, 21, 69, 57, 98], [97, 3, 27, 1, 80, 11, 51, 46, 95]]",false
76,4529,2669,OR-opt,CMT3.vrp,"[[70, 90, 81, 12, 26, 56, 23, 41, 43, 14, 37, 16, 17, 45, 8, 7], [10, 65, 79, 78, 24, 58, 93, 61, 38, 44, 15, 74, 39], [18, 83, 47, 62, 53, 40, 67, 4, 42, 59, 99, 96, 6], [25, 68, 9, 82, 86, 91, 100, 87, 94, 89], [73, 33, 50, 76, 92, 2, 63, 5, 35, 30, 13, 34, 52, 22], [72, 20, 49, 32, 85, 66, 48, 88], [31, 55, 60, 36, 75, 71, 77, 84, 54, 19, 64, 29, 28, 21, 69, 57, 98], [97, 3, 27, 1, 80, 11, 51, 46, 95]]",false
77,4538,2665,OR-opt,CMT3.vrp,"[[70, 90, 81, 12, 26, 56, 23, 41, 43, 14, 37, 16, 17, 45, 8, 7], [10, 65, 79, 78, 24, 58, 93, 61, 38, 44, 15, 74, 39], [18, 83, 47, 62, 53, 40, 67, 4, 42, 59, 99, 96, 6], [25, 68, 9, 82, 86, 91, 100, 87, 94, 89], [73, 76, 33, 50, 92, 2, 63, 5, 35, 30, 13, 34, 52, 22], [72, 20, 49, 32, 85, 66, 48, 88], [31, 55, 60, 36, 75, 71, 77, 84, 54, 19, 64, 29, 28, 21, 69, 57, 98], [97, 3, 27, 1, 80, 11, 51, 46, 95]]",false
78,4549,2661,OR-opt,CMT3.vrp,"[[70, 90, 81, 12, 26, 56, 23, 41, 43, 14, 37, 16, 17, 45, 8, 7], [10, 65, 79, 78, 24, 58, 93, 61, 38, 44, 15, 74, 39], [18, 83, 47, 62, 53, 40, 67, 4, 42, 59, 99, 96, 6], [25, 68, 9, 82, 86, 91, 100, 87, 94, 89], [73, 76, 92, 2, 63, 5, 33, 50, 35, 30, 13, 34, 52, 22], [72, 20, 49, 32, 85, 66, 48, 88], [31, 55, 60, 36, 75, 71, 77, 84, 54, 19, 64, 29, 28, 21, 69, 57, 98], [97, 3, 27, 1, 80, 11, 51, 46, 95]]",false
79,4558,2660,OR-opt,CMT3.vrp,"[[70, 90, 81, 12, 26, 56, 23, 41, 43, 14, 37, 16, 17, 45, 8, 7], [10, 65, 79, 78, 24, 58, 93, 61, 38, 44, 15, 74, 39], [18, 83, 47, 62, 53, 40, 67, 4, 42, 59, 99, 96, 6], [25, 68, 9, 82, 86, 91, 100, 87, 94, 89], [73, 76, 92, 2, 63, 5, 35, 33, 50, 30, 13, 34, 52, 22], [72, 20, 49, 32, 85, 66, 48, 88], [31, 55, 60, 36, 75, 71, 77, 84, 54, 19, 64, 29, 28, 21, 69, 57, 98], [97, 3, 27, 1, 80, 11, 51, 46, 95]]",false
80,4566,2659,OR-opt,CMT3.vrp,"[[70, 90, 81, 12, 26, 56, 23, 41, 43, 14, 37, 16, 17, 45, 8, 7], [10, 65, 79, 78, 24, 58, 93, 61, 38, 44, 15, 74, 39], [18, 83, 47, 62, 53, 40, 67, 4, 42, 59, 99, 96, 6], [25, 68, 9, 82, 86, 91, 100, 87, 94, 89], [73, 76, 92, 2, 63, 5, 35, 30, 33, 50, 13, 34, 52, 22], [72, 20, 49, 32, 85, 66, 48, 88], [31, 55, 60, 36, 75, 71, 77, 84, 54, 19, 64, 29, 28, 21, 69, 57, 98], [97, 3, 27, 1, 80, 11, 51, 46, 95]]",false
81,4575,2646,OR-opt,CMT3.vrp,"[[70, 90, 81, 12, 26, 56, 23, 41, 43, 14, 37, 16, 17, 45, 8, 7], [10, 65, 79, 78, 24, 58, 93, 61, 38, 44, 15, 74, 39], [18, 83, 47, 62, 53, 40, 67, 4, 42, 59, 99, 96, 6], [25, 68, 9, 82, 86, 91, 100, 87, 94, 89], [73, 76, 92, 2, 63, 5, 35, 30, 13, 34, 33, 50, 52, 22], [72, 20, 49, 32, 85, 66, 48, 88], [31, 55, 60, 36, 75, 71, 77, 84, 54, 19, 64, 29, 28, 21, 69, 57, 98], [97, 3, 27, 1, 80, 11, 51, 46, 95]]",false
82,4618,2643,OR-opt,CMT3.vrp,"[[70, 90, 81, 12, 26, 56, 23, 41, 43, 14, 37, 16, 17, 45, 8, 7], [10, 65, 79, 78, 24, 58, 93, 61, 38, 44, 15, 74, 39], [18, 83, 47, 62, 53, 40, 67, 4, 42, 59, 99, 96, 6], [25, 68, 9, 82, 86, 91, 100, 87, 94, 89], [33, 50, 73, 76, 63, 5, 92, 2, 35, 30, 13, 34, 52, 22], [72, 20, 49, 32, 85, 66, 48, 88], [31, 55, 60, 36, 75, 71, 77, 84, 54, 19, 64, 29, 28, 21, 69, 57, 98], [97, 3, 27, 1, 80, 11, 51, 46, 95]]",false
83,4630,2632,OR-opt,CMT3.vrp,"[[70, 90, 81, 12, 26, 56, 23, 41, 43, 14, 37, 16, 17, 45, 8, 7], [10, 65, 79, 78, 24, 58, 93, 61, 38, 44, 15, 74, 39], [18, 83, 47, 62, 53, 40, 67, 4, 42, 59, 99, 96, 6], [25, 68, 9, 82, 86, 91, 100, 87, 94, 89], [33, 50, 73, 76, 63, 5, 35, 30, 13, 34, 52, 92, 2, 22], [72, 20, 49, 32, 85, 66, 48, 88], [31, 55, 60, 36, 75, 71, 77, 84, 54, 19, 64, 29, 28, 21, 69, 57, 98], [97, 3, 27, 1, 80, 11, 51, 46, 95]]",false
84,4656,2626,OR-opt,CMT3.vrp,"[[70, 90, 81, 12, 26, 56, 23, 41, 43, 14, 37, 16, 17, 45, 8, 7], [10, 65, 79, 78, 24, 58, 93, 61, 38, 44, 15, 74, 39], [18, 83, 47, 62, 53, 40, 67, 4, 42, 59, 99, 96, 6], [25, 68, 9, 82, 86, 91, 100, 87, 94, 89], [33, 50, 73, 76, 92, 2, 35, 30, 63, 5, 13, 34, 52, 22], [72, 20, 49, 32, 85, 66, 48, 88], [31, 55, 60, 36, 75, 71, 77, 84, 54, 19, 64, 29, 28, 21, 69, 57, 98], [97, 3, 27, 1, 80, 11, 51, 46, 95]]",false
85,4675,2619,OR-opt,CMT3.vrp,"[[70, 90, 81, 12, 26, 56, 23, 41, 43, 14, 37, 16, 17, 45, 8, 7], [10, 65, 79, 78, 24, 58, 93, 61, 38, 44, 15, 74, 39], [18, 83, 47, 62, 53, 40, 67, 4, 42, 59, 99, 96, 6], [25, 68, 9, 82, 86, 91, 100, 87, 94, 89], [33, 50, 73, 76, 92, 2, 63, 30, 13, 5, 35, 34, 52, 22], [72, 20, 49, 32, 85, 66, 48, 88], [31, 55, 60, 36, 75, 71, 77, 84, 54, 19, 64, 29, 28, 21, 69, 57, 98], [97, 3, 27, 1, 80, 11, 51, 46, 95]]",false
86,4694,2599,OR-opt,CMT3.vrp,"[[70, 90, 81, 12, 26, 56, 23, 41, 43, 14, 37, 16, 17, 45, 8, 7], [10, 65, 79, 78, 24, 58, 93, 61, 38, 44, 15, 74, 39], [18, 83, 47, 62, 53, 40, 67, 4, 42, 59, 99, 96, 6], [25, 68, 9, 82, 86, 91, 100, 87, 94, 89], [33, 50, 73, 76, 92, 2, 63, 5, 13, 34, 35, 30, 52, 22], [72, 20, 49, 32, 85, 66, 48, 88], [31, 55, 60, 36, 75, 71, 77, 84, 54, 19, 64, 29, 28, 21, 69, 57, 98], [97, 3, 27, 1, 80, 11, 51, 46, 95]]",false
87,4744,2581,OR-opt,CMT3.vrp,"[[70, 90, 81, 12, 26, 56, 23, 41, 43, 14, 37, 16, 17, 45, 8, 7], [10, 65, 79, 78, 24, 58, 93, 61, 38, 44, 15, 74, 39], [18, 83, 47, 62, 53, 40, 67, 4, 42, 59, 99, 96, 6], [25, 68, 9, 82, 86, 91, 100, 87, 94, 89], [73, 33, 50, 76, 92, 2, 63, 5, 13, 34, 35, 30, 52, 22], [72, 20, 49, 32, 85, 66, 48, 88], [31, 55, 60, 36, 75, 71, 77, 84, 54, 19, 64, 29, 28, 21, 69, 57, 98], [97, 3, 27, 1, 80, 11, 51, 46, 95]]",false
88,4752,2577,OR-opt,CMT3.vrp,"[[70, 90, 81, 12, 26, 56, 23, 41, 43, 14, 37, 16, 17, 45, 8, 7], [10, 65, 79, 78, 24, 58, 93, 61, 38, 44, 15, 74, 39], [18, 83, 47, 62, 53, 40, 67, 4, 42, 59, 99, 96, 6], [25, 68, 9, 82, 86, 91, 100, 87, 94, 89], [73, 76, 33, 50, 92, 2, 63, 5, 13, 34, 35, 30, 52, 22], [72, 20, 49, 32, 85, 66, 48, 88], [31, 55, 60, 36, 75, 71, 77, 84, 54, 19, 64, 29, 28, 21, 69, 57, 98], [97, 3, 27, 1, 80, 11, 51, 46, 95]]",false
89,4763,2574,OR-opt,CMT3.vrp,"[[70, 90, 81, 12, 26, 56, 23, 41, 43, 14, 37, 16, 17, 45, 8, 7], [10, 65, 79, 78, 24, 58, 93, 61, 38, 44, 15, 74, 39], [18, 83, 47, 62, 53, 40, 67, 4, 42, 59, 99, 96, 6], [25, 68, 9, 82, 86, 91, 100, 87, 94, 89], [73, 76, 92, 2, 63, 5, 13, 33, 50, 34, 35, 30, 52, 22], [72, 20, 49, 32, 85, 66, 48, 88], [31, 55, 60, 36, 75, 71, 77, 84, 54, 19, 64, 29, 28, 21, 69, 57, 98], [97, 3, 27, 1, 80, 11, 51, 46, 95]]",false
90,4771,2572,OR-opt,CMT3.vrp,"[[70, 90, 81, 12, 26, 56, 23, 41, 43, 14, 37, 16, 17, 45, 8, 7], [10, 65, 79, 78, 24, 58, 93, 61, 38, 44, 15, 74, 39], [18, 83, 47, 62, 53, 40, 67, 4, 42, 59, 99, 96, 6], [25, 68, 9, 82, 86, 91, 100, 87, 94, 89], [73, 76, 92, 2, 63, 5, 13, 34, 35, 33, 50, 30, 52, 22], [72, 20, 49, 32, 85, 66, 48, 88], [31, 55, 60, 36, 75, 71, 77, 84, 54, 19, 64, 29, 28, 21, 69, 57, 98], [97, 3, 27, 1, 80, 11, 51, 46, 95]]",false
91,4783,2571,OR-opt,CMT3.vrp,"[[70, 90, 81, 12, 26, 56, 23, 41, 43, 14, 37, 16, 17, 45, 8, 7], [10, 65, 79, 78, 24, 58, 93, 61, 38, 44, 15, 74, 39], [18, 83, 47, 62, 53, 40, 67, 4, 42, 59, 99, 96, 6], [25, 68, 9, 82, 86, 91, 100, 87, 94, 89], [33, 76, 50, 73, 92, 2, 63, 5, 13, 34, 35, 30, 52, 22], [72, 20, 49, 32, 85, 66, 48, 88], [31, 55, 60, 36, 75, 71, 77, 84, 54, 19, 64, 29, 28, 21, 69, 57, 98], [97, 3, 27, 1, 80, 11, 51, 46, 95]]",false
92,4796,2567,OR-opt,CMT3.vrp,"[[70, 90, 81, 12, 26, 56, 23, 41, 43, 14, 37, 16, 17, 45, 8, 7], [10, 65, 79, 78, 24, 58, 93, 61, 38, 44, 15, 74, 39], [18, 83, 47, 62, 53, 40, 67, 4, 42, 59, 99, 96, 6], [25, 68, 9, 82, 86, 91, 100, 87, 94, 89], [33, 76, 92, 2, 63, 5, 13, 34, 35, 30, 52, 50, 73, 22], [72, 20, 49, 32, 85, 66, 48, 88], [31, 55, 60, 36, 75, 71, 77, 84, 54, 19, 64, 29, 28, 21, 69, 57, 98], [97, 3, 27, 1, 80, 11, 51, 46, 95]]",false
93,4807,2562,OR-opt,CMT3.vrp,"[[70, 90, 81, 12, 26, 56, 23, 41, 43, 14, 37, 16, 17, 45, 8, 7], [10, 65, 79, 78, 24, 58, 93, 61, 38, 44, 15, 74, 39], [18, 83, 47, 62, 53, 40, 67, 4, 42, 59, 99, 96, 6], [25, 68, 9, 82, 86, 91, 100, 87, 94, 89], [33, 50, 92, 2, 73, 76, 63, 5, 13, 34, 35, 30, 52, 22], [72, 20, 49, 32, 85, 66, 48, 88], [31, 55, 60, 36, 75, 71, 77, 84, 54, 19, 64, 29, 28, 21, 69, 57, 98], [97, 3, 27, 1, 80, 11, 51, 46, 95]]",false
94,4817,2562,OR-opt,CMT3.vrp,"[[70, 90, 81, 12, 26, 56, 23, 41, 43, 14, 37, 16, 17, 45, 8, 7], [10, 65, 79, 78, 24, 58, 93, 61, 38, 44, 15, 74, 39], [18, 83, 47, 62, 53, 40, 67, 4, 42, 59, 99, 96, 6], [25, 68, 9, 82, 86, 91, 100, 87, 94, 89], [33, 50, 92, 2, 63, 5, 13, 73, 76, 34, 35, 30, 52, 22], [72, 20, 49, 32, 85, 66, 48, 88], [31, 55, 60, 36, 75, 71, 77, 84, 54, 19, 64, 29, 28, 21, 69, 57, 98], [97, 3, 27, 1, 80, 11, 51, 46, 95]]",false
95,4841,2552,OR-opt,CMT3.vrp,"[[70, 90, 81, 12, 26, 56, 23, 41, 43, 14, 37, 16, 17, 45, 8, 7], [10, 65, 79, 78, 24, 58, 93, 61, 38, 44, 15, 74, 39], [18, 83, 47, 62, 53, 40, 67, 4, 42, 59, 99, 96, 6], [25, 68, 9, 82, 86, 91, 100, 87, 94, 89], [33, 50, 73, 76, 63, 5, 92, 2, 13, 34, 35, 30, 52, 22], [72, 20, 49, 32, 85, 66, 48, 88], [31, 55, 60, 36, 75, 71, 77, 84, 54, 19, 64, 29, 28, 21, 69, 57, 98], [97, 3, 27, 1, 80, 11, 51, 46, 95]]",false
96,4853,2544,OR-opt,CMT3.vrp,"[[70, 90, 81, 12, 26, 56, 23, 41, 43, 14, 37, 16, 17, 45, 8, 7], [10, 65, 79, 78, 24, 58, 93, 61, 38, 44, 15, 74, 39], [18, 83, 47, 62, 53, 40, 67, 4, 42, 59, 99, 96, 6], [25, 68, 9, 82, 86, 91, 100, 87, 94, 89], [33, 50, 73, 76, 63, 5, 13, 34, 35, 30, 52, 92, 2, 22], [72, 20, 49, 32, 85, 66, 48, 88], [31, 55, 60, 36, 75, 71, 77, 84, 54, 19, 64, 29, 28, 21, 69, 57, 98], [97, 3, 27, 1, 80, 11, 51, 46, 95]]",false
97,4961,2525,OR-opt,CMT3.vrp,"[[70, 90, 81, 12, 26, 56, 23, 41, 43, 14, 37, 16, 17, 45, 8, 7], [10, 65, 79, 78, 24, 58, 93, 61, 38, 44, 15, 74, 39], [18, 83, 47, 62, 53, 40, 67, 4, 42, 59, 99, 96, 6], [25, 68, 9, 82, 86, 91, 100, 87, 94, 89], [73, 33, 50, 76, 63, 5, 13, 34, 35, 30, 52, 92, 2, 22], [72, 20, 49, 32, 85, 66, 48, 88], [31, 55, 60, 36, 75, 71, 77, 84, 54, 19, 64, 29, 28, 21, 69, 57, 98], [97, 3, 27, 1, 80, 11, 51, 46, 95]]",false
98,4986,2515,OR-opt,CMT3.vrp,"[[70, 90, 81, 12, 26, 56, 23, 41, 43, 14, 37, 16, 17, 45, 8, 7], [10, 65, 79, 78, 24, 58, 93, 61, 38, 44, 15, 74, 39], [18, 83, 47, 62, 53, 40, 67, 4, 42, 59, 99, 96, 6], [25, 68, 9, 82, 86, 91, 100, 87, 94, 89], [73, 76, 33, 50, 63, 5, 13, 34, 35, 30, 52, 92, 2, 22], [72, 20, 49, 32, 85, 66, 48, 88], [31, 55, 60, 36, 75, 71, 77, 84, 54, 19, 64, 29, 28, 21, 69, 57, 98], [97, 3, 27, 1, 80, 11, 51, 46, 95]]",false
99,5017,2499,OR-opt,CMT3.vrp,"[[70, 90, 81, 12, 26, 56, 23, 41, 43, 14, 37, 16, 17, 45, 8, 7], [10, 65, 79, 78, 24, 58, 93, 61, 38, 44, 15, 74, 39], [18, 83, 47, 62, 53, 40, 67, 4, 42, 59, 99, 96, 6], [25, 68, 9, 82, 86, 91, 100, 87, 94, 89], [33, 50, 63, 5, 13, 73, 76, 34, 35, 30, 52, 92, 2, 22], [72, 20, 49, 32, 85, 66, 48, 88], [31, 55, 60, 36, 75, 71, 77, 84, 54, 19, 64, 29, 28, 21, 69, 57, 98], [97, 3, 27, 1, 80, 11, 51, 46, 95]]",false
100,5125,2496,OR-opt,CMT3.vrp,"[[70, 90, 81, 12, 26, 56, 23, 41, 43, 14, 37, 16, 17, 45, 8, 7], [10, 65, 79, 78, 24, 58, 93, 61, 38, 44, 15, 74, 39], [18, 83, 47, 62, 53, 40, 67, 4, 42, 59, 99, 96, 6], [25, 68, 9, 82, 86, 91, 100, 87, 94, 89], [63, 5, 13, 73, 33, 50, 76, 34, 35, 30, 52, 92, 2, 22], [72, 20, 49, 32, 85, 66, 48, 88], [31, 55, 60, 36, 75, 71, 77, 84, 54, 19, 64, 29, 28, 21, 69, 57, 98], [97, 3, 27, 1, 80, 11, 51, 46, 95]]",false
101,5134,2490,OR-opt,CMT3.vrp,"[[70, 90, 81, 12, 26, 56, 23, 41, 43, 14, 37, 16, 17, 45, 8, 7], [10, 65, 79, 78, 24, 58, 93, 61, 38, 44, 15, 74, 39], [18, 83, 47, 62, 53, 40, 67, 4, 42, 59, 99, 96, 6], [25, 68, 9, 82, 86, 91, 100, 87, 94, 89], [63, 5, 13, 73, 76, 33, 50, 34, 35, 30, 52, 92, 2, 22], [72, 20, 49, 32, 85, 66, 48, 88], [31, 55, 60, 36, 75, 71, 77, 84, 54, 19, 64, 29, 28, 21, 69, 57, 98], [97, 3, 27, 1, 80, 11, 51, 46, 95]]",false
102,5143,2488,OR-opt,CMT3.vrp,"[[70, 90, 81, 12, 26, 56, 23, 41, 43, 14, 37, 16, 17, 45, 8, 7], [10, 65, 79, 78, 24, 58, 93, 61, 38, 44, 15, 74, 39], [18, 83, 47, 62, 53, 40, 67, 4, 42, 59, 99, 96, 6], [25, 68, 9, 82, 86, 91, 100, 87, 94, 89], [63, 5, 13, 73, 76, 34, 35, 33, 50, 30, 52, 92, 2, 22], [72, 20, 49, 32, 85, 66, 48, 88], [31, 55, 60, 36, 75, 71, 77, 84, 54, 19, 64, 29, 28, 21, 69, 57, 98], [97, 3, 27, 1, 80, 11, 51, 46, 95]]",false
103,5253,2477,OR-opt,CMT3.vrp,"[[70, 90, 81, 12, 26, 56, 23, 41, 43, 14, 37, 16, 17, 45, 8, 7], [10, 65, 79, 78, 24, 58, 93, 61, 38, 44, 15, 74, 39], [18, 83, 47, 62, 53, 40, 67, 4, 42, 59, 99, 96, 6], [25, 68, 9, 82, 86, 91, 100, 87, 94, 89], [33, 50, 63, 5, 13, 2, 22, 73, 76, 34, 35, 30, 52, 92], [72, 20, 49, 32, 85, 66, 48, 88], [31, 55, 60, 36, 75, 71, 77, 84, 54, 19, 64, 29, 28, 21, 69, 57, 98], [97, 3, 27, 1, 80, 11, 51, 46, 95]]",false
104,5272,2474,OR-opt,CMT3.vrp,"[[70, 90, 81, 12, 26, 56, 23, 41, 43, 14, 37, 16, 17, 45, 8, 7], [10, 65, 79, 78, 24, 58, 93, 61, 38, 44, 15, 74, 39], [18, 83, 47, 62, 53, 40, 67, 4, 42, 59, 99, 96, 6], [25, 68, 9, 82, 86, 91, 100, 87, 94, 89], [63, 5, 13, 2, 22, 73, 33, 50, 76, 34, 35, 30, 52, 92], [72, 20, 49, 32, 85, 66, 48, 88], [31, 55, 60, 36, 75, 71, 77, 84, 54, 19, 64, 29, 28, 21, 69, 57, 98], [97, 3, 27, 1, 80, 11, 51, 46, 95]]",false
105,5280,2468,OR-opt,CMT3.vrp,"[[70, 90, 81, 12, 26, 56, 23, 41, 43, 14, 37, 16, 17, 45, 8, 7], [10, 65, 79, 78, 24, 58, 93, 61, 38, 44, 15, 74, 39], [18, 83, 47, 62, 53, 40, 67, 4, 42, 59, 99, 96, 6], [25, 68, 9, 82, 86, 91, 100, 87, 94, 89], [63, 5, 13, 2, 22, 73, 76, 33, 50, 34, 35, 30, 52, 92], [72, 20, 49, 32, 85, 66, 48, 88], [31, 55, 60, 36, 75, 71, 77, 84, 54, 19, 64, 29, 28, 21, 69, 57, 98], [97, 3, 27, 1, 80, 11, 51, 46, 95]]",false
106,5289,2465,OR-opt,CMT3.vrp,"[[70, 90, 81, 12, 26, 56, 23, 41, 43, 14, 37, 16, 17, 45, 8, 7], [10, 65, 79, 78, 24, 58, 93, 61, 38, 44, 15, 74, 39], [18, 83, 47, 62, 53, 40, 67, 4, 42, 59, 99, 96, 6], [25, 68, 9, 82, 86, 91, 100, 87, 94, 89], [63, 5, 13, 2, 22, 73, 76, 34, 35, 33, 50, 30, 52, 92], [72, 20, 49, 32, 85, 66, 48, 88], [31, 55, 60, 36, 75, 71, 77, 84, 54, 19, 64, 29, 28, 21, 69, 57, 98], [97, 3, 27, 1, 80, 11, 51, 46, 95]]",false
107,5403,2459,OR-opt,CMT3.vrp,"[[70, 90, 81, 12, 26, 56, 23, 41, 43, 14, 37, 16, 17, 45, 8, 7], [10, 65, 79, 78, 24, 58, 93, 61, 38, 44, 15, 74, 39], [18, 83, 47, 62, 53, 40, 67, 4, 42, 59, 99, 96, 6], [25, 68, 9, 82, 86, 91, 100, 87, 94, 89], [33, 50, 63, 52, 92, 5, 13, 2, 22, 73, 76, 34, 35, 30], [72, 20, 49, 32, 85, 66, 48, 88], [31, 55, 60, 36, 75, 71, 77, 84, 54, 19, 64, 29, 28, 21, 69, 57, 98], [97, 3, 27, 1, 80, 11, 51, 46, 95]]",false
108,5424,2455,OR-opt,CMT3.vrp,"[[70, 90, 81, 12, 26, 56, 23, 41, 43, 14, 37, 16, 17, 45, 8, 7], [10, 65, 79, 78, 24, 58, 93, 61, 38, 44, 15, 74, 39], [18, 83, 47, 62, 53, 40, 67, 4, 42, 59, 99, 96, 6], [25, 68, 9, 82, 86, 91, 100, 87, 94, 89], [63, 52, 92, 5, 13, 2, 22, 73, 33, 50, 76, 34, 35, 30], [72, 20, 49, 32, 85, 66, 48, 88], [31, 55, 60, 36, 75, 71, 77, 84, 54, 19, 64, 29, 28, 21, 69, 57, 98], [97, 3, 27, 1, 80, 11, 51, 46, 95]]",false
109,5433,2449,OR-opt,CMT3.vrp,"[[70, 90, 81, 12, 26, 56, 23, 41, 43, 14, 37, 16, 17, 45, 8, 7], [10, 65, 79, 78, 24, 58, 93, 61, 38, 44, 15, 74, 39], [18, 83, 47, 62, 53, 40, 67, 4, 42, 59, 99, 96, 6], [25, 68, 9, 82, 86, 91, 100, 87, 94, 89], [63, 52, 92, 5, 13, 2, 22, 73, 76, 33, 50, 34, 35, 30], [72, 20, 49, 32, 85, 66, 48, 88], [31, 55, 60, 36, 75, 71, 77, 84, 54, 19, 64, 29, 28, 21, 69, 57, 98], [97, 3, 27, 1, 80, 11, 51, 46, 95]]",false
110,5442,2447,OR-opt,CMT3.vrp,"[[70, 90, 81, 12, 26, 56, 23, 41, 43, 14, 37, 16, 17, 45, 8, 7], [10, 65, 79, 78, 24, 58, 93, 61, 38, 44, 15, 74, 39], [18, 83, 47, 62, 53, 40, 67, 4, 42, 59, 99, 96, 6], [25, 68, 9, 82, 86, 91, 100, 87, 94, 89], [63, 52, 92, 5, 13, 2, 22, 73, 76, 34, 35, 33, 50, 30], [72, 20, 49, 32, 85, 66, 48, 88], [31, 55, 60, 36, 75, 71, 77, 84, 54, 19, 64, 29, 28, 21, 69, 57, 98], [97, 3, 27, 1, 80, 11, 51, 46, 95]]",false
111,5449,2446,OR-opt,CMT3.vrp,"[[70, 90, 81, 12, 26, 56, 23, 41, 43, 14, 37, 16, 17, 45, 8, 7], [10, 65, 79, 78, 24, 58, 93, 61, 38, 44, 15, 74, 39], [18, 83, 47, 62, 53, 40, 67, 4, 42, 59, 99, 96, 6], [25, 68, 9, 82, 86, 91, 100, 87, 94, 89], [63, 52, 92, 5, 13, 2, 22, 73, 76, 34, 35, 30, 33, 50], [72, 20, 49, 32, 85, 66, 48, 88], [31, 55, 60, 36, 75, 71, 77, 84, 54, 19, 64, 29, 28, 21, 69, 57, 98], [97, 3, 27, 1, 80, 11, 51, 46, 95]]",false
112,5475,2445,OR-opt,CMT3.vrp,"[[70, 90, 81, 12, 26, 56, 23, 41, 43, 14, 37, 16, 17, 45, 8, 7], [10, 65, 79, 78, 24, 58, 93, 61, 38, 44, 15, 74, 39], [18, 83, 47, 62, 53, 40, 67, 4, 42, 59, 99, 96, 6], [25, 68, 9, 82, 86, 91, 100, 87, 94, 89], [33, 50, 92, 5, 13, 2, 22, 73, 76, 34, 35, 30, 63, 52], [72, 20, 49, 32, 85, 66, 48, 88], [31, 55, 60, 36, 75, 71, 77, 84, 54, 19, 64, 29, 28, 21, 69, 57, 98], [97, 3, 27, 1, 80, 11, 51, 46, 95]]",false
113,5578,2419,OR-opt,CMT3.vrp,"[[70, 90, 81, 12, 26, 56, 23, 41, 43, 14, 37, 16, 17, 45, 8, 7], [10, 65, 79, 78, 24, 58, 93, 61, 38, 44, 15, 74, 39], [18, 83, 47, 62, 53, 40, 67, 4, 42, 59, 99, 96, 6], [25, 68, 9, 82, 86, 91, 100, 87, 94, 89], [92, 5, 13, 2, 22, 73, 33, 50, 76, 34, 35, 30, 63, 52], [72, 20, 49, 32, 85, 66, 48, 88], [31, 55, 60, 36, 75, 71, 77, 84, 54, 19, 64, 29, 28, 21, 69, 57, 98], [97, 3, 27, 1, 80, 11, 51, 46, 95]]",false
114,5587,2413,OR-opt,CMT3.vrp,"[[70, 90, 81, 12, 26, 56, 23, 41, 43, 14, 37, 16, 17, 45, 8, 7], [10, 65, 79, 78, 24, 58, 93, 61, 38, 44, 15, 74, 39], [18, 83, 47, 62, 53, 40, 67, 4, 42, 59, 99, 96, 6], [25, 68, 9, 82, 86, 91, 100, 87, 94, 89], [92, 5, 13, 2, 22, 73, 76, 33, 50, 34, 35, 30, 63, 52], [72, 20, 49, 32, 85, 66, 48, 88], [31, 55, 60, 36, 75, 71, 77, 84, 54, 19, 64, 29, 28, 21, 69, 57, 98], [97, 3, 27, 1, 80, 11, 51, 46, 95]]",false
115,5597,2411,OR-opt,CMT3.vrp,"[[70, 90, 81, 12, 26, 56, 23, 41, 43, 14, 37, 16, 17, 45, 8, 7], [10, 65, 79, 78, 24, 58, 93, 61, 38, 44, 15, 74, 39], [18, 83, 47, 62, 53, 40, 67, 4, 42, 59, 99, 96, 6], [25, 68, 9, 82, 86, 91, 100, 87, 94, 89], [92, 5, 13, 2, 22, 73, 76, 34, 35, 33, 50, 30, 63, 52], [72, 20, 49, 32, 85, 66, 48, 88], [31, 55, 60, 36, 75, 71, 77, 84, 54, 19, 64, 29, 28, 21, 69, 57, 98], [97, 3, 27, 1, 80, 11, 51, 46, 95]]",false
116,5713,2410,OR-opt,CMT3.vrp,"[[70, 90, 81, 12, 26, 56, 23, 41, 43, 14, 37, 16, 17, 45, 8, 7], [10, 65, 79, 78, 24, 58, 93, 61, 38, 44, 15, 74, 39], [18, 83, 47, 62, 53, 40, 67, 4, 42, 59, 99, 96, 6], [25, 68, 9, 82, 86, 91, 100, 87, 94, 89], [13, 92, 5, 2, 22, 73, 76, 34, 35, 33, 50, 30, 63, 52], [72, 20, 49, 32, 85, 66, 48, 88], [31, 55, 60, 36, 75, 71, 77, 84, 54, 19, 64, 29, 28, 21, 69, 57, 98], [97, 3, 27, 1, 80, 11, 51, 46, 95]]",false
117,5962,2373,OR-opt,CMT3.vrp,"[[70, 90, 81, 12, 26, 56, 23, 41, 43, 14, 37, 16, 17, 45, 8, 7], [10, 65, 79, 78, 24, 58, 93, 61, 38, 44, 15, 74, 39], [18, 83, 47, 62, 53, 40, 67, 4, 42, 59, 99, 96, 6], [25, 68, 9, 82, 86, 91, 100, 87, 94, 89], [13, 92, 5, 2, 22, 73, 76, 34, 35, 33, 50, 30, 63, 52], [49, 32, 85, 72, 20, 66, 48, 88], [31, 55, 60, 36, 75, 71, 77, 84, 54, 19, 64, 29, 28, 21, 69, 57, 98], [97, 3, 27, 1, 80, 11, 51, 46, 95]]",false
118,5977,2371,OR-opt,CMT3.vrp,"[[70, 90, 81, 12, 26, 56, 23, 41, 43, 14, 37, 16, 17, 45, 8, 7], [10, 65, 79, 78, 24, 58, 93, 61, 38, 44, 15, 74, 39], [18, 83, 47, 62, 53, 40, 67, 4, 42, 59, 99, 96, 6], [25, 68, 9, 82, 86, 91, 100, 87, 94, 89], [13, 92, 5, 2, 22, 73, 76, 34, 35, 33, 50, 30, 63, 52], [72, 32, 85, 66, 20, 49, 48, 88], [31, 55, 60, 36, 75, 71, 77, 84, 54, 19, 64, 29, 28, 21, 69, 57, 98], [97, 3, 27, 1, 80, 11, 51, 46, 95]]",false
119,5996,2367,OR-opt,CMT3.vrp,"[[70, 90, 81, 12, 26, 56, 23, 41, 43, 14, 37, 16, 17, 45, 8, 7], [10, 65, 79, 78, 24, 58, 93, 61, 38, 44, 15, 74, 39], [18, 83, 47, 62, 53, 40, 67, 4, 42, 59, 99, 96, 6], [25, 68, 9, 82, 86, 91, 100, 87, 94, 89], [13, 92, 5, 2, 22, 73, 76, 34, 35, 33, 50, 30, 63, 52], [72, 20, 49, 66, 32, 85, 48, 88], [31, 55, 60, 36, 75, 71, 77, 84, 54, 19, 64, 29, 28, 21, 69, 57, 98], [97, 3, 27, 1, 80, 11, 51, 46, 95]]",false
120,6009,2337,OR-opt,CMT3.vrp,"[[70, 90, 81, 12, 26, 56, 23, 41, 43, 14, 37, 16, 17, 45, 8, 7], [10, 65, 79, 78, 24, 58, 93, 61, 38, 44, 15, 74, 39], [18, 83, 47, 62, 53, 40, 67, 4, 42, 59, 99, 96, 6], [25, 68, 9, 82, 86, 91, 100, 87, 94, 89], [13, 92, 5, 2, 22, 73, 76, 34, 35, 33, 50, 30, 63, 52], [72, 85, 66, 20, 49, 32, 48, 88], [31, 55, 60, 36, 75, 71, 77, 84, 54, 19, 64, 29, 28, 21, 69, 57, 98], [97, 3, 27, 1, 80, 11, 51, 46, 95]]",false
121,6041,2310,OR-opt,CMT3.vrp,"[[70, 90, 81, 12, 26, 56, 23, 41, 43, 14, 37, 16, 17, 45, 8, 7], [10, 65, 79, 78, 24, 58, 93, 61, 38, 44, 15, 74, 39], [18, 83, 47, 62, 53, 40, 67, 4, 42, 59, 99, 96, 6], [25, 68, 9, 82, 86, 91, 100, 87, 94, 89], [13, 92, 5, 2, 22, 73, 76, 34, 35, 33, 50, 30, 63, 52], [72, 85, 49, 66, 20, 32, 48, 88], [31, 55, 60, 36, 75, 71, 77, 84, 54, 19, 64, 29, 28, 21, 69, 57, 98], [97, 3, 27, 1, 80, 11, 51, 46, 95]]",false
122,6051,2306,OR-opt,CMT3.vrp,"[[70, 90, 81, 12, 26, 56, 23, 41, 43, 14, 37, 16, 17, 45, 8, 7], [10, 65, 79, 78, 24, 58, 93, 61, 38, 44, 15, 74, 39], [18, 83, 47, 62, 53, 40, 67, 4, 42, 59, 99, 96, 6], [25, 68, 9, 82, 86, 91, 100, 87, 94, 89], [13, 92, 5, 2, 22, 73, 76, 34, 35, 33, 50, 30, 63, 52], [72, 85, 49, 32, 66, 20, 48, 88], [31, 55, 60, 36, 75, 71, 77, 84, 54, 19, 64, 29, 28, 21, 69, 57, 98], [97, 3, 27, 1, 80, 11, 51, 46, 95]]",false
123,6111,2292,OR-opt,CMT3.vrp,"[[70, 90, 81, 12, 26, 56, 23, 41, 43, 14, 37, 16, 17, 45, 8, 7], [10, 65, 79, 78, 24, 58, 93, 61, 38, 44, 15, 74, 39], [18, 83, 47, 62, 53, 40, 67, 4, 42, 59, 99, 96, 6], [25, 68, 9, 82, 86, 91, 100, 87, 94, 89], [13, 92, 5, 2, 22, 73, 76, 34, 35, 33, 50, 30, 63, 52], [72, 85, 48, 88, 49, 32, 66, 20], [31, 55, 60, 36, 75, 71, 77, 84, 54, 19, 64, 29, 28, 21, 69, 57, 98], [97, 3, 27, 1, 80, 11, 51, 46, 95]]",false
124,6121,2291,OR-opt,CMT3.vrp,"[[70, 90, 81, 12, 26, 56, 23, 41, 43, 14, 37, 16, 17, 45, 8, 7], [10, 65, 79, 78, 24, 58, 93, 61, 38, 44, 15, 74, 39], [18, 83, 47, 62, 53, 40, 67, 4, 42, 59, 99, 96, 6], [25, 68, 9, 82, 86, 91, 100, 87, 94, 89], [13, 92, 5, 2, 22, 73, 76, 34, 35, 33, 50, 30, 63, 52], [72, 85, 49, 48, 88, 32, 66, 20], [31, 55, 60, 36, 75, 71, 77, 84, 54, 19, 64, 29, 28, 21, 69, 57, 98], [97, 3, 27, 1, 80, 11, 51, 46, 95]]",false
125,6164,2225,OR-opt,CMT3.vrp,"[[70, 90, 81, 12, 26, 56, 23, 41, 43, 14, 37, 16, 17, 45, 8, 7], [10, 65, 79, 78, 24, 58, 93, 61, 38, 44, 15, 74, 39], [18, 83, 47, 62, 53, 40, 67, 4, 42, 59, 99, 96, 6], [25, 68, 9, 82, 86, 91, 100, 87, 94, 89], [13, 92, 5, 2, 22, 73, 76, 34, 35, 33, 50, 30, 63, 52], [72, 85, 49, 48, 88, 32, 66, 20], [60, 36, 31, 55, 75, 71, 77, 84, 54, 19, 64, 29, 28, 21, 69, 57, 98], [97, 3, 27, 1, 80, 11, 51, 46, 95]]",false
126,6202,2218,OR-opt,CMT3.vrp,"[[70, 90, 81, 12, 26, 56, 23, 41, 43, 14, 37, 16, 17, 45, 8, 7], [10, 65, 79, 78, 24, 58, 93, 61, 38, 44, 15, 74, 39], [18, 83, 47, 62, 53, 40, 67, 4, 42, 59, 99, 96, 6], [25, 68, 9, 82, 86, 91, 100, 87, 94, 89], [13, 92, 5, 2, 22, 73, 76, 34, 35, 33, 50, 30, 63, 52], [72, 85, 49, 48, 88, 32, 66, 20], [31, 55, 75, 71, 77, 60, 36, 84, 54, 19, 64, 29, 28, 21, 69, 57, 98], [97, 3, 27, 1, 80, 11, 51, 46, 95]]",false
127,6212,2196,OR-opt,CMT3.vrp,"[[70, 90, 81, 12, 26, 56, 23, 41, 43, 14, 37, 16, 17, 45, 8, 7], [10, 65, 79, 78, 24, 58, 93, 61, 38, 44, 15, 74, 39], [18, 83, 47, 62, 53, 40, 67, 4, 42, 59, 99, 96, 6], [25, 68, 9, 82, 86, 91, 100, 87, 94, 89], [13, 92, 5, 2, 22, 73, 76, 34, 35, 33, 50, 30, 63, 52], [72, 85, 49, 48, 88, 32, 66, 20], [31, 55, 75, 71, 77, 84, 54, 60, 36, 19, 64, 29, 28, 21, 69, 57, 98], [97, 3, 27, 1, 80, 11, 51, 46, 95]]",false
128,6390,2179,OR-opt,CMT3.vrp,"[[70, 90, 81, 12, 26, 56, 23, 41, 43, 14, 37, 16, 17, 45, 8, 7], [10, 65, 79, 78, 24, 58, 93, 61, 38, 44, 15, 74, 39], [18, 83, 47, 62, 53, 40, 67, 4, 42, 59, 99, 96, 6], [25, 68, 9, 82, 86, 91, 100, 87, 94, 89], [13, 92, 5, 2, 22, 73, 76, 34, 35, 33, 50, 30, 63, 52], [72, 85, 49, 48, 88, 32, 66, 20], [75, 71, 77, 84, 31, 55, 54, 60, 36, 19, 64, 29, 28, 21, 69, 57, 98], [97, 3, 27, 1, 80, 11, 51, 46, 95]]",false
129,6407,2176,OR-opt,CMT3.vrp,"[[70, 90, 81, 12, 26, 56, 23, 41, 43, 14, 37, 16, 17, 45, 8, 7], [10, 65, 79, 78, 24, 58, 93, 61, 38, 44, 15, 74, 39], [18, 83, 47, 62, 53, 40, 67, 4, 42, 59, 99, 96, 6], [25, 68, 9, 82, 86, 91, 100, 87, 94, 89], [13, 92, 5, 2, 22, 73, 76, 34, 35, 33, 50, 30, 63, 52], [72, 85, 49, 48, 88, 32, 66, 20], [75, 71, 77, 84, 54, 60, 36, 19, 64, 31, 55, 29, 28, 21, 69, 57, 98], [97, 3, 27, 1, 80, 11, 51, 46, 95]]",false
130,6423,2147,OR-opt,CMT3.vrp,"[[70, 90, 81, 12, 26, 56, 23, 41, 43, 14, 37, 16, 17, 45, 8, 7], [10, 65, 79, 78, 24, 58, 93, 61, 38, 44, 15, 74, 39], [18, 83, 47, 62, 53, 40, 67, 4, 42, 59, 99, 96, 6], [25, 68, 9, 82, 86, 91, 100, 87, 94, 89], [13, 92, 5, 2, 22, 73, 76, 34, 35, 33, 50, 30, 63, 52], [72, 85, 49, 48, 88, 32, 66, 20], [31, 71, 77, 55, 75, 84, 54, 60, 36, 19, 64, 29, 28, 21, 69, 57, 98], [97, 3, 27, 1, 80, 11, 51, 46, 95]]",false
131,6432,2133,OR-opt,CMT3.vrp,"[[70, 90, 81, 12, 26, 56, 23, 41, 43, 14, 37, 16, 17, 45, 8, 7], [10, 65, 79, 78, 24, 58, 93, 61, 38, 44, 15, 74, 39], [18, 83, 47, 62, 53, 40, 67, 4, 42, 59, 99, 96, 6], [25, 68, 9, 82, 86, 91, 100, 87, 94, 89], [13, 92, 5, 2, 22, 73, 76, 34, 35, 33, 50, 30, 63, 52], [72, 85, 49, 48, 88, 32, 66, 20], [31, 71, 77, 84, 54, 55, 75, 60, 36, 19, 64, 29, 28, 21, 69, 57, 98], [97, 3, 27, 1, 80, 11, 51, 46, 95]]",false
132,6467,2131,OR-opt,CMT3.vrp,"[[70, 90, 81, 12, 26, 56, 23, 41, 43, 14, 37, 16, 17, 45, 8, 7], [10, 65, 79, 78, 24, 58, 93, 61, 38, 44, 15, 74, 39], [18, 83, 47, 62, 53, 40, 67, 4, 42, 59, 99, 96, 6], [25, 68, 9, 82, 86, 91, 100, 87, 94, 89], [13, 92, 5, 2, 22, 73, 76, 34, 35, 33, 50, 30, 63, 52], [72, 85, 49, 48, 88, 32, 66, 20], [31, 55, 75, 84, 54, 60, 36, 19, 64, 71, 77, 29, 28, 21, 69, 57, 98], [97, 3, 27, 1, 80, 11, 51, 46, 95]]",false
133,6507,2128,OR-opt,CMT3.vrp,"[[70, 90, 81, 12, 26, 56, 23, 41, 43, 14, 37, 16, 17, 45, 8, 7], [10, 65, 79, 78, 24, 58, 93, 61, 38, 44, 15, 74, 39], [18, 83, 47, 62, 53, 40, 67, 4, 42, 59, 99, 96, 6], [25, 68, 9, 82, 86, 91, 100, 87, 94, 89], [13, 92, 5, 2, 22, 73, 76, 34, 35, 33, 50, 30, 63, 52], [72, 85, 49, 48, 88, 32, 66, 20], [31, 55, 75, 71, 77, 54, 60, 84, 36, 19, 64, 29, 28, 21, 69, 57, 98], [97, 3, 27, 1, 80, 11, 51, 46, 95]]",false
134,6637,2108,OR-opt,CMT3.vrp,"[[70, 90, 81, 12, 26, 56, 23, 41, 43, 14, 37, 16, 17, 45, 8, 7], [10, 65, 79, 78, 24, 58, 93, 61, 38, 44, 15, 74, 39], [18, 83, 47, 62, 53, 40, 67, 4, 42, 59, 99, 96, 6], [25, 68, 9, 82, 86, 91, 100, 87, 94, 89], [13, 92, 5, 2, 22, 73, 76, 34, 35, 33, 50, 30, 63, 52], [72, 85, 49, 48, 88, 32, 66, 20], [75, 71, 77, 54, 60, 84, 36, 19, 64, 31, 55, 29, 28, 21, 69, 57, 98], [97, 3, 27, 1, 80, 11, 51, 46, 95]]",false
135,6654,2085,OR-opt,CMT3.vrp,"[[70, 90, 81, 12, 26, 56, 23, 41, 43, 14, 37, 16, 17, 45, 8, 7], [10, 65, 79, 78, 24, 58, 93, 61, 38, 44, 15, 74, 39], [18, 83, 47, 62, 53, 40, 67, 4, 42, 59, 99, 96, 6], [25, 68, 9, 82, 86, 91, 100, 87, 94, 89], [13, 92, 5, 2, 22, 73, 76, 34, 35, 33, 50, 30, 63, 52], [72, 85, 49, 48, 88, 32, 66, 20], [31, 71, 77, 55, 75, 54, 60, 84, 36, 19, 64, 29, 28, 21, 69, 57, 98], [97, 3, 27, 1, 80, 11, 51, 46, 95]]",false
136,6662,2065,OR-opt,CMT3.vrp,"[[70, 90, 81, 12, 26, 56, 23, 41, 43, 14, 37, 16, 17, 45, 8, 7], [10, 65, 79, 78, 24, 58, 93, 61, 38, 44, 15, 74, 39], [18, 83, 47, 62, 53, 40, 67, 4, 42, 59, 99, 96, 6], [25, 68, 9, 82, 86, 91, 100, 87, 94, 89], [13, 92, 5, 2, 22, 73, 76, 34, 35, 33, 50, 30, 63, 52], [72, 85, 49, 48, 88, 32, 66, 20], [31, 71, 77, 54, 55, 75, 60, 84, 36, 19, 64, 29, 28, 21, 69, 57, 98], [97, 3, 27, 1, 80, 11, 51, 46, 95]]",false
137,6852,2038,OR-opt,CMT3.vrp,"[[70, 90, 81, 12, 26, 56, 23, 41, 43, 14, 37, 16, 17, 45, 8, 7], [10, 65, 79, 78, 24, 58, 93, 61, 38, 44, 15, 74, 39], [18, 83, 47, 62, 53, 40, 67, 4, 42, 59, 99, 96, 6], [25, 68, 9, 82, 86, 91, 100, 87, 94, 89], [13, 92, 5, 2, 22, 73, 76, 34, 35, 33, 50, 30, 63, 52], [72, 85, 49, 48, 88, 32, 66, 20], [77, 54, 55, 75, 60, 84, 36, 19, 64, 31, 71, 29, 28, 21, 69, 57, 98], [97, 3, 27, 1, 80, 11, 51, 46, 95]]",false
138,6999,2031,OR-opt,CMT3.vrp,"[[70, 90, 81, 12, 26, 56, 23, 41, 43, 14, 37, 16, 17, 45, 8, 7], [10, 65, 79, 78, 24, 58, 93, 61, 38, 44, 15, 74, 39], [18, 83, 47, 62, 53, 40, 67, 4, 42, 59, 99, 96, 6], [25, 68, 9, 82, 86, 91, 100, 87, 94, 89], [13, 92, 5, 2, 22, 73, 76, 34, 35, 33, 50, 30, 63, 52], [72, 85, 49, 48, 88, 32, 66, 20], [31, 71, 77, 54, 55, 75, 60, 84, 36, 19, 64, 29, 69, 28, 21, 57, 98], [97, 3, 27, 1, 80, 11, 51, 46, 95]]",false
139,7039,2011,OR-opt,CMT3.vrp,"[[70, 90, 81, 12, 26, 56, 23, 41, 43, 14, 37, 16, 17, 45, 8, 7], [10, 65, 79, 78, 24, 58, 93, 61, 38, 44, 15, 74, 39], [18, 83, 47, 62, 53, 40, 67, 4, 42, 59, 99, 96, 6], [25, 68, 9, 82, 86, 91, 100, 87, 94, 89], [13, 92, 5, 2, 22, 73, 76, 34, 35, 33, 50, 30, 63, 52], [72, 85, 49, 48, 88, 32, 66, 20], [31, 71, 77, 54, 55, 75, 57, 98, 60, 84, 36, 19, 64, 29, 28, 21, 69], [97, 3, 27, 1, 80, 11, 51, 46, 95]]",false
140,7061,1985,OR-opt,CMT3.vrp,"[[70, 90, 81, 12, 26, 56, 23, 41, 43, 14, 37, 16, 17, 45, 8, 7], [10, 65, 79, 78, 24, 58, 93, 61, 38, 44, 15, 74, 39], [18, 83, 47, 62, 53, 40, 67, 4, 42, 59, 99, 96, 6], [25, 68, 9, 82, 86, 91, 100, 87, 94, 89], [13, 92, 5, 2, 22, 73, 76, 34, 35, 33, 50, 30, 63, 52], [72, 85, 49, 48, 88, 32, 66, 20], [77, 54, 55, 75, 57, 98, 60, 84, 36, 19, 64, 31, 71, 29, 28, 21, 69], [97, 3, 27, 1, 80, 11, 51, 46, 95]]",false
141,7378,1980,OR-opt,CMT3.vrp,"[[70, 90, 81, 12, 26, 56, 23, 41, 43, 14, 37, 16, 17, 45, 8, 7], [10, 65, 79, 78, 24, 58, 93, 61, 38, 44, 15, 74, 39], [18, 83, 47, 62, 53, 40, 67, 4, 42, 59, 99, 96, 6], [25, 68, 9, 82, 86, 91, 100, 87, 94, 89], [13, 92, 5, 2, 22, 73, 76, 34, 35, 33, 50, 30, 63, 52], [72, 85, 49, 48, 88, 32, 66, 20], [71, 29, 77, 54, 55, 75, 57, 98, 60, 84, 36, 19, 64, 31, 28, 21, 69], [97, 3, 27, 1, 80, 11, 51, 46, 95]]",false
142,7389,1974,OR-opt,CMT3.vrp,"[[70, 90, 81, 12, 26, 56, 23, 41, 43, 14, 37, 16, 17, 45, 8, 7], [10, 65, 79, 78, 24, 58, 93, 61, 38, 44, 15, 74, 39], [18, 83, 47, 62, 53, 40, 67, 4, 42, 59, 99, 96, 6], [25, 68, 9, 82, 86, 91, 100, 87, 94, 89], [13, 92, 5, 2, 22, 73, 76, 34, 35, 33, 50, 30, 63, 52], [72, 85, 49, 48, 88, 32, 66, 20], [77, 71, 29, 54, 55, 75, 57, 98, 60, 84, 36, 19, 64, 31, 28, 21, 69], [97, 3, 27, 1, 80, 11, 51, 46, 95]]",false
143,7420,1971,OR-opt,CMT3.vrp,"[[70, 90, 81, 12, 26, 56, 23, 41, 43, 14, 37, 16, 17, 45, 8, 7], [10, 65, 79, 78, 24, 58, 93, 61, 38, 44, 15, 74, 39], [18, 83, 47, 62, 53, 40, 67, 4, 42, 59, 99, 96, 6], [25, 68, 9, 82, 86, 91, 100, 87, 94, 89], [13, 92, 5, 2, 22, 73, 76, 34, 35, 33, 50, 30, 63, 52], [72, 85, 49, 48, 88, 32, 66, 20], [28, 21, 77, 54, 55, 75, 57, 98, 60, 84, 36, 19, 64, 31, 71, 29, 69], [97, 3, 27, 1, 80, 11, 51, 46, 95]]",false
144,7474,1968,OR-opt,CMT3.vrp,"[[70, 90, 81, 12, 26, 56, 23, 41, 43, 14, 37, 16, 17, 45, 8, 7], [10, 65, 79, 78, 24, 58, 93, 61, 38, 44, 15, 74, 39], [18, 83, 47, 62, 53, 40, 67, 4, 42, 59, 99, 96, 6], [25, 68, 9, 82, 86, 91, 100, 87, 94, 89], [13, 92, 5, 2, 22, 73, 76, 34, 35, 33, 50, 30, 63, 52], [72, 85, 49, 48, 88, 32, 66, 20], [28, 77, 54, 21, 55, 75, 57, 98, 60, 84, 36, 19, 64, 31, 71, 29, 69], [97, 3, 27, 1, 80, 11, 51, 46, 95]]",false
145,7491,1967,OR-opt,CMT3.vrp,"[[70, 90, 81, 12, 26, 56, 23, 41, 43, 14, 37, 16, 17, 45, 8, 7], [10, 65, 79, 78, 24, 58, 93, 61, 38, 44, 15, 74, 39], [18, 83, 47, 62, 53, 40, 67, 4, 42, 59, 99, 96, 6], [25, 68, 9, 82, 86, 91, 100, 87, 94, 89], [13, 92, 5, 2, 22, 73, 76, 34, 35, 33, 50, 30, 63, 52], [72, 85, 49, 48, 88, 32, 66, 20], [28, 21, 55, 75, 57, 98, 60, 84, 36, 19, 64, 31, 71, 29, 77, 54, 69], [97, 3, 27, 1, 80, 11, 51, 46, 95]]",false
146,7627,1957,OR-opt,CMT3.vrp,"[[70, 90, 81, 12, 26, 56, 23, 41, 43, 14, 37, 16, 17, 45, 8, 7], [10, 65, 79, 78, 24, 58, 93, 61, 38, 44, 15, 74, 39], [18, 83, 47, 62, 53, 40, 67, 4, 42, 59, 99, 96, 6], [25, 68, 9, 82, 86, 91, 100, 87, 94, 89], [13, 92, 5, 2, 22, 73, 76, 34, 35, 33, 50, 30, 63, 52], [72, 85, 49, 48, 88, 32, 66, 20], [28, 21, 71, 29, 77, 54, 55, 75, 57, 98, 60, 84, 36, 19, 64, 31, 69], [97, 3, 27, 1, 80, 11, 51, 46, 95]]",false
147,7636,1947,OR-opt,CMT3.vrp,"[[70, 90, 81, 12, 26, 56, 23, 41, 43, 14, 37, 16, 17, 45, 8, 7], [10, 65, 79, 78, 24, 58, 93, 61, 38, 44, 15, 74, 39], [18, 83, 47, 62, 53, 40, 67, 4, 42, 59, 99, 96, 6], [25, 68, 9, 82, 86, 91, 100, 87, 94, 89], [13, 92, 5, 2, 22, 73, 76, 34, 35, 33, 50, 30, 63, 52], [72, 85, 49, 48, 88, 32, 66, 20], [28, 21, 77, 71, 29, 54, 55, 75, 57, 98, 60, 84, 36, 19, 64, 31, 69], [97, 3, 27, 1, 80, 11, 51, 46, 95]]",false
148,7842,1939,OR-opt,CMT3.vrp,"[[70, 90, 81, 12, 26, 56, 23, 41, 43, 14, 37, 16, 17, 45, 8, 7], [10, 65, 79, 78, 24, 58, 93, 61, 38, 44, 15, 74, 39], [18, 83, 47, 62, 53, 40, 67, 4, 42, 59, 99, 96, 6], [25, 68, 9, 82, 86, 91, 100, 87, 94, 89], [13, 92, 5, 2, 22, 73, 76, 34, 35, 33, 50, 30, 63, 52], [72, 85, 49, 48, 88, 32, 66, 20], [28, 21, 77, 71, 29, 54, 55, 75, 57, 98, 60, 84, 36, 19, 64, 31, 69], [27, 97, 3, 1, 80, 11, 51, 46, 95]]",false
149,7851,1935,OR-opt,CMT3.vrp,"[[70, 90, 81, 12, 26, 56, 23, 41, 43, 14, 37, 16, 17, 45, 8, 7], [10, 65, 79, 78, 24, 58, 93, 61, 38, 44, 15, 74, 39], [18, 83, 47, 62, 53, 40, 67, 4, 42, 59, 99, 96, 6], [25, 68, 9, 82, 86, 91, 100, 87, 94, 89], [13, 92, 5, 2, 22, 73, 76, 34, 35, 33, 50, 30, 63, 52], [72, 85, 49, 48, 88, 32, 66, 20], [28, 21, 77, 71, 29, 54, 55, 75, 57, 98, 60, 84, 36, 19, 64, 31, 69], [27, 1, 97, 3, 80, 11, 51, 46, 95]]",false
150,7863,1924,OR-opt,CMT3.vrp,"[[70, 90, 81, 12, 26, 56, 23, 41, 43, 14, 37, 16, 17, 45, 8, 7], [10, 65, 79, 78, 24, 58, 93, 61, 38, 44, 15, 74, 39], [18, 83, 47, 62, 53, 40, 67, 4, 42, 59, 99, 96, 6], [25, 68, 9, 82, 86, 91, 100, 87, 94, 89], [13, 92, 5, 2, 22, 73, 76, 34, 35, 33, 50, 30, 63, 52], [72, 85, 49, 48, 88, 32, 66, 20], [28, 21, 77, 71, 29, 54, 55, 75, 57, 98, 60, 84, 36, 19, 64, 31, 69], [27, 1, 80, 11, 51, 46, 95, 97, 3]]",false
151,7873,1921,OR-opt,CMT3.vrp,"[[70, 90, 81, 12, 26, 56, 23, 41, 43, 14, 37, 16, 17, 45, 8, 7], [10, 65, 79, 78, 24, 58, 93, 61, 38, 44, 15, 74, 39], [18, 83, 47, 62, 53, 40, 67, 4, 42, 59, 99, 96, 6], [25, 68, 9, 82, 86, 91, 100, 87, 94, 89], [13, 92, 5, 2, 22, 73, 76, 34, 35, 33, 50, 30, 63, 52], [72, 85, 49, 48, 88, 32, 66, 20], [28, 21, 77, 71, 29, 54, 55, 75, 57, 98, 60, 84, 36, 19, 64, 31, 69], [97, 1, 80, 3, 27, 11, 51, 46, 95]]",false
152,7885,1913,OR-opt,CMT3.vrp,"[[70, 90, 81, 12, 26, 56, 23, 41, 43, 14, 37, 16, 17, 45, 8, 7], [10, 65, 79, 78, 24, 58, 93, 61, 38, 44, 15, 74, 39], [18, 83, 47, 62, 53, 40, 67, 4, 42, 59, 99, 96, 6], [25, 68, 9, 82, 86, 91, 100, 87, 94, 89], [13, 92, 5, 2, 22, 73, 76, 34, 35, 33, 50, 30, 63, 52], [72, 85, 49, 48, 88, 32, 66, 20], [28, 21, 77, 71, 29, 54, 55, 75, 57, 98, 60, 84, 36, 19, 64, 31, 69], [97, 27, 1, 3, 80, 11, 51, 46, 95]]",false
153,7905,1909,OR-opt,CMT3.vrp,"[[70, 90, 81, 12, 26, 56, 23, 41, 43, 14, 37, 16, 17, 45, 8, 7], [10, 65, 79, 78, 24, 58, 93, 61, 38, 44, 15, 74, 39], [18, 83, 47, 62, 53, 40, 67, 4, 42, 59, 99, 96, 6], [25, 68, 9, 82, 86, 91, 100, 87, 94, 89], [13, 92, 5, 2, 22, 73, 76, 34, 35, 33, 50, 30, 63, 52], [72, 85, 49, 48, 88, 32, 66, 20], [28, 21, 77, 71, 29, 54, 55, 75, 57, 98, 60, 84, 36, 19, 64, 31, 69], [97, 3, 27, 1, 51, 80, 11, 46, 95]]",false
154,7930,1901,OR-opt,CMT3.vrp,"[[70, 90, 81, 12, 26, 56, 23, 41, 43, 14, 37, 16, 17, 45, 8, 7], [10, 65, 79, 78, 24, 58, 93, 61, 38, 44, 15, 74, 39], [18, 83, 47, 62, 53, 40, 67, 4, 42, 59, 99, 96, 6], [25, 68, 9, 82, 86, 91, 100, 87, 94, 89], [13, 92, 5, 2, 22, 73, 76, 34, 35, 33, 50, 30, 63, 52], [72, 85, 49, 48, 88, 32, 66, 20], [28, 21, 77, 71, 29, 54, 55, 75, 57, 98, 60, 84, 36, 19, 64, 31, 69], [27, 97, 3, 1, 51, 80, 11, 46, 95]]",false
155,7942,1886,OR-opt,CMT3.vrp,"[[70, 90, 81, 12, 26, 56, 23, 41, 43, 14, 37, 16, 17, 45, 8, 7], [10, 65, 79, 78, 24, 58, 93, 61, 38, 44, 15, 74, 39], [18, 83, 47, 62, 53, 40, 67, 4, 42, 59, 99, 96, 6], [25, 68, 9, 82, 86, 91, 100, 87, 94, 89], [13, 92, 5, 2, 22, 73, 76, 34, 35, 33, 50, 30, 63, 52], [72, 85, 49, 48, 88, 32, 66, 20], [28, 21, 77, 71, 29, 54, 55, 75, 57, 98, 60, 84, 36, 19, 64, 31, 69], [27, 1, 51, 80, 11, 46, 95, 97, 3]]",false
156,7953,1883,OR-opt,CMT3.vrp,"[[70, 90, 81, 12, 26, 56, 23, 41, 43, 14, 37, 16, 17, 45, 8, 7], [10, 65, 79, 78, 24, 58, 93, 61, 38, 44, 15, 74, 39], [18, 83, 47, 62, 53, 40, 67, 4, 42, 59, 99, 96, 6], [25, 68, 9, 82, 86, 91, 100, 87, 94, 89], [13, 92, 5, 2, 22, 73, 76, 34, 35, 33, 50, 30, 63, 52], [72, 85, 49, 48, 88, 32, 66, 20], [28, 21, 77, 71, 29, 54, 55, 75, 57, 98, 60, 84, 36, 19, 64, 31, 69], [97, 1, 51, 80, 3, 27, 11, 46, 95]]",false
157,8000,1880,OR-opt,CMT3.vrp,"[[70, 90, 81, 12, 26, 56, 23, 41, 43, 14, 37, 16, 17, 45, 8, 7], [10, 65, 79, 78, 24, 58, 93, 61, 38, 44, 15, 74, 39], [18, 83, 47, 62, 53, 40, 67, 4, 42, 59, 99, 96, 6], [25, 68, 9, 82, 86, 91, 100, 87, 94, 89], [13, 92, 5, 2, 22, 73, 76, 34, 35, 33, 50, 30, 63, 52], [72, 85, 49, 48, 88, 32, 66, 20], [28, 21, 77, 71, 29, 54, 55, 75, 57, 98, 60, 84, 36, 19, 64, 31, 69], [97, 80, 3, 1, 51, 27, 11, 46, 95]]",false
158,8031,1875,OR-opt,CMT3.vrp,"[[70, 90, 81, 12, 26, 56, 23, 41, 43, 14, 37, 16, 17, 45, 8, 7], [10, 65, 79, 78, 24, 58, 93, 61, 38, 44, 15, 74, 39], [18, 83, 47, 62, 53, 40, 67, 4, 42, 59, 99, 96, 6], [25, 68, 9, 82, 86, 91, 100, 87, 94, 89], [13, 92, 5, 2, 22, 73, 76, 34, 35, 33, 50, 30, 63, 52], [72, 85, 49, 48, 88, 32, 66, 20], [28, 21, 77, 71, 29, 54, 55, 75, 57, 98, 60, 84, 36, 19, 64, 31, 69], [97, 80, 3, 27, 1, 51, 11, 46, 95]]",false
159,8078,1866,OR-opt,CMT3.vrp,"[[70, 90, 81, 12, 26, 56, 23, 41, 43, 14, 37, 16, 17, 45, 8, 7], [10, 65, 79, 78, 24, 58, 93, 61, 38, 44, 15, 74, 39], [18, 83, 47, 62, 53, 40, 67, 4, 42, 59, 99, 96, 6], [25, 68, 9, 82, 86, 91, 100, 87, 94, 89], [13, 92, 5, 2, 22, 73, 76, 34, 35, 33, 50, 30, 63, 52], [72, 85, 49, 48, 88, 32, 66, 20], [28, 21, 77, 71, 29, 54, 55, 75, 57, 98, 60, 84, 36, 19, 64, 31, 69], [97, 27, 80, 3, 1, 51, 11, 46, 95]]",false
160,8087,1863,OR-opt,CMT3.vrp,"[[70, 90, 81, 12, 26, 56, 23, 41, 43, 14, 37, 16, 17, 45, 8, 7], [10, 65, 79, 78, 24, 58, 93, 61, 38, 44, 15, 74, 39], [18, 83, 47, 62, 53, 40, 67, 4, 42, 59, 99, 96, 6], [25, 68, 9, 82, 86, 91, 100, 87, 94, 89], [13, 92, 5, 2, 22, 73, 76, 34, 35, 33, 50, 30, 63, 52], [72, 85, 49, 48, 88, 32, 66, 20], [28, 21, 77, 71, 29, 54, 55, 75, 57, 98, 60, 84, 36, 19, 64, 31, 69], [97, 27, 1, 80, 3, 51, 11, 46, 95]]",false
161,8133,1843,OR-opt,CMT3.vrp,"[[70, 90, 81, 12, 26, 56, 23, 41, 43, 14, 37, 16, 17, 45, 8, 7], [10, 65, 79, 78, 24, 58, 93, 61, 38, 44, 15, 74, 39], [18, 83, 47, 62, 53, 40, 67, 4, 42, 59, 99, 96, 6], [25, 68, 9, 82, 86, 91, 100, 87, 94, 89], [13, 92, 5, 2, 22, 73, 76, 34, 35, 33, 50, 30, 63, 52], [72, 85, 49, 48, 88, 32, 66, 20], [28, 21, 77, 71, 29, 54, 55, 75, 57, 98, 60, 84, 36, 19, 64, 31, 69], [1, 80, 3, 51, 11, 46, 95, 97, 27]]",false
162,8183,1842,OR-opt,CMT3.vrp,"[[70, 90, 81, 12, 26, 56, 23, 41, 43, 14, 37, 16, 17, 45, 8, 7], [10, 65, 79, 78, 24, 58, 93, 61, 38, 44, 15, 74, 39], [18, 83, 47, 62, 53, 40, 67, 4, 42, 59, 99, 96, 6], [25, 68, 9, 82, 86, 91, 100, 87, 94, 89], [13, 92, 5, 2, 22, 73, 76, 34, 35, 33, 50, 30, 63, 52], [72, 85, 49, 48, 88, 32, 66, 20], [28, 21, 77, 71, 29, 54, 55, 75, 57, 98, 60, 84, 36, 19, 64, 31, 69], [80, 3, 1, 51, 11, 46, 95, 97, 27]]",false
0,0,3285,OR-opt,CMT3.vrp,"[[81, 23, 26, 56, 70, 90, 17], [12, 43, 8, 7, 45, 37, 16, 41, 14, 10, 44], [79, 65, 93, 61, 15, 58, 74, 24, 78, 39, 38, 18, 83], [67, 4, 99, 59, 96, 53, 47, 42, 6, 62], [40, 86, 87], [9, 89, 82, 94, 100, 25, 91, 68, 33, 50, 73, 76, 92, 2], [63, 5, 35, 30], [13, 34, 52, 22, 72, 20, 49, 32, 85], [66, 48, 88, 31, 55, 60, 36, 75, 71, 77], [84, 54, 19, 64, 29, 28, 21, 69], [57, 98, 97, 3, 27, 1, 80, 11, 51, 46, 95]]",true
1,13,3255,OR-opt,CMT3.vrp,"[[26, 81, 23, 56, 70, 90, 17], [12, 43, 8, 7, 45, 37, 16, 41, 14, 10, 44], [79, 65, 93, 61, 15, 58, 74, 24, 78, 39, 38, 18, 83], [67, 4, 99, 59, 96, 53, 47, 42, 6, 62], [40, 86, 87], [9, 89, 82, 94, 100, 25, 91, 68, 33, 50, 73, 76, 92, 2], [63, 5, 35, 30], [13, 34, 52, 22, 72, 20, 49, 32, 85], [66, 48, 88, 31, 55, 60, 36, 75, 71, 77], [84, 54, 19, 64, 29, 28, 21, 69], [57, 98, 97, 3, 27, 1, 80, 11, 51, 46, 95]]",true
2,28,3246,OR-opt,CMT3.vrp,"[[81, 56, 23, 26, 70, 90, 17], [12, 43, 8, 7, 45, 37, 16, 41, 14, 10, 44], [79, 65, 93, 61, 15, 58, 74, 24, 78, 39, 38, 18, 83], [67, 4, 99, 59, 96, 53, 47, 42, 6, 62], [40, 86, 87], [9, 89, 82, 94, 100, 25, 91, 68, 33, 50, 73, 76, 92, 2], [63, 5, 35, 30], [13, 34, 52, 22, 72, 20, 49, 32, 85], [66, 48, 88, 31, 55, 60, 36, 75, 71, 77], [84, 54, 19, 64, 29, 28, 21, 69], [57, 98, 97, 3, 27, 1, 80, 11, 51, 46, 95]]",true
3,129,3235,OR-opt,CMT3.vrp,"[[70, 90, 81, 56, 23, 26, 17], [12, 43, 8, 7, 45, 37, 16, 41, 14, 10, 44], [79, 65, 93, 61, 15, 58, 74, 24, 78, 39, 38, 18, 83], [67, 4, 99, 59, 96, 53, 47, 42, 6, 62], [40, 86, 87], [9, 89, 82, 94, 100, 25, 91, 68, 33, 50, 73, 76, 92, 2], [63, 5, 35, 30], [13, 34, 52, 22, 72, 20, 49, 32, 85], [66, 48, 88, 31, 55, 60, 36, 75, 71, 77], [84, 54, 19, 64, 29, 28, 21, 69], [57, 98, 97, 3, 27, 1, 80, 11, 51, 46, 95]]",true
4,162,3227,OR-opt,CMT3.vrp,"[[70, 90, 81, 26, 56, 23, 17], [12, 43, 8, 7, 45, 37, 16, 41, 14, 10, 44], [79, 65, 93, 61, 15, 58, 74, 24, 78, 39, 38, 18, 83], [67, 4, 99, 59, 96, 53, 47, 42, 6, 62], [40, 86, 87], [9, 89, 82, 94, 100, 25, 91, 68, 33, 50, 73, 76, 92, 2], [63, 5, 35, 30], [13, 34, 52, 22, 72, 20, 49, 32, 85], [66, 48, 88, 31, 55, 60, 36, 75, 71, 77], [84, 54, 19, 64, 29, 28, 21, 69], [57, 98, 97, 3, 27, 1, 80, 11, 51, 46, 95]]",true
5,206,3224,OR-opt,CMT3.vrp,"[[70, 90, 81, 26, 56, 23, 17], [8, 7, 45, 37, 16, 12, 43, 41, 14, 10, 44], [79, 65, 93, 61, 15, 58, 74, 24, 78, 39, 38, 18, 83], [67, 4, 99, 59, 96, 53, 47, 42, 6, 62], [40, 86, 87], [9, 89, 82, 94, 100, 25, 91, 68, 33, 50, 73, 76, 92, 2], [63, 5, 35, 30], [13, 34, 52, 22, 72, 20, 49, 32, 85], [66, 48, 88, 31, 55, 60, 36, 75, 71, 77], [84, 54, 19, 64, 29, 28, 21, 69], [57, 98, 97, 3, 27, 1, 80, 11, 51, 46, 95]]",true
6,216,3209,OR-opt,CMT3.vrp,"[[70, 90, 81, 26, 56, 23, 17], [8, 7, 45, 37, 16, 41, 12, 43, 14, 10, 44], [79, 65, 93, 61, 15, 58, 74, 24, 78, 39, 38, 18, 83], [67, 4, 99, 59, 96, 53, 47, 42, 6, 62], [40, 86, 87], [9, 89, 82, 94, 100, 25, 91, 68, 33, 50, 73, 76, 92, 2], [63, 5, 35, 30], [13, 34, 52, 22, 72, 20, 49, 32, 85], [66, 48, 88, 31, 55, 60, 36, 75, 71, 77], [84, 54, 19, 64, 29, 28, 21, 69], [57, 98, 97, 3, 27, 1, 80, 11, 51, 46, 95]]",true
7,226,3195,OR-opt,CMT3.vrp,"[[70, 90, 81, 26, 56, 23, 17], [8, 7, 45, 37, 16, 41, 14, 10, 12, 43, 44], [79, 65, 93, 61, 15, 58, 74, 24, 78, 39, 38, 18, 83], [67, 4, 99, 59, 96, 53, 47, 42, 6, 62], [40, 86, 87], [9, 89, 82, 94, 100, 25, 91, 68, 33, 50, 73, 76, 92, 2], [63, 5, 35, 30], [13, 34, 52, 22, 72, 20, 49, 32, 85], [66, 48, 88, 31, 55, 60, 36, 75, 71, 77], [84, 54, 19, 64, 29, 28, 21, 69], [57, 98, 97, 3, 27, 1, 80, 11, 51, 46, 95]]",true
8,241,3191,OR-opt,CMT3.vrp,"[[70, 90, 81, 26, 56, 23, 17], [12, 7, 45, 37, 16, 41, 14, 43, 8, 10, 44], [79, 65, 93, 61, 15, 58, 74, 24, 78, 39, 38, 18, 83], [67, 4, 99, 59, 96, 53, 47, 42, 6, 62], [40, 86, 87], [9, 89, 82, 94, 100, 25, 91, 68, 33, 50, 73, 76, 92, 2], [63, 5, 35, 30], [13, 34, 52, 22, 72, 20, 49, 32, 85], [66, 48, 88, 31, 55, 60, 36, 75, 71, 77], [84, 54, 19, 64, 29, 28, 21, 69], [57, 98, 97, 3, 27, 1, 80, 11, 51, 46, 95]]",true
9,287,3183,OR-opt,CMT3.vrp,"[[70, 90, 81, 26, 56, 23, 17], [12, 41, 14, 43, 8, 7, 45, 37, 16, 10, 44], [79, 65, 93, 61, 15, 58, 74, 24, 78, 39, 38, 18, 83], [67, 4, 99, 59, 96, 53, 47, 42, 6, 62], [40, 86, 87], [9, 89, 82, 94, 100, 25, 91, 68, 33, 50, 73, 76, 92, 2], [63, 5, 35, 30], [13, 34, 52, 22, 72, 20, 49, 32, 85], [66, 48, 88, 31, 55, 60, 36, 75, 71, 77], [84, 54, 19, 64, 29, 28, 21, 69], [57, 98, 97, 3, 27, 1, 80, 11, 51, 46, 95]]",true
10,304,3177,OR-opt,CMT3.vrp,"[[70, 90, 81, 26, 56, 23, 17], [12, 43, 14, 10, 8, 7, 45, 37, 16, 41, 44], [79, 65, 93, 61, 15, 58, 74, 24, 78, 39, 38, 18, 83], [67, 4, 99, 59, 96, 53, 47, 42, 6, 62], [40, 86, 87], [9, 89, 82, 94, 100, 25, 91, 68, 33, 50, 73, 76, 92, 2], [63, 5, 35, 30], [13, 34, 52, 22, 72, 20, 49, 32, 85], [66, 48, 88, 31, 55, 60, 36, 75, 71, 77], [84, 54, 19, 64, 29, 28, 21, 69], [57, 98, 97, 3, 27, 1, 80, 11, 51, 46, 95]]",true
11,334,3173,OR-opt,CMT3.vrp,"[[70, 90, 81, 26, 56, 23, 17], [12, 10, 8, 7, 43, 14, 45, 37, 16, 41, 44], [79, 65, 93, 61, 15, 58, 74, 24, 78, 39, 38, 18, 83], [67, 4, 99, 59, 96, 53, 47, 42, 6, 62], [40, 86, 87], [9, 89, 82, 94, 100, 25, 91, 68, 33, 50, 73, 76, 92, 2], [63, 5, 35, 30], [13, 34, 52, 22, 72, 20, 49, 32, 85], [66, 48, 88, 31, 55, 60, 36, 75, 71, 77], [84, 54, 19, 64, 29, 28, 21, 69], [57, 98, 97, 3, 27, 1, 80, 11, 51, 46, 95]]",true
12,343,3142,OR-opt,CMT3.vrp,"[[70, 90, 81, 26, 56, 23, 17], [12, 10, 8, 7, 45, 43, 14, 37, 16, 41, 44], [79, 65, 93, 61, 15, 58, 74, 24, 78, 39, 38, 18, 83], [67, 4, 99, 59, 96, 53, 47, 42, 6, 62], [40, 86, 87], [9, 89, 82, 94, 100, 25, 91, 68, 33, 50, 73, 76, 92, 2], [63, 5, 35, 30], [13, 34, 52, 22, 72, 20, 49, 32, 85], [66, 48, 88, 31, 55, 60, 36, 75, 71, 77], [84, 54, 19, 64, 29, 28, 21, 69], [57, 98, 97, 3, 27, 1, 80, 11, 51, 46, 95]]",true
13,361,3133,OR-opt,CMT3.vrp,"[[70, 90, 81, 26, 56, 23, 17], [12, 10, 8, 7, 45, 37, 43, 14, 16, 41, 44], [79, 65, 93, 61, 15, 58, 74, 24, 78, 39, 38, 18, 83], [67, 4, 99, 59, 96, 53, 47, 42, 6, 62], [40, 86, 87], [9, 89, 82, 94, 100, 25, 91, 68, 33, 50, 73, 76, 92, 2], [63, 5, 35, 30], [13, 34, 52, 22, 72, 20, 49, 32, 85], [66, 48, 88, 31, 55, 60, 36, 75, 71, 77], [84, 54, 19, 64, 29, 28, 21, 69], [57, 98, 97, 3, 27, 1, 80, 11, 51, 46, 95]]",true
14,370,3129,OR-opt,CMT3.vrp,"[[70, 90, 81, 26, 56, 23, 17], [12, 10, 8, 7, 45, 37, 16, 43, 14, 41, 44], [79, 65, 93, 61, 15, 58, 74, 24, 78, 39, 38, 18, 83], [67, 4, 99, 59, 96, 53, 47, 42, 6, 62], [40, 86, 87], [9, 89, 82, 94, 100, 25, 91, 68, 33, 50, 73, 76, 92, 2], [63, 5, 35, 30], [13, 34, 52, 22, 72, 20, 49, 32, 85], [66, 48, 88, 31, 55, 60, 36, 75, 71, 77], [84, 54, 19, 64, 29, 28, 21, 69], [57, 98, 97, 3, 27, 1, 80, 11, 51, 46, 95]]",true
15,379,3108,OR-opt,CMT3.vrp,"[[70, 90, 81, 26, 56, 23, 17], [12, 10, 8, 7, 45, 37, 16, 41, 43, 14, 44], [79, 65, 93, 61, 15, 58, 74, 24, 78, 39, 38, 18, 83], [67, 4, 99, 59, 96, 53, 47, 42, 6, 62], [40, 86, 87], [9, 89, 82, 94, 100, 25, 91, 68, 33, 50, 73, 76, 92, 2], [63, 5, 35, 30], [13, 34, 52, 22, 72, 20, 49, 32, 85], [66, 48, 88, 31, 55, 60, 36, 75, 71, 77], [84, 54, 19, 64, 29, 28, 21, 69], [57, 98, 97, 3, 27, 1, 80, 11, 51, 46, 95]]",true
16,450,3100,OR-opt,CMT3.vrp,"[[70, 90, 81, 26, 56, 23, 17], [12, 7, 10, 8, 45, 37, 16, 41, 43, 14, 44], [79, 65, 93, 61, 15, 58, 74, 24, 78, 39, 38, 18, 83], [67, 4, 99, 59, 96, 53, 47, 42, 6, 62], [40, 86, 87], [9, 89, 82, 94, 100, 25, 91, 68, 33, 50, 73, 76, 92, 2], [63, 5, 35, 30], [13, 34, 52, 22, 72, 20, 49, 32, 85], [66, 48, 88, 31, 55, 60, 36, 75, 71, 77], [84, 54, 19, 64, 29, 28, 21, 69], [57, 98, 97, 3, 27, 1, 80, 11, 51, 46, 95]]",true
17,473,3092,OR-opt,CMT3.vrp,"[[70, 90, 81, 26, 56, 23, 17], [12, 10, 7, 45, 8, 37, 16, 41, 43, 14, 44], [79, 65, 93, 61, 15, 58, 74, 24, 78, 39, 38, 18, 83], [67, 4, 99, 59, 96, 53, 47, 42, 6, 62], [40, 86, 87], [9, 89, 82, 94, 100, 25, 91, 68, 33, 50, 73, 76, 92, 2], [63, 5, 35, 30], [13, 34, 52, 22, 72, 20, 49, 32, 85], [66, 48, 88, 31, 55, 60, 36, 75, 71, 77], [84, 54, 19, 64, 29, 28, 21, 69], [57, 98, 97, 3, 27, 1, 80, 11, 51, 46, 95]]",true
18,613,3089,OR-opt,CMT3.vrp,"[[70, 90, 81, 26, 56, 23, 17], [12, 10, 7, 45, 8, 41, 43, 14, 44, 37, 16], [79, 65, 93, 61, 15, 58, 74, 24, 78, 39, 38, 18, 83], [67, 4, 99, 59, 96, 53, 47, 42, 6, 62], [40, 86, 87], [9, 89, 82, 94, 100, 25, 91, 68, 33, 50, 73, 76, 92, 2], [63, 5, 35, 30], [13, 34, 52, 22, 72, 20, 49, 32, 85], [66, 48, 88, 31, 55, 60, 36, 75, 71, 77], [84, 54, 19, 64, 29, 28, 21, 69], [57, 98, 97, 3, 27, 1, 80, 11, 51, 46, 95]]",true
19,633,3083,OR-opt,CMT3.vrp,"[[70, 90, 81, 26, 56, 23, 17], [12, 10, 7, 45, 8, 37, 43, 14, 44, 16, 41], [79, 65, 93, 61, 15, 58, 74, 24, 78, 39, 38, 18, 83], [67, 4, 99, 59, 96, 53, 47, 42, 6, 62], [40, 86, 87], [9, 89, 82, 94, 100, 25, 91, 68, 33, 50, 73, 76, 92, 2], [63, 5, 35, 30], [13, 34, 52, 22, 72, 20, 49, 32, 85], [66, 48, 88, 31, 55, 60, 36, 75, 71, 77], [84, 54, 19, 64, 29, 28, 21, 69], [57, 98, 97, 3, 27, 1, 80, 11, 51, 46, 95]]",true
20,704,3076,OR-opt,CMT3.vrp,"[[70, 90, 81, 26, 56, 23, 17], [12, 10, 7, 45, 8, 14, 44, 16, 37, 43, 41], [79, 65, 93, 61, 15, 58, 74, 24, 78, 39, 38, 18, 83], [67, 4, 99, 59, 96, 53, 47, 42, 6, 62], [40, 86, 87], [9, 89, 82, 94, 100, 25, 91, 68, 33, 50, 73, 76, 92, 2], [63, 5, 35, 30], [13, 34, 52, 22, 72, 20, 49, 32, 85], [66, 48, 88, 31, 55, 60, 36, 75, 71, 77], [84, 54, 19, 64, 29, 28, 21, 69], [57, 98, 97, 3, 27, 1, 80, 11, 51, 46, 95]]",true
21,777,3071,OR-opt,CMT3.vrp,"[[70, 90, 81, 26, 56, 23, 17], [12, 10, 7, 45, 8, 16, 14, 44, 37, 43, 41], [79, 65, 93, 61, 15, 58, 74, 24, 78, 39, 38, 18, 83], [67, 4, 99, 59, 96, 53, 47, 42, 6, 62], [40, 86, 87], [9, 89, 82, 94, 100, 25, 91, 68, 33, 50, 73, 76, 92, 2], [63, 5, 35, 30], [13, 34, 52, 22, 72, 20, 49, 32, 85], [66, 48, 88, 31, 55, 60, 36, 75, 71, 77], [84, 54, 19, 64, 29, 28, 21, 69], [57, 98, 97, 3, 27, 1, 80, 11, 51, 46, 95]]",true
22,787,3070,OR-opt,CMT3.vrp,"[[70, 90, 81, 26, 56, 23, 17], [12, 10, 7, 45, 8, 16, 37, 14, 44, 43, 41], [79, 65, 93, 61, 15, 58, 74, 24, 78, 39, 38, 18, 83], [67, 4, 99, 59, 96, 53, 47, 42, 6, 62], [40, 86, 87], [9, 89, 82, 94, 100, 25, 91, 68, 33, 50, 73, 76, 92, 2], [63, 5, 35, 30], [13, 34, 52, 22, 72, 20, 49, 32, 85], [66, 48, 88, 31, 55, 60, 36, 75, 71, 77], [84, 54, 19, 64, 29, 28, 21, 69], [57, 98, 97, 3, 27, 1, 80, 11, 51, 46, 95]]",true
23,867,3065,OR-opt,CMT3.vrp,"[[70, 90, 81, 26, 56, 23, 17], [12, 10, 7, 45, 8, 16, 44, 37, 14, 43, 41], [79, 65, 93, 61, 15, 58, 74, 24, 78, 39, 38, 18, 83], [67, 4, 99, 59, 96, 53, 47, 42, 6, 62], [40, 86, 87], [9, 89, 82, 94, 100, 25, 91, 68, 33, 50, 73, 76, 92, 2], [63, 5, 35, 30], [13, 34, 52, 22, 72, 20, 49, 32, 85], [66, 48, 88, 31, 55, 60, 36, 75, 71, 77], [84, 54, 19, 64, 29, 28, 21, 69], [57, 98, 97, 3, 27, 1, 80, 11, 51, 46, 95]]",true
24,950,3061,OR-opt,CMT3.vrp,"[[70, 90, 81, 26, 56, 23, 17], [12, 10, 7, 45, 8, 37, 16, 44, 14, 43, 41], [79, 65, 93, 61, 15, 58, 74, 24, 78, 39, 38, 18, 83], [67, 4, 99, 59, 96, 53, 47, 42, 6, 62], [40, 86, 87], [9, 89, 82, 94, 100, 25, 91, 68, 33, 50, 73, 76, 92, 2], [63, 5, 35, 30], [13, 34, 52, 22, 72, 20, 49, 32, 85], [66, 48, 88, 31, 55, 60, 36, 75, 71, 77], [84, 54, 19, 64, 29, 28, 21, 69], [57, 98, 97, 3, 27, 1, 80, 11, 51, 46, 95]]",true
25,1109,3037,OR-opt,CMT3.vrp,"[[70, 90, 81, 26, 56, 23, 17], [12, 10, 7, 45, 8, 37, 16, 44, 14, 43, 41], [93, 61, 15, 58, 74, 79, 65, 24, 78, 39, 38, 18, 83], [67, 4, 99, 59, 96, 53, 47, 42, 6, 62], [40, 86, 87], [9, 89, 82, 94, 100, 25, 91, 68, 33, 50, 73, 76, 92, 2], [63, 5, 35, 30], [13, 34, 52, 22, 72, 20, 49, 32, 85], [66, 48, 88, 31, 55, 60, 36, 75, 71, 77], [84, 54, 19, 64, 29, 28, 21, 69], [57, 98, 97, 3, 27, 1, 80, 11, 51, 46, 95]]",true
26,1122,3010,OR-opt,CMT3.vrp,"[[70, 90, 81, 26, 56, 23, 17], [12, 10, 7, 45, 8, 37, 16, 44, 14, 43, 41], [93, 61, 15, 58, 74, 24, 79, 65, 78, 39, 38, 18, 83], [67, 4, 99, 59, 96, 53, 47, 42, 6, 62], [40, 86, 87], [9, 89, 82, 94, 100, 25, 91, 68, 33, 50, 73, 76, 92, 2], [63, 5, 35, 30], [13, 34, 52, 22, 72, 20, 49, 32, 85], [66, 48, 88, 31, 55, 60, 36, 75, 71, 77], [84, 54, 19, 64, 29, 28, 21, 69], [57, 98, 97, 3, 27, 1, 80, 11, 51, 46, 95]]",true
27,1259,3002,OR-opt,CMT3.vrp,"[[70, 90, 81, 26, 56, 23, 17], [12, 10, 7, 45, 8, 37, 16, 44, 14, 43, 41], [15, 58, 74, 24, 79, 65, 78, 39, 93, 61, 38, 18, 83], [67, 4, 99, 59, 96, 53, 47, 42, 6, 62], [40, 86, 87], [9, 89, 82, 94, 100, 25, 91, 68, 33, 50, 73, 76, 92, 2], [63, 5, 35, 30], [13, 34, 52, 22, 72, 20, 49, 32, 85], [66, 48, 88, 31, 55, 60, 36, 75, 71, 77], [84, 54, 19, 64, 29, 28, 21, 69], [57, 98, 97, 3, 27, 1, 80, 11, 51, 46, 95]]",true
28,1270,2996,OR-opt,CMT3.vrp,"[[70, 90, 81, 26, 56, 23, 17], [12, 10, 7, 45, 8, 37, 16, 44, 14, 43, 41], [15, 58, 74, 24, 79, 65, 78, 39, 38, 93, 61, 18, 83], [67, 4, 99, 59, 96, 53, 47, 42, 6, 62], [40, 86, 87], [9, 89, 82, 94, 100, 25, 91, 68, 33, 50, 73, 76, 92, 2], [63, 5, 35, 30], [13, 34, 52, 22, 72, 20, 49, 32, 85], [66, 48, 88, 31, 55, 60, 36, 75, 71, 77], [84, 54, 19, 64, 29, 28, 21, 69], [57, 98, 97, 3, 27, 1, 80, 11, 51, 46, 95]]",true
29,1394,2993,OR-opt,CMT3.vrp,"[[70, 90, 81, 26, 56, 23, 17], [12, 10, 7, 45, 8, 37, 16, 44, 14, 43, 41], [74, 15, 58, 24, 79, 65, 78, 39, 38, 93, 61, 18, 83], [67, 4, 99, 59, 96, 53, 47, 42, 6, 62], [40, 86, 87], [9, 89, 82, 94, 100, 25, 91, 68, 33, 50, 73, 76, 92, 2], [63, 5, 35, 30], [13, 34, 52, 22, 72, 20, 49, 32, 85], [66, 48, 88, 31, 55, 60, 36, 75, 71, 77], [84, 54, 19, 64, 29, 28, 21, 69], [57, 98, 97, 3, 27, 1, 80, 11, 51, 46, 95]]",true
30,1409,2987,OR-opt,CMT3.vrp,"[[70, 90, 81, 26, 56, 23, 17], [12, 10, 7, 45, 8, 37, 16, 44, 14, 43, 41], [74, 24, 79, 65, 78, 39, 15, 58, 38, 93, 61, 18, 83], [67, 4, 99, 59, 96, 53, 47, 42, 6, 62], [40, 86, 87], [9, 89, 82, 94, 100, 25, 91, 68, 33, 50, 73, 76, 92, 2], [63, 5, 35, 30], [13, 34, 52, 22, 72, 20, 49, 32, 85], [66, 48, 88, 31, 55, 60, 36, 75, 71, 77], [84, 54, 19, 64, 29, 28, 21, 69], [57, 98, 97, 3, 27, 1, 80, 11, 51, 46, 95]]",true
31,1568,2986,OR-opt,CMT3.vrp,"[[70, 90, 81, 26, 56, 23, 17], [12, 10, 7, 45, 8, 37, 16, 44, 14, 43, 41], [74, 24, 65, 78, 79, 39, 15, 58, 38, 93, 61, 18, 83], [67, 4, 99, 59, 96, 53, 47, 42, 6, 62], [40, 86, 87], [9, 89, 82, 94, 100, 25, 91, 68, 33, 50, 73, 76, 92, 2], [63, 5, 35, 30], [13, 34, 52, 22, 72, 20, 49, 32, 85], [66, 48, 88, 31, 55, 60, 36, 75, 71, 77], [84, 54, 19, 64, 29, 28, 21, 69], [57, 98, 97, 3, 27, 1, 80, 11, 51, 46, 95]]",true
32,1602,2977,OR-opt,CMT3.vrp,"[[70, 90, 81, 26, 56, 23, 17], [12, 10, 7, 45, 8, 37, 16, 44, 14, 43, 41], [74, 24, 79, 65, 78, 58, 39, 15, 38, 93, 61, 18, 83], [67, 4, 99, 59, 96, 53, 47, 42, 6, 62], [40, 86, 87], [9, 89, 82, 94, 100, 25, 91, 68, 33, 50, 73, 76, 92, 2], [63, 5, 35, 30], [13, 34, 52, 22, 72, 20, 49, 32, 85], [66, 48, 88, 31, 55, 60, 36, 75, 71, 77], [84, 54, 19, 64, 29, 28, 21, 69], [57, 98, 97, 3, 27, 1, 80, 11, 51, 46, 95]]",true
33,1682,2974,OR-opt,CMT3.vrp,"[[70, 90, 81, 26, 56, 23, 17], [12, 10, 7, 45, 8, 37, 16, 44, 14, 43, 41], [79, 65, 78, 58, 74, 24, 39, 15, 38, 93, 61, 18, 83], [67, 4, 99, 59, 96, 53, 47, 42, 6, 62], [40, 86, 87], [9, 89, 82, 94, 100, 25, 91, 68, 33, 50, 73, 76, 92, 2], [63, 5, 35, 30], [13, 34, 52, 22, 72, 20, 49, 32, 85], [66, 48, 88, 31, 55, 60, 36, 75, 71, 77], [84, 54, 19, 64, 29, 28, 21, 69], [57, 98, 97, 3, 27, 1, 80, 11, 51, 46, 95]]",true
34,1723,2974,OR-opt,CMT3.vrp,"[[70, 90, 81, 26, 56, 23, 17], [12, 10, 7, 45, 8, 37, 16, 44, 14, 43, 41], [74, 24, 65, 78, 79, 58, 39, 15, 38, 93, 61, 18, 83], [67, 4, 99, 59, 96, 53, 47, 42, 6, 62], [40, 86, 87], [9, 89, 82, 94, 100, 25, 91, 68, 33, 50, 73, 76, 92, 2], [63, 5, 35, 30], [13, 34, 52, 22, 72, 20, 49, 32, 85], [66, 48, 88, 31, 55, 60, 36, 75, 71, 77], [84, 54, 19, 64, 29, 28, 21, 69], [57, 98, 97, 3, 27, 1, 80, 11, 51, 46, 95]]",true
35,1751,2964,OR-opt,CMT3.vrp,"[[70, 90, 81, 26, 56, 23, 17], [12, 10, 7, 45, 8, 37, 16, 44, 14, 43, 41], [58, 39, 74, 24, 79, 65, 78, 15, 38, 93, 61, 18, 83], [67, 4, 99, 59, 96, 53, 47, 42, 6, 62], [40, 86, 87], [9, 89, 82, 94, 100, 25, 91, 68, 33, 50, 73, 76, 92, 2], [63, 5, 35, 30], [13, 34, 52, 22, 72, 20, 49, 32, 85], [66, 48, 88, 31, 55, 60, 36, 75, 71, 77], [84, 54, 19, 64, 29, 28, 21, 69], [57, 98, 97, 3, 27, 1, 80, 11, 51, 46, 95]]",true
36,1850,2940,OR-opt,CMT3.vrp,"[[70, 90, 81, 26, 56, 23, 17], [12, 10, 7, 45, 8, 37, 16, 44, 14, 43, 41], [58, 24, 79, 65, 78, 39, 74, 15, 38, 93, 61, 18, 83], [67, 4, 99, 59, 96, 53, 47, 42, 6, 62], [40, 86, 87], [9, 89, 82, 94, 100, 25, 91, 68, 33, 50, 73, 76, 92, 2], [63, 5, 35, 30], [13, 34, 52, 22, 72, 20, 49, 32, 85], [66, 48, 88, 31, 55, 60, 36, 75, 71, 77], [84, 54, 19, 64, 29, 28, 21, 69], [57, 98, 97, 3, 27, 1, 80, 11, 51, 46, 95]]",true
37,1999,2939,OR-opt,CMT3.vrp,"[[70, 90, 81, 26, 56, 23, 17], [12, 10, 7, 45, 8, 37, 16, 44, 14, 43, 41], [58, 24, 65, 78, 79, 39, 74, 15, 38, 93, 61, 18, 83], [67, 4, 99, 59, 96, 53, 47, 42, 6, 62], [40, 86, 87], [9, 89, 82, 94, 100, 25, 91, 68, 33, 50, 73, 76, 92, 2], [63, 5, 35, 30], [13, 34, 52, 22, 72, 20, 49, 32, 85], [66, 48, 88, 31, 55, 60, 36, 75, 71, 77], [84, 54, 19, 64, 29, 28, 21, 69], [57, 98, 97, 3, 27, 1, 80, 11, 51, 46, 95]]",true
38,2223,2933,OR-opt,CMT3.vrp,"[[70, 90, 81, 26, 56, 23, 17], [12, 10, 7, 45, 8, 37, 16, 44, 14, 43, 41], [58, 24, 65, 78, 79, 39, 74, 15, 38, 93, 61, 18, 83], [99, 59, 96, 67, 4, 53, 47, 42, 6, 62], [40, 86, 87], [9, 89, 82, 94, 100, 25, 91, 68, 33, 50, 73, 76, 92, 2], [63, 5, 35, 30], [13, 34, 52, 22, 72, 20, 49, 32, 85], [66, 48, 88, 31, 55, 60, 36, 75, 71, 77], [84, 54, 19, 64, 29, 28, 21, 69], [57, 98, 97, 3, 27, 1, 80, 11, 51, 46, 95]]",true
39,2253,2932,OR-opt,CMT3.vrp,"[[70, 90, 81, 26, 56, 23, 17], [12, 10, 7, 45, 8, 37, 16, 44, 14, 43, 41], [58, 24, 65, 78, 79, 39, 74, 15, 38, 93, 61, 18, 83], [67, 4, 96, 53, 47, 99, 59, 42, 6, 62], [40, 86, 87], [9, 89, 82, 94, 100, 25, 91, 68, 33, 50, 73, 76, 92, 2], [63, 5, 35, 30], [13, 34, 52, 22, 72, 20, 49, 32, 85], [66, 48, 88, 31, 55, 60, 36, 75, 71, 77], [84, 54, 19, 64, 29, 28, 21, 69], [57, 98, 97, 3, 27, 1, 80, 11, 51, 46, 95]]",true
40,2281,2930,OR-opt,CMT3.vrp,"[[70, 90, 81, 26, 56, 23, 17], [12, 10, 7, 45, 8, 37, 16, 44, 14, 43, 41], [58, 24, 65, 78, 79, 39, 74, 15, 38, 93, 61, 18, 83], [53, 47, 67, 4, 99, 59, 96, 42, 6, 62], [40, 86, 87], [9, 89, 82, 94, 100, 25, 91, 68, 33, 50, 73, 76, 92, 2], [63, 5, 35, 30], [13, 34, 52, 22, 72, 20, 49, 32, 85], [66, 48, 88, 31, 55, 60, 36, 75, 71, 77], [84, 54, 19, 64, 29, 28, 21, 69], [57, 98, 97, 3, 27, 1, 80, 11, 51, 46, 95]]",true
41,2293,2909,OR-opt,CMT3.vrp,"[[70, 90, 81, 26, 56, 23, 17], [12, 10, 7, 45, 8, 37, 16, 44, 14, 43, 41], [58, 24, 65, 78, 79, 39, 74, 15, 38, 93, 61, 18, 83], [67, 4, 53, 47, 99, 59, 96, 42, 6, 62], [40, 86, 87], [9, 89, 82, 94, 100, 25, 91, 68, 33, 50, 73, 76, 92, 2], [63, 5, 35, 30], [13, 34, 52, 22, 72, 20, 49, 32, 85], [66, 48, 88, 31, 55, 60, 36, 75, 71, 77], [84, 54, 19, 64, 29, 28, 21, 69], [57, 98, 97, 3, 27, 1, 80, 11, 51, 46, 95]]",true
42,2307,2892,OR-opt,CMT3.vrp,"[[70, 90, 81, 26, 56, 23, 17], [12, 10, 7, 45, 8, 37, 16, 44, 14, 43, 41], [58, 24, 65, 78, 79, 39, 74, 15, 38, 93, 61, 18, 83], [67, 4, 99, 59, 96, 42, 6, 53, 47, 62], [40, 86, 87], [9, 89, 82, 94, 100, 25, 91, 68, 33, 50, 73, 76, 92, 2], [63, 5, 35, 30], [13, 34, 52, 22, 72, 20, 49, 32, 85], [66, 48, 88, 31, 55, 60, 36, 75, 71, 77], [84, 54, 19, 64, 29, 28, 21, 69], [57, 98, 97, 3, 27, 1, 80, 11, 51, 46, 95]]",true
43,2328,2883,OR-opt,CMT3.vrp,"[[70, 90, 81, 26, 56, 23, 17], [12, 10, 7, 45, 8, 37, 16, 44, 14, 43, 41], [58, 24, 65, 78, 79, 39, 74, 15, 38, 93, 61, 18, 83], [67, 4, 42, 6, 99, 59, 96, 53, 47, 62], [40, 86, 87], [9, 89, 82, 94, 100, 25, 91, 68, 33, 50, 73, 76, 92, 2], [63, 5, 35, 30], [13, 34, 52, 22, 72, 20, 49, 32, 85], [66, 48, 88, 31, 55, 60, 36, 75, 71, 77], [84, 54, 19, 64, 29, 28, 21, 69], [57, 98, 97, 3, 27, 1, 80, 11, 51, 46, 95]]",true
44,2375,2881,OR-opt,CMT3.vrp,"[[70, 90, 81, 26, 56, 23, 17], [12, 10, 7, 45, 8, 37, 16, 44, 14, 43, 41], [58, 24, 65, 78, 79, 39, 74, 15, 38, 93, 61, 18, 83], [67, 4, 42, 59, 6, 99, 96, 53, 47, 62], [40, 86, 87], [9, 89, 82, 94, 100, 25, 91, 68, 33, 50, 73, 76, 92, 2], [63, 5, 35, 30], [13, 34, 52, 22, 72, 20, 49, 32, 85], [66, 48, 88, 31, 55, 60, 36, 75, 71, 77], [84, 54, 19, 64, 29, 28, 21, 69], [57, 98, 97, 3, 27, 1, 80, 11, 51, 46, 95]]",true
45,2387,2881,OR-opt,CMT3.vrp,"[[70, 90, 81, 26, 56, 23, 17], [12, 10, 7, 45, 8, 37, 16, 44, 14, 43, 41], [58, 24, 65, 78, 79, 39, 74, 15, 38, 93, 61, 18, 83], [67, 4, 42, 59, 96, 53, 6, 99, 47, 62], [40, 86, 87], [9, 89, 82, 94, 100, 25, 91, 68, 33, 50, 73, 76, 92, 2], [63, 5, 35, 30], [13, 34, 52, 22, 72, 20, 49, 32, 85], [66, 48, 88, 31, 55, 60, 36, 75, 71, 77], [84, 54, 19, 64, 29, 28, 21, 69], [57, 98, 97, 3, 27, 1, 80, 11, 51, 46, 95]]",true
46,2431,2880,OR-opt,CMT3.vrp,"[[70, 90, 81, 26, 56, 23, 17], [12, 10, 7, 45, 8, 37, 16, 44, 14, 43, 41], [58, 24, 65, 78, 79, 39, 74, 15, 38, 93, 61, 18, 83], [67, 4, 42, 47, 62, 6, 99, 59, 96, 53], [40, 86, 87], [9, 89, 82, 94, 100, 25, 91, 68, 33, 50, 73, 76, 92, 2], [63, 5, 35, 30], [13, 34, 52, 22, 72, 20, 49, 32, 85], [66, 48, 88, 31, 55, 60, 36, 75, 71, 77], [84, 54, 19, 64, 29, 28, 21, 69], [57, 98, 97, 3, 27, 1, 80, 11, 51, 46, 95]]",true
47,2444,2870,OR-opt,CMT3.vrp,"[[70, 90, 81, 26, 56, 23, 17], [12, 10, 7, 45, 8, 37, 16, 44, 14, 43, 41], [58, 24, 65, 78, 79, 39, 74, 15, 38, 93, 61, 18, 83], [67, 4, 42, 6, 99, 59, 96, 47, 62, 53], [40, 86, 87], [9, 89, 82, 94, 100, 25, 91, 68, 33, 50, 73, 76, 92, 2], [63, 5, 35, 30], [13, 34, 52, 22, 72, 20, 49, 32, 85], [66, 48, 88, 31, 55, 60, 36, 75, 71, 77], [84, 54, 19, 64, 29, 28, 21, 69], [57, 98, 97, 3, 27, 1, 80, 11, 51, 46, 95]]",true
48,2481,2869,OR-opt,CMT3.vrp,"[[70, 90, 81, 26, 56, 23, 17], [12, 10, 7, 45, 8, 37, 16, 44, 14, 43, 41], [58, 24, 65, 78, 79, 39, 74, 15, 38, 93, 61, 18, 83], [67, 4, 42, 59, 6, 99, 96, 47, 62, 53], [40, 86, 87], [9, 89, 82, 94, 100, 25, 91, 68, 33, 50, 73, 76, 92, 2], [63, 5, 35, 30], [13, 34, 52, 22, 72, 20, 49, 32, 85], [66, 48, 88, 31, 55, 60, 36, 75, 71, 77], [84, 54, 19, 64, 29, 28, 21, 69], [57, 98, 97, 3, 27, 1, 80, 11, 51, 46, 95]]",true
49,2491,2867,OR-opt,CMT3.vrp,"[[70, 90, 81, 26, 56, 23, 17], [12, 10, 7, 45, 8, 37, 16, 44, 14, 43, 41], [58, 24, 65, 78, 79, 39, 74, 15, 38, 93, 61, 18, 83], [67, 4, 42, 59, 96, 6, 99, 47, 62, 53], [40, 86, 87], [9, 89, 82, 94, 100, 25, 91, 68, 33, 50, 73, 76, 92, 2], [63, 5, 35, 30], [13, 34, 52, 22, 72, 20, 49, 32, 85], [66, 48, 88, 31, 55, 60, 36, 75, 71, 77], [84, 54, 19, 64, 29, 28, 21, 69], [57, 98, 97, 3, 27, 1, 80, 11, 51, 46, 95]]",true
50,2573,2860,OR-opt,CMT3.vrp,"[[70, 90, 81, 26, 56, 23, 17], [12, 10, 7, 45, 8, 37, 16, 44, 14, 43, 41], [58, 24, 65, 78, 79, 39, 74, 15, 38, 93, 61, 18, 83], [67, 4, 42, 59, 99, 96, 6, 47, 62, 53], [40, 86, 87], [9, 89, 82, 94, 100, 25, 91, 68, 33, 50, 73, 76, 92, 2], [63, 5, 35, 30], [13, 34, 52, 22, 72, 20, 49, 32, 85], [66, 48, 88, 31, 55, 60, 36, 75, 71, 77], [84, 54, 19, 64, 29, 28, 21, 69], [57, 98, 97, 3, 27, 1, 80, 11, 51, 46, 95]]",true
51,2866,2855,OR-opt,CMT3.vrp,"[[70, 90, 81, 26, 56, 23, 17], [12, 10, 7, 45, 8, 37, 16, 44, 14, 43, 41], [58, 24, 65, 78, 79, 39, 74, 15, 38, 93, 61, 18, 83], [67, 4, 42, 59, 99, 96, 6, 47, 62, 53], [86, 87, 40], [9, 89, 82, 94, 100, 25, 91, 68, 33, 50, 73, 76, 92, 2], [63, 5, 35, 30], [13, 34, 52, 22, 72, 20, 49, 32, 85], [66, 48, 88, 31, 55, 60, 36, 75, 71, 77], [84, 54, 19, 64, 29, 28, 21, 69], [57, 98, 97, 3, 27, 1, 80, 11, 51, 46, 95]]",true
52,2890,2840,OR-opt,CMT3.vrp,"[[70, 90, 81, 26, 56, 23, 17], [12, 10, 7, 45, 8, 37, 16, 44, 14, 43, 41], [58, 24, 65, 78, 79, 39, 74, 15, 38, 93, 61, 18, 83], [67, 4, 42, 59, 99, 96, 6, 47, 62, 53], [86, 87, 40], [82, 94, 100, 25, 9, 89, 91, 68, 33, 50, 73, 76, 92, 2], [63, 5, 35, 30], [13, 34, 52, 22, 72, 20, 49, 32, 85], [66, 48, 88, 31, 55, 60, 36, 75, 71, 77], [84, 54, 19, 64, 29, 28, 21, 69], [57, 98, 97, 3, 27, 1, 80, 11, 51, 46, 95]]",true
53,2933,2840,OR-opt,CMT3.vrp,"[[70, 90, 81, 26, 56, 23, 17], [12, 10, 7, 45, 8, 37, 16, 44, 14, 43, 41], [58, 24, 65, 78, 79, 39, 74, 15, 38, 93, 61, 18, 83], [67, 4, 42, 59, 99, 96, 6, 47, 62, 53], [86, 87, 40], [82, 94, 100, 25, 91, 68, 33, 50, 9, 89, 73, 76, 92, 2], [63, 5, 35, 30], [13, 34, 52, 22, 72, 20, 49, 32, 85], [66, 48, 88, 31, 55, 60, 36, 75, 71, 77], [84, 54, 19, 64, 29, 28, 21, 69], [57, 98, 97, 3, 27, 1, 80, 11, 51, 46, 95]]",true
54,2946,2829,OR-opt,CMT3.vrp,"[[70, 90, 81, 26, 56, 23, 17], [12, 10, 7, 45, 8, 37, 16, 44, 14, 43, 41], [58, 24, 65, 78, 79, 39, 74, 15, 38, 93, 61, 18, 83], [67, 4, 42, 59, 99, 96, 6, 47, 62, 53], [86, 87, 40], [82, 94, 100, 25, 91, 68, 33, 50, 73, 76, 9, 89, 92, 2], [63, 5, 35, 30], [13, 34, 52, 22, 72, 20, 49, 32, 85], [66, 48, 88, 31, 55, 60, 36, 75, 71, 77], [84, 54, 19, 64, 29, 28, 21, 69], [57, 98, 97, 3, 27, 1, 80, 11, 51, 46, 95]]",true
55,2996,2785,OR-opt,CMT3.vrp,"[[70, 90, 81, 26, 56, 23, 17], [12, 10, 7, 45, 8, 37, 16, 44, 14, 43, 41], [58, 24, 65, 78, 79, 39, 74, 15, 38, 93, 61, 18, 83], [67, 4, 42, 59, 99, 96, 6, 47, 62, 53], [86, 87, 40], [9, 89, 82, 94, 91, 100, 25, 68, 33, 50, 73, 76, 92, 2], [63, 5, 35, 30], [13, 34, 52, 22, 72, 20, 49, 32, 85], [66, 48, 88, 31, 55, 60, 36, 75, 71, 77], [84, 54, 19, 64, 29, 28, 21, 69], [57, 98, 97, 3, 27, 1, 80, 11, 51, 46, 95]]",true
56,3099,2784,OR-opt,CMT3.vrp,"[[70, 90, 81, 26, 56, 23, 17], [12, 10, 7, 45, 8, 37, 16, 44, 14, 43, 41], [58, 24, 65, 78, 79, 39, 74, 15, 38, 93, 61, 18, 83], [67, 4, 42, 59, 99, 96, 6, 47, 62, 53], [86, 87, 40], [82, 94, 91, 100, 25, 68, 33, 9, 89, 50, 73, 76, 92, 2], [63, 5, 35, 30], [13, 34, 52, 22, 72, 20, 49, 32, 85], [66, 48, 88, 31, 55, 60, 36, 75, 71, 77], [84, 54, 19, 64, 29, 28, 21, 69], [57, 98, 97, 3, 27, 1, 80, 11, 51, 46, 95]]",true
57,3111,2770,OR-opt,CMT3.vrp,"[[70, 90, 81, 26, 56, 23, 17], [12, 10, 7, 45, 8, 37, 16, 44, 14, 43, 41], [58, 24, 65, 78, 79, 39, 74, 15, 38, 93, 61, 18, 83], [67, 4, 42, 59, 99, 96, 6, 47, 62, 53], [86, 87, 40], [82, 94, 91, 100, 25, 68, 33, 50, 9, 89, 73, 76, 92, 2], [63, 5, 35, 30], [13, 34, 52, 22, 72, 20, 49, 32, 85], [66, 48, 88, 31, 55, 60, 36, 75, 71, 77], [84, 54, 19, 64, 29, 28, 21, 69], [57, 98, 97, 3, 27, 1, 80, 11, 51, 46, 95]]",true
58,3123,2759,OR-opt,CMT3.vrp,"[[70, 90, 81, 26, 56, 23, 17], [12, 10, 7, 45, 8, 37, 16, 44, 14, 43, 41], [58, 24, 65, 78, 79, 39, 74, 15, 38, 93, 61, 18, 83], [67, 4, 42, 59, 99, 96, 6, 47, 62, 53], [86, 87, 40], [82, 94, 91, 100, 25, 68, 33, 50, 73, 76, 9, 89, 92, 2], [63, 5, 35, 30], [13, 34, 52, 22, 72, 20, 49, 32, 85], [66, 48, 88, 31, 55, 60, 36, 75, 71, 77], [84, 54, 19, 64, 29, 28, 21, 69], [57, 98, 97, 3, 27, 1, 80, 11, 51, 46, 95]]",true
59,3232,2757,OR-opt,CMT3.vrp,"[[70, 90, 81, 26, 56, 23, 17], [12, 10, 7, 45, 8, 37, 16, 44, 14, 43, 41], [58, 24, 65, 78, 79, 39, 74, 15, 38, 93, 61, 18, 83], [67, 4, 42, 59, 99, 96, 6, 47, 62, 53], [86, 87, 40], [9, 89, 82, 94, 91, 100, 25, 68, 33, 76, 50, 73, 92, 2], [63, 5, 35, 30], [13, 34, 52, 22, 72, 20, 49, 32, 85], [66, 48, 88, 31, 55, 60, 36, 75, 71, 77], [84, 54, 19, 64, 29, 28, 21, 69], [57, 98, 97, 3, 27, 1, 80, 11, 51, 46, 95]]",true
60,3257,2749,OR-opt,CMT3.vrp,"[[70, 90, 81, 26, 56, 23, 17], [12, 10, 7, 45, 8, 37, 16, 44, 14, 43, 41], [58, 24, 65, 78, 79, 39, 74, 15, 38, 93, 61, 18, 83], [67, 4, 42, 59, 99, 96, 6, 47, 62, 53], [86, 87, 40], [9, 76, 92, 89, 82, 94, 91, 100, 25, 68, 33, 50, 73, 2], [63, 5, 35, 30], [13, 34, 52, 22, 72, 20, 49, 32, 85], [66, 48, 88, 31, 55, 60, 36, 75, 71, 77], [84, 54, 19, 64, 29, 28, 21, 69], [57, 98, 97, 3, 27, 1, 80, 11, 51, 46, 95]]",true
61,3280,2738,OR-opt,CMT3.vrp,"[[70, 90, 81, 26, 56, 23, 17], [12, 10, 7, 45, 8, 37, 16, 44, 14, 43, 41], [58, 24, 65, 78, 79, 39, 74, 15, 38, 93, 61, 18, 83], [67, 4, 42, 59, 99, 96, 6, 47, 62, 53], [86, 87, 40], [9, 89, 82, 94, 91, 100, 92, 2, 25, 68, 33, 50, 73, 76], [63, 5, 35, 30], [13, 34, 52, 22, 72, 20, 49, 32, 85], [66, 48, 88, 31, 55, 60, 36, 75, 71, 77], [84, 54, 19, 64, 29, 28, 21, 69], [57, 98, 97, 3, 27, 1, 80, 11, 51, 46, 95]]",true
62,3300,2737,OR-opt,CMT3.vrp,"[[70, 90, 81, 26, 56, 23, 17], [12, 10, 7, 45, 8, 37, 16, 44, 14, 43, 41], [58, 24, 65, 78, 79, 39, 74, 15, 38, 93, 61, 18, 83], [67, 4, 42, 59, 99, 96, 6, 47, 62, 53], [86, 87, 40], [82, 94, 91, 100, 92, 2, 25, 68, 33, 9, 89, 50, 73, 76], [63, 5, 35, 30], [13, 34, 52, 22, 72, 20, 49, 32, 85], [66, 48, 88, 31, 55, 60, 36, 75, 71, 77], [84, 54, 19, 64, 29, 28, 21, 69], [57, 98, 97, 3, 27, 1, 80, 11, 51, 46, 95]]",true
63,3310,2723,OR-opt,CMT3.vrp,"[[70, 90, 81, 26, 56, 23, 17], [12, 10, 7, 45, 8, 37, 16, 44, 14, 43, 41], [58, 24, 65, 78, 79, 39, 74, 15, 38, 93, 61, 18, 83], [67, 4, 42, 59, 99, 96, 6, 47, 62, 53], [86, 87, 40], [82, 94, 91, 100, 92, 2, 25, 68, 33, 50, 9, 89, 73, 76], [63, 5, 35, 30], [13, 34, 52, 22, 72, 20, 49, 32, 85], [66, 48, 88, 31, 55, 60, 36, 75, 71, 77], [84, 54, 19, 64, 29, 28, 21, 69], [57, 98, 97, 3, 27, 1, 80, 11, 51, 46, 95]]",true
64,3417,2713,OR-opt,CMT3.vrp,"[[70, 90, 81, 26, 56, 23, 17], [12, 10, 7, 45, 8, 37, 16, 44, 14, 43, 41], [58, 24, 65, 78, 79, 39, 74, 15, 38, 93, 61, 18, 83], [67, 4, 42, 59, 99, 96, 6, 47, 62, 53], [86, 87, 40], [9, 33, 50, 89, 82, 94, 91, 100, 92, 2, 25, 68, 73, 76], [63, 5, 35, 30], [13, 34, 52, 22, 72, 20, 49, 32, 85], [66, 48, 88, 31, 55, 60, 36, 75, 71, 77], [84, 54, 19, 64, 29, 28, 21, 69], [57, 98, 97, 3, 27, 1, 80, 11, 51, 46, 95]]",true
65,3532,2711,OR-opt,CMT3.vrp,"[[70, 90, 81, 26, 56, 23, 17], [12, 10, 7, 45, 8, 37, 16, 44, 14, 43, 41], [58, 24, 65, 78, 79, 39, 74, 15, 38, 93, 61, 18, 83], [67, 4, 42, 59, 99, 96, 6, 47, 62, 53], [86, 87, 40], [9, 33, 50, 89, 82, 94, 92, 91, 100, 2, 25, 68, 73, 76], [63, 5, 35, 30], [13, 34, 52, 22, 72, 20, 49, 32, 85], [66, 48, 88, 31, 55, 60, 36, 75, 71, 77], [84, 54, 19, 64, 29, 28, 21, 69], [57, 98, 97, 3, 27, 1, 80, 11, 51, 46, 95]]",true
66,3579,2690,OR-opt,CMT3.vrp,"[[70, 90, 81, 26, 56, 23, 17], [12, 10, 7, 45, 8, 37, 16, 44, 14, 43, 41], [58, 24, 65, 78, 79, 39, 74, 15, 38, 93, 61, 18, 83], [67, 4, 42, 59, 99, 96, 6, 47, 62, 53], [86, 87, 40], [25, 68, 9, 33, 50, 89, 82, 94, 91, 100, 92, 2, 73, 76], [63, 5, 35, 30], [13, 34, 52, 22, 72, 20, 49, 32, 85], [66, 48, 88, 31, 55, 60, 36, 75, 71, 77], [84, 54, 19, 64, 29, 28, 21, 69], [57, 98, 97, 3, 27, 1, 80, 11, 51, 46, 95]]",true
67,3598,2670,OR-opt,CMT3.vrp,"[[70, 90, 81, 26, 56, 23, 17], [12, 10, 7, 45, 8, 37, 16, 44, 14, 43, 41], [58, 24, 65, 78, 79, 39, 74, 15, 38, 93, 61, 18, 83], [67, 4, 42, 59, 99, 96, 6, 47, 62, 53], [86, 87, 40], [9, 33, 50, 89, 82, 94, 91, 100, 92, 2, 73, 25, 68, 76], [63, 5, 35, 30], [13, 34, 52, 22, 72, 20, 49, 32, 85], [66, 48, 88, 31, 55, 60, 36, 75, 71, 77], [84, 54, 19, 64, 29, 28, 21, 69], [57, 98, 97, 3, 27, 1, 80, 11, 51, 46, 95]]",true
68,3689,2668,OR-opt,CMT3.vrp,"[[70, 90, 81, 26, 56, 23, 17], [12, 10, 7, 45, 8, 37, 16, 44, 14, 43, 41], [58, 24, 65, 78, 79, 39, 74, 15, 38, 93, 61, 18, 83], [67, 4, 42, 59, 99, 96, 6, 47, 62, 53], [86, 87, 40], [9, 33, 50, 89, 82, 94, 92, 91, 100, 2, 73, 25, 68, 76], [63, 5, 35, 30], [13, 34, 52, 22, 72, 20, 49, 32, 85], [66, 48, 88, 31, 55, 60, 36, 75, 71, 77], [84, 54, 19, 64, 29, 28, 21, 69], [57, 98, 97, 3, 27, 1, 80, 11, 51, 46, 95]]",true
69,4129,2667,OR-opt,CMT3.vrp,"[[70, 90, 81, 26, 56, 23, 17], [12, 10, 7, 45, 8, 37, 16, 44, 14, 43, 41], [58, 24, 65, 78, 79, 39, 74, 15, 38, 93, 61, 18, 83], [67, 4, 42, 59, 99, 96, 6, 47, 62, 53], [86, 87, 40], [9, 33, 50, 89, 82, 94, 92, 91, 100, 2, 73, 25, 68, 76], [35, 63, 5, 30], [13, 34, 52, 22, 72, 20, 49, 32, 85], [66, 48, 88, 31, 55, 60, 36, 75, 71, 77], [84, 54, 19, 64, 29, 28, 21, 69], [57, 98, 97, 3, 27, 1, 80, 11, 51, 46, 95]]",true
70,4426,2626,OR-opt,CMT3.vrp,"[[70, 90, 81, 26, 56, 23, 17], [12, 10, 7, 45, 8, 37, 16, 44, 14, 43, 41], [58, 24, 65, 78, 79, 39, 74, 15, 38, 93, 61, 18, 83], [67, 4, 42, 59, 99, 96, 6, 47, 62, 53], [86, 87, 40], [9, 33, 50, 89, 82, 94, 92, 91, 100, 2, 73, 25, 68, 76], [35, 30, 63, 5], [13, 34, 52, 22, 72, 20, 49, 32, 85], [66, 48, 88, 31, 55, 60, 36, 75, 71, 77], [84, 54, 19, 64, 29, 28, 21, 69], [57, 98, 97, 3, 27, 1, 80, 11, 51, 46, 95]]",true
71,4463,2616,OR-opt,CMT3.vrp,"[[70, 90, 81, 26, 56, 23, 17], [12, 10, 7, 45, 8, 37, 16, 44, 14, 43, 41], [58, 24, 65, 78, 79, 39, 74, 15, 38, 93, 61, 18, 83], [67, 4, 42, 59, 99, 96, 6, 47, 62, 53], [86, 87, 40], [9, 33, 50, 89, 82, 94, 92, 91, 100, 2, 73, 25, 68, 76], [35, 30, 63, 5], [52, 13, 34, 22, 72, 20, 49, 32, 85], [66, 48, 88, 31, 55, 60, 36, 75, 71, 77], [84, 54, 19, 64, 29, 28, 21, 69], [57, 98, 97, 3, 27, 1, 80, 11, 51, 46, 95]]",true
72,4477,2579,OR-opt,CMT3.vrp,"[[70, 90, 81, 26, 56, 23, 17], [12, 10, 7, 45, 8, 37, 16, 44, 14, 43, 41], [58, 24, 65, 78, 79, 39, 74, 15, 38, 93, 61, 18, 83], [67, 4, 42, 59, 99, 96, 6, 47, 62, 53], [86, 87, 40], [9, 33, 50, 89, 82, 94, 92, 91, 100, 2, 73, 25, 68, 76], [35, 30, 63, 5], [52, 22, 72, 13, 34, 20, 49, 32, 85], [66, 48, 88, 31, 55, 60, 36, 75, 71, 77], [84, 54, 19, 64, 29, 28, 21, 69], [57, 98, 97, 3, 27, 1, 80, 11, 51, 46, 95]]",true
73,4498,2570,OR-opt,CMT3.vrp,"[[70, 90, 81, 26, 56, 23, 17], [12, 10, 7, 45, 8, 37, 16, 44, 14, 43, 41], [58, 24, 65, 78, 79, 39, 74, 15, 38, 93, 61, 18, 83], [67, 4, 42, 59, 99, 96, 6, 47, 62, 53], [86, 87, 40], [9, 33, 50, 89, 82, 94, 92, 91, 100, 2, 73, 25, 68, 76], [35, 30, 63, 5], [13, 22, 72, 20, 49, 32, 34, 52, 85], [66, 48, 88, 31, 55, 60, 36, 75, 71, 77], [84, 54, 19, 64, 29, 28, 21, 69], [57, 98, 97, 3, 27, 1, 80, 11, 51, 46, 95]]",true
74,4577,2561,OR-opt,CMT3.vrp,"[[70, 90, 81, 26, 56, 23, 17], [12, 10, 7, 45, 8, 37, 16, 44, 14, 43, 41], [58, 24, 65, 78, 79, 39, 74, 15, 38, 93, 61, 18, 83], [67, 4, 42, 59, 99, 96, 6, 47, 62, 53], [86, 87, 40], [9, 33, 50, 89, 82, 94, 92, 91, 100, 2, 73, 25, 68, 76], [35, 30, 63, 5], [13, 22, 72, 32, 34, 20, 49, 52, 85], [66, 48, 88, 31, 55, 60, 36, 75, 71, 77], [84, 54, 19, 64, 29, 28, 21, 69], [57, 98, 97, 3, 27, 1, 80, 11, 51, 46, 95]]",true
75,4595,2548,OR-opt,CMT3.vrp,"[[70, 90, 81, 26, 56, 23, 17], [12, 10, 7, 45, 8, 37, 16, 44, 14, 43, 41], [58, 24, 65, 78, 79, 39, 74, 15, 38, 93, 61, 18, 83], [67, 4, 42, 59, 99, 96, 6, 47, 62, 53], [86, 87, 40], [9, 33, 50, 89, 82, 94, 92, 91, 100, 2, 73, 25, 68, 76], [35, 30, 63, 5], [13, 22, 72, 49, 32, 20, 34, 52, 85], [66, 48, 88, 31, 55, 60, 36, 75, 71, 77], [84, 54, 19, 64, 29, 28, 21, 69], [57, 98, 97, 3, 27, 1, 80, 11, 51, 46, 95]]",true
76,4633,2544,OR-opt,CMT3.vrp,"[[70, 90, 81, 26, 56, 23, 17], [12, 10, 7, 45, 8, 37, 16, 44, 14, 43, 41], [58, 24, 65, 78, 79, 39, 74, 15, 38, 93, 61, 18, 83], [67, 4, 42, 59, 99, 96, 6, 47, 62, 53], [86, 87, 40], [9, 33, 50, 89, 82, 94, 92, 91, 100, 2, 73, 25, 68, 76], [35, 30, 63, 5], [22, 72, 13, 49, 32, 20, 34, 52, 85], [66, 48, 88, 31, 55, 60, 36, 75, 71, 77], [84, 54, 19, 64, 29, 28, 21, 69], [57, 98, 97, 3, 27, 1, 80, 11, 51, 46, 95]]",true
77,4647,2540,OR-opt,CMT3.vrp,"[[70, 90, 81, 26, 56, 23, 17], [12, 10, 7, 45, 8, 37, 16, 44, 14, 43, 41], [58, 24, 65, 78, 79, 39, 74, 15, 38, 93, 61, 18, 83], [67, 4, 42, 59, 99, 96, 6, 47, 62, 53], [86, 87, 40], [9, 33, 50, 89, 82, 94, 92, 91, 100, 2, 73, 25, 68, 76], [35, 30, 63, 5], [13, 49, 32, 20, 34, 52, 85, 22, 72], [66, 48, 88, 31, 55, 60, 36, 75, 71, 77], [84, 54, 19, 64, 29, 28, 21, 69], [57, 98, 97, 3, 27, 1, 80, 11, 51, 46, 95]]",true
78,4685,2535,OR-opt,CMT3.vrp,"[[70, 90, 81, 26, 56, 23, 17], [12, 10, 7, 45, 8, 37, 16, 44, 14, 43, 41], [58, 24, 65, 78, 79, 39, 74, 15, 38, 93, 61, 18, 83], [67, 4, 42, 59, 99, 96, 6, 47, 62, 53], [86, 87, 40], [9, 33, 50, 89, 82, 94, 92, 91, 100, 2, 73, 25, 68, 76], [35, 30, 63, 5], [52, 85, 13, 22, 72, 49, 32, 20, 34], [66, 48, 88, 31, 55, 60, 36, 75, 71, 77], [84, 54, 19, 64, 29, 28, 21, 69], [57, 98, 97, 3, 27, 1, 80, 11, 51, 46, 95]]",true
79,4720,2533,OR-opt,CMT3.vrp,"[[70, 90, 81, 26, 56, 23, 17], [12, 10, 7, 45, 8, 37, 16, 44, 14, 43, 41], [58, 24, 65, 78, 79, 39, 74, 15, 38, 93, 61, 18, 83], [67, 4, 42, 59, 99, 96, 6, 47, 62, 53], [86, 87, 40], [9, 33, 50, 89, 82, 94, 92, 91, 100, 2, 73, 25, 68, 76], [35, 30, 63, 5], [52, 85, 22, 72, 13, 49, 32, 20, 34], [66, 48, 88, 31, 55, 60, 36, 75, 71, 77], [84, 54, 19, 64, 29, 28, 21, 69], [57, 98, 97, 3, 27, 1, 80, 11, 51, 46, 95]]",true
80,4732,2533,OR-opt,CMT3.vrp,"[[70, 90, 81, 26, 56, 23, 17], [12, 10, 7, 45, 8, 37, 16, 44, 14, 43, 41], [58, 24, 65, 78, 79, 39, 74, 15, 38, 93, 61, 18, 83], [67, 4, 42, 59, 99, 96, 6, 47, 62, 53], [86, 87, 40], [9, 33, 50, 89, 82, 94, 92, 91, 100, 2, 73, 25, 68, 76], [35, 30, 63, 5], [52, 85, 13, 49, 32, 20, 34, 22, 72], [66, 48, 88, 31, 55, 60, 36, 75, 71, 77], [84, 54, 19, 64, 29, 28, 21, 69], [57, 98, 97, 3, 27, 1, 80, 11, 51, 46, 95]]",true
81,4771,2522,OR-opt,CMT3.vrp,"[[70, 90, 81, 26, 56, 23, 17], [12, 10, 7, 45, 8, 37, 16, 44, 14, 43, 41], [58, 24, 65, 78, 79, 39, 74, 15, 38, 93, 61, 18, 83], [67, 4, 42, 59, 99, 96, 6, 47, 62, 53], [86, 87, 40], [9, 33, 50, 89, 82, 94, 92, 91, 100, 2, 73, 25, 68, 76], [35, 30, 63, 5], [85, 13, 52, 49, 32, 20, 34, 22, 72], [66, 48, 88, 31, 55, 60, 36, 75, 71, 77], [84, 54, 19, 64, 29, 28, 21, 69], [57, 98, 97, 3, 27, 1, 80, 11, 51, 46, 95]]",true
82,4787,2513,OR-opt,CMT3.vrp,"[[70, 90, 81, 26, 56, 23, 17], [12, 10, 7, 45, 8, 37, 16, 44, 14, 43, 41], [58, 24, 65, 78, 79, 39, 74, 15, 38, 93, 61, 18, 83], [67, 4, 42, 59, 99, 96, 6, 47, 62, 53], [86, 87, 40], [9, 33, 50, 89, 82, 94, 92, 91, 100, 2, 73, 25, 68, 76], [35, 30, 63, 5], [52, 49, 32, 20, 34, 22, 72, 85, 13], [66, 48, 88, 31, 55, 60, 36, 75, 71, 77], [84, 54, 19, 64, 29, 28, 21, 69], [57, 98, 97, 3, 27, 1, 80, 11, 51, 46, 95]]",true
83,4885,2502,OR-opt,CMT3.vrp,"[[70, 90, 81, 26, 56, 23, 17], [12, 10, 7, 45, 8, 37, 16, 44, 14, 43, 41], [58, 24, 65, 78, 79, 39, 74, 15, 38, 93, 61, 18, 83], [67, 4, 42, 59, 99, 96, 6, 47, 62, 53], [86, 87, 40], [9, 33, 50, 89, 82, 94, 92, 91, 100, 2, 73, 25, 68, 76], [35, 30, 63, 5], [52, 49, 32, 20, 34, 22, 72, 85, 13], [88, 31, 55, 66, 48, 60, 36, 75, 71, 77], [84, 54, 19, 64, 29, 28, 21, 69], [57, 98, 97, 3, 27, 1, 80, 11, 51, 46, 95]]",true
84,4904,2486,OR-opt,CMT3.vrp,"[[70, 90, 81, 26, 56, 23, 17], [12, 10, 7, 45, 8, 37, 16, 44, 14, 43, 41], [58, 24, 65, 78, 79, 39, 74, 15, 38, 93, 61, 18, 83], [67, 4, 42, 59, 99, 96, 6, 47, 62, 53], [86, 87, 40], [9, 33, 50, 89, 82, 94, 92, 91, 100, 2, 73, 25, 68, 76], [35, 30, 63, 5], [52, 49, 32, 20, 34, 22, 72, 85, 13], [66, 31, 55, 60, 36, 48, 88, 75, 71, 77], [84, 54, 19, 64, 29, 28, 21, 69], [57, 98, 97, 3, 27, 1, 80, 11, 51, 46, 95]]",true
85,4927,2461,OR-opt,CMT3.vrp,"[[70, 90, 81, 26, 56, 23, 17], [12, 10, 7, 45, 8, 37, 16, 44, 14, 43, 41], [58, 24, 65, 78, 79, 39, 74, 15, 38, 93, 61, 18, 83], [67, 4, 42, 59, 99, 96, 6, 47, 62, 53], [86, 87, 40], [9, 33, 50, 89, 82, 94, 92, 91, 100, 2, 73, 25, 68, 76], [35, 30, 63, 5], [52, 49, 32, 20, 34, 22, 72, 85, 13], [66, 48, 88, 60, 36, 31, 55, 75, 71, 77], [84, 54, 19, 64, 29, 28, 21, 69], [57, 98, 97, 3, 27, 1, 80, 11, 51, 46, 95]]",true
86,4950,2442,OR-opt,CMT3.vrp,"[[70, 90, 81, 26, 56, 23, 17], [12, 10, 7, 45, 8, 37, 16, 44, 14, 43, 41], [58, 24, 65, 78, 79, 39, 74, 15, 38, 93, 61, 18, 83], [67, 4, 42, 59, 99, 96, 6, 47, 62, 53], [86, 87, 40], [9, 33, 50, 89, 82, 94, 92, 91, 100, 2, 73, 25, 68, 76], [35, 30, 63, 5], [52, 49, 32, 20, 34, 22, 72, 85, 13], [60, 36, 66, 48, 88, 31, 55, 75, 71, 77], [84, 54, 19, 64, 29, 28, 21, 69], [57, 98, 97, 3, 27, 1, 80, 11, 51, 46, 95]]",true
87,4962,2438,OR-opt,CMT3.vrp,"[[70, 90, 81, 26, 56, 23, 17], [12, 10, 7, 45, 8, 37, 16, 44, 14, 43, 41], [58, 24, 65, 78, 79, 39, 74, 15, 38, 93, 61, 18, 83], [67, 4, 42, 59, 99, 96, 6, 47, 62, 53], [86, 87, 40], [9, 33, 50, 89, 82, 94, 92, 91, 100, 2, 73, 25, 68, 76], [35, 30, 63, 5], [52, 49, 32, 20, 34, 22, 72, 85, 13], [66, 60, 36, 48, 88, 31, 55, 75, 71, 77], [84, 54, 19, 64, 29, 28, 21, 69], [57, 98, 97, 3, 27, 1, 80, 11, 51, 46, 95]]",true
88,5008,2430,OR-opt,CMT3.vrp,"[[70, 90, 81, 26, 56, 23, 17], [12, 10, 7, 45, 8, 37, 16, 44, 14, 43, 41], [58, 24, 65, 78, 79, 39, 74, 15, 38, 93, 61, 18, 83], [67, 4, 42, 59, 99, 96, 6, 47, 62, 53], [86, 87, 40], [9, 33, 50, 89, 82, 94, 92, 91, 100, 2, 73, 25, 68, 76], [35, 30, 63, 5], [52, 49, 32, 20, 34, 22, 72, 85, 13], [36, 48, 88, 31, 55, 75, 71, 66, 60, 77], [84, 54, 19, 64, 29, 28, 21, 69], [57, 98, 97, 3, 27, 1, 80, 11, 51, 46, 95]]",true
89,5060,2420,OR-opt,CMT3.vrp,"[[70, 90, 81, 26, 56, 23, 17], [12, 10, 7, 45, 8, 37, 16, 44, 14, 43, 41], [58, 24, 65, 78, 79, 39, 74, 15, 38, 93, 61, 18, 83], [67, 4, 42, 59, 99, 96, 6, 47, 62, 53], [86, 87, 40], [9, 33, 50, 89, 82, 94, 92, 91, 100, 2, 73, 25, 68, 76], [35, 30, 63, 5], [52, 49, 32, 20, 34, 22, 72, 85, 13], [55, 75, 66, 60, 36, 48, 88, 31, 71, 77], [84, 54, 19, 64, 29, 28, 21, 69], [57, 98, 97, 3, 27, 1, 80, 11, 51, 46, 95]]",true
90,5072,2409,OR-opt,CMT3.vrp,"[[70, 90, 81, 26, 56, 23, 17], [12, 10, 7, 45, 8, 37, 16, 44, 14, 43, 41], [58, 24, 65, 78, 79, 39, 74, 15, 38, 93, 61, 18, 83], [67, 4, 42, 59, 99, 96, 6, 47, 62, 53], [86, 87, 40], [9, 33, 50, 89, 82, 94, 92, 91, 100, 2, 73, 25, 68, 76], [35, 30, 63, 5], [52, 49, 32, 20, 34, 22, 72, 85, 13], [66, 55, 75, 60, 36, 48, 88, 31, 71, 77], [84, 54, 19, 64, 29, 28, 21, 69], [57, 98, 97, 3, 27, 1, 80, 11, 51, 46, 95]]",true
91,5089,2399,OR-opt,CMT3.vrp,"[[70, 90, 81, 26, 56, 23, 17], [12, 10, 7, 45, 8, 37, 16, 44, 14, 43, 41], [58, 24, 65, 78, 79, 39, 74, 15, 38, 93, 61, 18, 83], [67, 4, 42, 59, 99, 96, 6, 47, 62, 53], [86, 87, 40], [9, 33, 50, 89, 82, 94, 92, 91, 100, 2, 73, 25, 68, 76], [35, 30, 63, 5], [52, 49, 32, 20, 34, 22, 72, 85, 13], [66, 60, 36, 48, 88, 31, 71, 77, 55, 75], [84, 54, 19, 64, 29, 28, 21, 69], [57, 98, 97, 3, 27, 1, 80, 11, 51, 46, 95]]",true
92,5160,2385,OR-opt,CMT3.vrp,"[[70, 90, 81, 26, 56, 23, 17], [12, 10, 7, 45, 8, 37, 16, 44, 14, 43, 41], [58, 24, 65, 78, 79, 39, 74, 15, 38, 93, 61, 18, 83], [67, 4, 42, 59, 99, 96, 6, 47, 62, 53], [86, 87, 40], [9, 33, 50, 89, 82, 94, 92, 91, 100, 2, 73, 25, 68, 76], [35, 30, 63, 5], [52, 49, 32, 20, 34, 22, 72, 85, 13], [66, 71, 77, 60, 36, 48, 88, 31, 55, 75], [84, 54, 19, 64, 29, 28, 21, 69], [57, 98, 97, 3, 27, 1, 80, 11, 51, 46, 95]]",true
93,5179,2384,OR-opt,CMT3.vrp,"[[70, 90, 81, 26, 56, 23, 17], [12, 10, 7, 45, 8, 37, 16, 44, 14, 43, 41], [58, 24, 65, 78, 79, 39, 74, 15, 38, 93, 61, 18, 83], [67, 4, 42, 59, 99, 96, 6, 47, 62, 53], [86, 87, 40], [9, 33, 50, 89, 82, 94, 92, 91, 100, 2, 73, 25, 68, 76], [35, 30, 63, 5], [52, 49, 32, 20, 34, 22, 72, 85, 13], [77, 66, 71, 60, 36, 48, 88, 31, 55, 75], [84, 54, 19, 64, 29, 28, 21, 69], [57, 98, 97, 3, 27, 1, 80, 11, 51, 46, 95]]",true
94,5193,2369,OR-opt,CMT3.vrp,"[[70, 90, 81, 26, 56, 23, 17], [12, 10, 7, 45, 8, 37, 16, 44, 14, 43, 41], [58, 24, 65, 78, 79, 39, 74, 15, 38, 93, 61, 18, 83], [67, 4, 42, 59, 99, 96, 6, 47, 62, 53], [86, 87, 40], [9, 33, 50, 89, 82, 94, 92, 91, 100, 2, 73, 25, 68, 76], [35, 30, 63, 5], [52, 49, 32, 20, 34, 22, 72, 85, 13], [77, 60, 36, 48, 88, 31, 66, 71, 55, 75], [84, 54, 19, 64, 29, 28, 21, 69], [57, 98, 97, 3, 27, 1, 80, 11, 51, 46, 95]]",true
95,5259,2356,OR-opt,CMT3.vrp,"[[70, 90, 81, 26, 56, 23, 17], [12, 10, 7, 45, 8, 37, 16, 44, 14, 43, 41], [58, 24, 65, 78, 79, 39, 74, 15, 38, 93, 61, 18, 83], [67, 4, 42, 59, 99, 96, 6, 47, 62, 53], [86, 87, 40], [9, 33, 50, 89, 82, 94, 92, 91, 100, 2, 73, 25, 68, 76], [35, 30, 63, 5], [52, 49, 32, 20, 34, 22, 72, 85, 13], [66, 71, 77, 55, 75, 60, 36, 48, 88, 31], [84, 54, 19, 64, 29, 28, 21, 69], [57, 98, 97, 3, 27, 1, 80, 11, 51, 46, 95]]",true
96,5368,2312,OR-opt,CMT3.vrp,"[[70, 90, 81, 26, 56, 23, 17], [12, 10, 7, 45, 8, 37, 16, 44, 14, 43, 41], [58, 24, 65, 78, 79, 39, 74, 15, 38, 93, 61, 18, 83], [67, 4, 42, 59, 99, 96, 6, 47, 62, 53], [86, 87, 40], [9, 33, 50, 89, 82, 94, 92, 91, 100, 2, 73, 25, 68, 76], [35, 30, 63, 5], [52, 49, 32, 20, 34, 22, 72, 85, 13], [66, 71, 77, 55, 75, 60, 36, 48, 88, 31], [19, 64, 84, 54, 29, 28, 21, 69], [57, 98, 97, 3, 27, 1, 80, 11, 51, 46, 95]]",true
97,5384,2305,OR-opt,CMT3.vrp,"[[70, 90, 81, 26, 56, 23, 17], [12, 10, 7, 45, 8, 37, 16, 44, 14, 43, 41], [58, 24, 65, 78, 79, 39, 74, 15, 38, 93, 61, 18, 83], [67, 4, 42, 59, 99, 96, 6, 47, 62, 53], [86, 87, 40], [9, 33, 50, 89, 82, 94, 92, 91, 100, 2, 73, 25, 68, 76], [35, 30, 63, 5], [52, 49, 32, 20, 34, 22, 72, 85, 13], [66, 71, 77, 55, 75, 60, 36, 48, 88, 31], [84, 19, 64, 54, 29, 28, 21, 69], [57, 98, 97, 3, 27, 1, 80, 11, 51, 46, 95]]",true
98,5460,2295,OR-opt,CMT3.vrp,"[[70, 90, 81, 26, 56, 23, 17], [12, 10, 7, 45, 8, 37, 16, 44, 14, 43, 41], [58, 24, 65, 78, 79, 39, 74, 15, 38, 93, 61, 18, 83], [67, 4, 42, 59, 99, 96, 6, 47, 62, 53], [86, 87, 40], [9, 33, 50, 89, 82, 94, 92, 91, 100, 2, 73, 25, 68, 76], [35, 30, 63, 5], [52, 49, 32, 20, 34, 22, 72, 85, 13], [66, 71, 77, 55, 75, 60, 36, 48, 88, 31], [84, 19, 64, 28, 54, 29, 21, 69], [57, 98, 97, 3, 27, 1, 80, 11, 51, 46, 95]]",true
99,5472,2280,OR-opt,CMT3.vrp,"[[70, 90, 81, 26, 56, 23, 17], [12, 10, 7, 45, 8, 37, 16, 44, 14, 43, 41], [58, 24, 65, 78, 79, 39, 74, 15, 38, 93, 61, 18, 83], [67, 4, 42, 59, 99, 96, 6, 47, 62, 53], [86, 87, 40], [9, 33, 50, 89, 82, 94, 92, 91, 100, 2, 73, 25, 68, 76], [35, 30, 63, 5], [52, 49, 32, 20, 34, 22, 72, 85, 13], [66, 71, 77, 55, 75, 60, 36, 48, 88, 31], [84, 19, 64, 28, 21, 54, 29, 69], [57, 98, 97, 3, 27, 1, 80, 11, 51, 46, 95]]",true
100,5558,2276,OR-opt,CMT3.vrp,"[[70, 90, 81, 26, 56, 23, 17], [12, 10, 7, 45, 8, 37, 16, 44, 14, 43, 41], [58, 24, 65, 78, 79, 39, 74, 15, 38, 93, 61, 18, 83], [67, 4, 42, 59, 99, 96, 6, 47, 62, 53], [86, 87, 40], [9, 33, 50, 89, 82, 94, 92, 91, 100, 2, 73, 25, 68, 76], [35, 30, 63, 5], [52, 49, 32, 20, 34, 22, 72, 85, 13], [66, 71, 77, 55, 75, 60, 36, 48, 88, 31], [84, 19, 64, 28, 21, 54, 29, 69], [98, 97, 57, 3, 27, 1, 80, 11, 51, 46, 95]]",true
101,5572,2268,OR-opt,CMT3.vrp,"[[70, 90, 81, 26, 56, 23, 17], [12, 10, 7, 45, 8, 37, 16, 44, 14, 43, 41], [58, 24, 65, 78, 79, 39, 74, 15, 38, 93, 61, 18, 83], [67, 4, 42, 59, 99, 96, 6, 47, 62, 53], [86, 87, 40], [9, 33, 50, 89, 82, 94, 92, 91, 100, 2, 73, 25, 68, 76], [35, 30, 63, 5], [52, 49, 32, 20, 34, 22, 72, 85, 13], [66, 71, 77, 55, 75, 60, 36, 48, 88, 31], [84, 19, 64, 28, 21, 54, 29, 69], [57, 3, 27, 1, 80, 11, 51, 46, 98, 97, 95]]",true
102,5592,2255,OR-opt,CMT3.vrp,"[[70, 90, 81, 26, 56, 23, 17], [12, 10, 7, 45, 8, 37, 16, 44, 14, 43, 41], [58, 24, 65, 78, 79, 39, 74, 15, 38, 93, 61, 18, 83], [67, 4, 42, 59, 99, 96, 6, 47, 62, 53], [86, 87, 40], [9, 33, 50, 89, 82, 94, 92, 91, 100, 2, 73, 25, 68, 76], [35, 30, 63, 5], [52, 49, 32, 20, 34, 22, 72, 85, 13], [66, 71, 77, 55, 75, 60, 36, 48, 88, 31], [84, 19, 64, 28, 21, 54, 29, 69], [57, 98, 97, 1, 80, 3, 27, 11, 51, 46, 95]]",true
103,5605,2246,OR-opt,CMT3.vrp,"[[70, 90, 81, 26, 56, 23, 17], [12, 10, 7, 45, 8, 37, 16, 44, 14, 43, 41], [58, 24, 65, 78, 79, 39, 74, 15, 38, 93, 61, 18, 83], [67, 4, 42, 59, 99, 96, 6, 47, 62, 53], [86, 87, 40], [9, 33, 50, 89, 82, 94, 92, 91, 100, 2, 73, 25, 68, 76], [35, 30, 63, 5], [52, 49, 32, 20, 34, 22, 72, 85, 13], [66, 71, 77, 55, 75, 60, 36, 48, 88, 31], [84, 19, 64, 28, 21, 54, 29, 69], [57, 98, 97, 27, 1, 3, 80, 11, 51, 46, 95]]",true
104,5629,2242,OR-opt,CMT3.vrp,"[[70, 90, 81, 26, 56, 23, 17], [12, 10, 7, 45, 8, 37, 16, 44, 14, 43, 41], [58, 24, 65, 78, 79, 39, 74, 15, 38, 93, 61, 18, 83], [67, 4, 42, 59, 99, 96, 6, 47, 62, 53], [86, 87, 40], [9, 33, 50, 89, 82, 94, 92, 91, 100, 2, 73, 25, 68, 76], [35, 30, 63, 5], [52, 49, 32, 20, 34, 22, 72, 85, 13], [66, 71, 77, 55, 75, 60, 36, 48, 88, 31], [84, 19, 64, 28, 21, 54, 29, 69], [57, 98, 97, 3, 27, 1, 51, 80, 11, 46, 95]]",true
105,5664,2237,OR-opt,CMT3.vrp,"[[70, 90, 81, 26, 56, 23, 17], [12, 10, 7, 45, 8, 37, 16, 44, 14, 43, 41], [58, 24, 65, 78, 79, 39, 74, 15, 38, 93, 61, 18, 83], [67, 4, 42, 59, 99, 96, 6, 47, 62, 53], [86, 87, 40], [9, 33, 50, 89, 82, 94, 92, 91, 100, 2, 73, 25, 68, 76], [35, 30, 63, 5], [52, 49, 32, 20, 34, 22, 72, 85, 13], [66, 71, 77, 55, 75, 60, 36, 48, 88, 31], [84, 19, 64, 28, 21, 54, 29, 69], [98, 97, 57, 3, 27, 1, 51, 80, 11, 46, 95]]",true
106,5677,2230,OR-opt,CMT3.vrp,"[[70, 90, 81, 26, 56, 23, 17], [12, 10, 7, 45, 8, 37, 16, 44, 14, 43, 41], [58, 24, 65, 78, 79, 39, 74, 15, 38, 93, 61, 18, 83], [67, 4, 42, 59, 99, 96, 6, 47, 62, 53], [86, 87, 40], [9, 33, 50, 89, 82, 94, 92, 91, 100, 2, 73, 25, 68, 76], [35, 30, 63, 5], [52, 49, 32, 20, 34, 22, 72, 85, 13], [66, 71, 77, 55, 75, 60, 36, 48, 88, 31], [84, 19, 64, 28, 21, 54, 29, 69], [57, 3, 27, 1, 51, 80, 11, 46, 98, 97, 95]]",true
107,5717,2217,OR-opt,CMT3.vrp,"[[70, 90, 81, 26, 56, 23, 17], [12, 10, 7, 45, 8, 37, 16, 44, 14, 43, 41], [58, 24, 65, 78, 79, 39, 74, 15, 38, 93, 61, 18, 83], [67, 4, 42, 59, 99, 96, 6, 47, 62, 53], [86, 87, 40], [9, 33, 50, 89, 82, 94, 92, 91, 100, 2, 73, 25, 68, 76], [35, 30, 63, 5], [52, 49, 32, 20, 34, 22, 72, 85, 13], [66, 71, 77, 55, 75, 60, 36, 48, 88, 31], [84, 19, 64, 28, 21, 54, 29, 69], [57, 98, 97, 1, 51, 80, 3, 27, 11, 46, 95]]",true
108,5790,2216,OR-opt,CMT3.vrp,"[[70, 90, 81, 26, 56, 23, 17], [12, 10, 7, 45, 8, 37, 16, 44, 14, 43, 41], [58, 24, 65, 78, 79, 39, 74, 15, 38, 93, 61, 18, 83], [67, 4, 42, 59, 99, 96, 6, 47, 62, 53], [86, 87, 40], [9, 33, 50, 89, 82, 94, 92, 91, 100, 2, 73, 25, 68, 76], [35, 30, 63, 5], [52, 49, 32, 20, 34, 22, 72, 85, 13], [66, 71, 77, 55, 75, 60, 36, 48, 88, 31], [84, 19, 64, 28, 21, 54, 29, 69], [98, 97, 57, 1, 51, 80, 3, 27, 11, 46, 95]]",true
109,5819,2208,OR-opt,CMT3.vrp,"[[70, 90, 81, 26, 56, 23, 17], [12, 10, 7, 45, 8, 37, 16, 44, 14, 43, 41], [58, 24, 65, 78, 79, 39, 74, 15, 38, 93, 61, 18, 83], [67, 4, 42, 59, 99, 96, 6, 47, 62, 53], [86, 87, 40], [9, 33, 50, 89, 82, 94, 92, 91, 100, 2, 73, 25, 68, 76], [35, 30, 63, 5], [52, 49, 32, 20, 34, 22, 72, 85, 13], [66, 71, 77, 55, 75, 60, 36, 48, 88, 31], [84, 19, 64, 28, 21, 54, 29, 69], [57, 1, 51, 80, 3, 27, 11, 46, 98, 97, 95]]",true
110,5894,2208,OR-opt,CMT3.vrp,"[[70, 90, 81, 26, 56, 23, 17], [12, 10, 7, 45, 8, 37, 16, 44, 14, 43, 41], [58, 24, 65, 78, 79, 39, 74, 15, 38, 93, 61, 18, 83], [67, 4, 42, 59, 99, 96, 6, 47, 62, 53], [86, 87, 40], [9, 33, 50, 89, 82, 94, 92, 91, 100, 2, 73, 25, 68, 76], [35, 30, 63, 5], [52, 49, 32, 20, 34, 22, 72, 85, 13], [66, 71, 77, 55, 75, 60, 36, 48, 88, 31], [84, 19, 64, 28, 21, 54, 29, 69], [57, 80, 1, 51, 3, 27, 11, 46, 98, 97, 95]]",true
111,5902,2199,OR-opt,CMT3.vrp,"[[70, 90, 81, 26, 56, 23, 17], [12, 10, 7, 45, 8, 37, 16, 44, 14, 43, 41], [58, 24, 65, 78, 79, 39, 74, 15, 38, 93, 61, 18, 83], [67, 4, 42, 59, 99, 96, 6, 47, 62, 53], [86, 87, 40], [9, 33, 50, 89, 82, 94, 92, 91, 100, 2, 73, 25, 68, 76], [35, 30, 63, 5], [52, 49, 32, 20, 34, 22, 72, 85, 13], [66, 71, 77, 55, 75, 60, 36, 48, 88, 31], [84, 19, 64, 28, 21, 54, 29, 69], [57, 80, 3, 1, 51, 27, 11, 46, 98, 97, 95]]",true
112,5909,2194,OR-opt,CMT3.vrp,"[[70, 90, 81, 26, 56, 23, 17], [12, 10, 7, 45, 8, 37, 16, 44, 14, 43, 41], [58, 24, 65, 78, 79, 39, 74, 15, 38, 93, 61, 18, 83], [67, 4, 42, 59, 99, 96, 6, 47, 62, 53], [86, 87, 40], [9, 33, 50, 89, 82, 94, 92, 91, 100, 2, 73, 25, 68, 76], [35, 30, 63, 5], [52, 49, 32, 20, 34, 22, 72, 85, 13], [66, 71, 77, 55, 75, 60, 36, 48, 88, 31], [84, 19, 64, 28, 21, 54, 29, 69], [57, 80, 3, 27, 1, 51, 11, 46, 98, 97, 95]]",true
113,6019,2192,OR-opt,CMT3.vrp,"[[70, 90, 81, 26, 56, 23, 17], [12, 10, 7, 45, 8, 37, 16, 44, 14, 43, 41], [58, 24, 65, 78, 79, 39, 74, 15, 38, 93, 61, 18, 83], [67, 4, 42, 59, 99, 96, 6, 47, 62, 53], [86, 87, 40], [9, 33, 50, 89, 82, 94, 92, 91, 100, 2, 73, 25, 68, 76], [35, 30, 63, 5], [52, 49, 32, 20, 34, 22, 72, 85, 13], [66, 71, 77, 55, 75, 60, 36, 48, 88, 31], [84, 19, 64, 28, 21, 54, 29, 69], [57, 27, 80, 3, 1, 51, 11, 46, 98, 97, 95]]",true
114,6030,2189,OR-opt,CMT3.vrp,"[[70, 90, 81, 26, 56, 23, 17], [12, 10, 7, 45, 8, 37, 16, 44, 14, 43, 41], [58, 24, 65, 78, 79, 39, 74, 15, 38, 93, 61, 18, 83], [67, 4, 42, 59, 99, 96, 6, 47, 62, 53], [86, 87, 40], [9, 33, 50, 89, 82, 94, 92, 91, 100, 2, 73, 25, 68, 76], [35, 30, 63, 5], [52, 49, 32, 20, 34, 22, 72, 85, 13], [66, 71, 77, 55, 75, 60, 36, 48, 88, 31], [84, 19, 64, 28, 21, 54, 29, 69], [57, 27, 1, 80, 3, 51, 11, 46, 98, 97, 95]]",true
115,6090,2174,OR-opt,CMT3.vrp,"[[70, 90, 81, 26, 56, 23, 17], [12, 10, 7, 45, 8, 37, 16, 44, 14, 43, 41], [58, 24, 65, 78, 79, 39, 74, 15, 38, 93, 61, 18, 83], [67, 4, 42, 59, 99, 96, 6, 47, 62, 53], [86, 87, 40], [9, 33, 50, 89, 82, 94, 92, 91, 100, 2, 73, 25, 68, 76], [35, 30, 63, 5], [52, 49, 32, 20, 34, 22, 72, 85, 13], [66, 71, 77, 55, 75, 60, 36, 48, 88, 31], [84, 19, 64, 28, 21, 54, 29, 69], [1, 80, 3, 51, 11, 46, 98, 97, 95, 57, 27]]",true
116,6152,2173,OR-opt,CMT3.vrp,"[[70, 90, 81, 26, 56, 23, 17], [12, 10, 7, 45, 8, 37, 16, 44, 14, 43, 41], [58, 24, 65, 78, 79, 39, 74, 15, 38, 93, 61, 18, 83], [67, 4, 42, 59, 99, 96, 6, 47, 62, 53], [86, 87, 40], [9, 33, 50, 89, 82, 94, 92, 91, 100, 2, 73, 25, 68, 76], [35, 30, 63, 5], [52, 49, 32, 20, 34, 22, 72, 85, 13], [66, 71, 77, 55, 75, 60, 36, 48, 88, 31], [84, 19, 64, 28, 21, 54, 29, 69], [80, 3, 1, 51, 11, 46, 98, 97, 95, 57, 27]]",true
117,6199,2172,OR-opt,CMT3.vrp,"[[70, 90, 81, 26, 56, 23, 17], [12, 10, 7, 45, 8, 37, 16, 44, 14, 43, 41], [58, 24, 65, 78, 79, 39, 74, 15, 38, 93, 61, 18, 83], [67, 4, 42, 59, 99, 96, 6, 47, 62, 53], [86, 87, 40], [9, 33, 50, 89, 82, 94, 92, 91, 100, 2, 73, 25, 68, 76], [35, 30, 63, 5], [52, 49, 32, 20, 34, 22, 72, 85, 13], [66, 71, 77, 55, 75, 60, 36, 48, 88, 31], [84, 19, 64, 28, 21, 54, 29, 69], [1, 80, 3, 51, 11, 46, 98, 57, 97, 95, 27]]",true
118,6221,2171,OR-opt,CMT3.vrp,"[[70, 90, 81, 26, 56, 23, 17], [12, 10, 7, 45, 8, 37, 16, 44, 14, 43, 41], [58, 24, 65, 78, 79, 39, 74, 15, 38, 93, 61, 18, 83], [67, 4, 42, 59, 99, 96, 6, 47, 62, 53], [86, 87, 40], [9, 33, 50, 89, 82, 94, 92, 91, 100, 2, 73, 25, 68, 76], [35, 30, 63, 5], [52, 49, 32, 20, 34, 22, 72, 85, 13], [66, 71, 77, 55, 75, 60, 36, 48, 88, 31], [84, 19, 64, 28, 21, 54, 29, 69], [80, 3, 1, 51, 11, 46, 98, 57, 97, 95, 27]]",true

